district,school_id,school,board,medium,standard,ay,fee
Rajkot Corporation,13416,AAL MADRASA TUS SAIFIYA TUL BURHANIYAH,ICSE / CISCE,English,JR. KG,2019-20,24000.0
Rajkot Corporation,13416,AAL MADRASA TUS SAIFIYA TUL BURHANIYAH,ICSE / CISCE,English,JR. KG,2020-21,18000.0
Rajkot Corporation,13416,AAL MADRASA TUS SAIFIYA TUL BURHANIYAH,ICSE / CISCE,English,JR. KG,2021-22,29000.0
Rajkot Corporation,13416,AAL MADRASA TUS SAIFIYA TUL BURHANIYAH,ICSE / CISCE,English,JR. KG,2022-23,29000.0
Rajkot Corporation,13416,AAL MADRASA TUS SAIFIYA TUL BURHANIYAH,ICSE / CISCE,English,JR. KG,2023-24,32000.0
Rajkot Corporation,13416,AAL MADRASA TUS SAIFIYA TUL BURHANIYAH,ICSE / CISCE,English,JR. KG,2024-25,35000.0
Rajkot Corporation,13416,AAL MADRASA TUS SAIFIYA TUL BURHANIYAH,ICSE / CISCE,English,1,2019-20,29400.0
Rajkot Corporation,13416,AAL MADRASA TUS SAIFIYA TUL BURHANIYAH,ICSE / CISCE,English,1,2020-21,22050.0
Rajkot Corporation,13416,AAL MADRASA TUS SAIFIYA TUL BURHANIYAH,ICSE / CISCE,English,1,2021-22,32000.0
Rajkot Corporation,13416,AAL MADRASA TUS SAIFIYA TUL BURHANIYAH,ICSE / CISCE,English,1,2022-23,32000.0
Rajkot Corporation,13416,AAL MADRASA TUS SAIFIYA TUL BURHANIYAH,ICSE / CISCE,English,1,2023-24,36000.0
Rajkot Corporation,13416,AAL MADRASA TUS SAIFIYA TUL BURHANIYAH,ICSE / CISCE,English,1,2024-25,39000.0
Rajkot Corporation,13416,AAL MADRASA TUS SAIFIYA TUL BURHANIYAH,ICSE / CISCE,English,1,2025-26,41000.0
Rajkot Corporation,13416,AAL MADRASA TUS SAIFIYA TUL BURHANIYAH,ICSE / CISCE,English,1,2026-27,43000.0
Rajkot Corporation,13416,AAL MADRASA TUS SAIFIYA TUL BURHANIYAH,ICSE / CISCE,English,2,2019-20,29400.0
Rajkot Corporation,13416,AAL MADRASA TUS SAIFIYA TUL BURHANIYAH,ICSE / CISCE,English,2,2020-21,22050.0
Rajkot Corporation,13416,AAL MADRASA TUS SAIFIYA TUL BURHANIYAH,ICSE / CISCE,English,2,2021-22,32000.0
Rajkot Corporation,13416,AAL MADRASA TUS SAIFIYA TUL BURHANIYAH,ICSE / CISCE,English,2,2022-23,32000.0
Rajkot Corporation,13416,AAL MADRASA TUS SAIFIYA TUL BURHANIYAH,ICSE / CISCE,English,2,2023-24,36000.0
Rajkot Corporation,13416,AAL MADRASA TUS SAIFIYA TUL BURHANIYAH,ICSE / CISCE,English,2,2024-25,39000.0
Rajkot Corporation,13416,AAL MADRASA TUS SAIFIYA TUL BURHANIYAH,ICSE / CISCE,English,2,2025-26,41000.0
Rajkot Corporation,13416,AAL MADRASA TUS SAIFIYA TUL BURHANIYAH,ICSE / CISCE,English,2,2026-27,43000.0
Rajkot Corporation,13416,AAL MADRASA TUS SAIFIYA TUL BURHANIYAH,ICSE / CISCE,English,3,2019-20,29400.0
Rajkot Corporation,13416,AAL MADRASA TUS SAIFIYA TUL BURHANIYAH,ICSE / CISCE,English,3,2020-21,22050.0
Rajkot Corporation,13416,AAL MADRASA TUS SAIFIYA TUL BURHANIYAH,ICSE / CISCE,English,3,2021-22,32000.0
Rajkot Corporation,13416,AAL MADRASA TUS SAIFIYA TUL BURHANIYAH,ICSE / CISCE,English,3,2022-23,32000.0
Rajkot Corporation,13416,AAL MADRASA TUS SAIFIYA TUL BURHANIYAH,ICSE / CISCE,English,3,2023-24,36000.0
Rajkot Corporation,13416,AAL MADRASA TUS SAIFIYA TUL BURHANIYAH,ICSE / CISCE,English,3,2024-25,39000.0
Rajkot Corporation,13416,AAL MADRASA TUS SAIFIYA TUL BURHANIYAH,ICSE / CISCE,English,3,2025-26,41000.0
Rajkot Corporation,13416,AAL MADRASA TUS SAIFIYA TUL BURHANIYAH,ICSE / CISCE,English,3,2026-27,43000.0
Rajkot Corporation,13416,AAL MADRASA TUS SAIFIYA TUL BURHANIYAH,ICSE / CISCE,English,4,2019-20,29400.0
Rajkot Corporation,13416,AAL MADRASA TUS SAIFIYA TUL BURHANIYAH,ICSE / CISCE,English,4,2020-21,22050.0
Rajkot Corporation,13416,AAL MADRASA TUS SAIFIYA TUL BURHANIYAH,ICSE / CISCE,English,4,2021-22,32000.0
Rajkot Corporation,13416,AAL MADRASA TUS SAIFIYA TUL BURHANIYAH,ICSE / CISCE,English,4,2022-23,32000.0
Rajkot Corporation,13416,AAL MADRASA TUS SAIFIYA TUL BURHANIYAH,ICSE / CISCE,English,4,2023-24,36000.0
Rajkot Corporation,13416,AAL MADRASA TUS SAIFIYA TUL BURHANIYAH,ICSE / CISCE,English,4,2024-25,39000.0
Rajkot Corporation,13416,AAL MADRASA TUS SAIFIYA TUL BURHANIYAH,ICSE / CISCE,English,4,2025-26,41000.0
Rajkot Corporation,13416,AAL MADRASA TUS SAIFIYA TUL BURHANIYAH,ICSE / CISCE,English,4,2026-27,43000.0
Rajkot Corporation,13416,AAL MADRASA TUS SAIFIYA TUL BURHANIYAH,ICSE / CISCE,English,5,2019-20,29400.0
Rajkot Corporation,13416,AAL MADRASA TUS SAIFIYA TUL BURHANIYAH,ICSE / CISCE,English,5,2020-21,22050.0
Rajkot Corporation,13416,AAL MADRASA TUS SAIFIYA TUL BURHANIYAH,ICSE / CISCE,English,5,2021-22,32000.0
Rajkot Corporation,13416,AAL MADRASA TUS SAIFIYA TUL BURHANIYAH,ICSE / CISCE,English,5,2022-23,32000.0
Rajkot Corporation,13416,AAL MADRASA TUS SAIFIYA TUL BURHANIYAH,ICSE / CISCE,English,5,2023-24,36000.0
Rajkot Corporation,13416,AAL MADRASA TUS SAIFIYA TUL BURHANIYAH,ICSE / CISCE,English,5,2024-25,39000.0
Rajkot Corporation,13416,AAL MADRASA TUS SAIFIYA TUL BURHANIYAH,ICSE / CISCE,English,5,2025-26,41000.0
Rajkot Corporation,13416,AAL MADRASA TUS SAIFIYA TUL BURHANIYAH,ICSE / CISCE,English,5,2026-27,43000.0
Rajkot Corporation,13416,AAL MADRASA TUS SAIFIYA TUL BURHANIYAH,ICSE / CISCE,English,6,2019-20,29400.0
Rajkot Corporation,13416,AAL MADRASA TUS SAIFIYA TUL BURHANIYAH,ICSE / CISCE,English,6,2020-21,22050.0
Rajkot Corporation,13416,AAL MADRASA TUS SAIFIYA TUL BURHANIYAH,ICSE / CISCE,English,6,2021-22,32000.0
Rajkot Corporation,13416,AAL MADRASA TUS SAIFIYA TUL BURHANIYAH,ICSE / CISCE,English,6,2022-23,32000.0
Rajkot Corporation,13416,AAL MADRASA TUS SAIFIYA TUL BURHANIYAH,ICSE / CISCE,English,6,2023-24,36000.0
Rajkot Corporation,13416,AAL MADRASA TUS SAIFIYA TUL BURHANIYAH,ICSE / CISCE,English,6,2024-25,39000.0
Rajkot Corporation,13416,AAL MADRASA TUS SAIFIYA TUL BURHANIYAH,ICSE / CISCE,English,6,2025-26,41000.0
Rajkot Corporation,13416,AAL MADRASA TUS SAIFIYA TUL BURHANIYAH,ICSE / CISCE,English,6,2026-27,43000.0
Rajkot Corporation,13416,AAL MADRASA TUS SAIFIYA TUL BURHANIYAH,ICSE / CISCE,English,7,2019-20,29400.0
Rajkot Corporation,13416,AAL MADRASA TUS SAIFIYA TUL BURHANIYAH,ICSE / CISCE,English,7,2020-21,22050.0
Rajkot Corporation,13416,AAL MADRASA TUS SAIFIYA TUL BURHANIYAH,ICSE / CISCE,English,7,2021-22,32000.0
Rajkot Corporation,13416,AAL MADRASA TUS SAIFIYA TUL BURHANIYAH,ICSE / CISCE,English,7,2022-23,32000.0
Rajkot Corporation,13416,AAL MADRASA TUS SAIFIYA TUL BURHANIYAH,ICSE / CISCE,English,7,2023-24,36000.0
Rajkot Corporation,13416,AAL MADRASA TUS SAIFIYA TUL BURHANIYAH,ICSE / CISCE,English,7,2024-25,39000.0
Rajkot Corporation,13416,AAL MADRASA TUS SAIFIYA TUL BURHANIYAH,ICSE / CISCE,English,7,2025-26,41000.0
Rajkot Corporation,13416,AAL MADRASA TUS SAIFIYA TUL BURHANIYAH,ICSE / CISCE,English,7,2026-27,43000.0
Rajkot Corporation,13416,AAL MADRASA TUS SAIFIYA TUL BURHANIYAH,ICSE / CISCE,English,8,2019-20,29400.0
Rajkot Corporation,13416,AAL MADRASA TUS SAIFIYA TUL BURHANIYAH,ICSE / CISCE,English,8,2020-21,22050.0
Rajkot Corporation,13416,AAL MADRASA TUS SAIFIYA TUL BURHANIYAH,ICSE / CISCE,English,8,2021-22,32000.0
Rajkot Corporation,13416,AAL MADRASA TUS SAIFIYA TUL BURHANIYAH,ICSE / CISCE,English,8,2022-23,32000.0
Rajkot Corporation,13416,AAL MADRASA TUS SAIFIYA TUL BURHANIYAH,ICSE / CISCE,English,8,2023-24,36000.0
Rajkot Corporation,13416,AAL MADRASA TUS SAIFIYA TUL BURHANIYAH,ICSE / CISCE,English,8,2024-25,39000.0
Rajkot Corporation,13416,AAL MADRASA TUS SAIFIYA TUL BURHANIYAH,ICSE / CISCE,English,8,2025-26,41000.0
Rajkot Corporation,13416,AAL MADRASA TUS SAIFIYA TUL BURHANIYAH,ICSE / CISCE,English,8,2026-27,43000.0
Rajkot Corporation,13416,AAL MADRASA TUS SAIFIYA TUL BURHANIYAH,ICSE / CISCE,English,9,2019-20,32400.0
Rajkot Corporation,13416,AAL MADRASA TUS SAIFIYA TUL BURHANIYAH,ICSE / CISCE,English,9,2020-21,24300.0
Rajkot Corporation,13416,AAL MADRASA TUS SAIFIYA TUL BURHANIYAH,ICSE / CISCE,English,9,2021-22,35000.0
Rajkot Corporation,13416,AAL MADRASA TUS SAIFIYA TUL BURHANIYAH,ICSE / CISCE,English,9,2022-23,35000.0
Rajkot Corporation,13416,AAL MADRASA TUS SAIFIYA TUL BURHANIYAH,ICSE / CISCE,English,9,2023-24,39000.0
Rajkot Corporation,13416,AAL MADRASA TUS SAIFIYA TUL BURHANIYAH,ICSE / CISCE,English,9,2024-25,42000.0
Rajkot Corporation,13416,AAL MADRASA TUS SAIFIYA TUL BURHANIYAH,ICSE / CISCE,English,9,2025-26,44000.0
Rajkot Corporation,13416,AAL MADRASA TUS SAIFIYA TUL BURHANIYAH,ICSE / CISCE,English,9,2026-27,46300.0
Rajkot Corporation,13416,AAL MADRASA TUS SAIFIYA TUL BURHANIYAH,ICSE / CISCE,English,10,2019-20,32400.0
Rajkot Corporation,13416,AAL MADRASA TUS SAIFIYA TUL BURHANIYAH,ICSE / CISCE,English,10,2020-21,24300.0
Rajkot Corporation,13416,AAL MADRASA TUS SAIFIYA TUL BURHANIYAH,ICSE / CISCE,English,10,2021-22,35000.0
Rajkot Corporation,13416,AAL MADRASA TUS SAIFIYA TUL BURHANIYAH,ICSE / CISCE,English,10,2022-23,35000.0
Rajkot Corporation,13416,AAL MADRASA TUS SAIFIYA TUL BURHANIYAH,ICSE / CISCE,English,10,2023-24,39000.0
Rajkot Corporation,13416,AAL MADRASA TUS SAIFIYA TUL BURHANIYAH,ICSE / CISCE,English,10,2024-25,42000.0
Rajkot Corporation,13416,AAL MADRASA TUS SAIFIYA TUL BURHANIYAH,ICSE / CISCE,English,10,2025-26,44000.0
Rajkot Corporation,13416,AAL MADRASA TUS SAIFIYA TUL BURHANIYAH,ICSE / CISCE,English,10,2026-27,46300.0
Rajkot Corporation,13416,AAL MADRASA TUS SAIFIYA TUL BURHANIYAH,ICSE / CISCE,English,General - 11,2024-25,60000.0
Rajkot Corporation,13416,AAL MADRASA TUS SAIFIYA TUL BURHANIYAH,ICSE / CISCE,English,General - 11,2025-26,63000.0
Rajkot Corporation,13416,AAL MADRASA TUS SAIFIYA TUL BURHANIYAH,ICSE / CISCE,English,General - 11,2026-27,66000.0
Rajkot Corporation,13416,AAL MADRASA TUS SAIFIYA TUL BURHANIYAH,ICSE / CISCE,English,General - 12,2024-25,60000.0
Rajkot Corporation,13416,AAL MADRASA TUS SAIFIYA TUL BURHANIYAH,ICSE / CISCE,English,General - 12,2025-26,63000.0
Rajkot Corporation,13416,AAL MADRASA TUS SAIFIYA TUL BURHANIYAH,ICSE / CISCE,English,General - 12,2026-27,66000.0
Rajkot Corporation,13416,AAL MADRASA TUS SAIFIYA TUL BURHANIYAH,ICSE / CISCE,English,Science - 11,2024-25,63000.0
Rajkot Corporation,13416,AAL MADRASA TUS SAIFIYA TUL BURHANIYAH,ICSE / CISCE,English,Science - 11,2025-26,66000.0
Rajkot Corporation,13416,AAL MADRASA TUS SAIFIYA TUL BURHANIYAH,ICSE / CISCE,English,Science - 11,2026-27,69500.0
Rajkot Corporation,13416,AAL MADRASA TUS SAIFIYA TUL BURHANIYAH,ICSE / CISCE,English,Science - 12,2024-25,63000.0
Rajkot Corporation,13416,AAL MADRASA TUS SAIFIYA TUL BURHANIYAH,ICSE / CISCE,English,Science - 12,2025-26,66000.0
Rajkot Corporation,13416,AAL MADRASA TUS SAIFIYA TUL BURHANIYAH,ICSE / CISCE,English,Science - 12,2026-27,69500.0
Rajkot Corporation,13416,AAL MADRASA TUS SAIFIYA TUL BURHANIYAH,ICSE / CISCE,English,NUR,2019-20,24000.0
Rajkot Corporation,13416,AAL MADRASA TUS SAIFIYA TUL BURHANIYAH,ICSE / CISCE,English,NUR,2020-21,18000.0
Rajkot Corporation,13416,AAL MADRASA TUS SAIFIYA TUL BURHANIYAH,ICSE / CISCE,English,NUR,2021-22,29000.0
Rajkot Corporation,13416,AAL MADRASA TUS SAIFIYA TUL BURHANIYAH,ICSE / CISCE,English,NUR,2022-23,29000.0
Rajkot Corporation,13416,AAL MADRASA TUS SAIFIYA TUL BURHANIYAH,ICSE / CISCE,English,NUR,2023-24,32000.0
Rajkot Corporation,13416,AAL MADRASA TUS SAIFIYA TUL BURHANIYAH,ICSE / CISCE,English,NUR,2024-25,35000.0
Rajkot Corporation,13416,AAL MADRASA TUS SAIFIYA TUL BURHANIYAH,ICSE / CISCE,English,Pre-Primary,2022-23,29000.0
Rajkot Corporation,13416,AAL MADRASA TUS SAIFIYA TUL BURHANIYAH,ICSE / CISCE,English,Pre-Primary,2023-24,32000.0
Rajkot Corporation,13416,AAL MADRASA TUS SAIFIYA TUL BURHANIYAH,ICSE / CISCE,English,Pre-Primary,2024-25,35000.0
Rajkot Corporation,13416,AAL MADRASA TUS SAIFIYA TUL BURHANIYAH,ICSE / CISCE,English,Pre-Primary,2025-26,36800.0
Rajkot Corporation,13416,AAL MADRASA TUS SAIFIYA TUL BURHANIYAH,ICSE / CISCE,English,Pre-Primary,2026-27,38600.0
Rajkot Corporation,14572,BRILLIANT HIGHSCHOOL- RAJKOT,GSHSEB,Gujarati,9,2019-20,15800.0
Rajkot Corporation,14572,BRILLIANT HIGHSCHOOL- RAJKOT,GSHSEB,Gujarati,9,2020-21,11850.0
Rajkot Corporation,14572,BRILLIANT HIGHSCHOOL- RAJKOT,GSHSEB,Gujarati,9,2021-22,17600.0
Rajkot Corporation,14572,BRILLIANT HIGHSCHOOL- RAJKOT,GSHSEB,Gujarati,9,2022-23,19600.0
Rajkot Corporation,14572,BRILLIANT HIGHSCHOOL- RAJKOT,GSHSEB,Gujarati,9,2023-24,21000.0
Rajkot Corporation,14572,BRILLIANT HIGHSCHOOL- RAJKOT,GSHSEB,Gujarati,9,2024-25,22000.0
Rajkot Corporation,14572,BRILLIANT HIGHSCHOOL- RAJKOT,GSHSEB,Gujarati,9,2025-26,25000.0
Rajkot Corporation,14572,BRILLIANT HIGHSCHOOL- RAJKOT,GSHSEB,Gujarati,9,2026-27,26250.0
Rajkot Corporation,14572,BRILLIANT HIGHSCHOOL- RAJKOT,GSHSEB,Gujarati,10,2019-20,15800.0
Rajkot Corporation,14572,BRILLIANT HIGHSCHOOL- RAJKOT,GSHSEB,Gujarati,10,2020-21,11850.0
Rajkot Corporation,14572,BRILLIANT HIGHSCHOOL- RAJKOT,GSHSEB,Gujarati,10,2021-22,17600.0
Rajkot Corporation,14572,BRILLIANT HIGHSCHOOL- RAJKOT,GSHSEB,Gujarati,10,2022-23,19600.0
Rajkot Corporation,14572,BRILLIANT HIGHSCHOOL- RAJKOT,GSHSEB,Gujarati,10,2023-24,21000.0
Rajkot Corporation,14572,BRILLIANT HIGHSCHOOL- RAJKOT,GSHSEB,Gujarati,10,2024-25,22000.0
Rajkot Corporation,14572,BRILLIANT HIGHSCHOOL- RAJKOT,GSHSEB,Gujarati,10,2025-26,25000.0
Rajkot Corporation,14572,BRILLIANT HIGHSCHOOL- RAJKOT,GSHSEB,Gujarati,10,2026-27,26250.0
Rajkot Corporation,14572,BRILLIANT HIGHSCHOOL- RAJKOT,GSHSEB,Gujarati,General - 11,2019-20,18400.0
Rajkot Corporation,14572,BRILLIANT HIGHSCHOOL- RAJKOT,GSHSEB,Gujarati,General - 11,2020-21,13800.0
Rajkot Corporation,14572,BRILLIANT HIGHSCHOOL- RAJKOT,GSHSEB,Gujarati,General - 11,2021-22,21500.0
Rajkot Corporation,14572,BRILLIANT HIGHSCHOOL- RAJKOT,GSHSEB,Gujarati,General - 11,2022-23,23500.0
Rajkot Corporation,14572,BRILLIANT HIGHSCHOOL- RAJKOT,GSHSEB,Gujarati,General - 11,2023-24,24500.0
Rajkot Corporation,14572,BRILLIANT HIGHSCHOOL- RAJKOT,GSHSEB,Gujarati,General - 11,2024-25,26000.0
Rajkot Corporation,14572,BRILLIANT HIGHSCHOOL- RAJKOT,GSHSEB,Gujarati,General - 11,2025-26,27300.0
Rajkot Corporation,14572,BRILLIANT HIGHSCHOOL- RAJKOT,GSHSEB,Gujarati,General - 11,2026-27,28700.0
Rajkot Corporation,14572,BRILLIANT HIGHSCHOOL- RAJKOT,GSHSEB,Gujarati,General - 12,2019-20,18400.0
Rajkot Corporation,14572,BRILLIANT HIGHSCHOOL- RAJKOT,GSHSEB,Gujarati,General - 12,2020-21,13800.0
Rajkot Corporation,14572,BRILLIANT HIGHSCHOOL- RAJKOT,GSHSEB,Gujarati,General - 12,2021-22,21500.0
Rajkot Corporation,14572,BRILLIANT HIGHSCHOOL- RAJKOT,GSHSEB,Gujarati,General - 12,2022-23,23500.0
Rajkot Corporation,14572,BRILLIANT HIGHSCHOOL- RAJKOT,GSHSEB,Gujarati,General - 12,2023-24,24500.0
Rajkot Corporation,14572,BRILLIANT HIGHSCHOOL- RAJKOT,GSHSEB,Gujarati,General - 12,2024-25,26000.0
Rajkot Corporation,14572,BRILLIANT HIGHSCHOOL- RAJKOT,GSHSEB,Gujarati,General - 12,2025-26,27300.0
Rajkot Corporation,14572,BRILLIANT HIGHSCHOOL- RAJKOT,GSHSEB,Gujarati,General - 12,2026-27,28700.0
Rajkot Corporation,13676,CHANAKYA MADHYAMIK VIDHYAMANDIR,GSHSEB,Gujarati,9,2019-20,13090.0
Rajkot Corporation,13676,CHANAKYA MADHYAMIK VIDHYAMANDIR,GSHSEB,Gujarati,9,2020-21,9817.5
Rajkot Corporation,13676,CHANAKYA MADHYAMIK VIDHYAMANDIR,GSHSEB,Gujarati,9,2021-22,15700.0
Rajkot Corporation,13676,CHANAKYA MADHYAMIK VIDHYAMANDIR,GSHSEB,Gujarati,9,2022-23,17270.0
Rajkot Corporation,13676,CHANAKYA MADHYAMIK VIDHYAMANDIR,GSHSEB,Gujarati,9,2023-24,18997.0
Rajkot Corporation,13676,CHANAKYA MADHYAMIK VIDHYAMANDIR,GSHSEB,Gujarati,9,2024-25,20896.0
Rajkot Corporation,13676,CHANAKYA MADHYAMIK VIDHYAMANDIR,GSHSEB,Gujarati,10,2019-20,13090.0
Rajkot Corporation,13676,CHANAKYA MADHYAMIK VIDHYAMANDIR,GSHSEB,Gujarati,10,2020-21,9817.5
Rajkot Corporation,13676,CHANAKYA MADHYAMIK VIDHYAMANDIR,GSHSEB,Gujarati,10,2021-22,15700.0
Rajkot Corporation,13676,CHANAKYA MADHYAMIK VIDHYAMANDIR,GSHSEB,Gujarati,10,2022-23,17270.0
Rajkot Corporation,13676,CHANAKYA MADHYAMIK VIDHYAMANDIR,GSHSEB,Gujarati,10,2023-24,18997.0
Rajkot Corporation,13676,CHANAKYA MADHYAMIK VIDHYAMANDIR,GSHSEB,Gujarati,10,2024-25,20896.0
Rajkot Corporation,13676,CHANAKYA MADHYAMIK VIDHYAMANDIR,GSHSEB,Gujarati,General - 11,2019-20,16940.0
Rajkot Corporation,13676,CHANAKYA MADHYAMIK VIDHYAMANDIR,GSHSEB,Gujarati,General - 11,2020-21,12705.0
Rajkot Corporation,13676,CHANAKYA MADHYAMIK VIDHYAMANDIR,GSHSEB,Gujarati,General - 11,2021-22,18700.0
Rajkot Corporation,13676,CHANAKYA MADHYAMIK VIDHYAMANDIR,GSHSEB,Gujarati,General - 11,2022-23,20580.0
Rajkot Corporation,13676,CHANAKYA MADHYAMIK VIDHYAMANDIR,GSHSEB,Gujarati,General - 11,2023-24,22638.0
Rajkot Corporation,13676,CHANAKYA MADHYAMIK VIDHYAMANDIR,GSHSEB,Gujarati,General - 11,2024-25,24901.0
Rajkot Corporation,13676,CHANAKYA MADHYAMIK VIDHYAMANDIR,GSHSEB,Gujarati,General - 12,2019-20,16940.0
Rajkot Corporation,13676,CHANAKYA MADHYAMIK VIDHYAMANDIR,GSHSEB,Gujarati,General - 12,2020-21,12705.0
Rajkot Corporation,13676,CHANAKYA MADHYAMIK VIDHYAMANDIR,GSHSEB,Gujarati,General - 12,2021-22,18700.0
Rajkot Corporation,13676,CHANAKYA MADHYAMIK VIDHYAMANDIR,GSHSEB,Gujarati,General - 12,2022-23,20580.0
Rajkot Corporation,13676,CHANAKYA MADHYAMIK VIDHYAMANDIR,GSHSEB,Gujarati,General - 12,2023-24,22638.0
Rajkot Corporation,13676,CHANAKYA MADHYAMIK VIDHYAMANDIR,GSHSEB,Gujarati,General - 12,2024-25,24901.0
Rajkot Corporation,19515,CREATIVE SCIENCE SCHOOL,GSHSEB,Gujarati,Science - 11,2019-20,29500.0
Rajkot Corporation,19515,CREATIVE SCIENCE SCHOOL,GSHSEB,Gujarati,Science - 12,2019-20,29500.0
Rajkot Corporation,19401,DIVINE  SCHOOL(ENG.MED.),GSHSEB,English,JR. KG,2024-25,45000.0
Rajkot Corporation,19401,DIVINE  SCHOOL(ENG.MED.),GSHSEB,English,JR. KG,2025-26,47300.0
Rajkot Corporation,19401,DIVINE  SCHOOL(ENG.MED.),GSHSEB,English,JR. KG,2026-27,49700.0
Rajkot Corporation,19401,DIVINE  SCHOOL(ENG.MED.),GSHSEB,English,1,2024-25,46500.0
Rajkot Corporation,19401,DIVINE  SCHOOL(ENG.MED.),GSHSEB,English,1,2025-26,48800.0
Rajkot Corporation,19401,DIVINE  SCHOOL(ENG.MED.),GSHSEB,English,1,2026-27,51200.0
Rajkot Corporation,19401,DIVINE  SCHOOL(ENG.MED.),GSHSEB,English,2,2024-25,46500.0
Rajkot Corporation,19401,DIVINE  SCHOOL(ENG.MED.),GSHSEB,English,2,2025-26,48800.0
Rajkot Corporation,19401,DIVINE  SCHOOL(ENG.MED.),GSHSEB,English,2,2026-27,51200.0
Rajkot Corporation,19401,DIVINE  SCHOOL(ENG.MED.),GSHSEB,English,3,2024-25,46500.0
Rajkot Corporation,19401,DIVINE  SCHOOL(ENG.MED.),GSHSEB,English,3,2025-26,48800.0
Rajkot Corporation,19401,DIVINE  SCHOOL(ENG.MED.),GSHSEB,English,3,2026-27,51200.0
Rajkot Corporation,19401,DIVINE  SCHOOL(ENG.MED.),GSHSEB,English,4,2024-25,46500.0
Rajkot Corporation,19401,DIVINE  SCHOOL(ENG.MED.),GSHSEB,English,4,2025-26,48800.0
Rajkot Corporation,19401,DIVINE  SCHOOL(ENG.MED.),GSHSEB,English,4,2026-27,51200.0
Rajkot Corporation,19401,DIVINE  SCHOOL(ENG.MED.),GSHSEB,English,5,2024-25,46500.0
Rajkot Corporation,19401,DIVINE  SCHOOL(ENG.MED.),GSHSEB,English,5,2025-26,48800.0
Rajkot Corporation,19401,DIVINE  SCHOOL(ENG.MED.),GSHSEB,English,5,2026-27,51200.0
Rajkot Corporation,19401,DIVINE  SCHOOL(ENG.MED.),GSHSEB,English,6,2024-25,46500.0
Rajkot Corporation,19401,DIVINE  SCHOOL(ENG.MED.),GSHSEB,English,6,2025-26,48800.0
Rajkot Corporation,19401,DIVINE  SCHOOL(ENG.MED.),GSHSEB,English,6,2026-27,51200.0
Rajkot Corporation,19401,DIVINE  SCHOOL(ENG.MED.),GSHSEB,English,7,2024-25,46500.0
Rajkot Corporation,19401,DIVINE  SCHOOL(ENG.MED.),GSHSEB,English,7,2025-26,48800.0
Rajkot Corporation,19401,DIVINE  SCHOOL(ENG.MED.),GSHSEB,English,7,2026-27,51200.0
Rajkot Corporation,19401,DIVINE  SCHOOL(ENG.MED.),GSHSEB,English,8,2024-25,51000.0
Rajkot Corporation,19401,DIVINE  SCHOOL(ENG.MED.),GSHSEB,English,8,2025-26,53600.0
Rajkot Corporation,19401,DIVINE  SCHOOL(ENG.MED.),GSHSEB,English,8,2026-27,56300.0
Rajkot Corporation,19401,DIVINE  SCHOOL(ENG.MED.),GSHSEB,English,SR. KG,2024-25,45000.0
Rajkot Corporation,19401,DIVINE  SCHOOL(ENG.MED.),GSHSEB,English,SR. KG,2025-26,47300.0
Rajkot Corporation,19401,DIVINE  SCHOOL(ENG.MED.),GSHSEB,English,SR. KG,2026-27,49700.0
Rajkot Corporation,19401,DIVINE  SCHOOL(ENG.MED.),GSHSEB,English,NUR,2024-25,42500.0
Rajkot Corporation,19401,DIVINE  SCHOOL(ENG.MED.),GSHSEB,English,NUR,2025-26,44600.0
Rajkot Corporation,19401,DIVINE  SCHOOL(ENG.MED.),GSHSEB,English,NUR,2026-27,46800.0
Rajkot Corporation,19401,DIVINE  SCHOOL(ENG.MED.),GSHSEB,English,BALVATIKA,2024-25,45000.0
Rajkot Corporation,19401,DIVINE  SCHOOL(ENG.MED.),GSHSEB,English,BALVATIKA,2025-26,47300.0
Rajkot Corporation,19401,DIVINE  SCHOOL(ENG.MED.),GSHSEB,English,BALVATIKA,2026-27,49700.0
Rajkot Corporation,14625,DIVINE HIGH SCHOOL,GSHSEB,Gujarati,JR. KG,2024-25,36600.0
Rajkot Corporation,14625,DIVINE HIGH SCHOOL,GSHSEB,Gujarati,JR. KG,2025-26,38400.0
Rajkot Corporation,14625,DIVINE HIGH SCHOOL,GSHSEB,Gujarati,JR. KG,2026-27,40300.0
Rajkot Corporation,14625,DIVINE HIGH SCHOOL,GSHSEB,Gujarati,1,2019-20,30850.0
Rajkot Corporation,14625,DIVINE HIGH SCHOOL,GSHSEB,Gujarati,1,2020-21,23137.5
Rajkot Corporation,14625,DIVINE HIGH SCHOOL,GSHSEB,Gujarati,1,2021-22,34650.0
Rajkot Corporation,14625,DIVINE HIGH SCHOOL,GSHSEB,Gujarati,1,2022-23,37000.0
Rajkot Corporation,14625,DIVINE HIGH SCHOOL,GSHSEB,Gujarati,1,2023-24,39600.0
Rajkot Corporation,14625,DIVINE HIGH SCHOOL,GSHSEB,Gujarati,1,2024-25,39550.0
Rajkot Corporation,14625,DIVINE HIGH SCHOOL,GSHSEB,Gujarati,1,2025-26,41500.0
Rajkot Corporation,14625,DIVINE HIGH SCHOOL,GSHSEB,Gujarati,1,2026-27,43600.0
Rajkot Corporation,14625,DIVINE HIGH SCHOOL,GSHSEB,Gujarati,2,2019-20,30850.0
Rajkot Corporation,14625,DIVINE HIGH SCHOOL,GSHSEB,Gujarati,2,2020-21,23137.5
Rajkot Corporation,14625,DIVINE HIGH SCHOOL,GSHSEB,Gujarati,2,2021-22,34650.0
Rajkot Corporation,14625,DIVINE HIGH SCHOOL,GSHSEB,Gujarati,2,2022-23,37000.0
Rajkot Corporation,14625,DIVINE HIGH SCHOOL,GSHSEB,Gujarati,2,2023-24,39600.0
Rajkot Corporation,14625,DIVINE HIGH SCHOOL,GSHSEB,Gujarati,2,2024-25,39550.0
Rajkot Corporation,14625,DIVINE HIGH SCHOOL,GSHSEB,Gujarati,2,2025-26,41500.0
Rajkot Corporation,14625,DIVINE HIGH SCHOOL,GSHSEB,Gujarati,2,2026-27,43600.0
Rajkot Corporation,14625,DIVINE HIGH SCHOOL,GSHSEB,Gujarati,3,2019-20,30850.0
Rajkot Corporation,14625,DIVINE HIGH SCHOOL,GSHSEB,Gujarati,3,2020-21,23137.5
Rajkot Corporation,14625,DIVINE HIGH SCHOOL,GSHSEB,Gujarati,3,2021-22,34650.0
Rajkot Corporation,14625,DIVINE HIGH SCHOOL,GSHSEB,Gujarati,3,2022-23,37000.0
Rajkot Corporation,14625,DIVINE HIGH SCHOOL,GSHSEB,Gujarati,3,2023-24,39600.0
Rajkot Corporation,14625,DIVINE HIGH SCHOOL,GSHSEB,Gujarati,3,2024-25,39550.0
Rajkot Corporation,14625,DIVINE HIGH SCHOOL,GSHSEB,Gujarati,3,2025-26,41500.0
Rajkot Corporation,14625,DIVINE HIGH SCHOOL,GSHSEB,Gujarati,3,2026-27,43600.0
Rajkot Corporation,14625,DIVINE HIGH SCHOOL,GSHSEB,Gujarati,4,2019-20,30850.0
Rajkot Corporation,14625,DIVINE HIGH SCHOOL,GSHSEB,Gujarati,4,2020-21,23137.5
Rajkot Corporation,14625,DIVINE HIGH SCHOOL,GSHSEB,Gujarati,4,2021-22,34650.0
Rajkot Corporation,14625,DIVINE HIGH SCHOOL,GSHSEB,Gujarati,4,2022-23,37000.0
Rajkot Corporation,14625,DIVINE HIGH SCHOOL,GSHSEB,Gujarati,4,2023-24,39600.0
Rajkot Corporation,14625,DIVINE HIGH SCHOOL,GSHSEB,Gujarati,4,2024-25,39550.0
Rajkot Corporation,14625,DIVINE HIGH SCHOOL,GSHSEB,Gujarati,4,2025-26,41500.0
Rajkot Corporation,14625,DIVINE HIGH SCHOOL,GSHSEB,Gujarati,4,2026-27,43600.0
Rajkot Corporation,14625,DIVINE HIGH SCHOOL,GSHSEB,Gujarati,5,2019-20,30850.0
Rajkot Corporation,14625,DIVINE HIGH SCHOOL,GSHSEB,Gujarati,5,2020-21,23137.5
Rajkot Corporation,14625,DIVINE HIGH SCHOOL,GSHSEB,Gujarati,5,2021-22,34650.0
Rajkot Corporation,14625,DIVINE HIGH SCHOOL,GSHSEB,Gujarati,5,2022-23,37000.0
Rajkot Corporation,14625,DIVINE HIGH SCHOOL,GSHSEB,Gujarati,5,2023-24,39600.0
Rajkot Corporation,14625,DIVINE HIGH SCHOOL,GSHSEB,Gujarati,5,2024-25,39550.0
Rajkot Corporation,14625,DIVINE HIGH SCHOOL,GSHSEB,Gujarati,5,2025-26,41500.0
Rajkot Corporation,14625,DIVINE HIGH SCHOOL,GSHSEB,Gujarati,5,2026-27,43600.0
Rajkot Corporation,14625,DIVINE HIGH SCHOOL,GSHSEB,Gujarati,6,2019-20,30250.0
Rajkot Corporation,14625,DIVINE HIGH SCHOOL,GSHSEB,Gujarati,6,2020-21,22687.5
Rajkot Corporation,14625,DIVINE HIGH SCHOOL,GSHSEB,Gujarati,6,2021-22,34000.0
Rajkot Corporation,14625,DIVINE HIGH SCHOOL,GSHSEB,Gujarati,6,2022-23,36380.0
Rajkot Corporation,14625,DIVINE HIGH SCHOOL,GSHSEB,Gujarati,6,2023-24,38850.0
Rajkot Corporation,14625,DIVINE HIGH SCHOOL,GSHSEB,Gujarati,6,2024-25,39900.0
Rajkot Corporation,14625,DIVINE HIGH SCHOOL,GSHSEB,Gujarati,6,2025-26,41900.0
Rajkot Corporation,14625,DIVINE HIGH SCHOOL,GSHSEB,Gujarati,6,2026-27,44000.0
Rajkot Corporation,14625,DIVINE HIGH SCHOOL,GSHSEB,Gujarati,7,2019-20,30250.0
Rajkot Corporation,14625,DIVINE HIGH SCHOOL,GSHSEB,Gujarati,7,2020-21,22687.5
Rajkot Corporation,14625,DIVINE HIGH SCHOOL,GSHSEB,Gujarati,7,2021-22,34000.0
Rajkot Corporation,14625,DIVINE HIGH SCHOOL,GSHSEB,Gujarati,7,2022-23,36380.0
Rajkot Corporation,14625,DIVINE HIGH SCHOOL,GSHSEB,Gujarati,7,2023-24,38850.0
Rajkot Corporation,14625,DIVINE HIGH SCHOOL,GSHSEB,Gujarati,7,2024-25,39900.0
Rajkot Corporation,14625,DIVINE HIGH SCHOOL,GSHSEB,Gujarati,7,2025-26,41900.0
Rajkot Corporation,14625,DIVINE HIGH SCHOOL,GSHSEB,Gujarati,7,2026-27,44000.0
Rajkot Corporation,14625,DIVINE HIGH SCHOOL,GSHSEB,Gujarati,8,2019-20,32000.0
Rajkot Corporation,14625,DIVINE HIGH SCHOOL,GSHSEB,Gujarati,8,2020-21,24000.0
Rajkot Corporation,14625,DIVINE HIGH SCHOOL,GSHSEB,Gujarati,8,2021-22,35950.0
Rajkot Corporation,14625,DIVINE HIGH SCHOOL,GSHSEB,Gujarati,8,2022-23,38450.0
Rajkot Corporation,14625,DIVINE HIGH SCHOOL,GSHSEB,Gujarati,8,2023-24,41100.0
Rajkot Corporation,14625,DIVINE HIGH SCHOOL,GSHSEB,Gujarati,8,2024-25,41140.0
Rajkot Corporation,14625,DIVINE HIGH SCHOOL,GSHSEB,Gujarati,8,2025-26,43200.0
Rajkot Corporation,14625,DIVINE HIGH SCHOOL,GSHSEB,Gujarati,8,2026-27,45400.0
Rajkot Corporation,14625,DIVINE HIGH SCHOOL,GSHSEB,Gujarati,9,2019-20,34000.0
Rajkot Corporation,14625,DIVINE HIGH SCHOOL,GSHSEB,Gujarati,9,2020-21,25500.0
Rajkot Corporation,14625,DIVINE HIGH SCHOOL,GSHSEB,Gujarati,9,2021-22,38200.0
Rajkot Corporation,14625,DIVINE HIGH SCHOOL,GSHSEB,Gujarati,9,2022-23,40850.0
Rajkot Corporation,14625,DIVINE HIGH SCHOOL,GSHSEB,Gujarati,9,2023-24,43700.0
Rajkot Corporation,14625,DIVINE HIGH SCHOOL,GSHSEB,Gujarati,9,2024-25,43700.0
Rajkot Corporation,14625,DIVINE HIGH SCHOOL,GSHSEB,Gujarati,9,2025-26,45900.0
Rajkot Corporation,14625,DIVINE HIGH SCHOOL,GSHSEB,Gujarati,9,2026-27,48200.0
Rajkot Corporation,14625,DIVINE HIGH SCHOOL,GSHSEB,Gujarati,10,2019-20,36900.0
Rajkot Corporation,14625,DIVINE HIGH SCHOOL,GSHSEB,Gujarati,10,2020-21,27675.0
Rajkot Corporation,14625,DIVINE HIGH SCHOOL,GSHSEB,Gujarati,10,2021-22,41450.0
Rajkot Corporation,14625,DIVINE HIGH SCHOOL,GSHSEB,Gujarati,10,2022-23,44350.0
Rajkot Corporation,14625,DIVINE HIGH SCHOOL,GSHSEB,Gujarati,10,2023-24,47350.0
Rajkot Corporation,14625,DIVINE HIGH SCHOOL,GSHSEB,Gujarati,10,2024-25,47450.0
Rajkot Corporation,14625,DIVINE HIGH SCHOOL,GSHSEB,Gujarati,10,2025-26,49800.0
Rajkot Corporation,14625,DIVINE HIGH SCHOOL,GSHSEB,Gujarati,10,2026-27,52300.0
Rajkot Corporation,14625,DIVINE HIGH SCHOOL,GSHSEB,Gujarati,SR. KG,2024-25,36600.0
Rajkot Corporation,14625,DIVINE HIGH SCHOOL,GSHSEB,Gujarati,SR. KG,2025-26,38400.0
Rajkot Corporation,14625,DIVINE HIGH SCHOOL,GSHSEB,Gujarati,SR. KG,2026-27,40300.0
Rajkot Corporation,14625,DIVINE HIGH SCHOOL,GSHSEB,Gujarati,NUR,2024-25,34000.0
Rajkot Corporation,14625,DIVINE HIGH SCHOOL,GSHSEB,Gujarati,NUR,2025-26,35700.0
Rajkot Corporation,14625,DIVINE HIGH SCHOOL,GSHSEB,Gujarati,NUR,2026-27,37500.0
Rajkot Corporation,14625,DIVINE HIGH SCHOOL,GSHSEB,Gujarati,BALVATIKA,2024-25,36600.0
Rajkot Corporation,14625,DIVINE HIGH SCHOOL,GSHSEB,Gujarati,BALVATIKA,2025-26,38400.0
Rajkot Corporation,14625,DIVINE HIGH SCHOOL,GSHSEB,Gujarati,BALVATIKA,2026-27,40300.0
Rajkot Corporation,16923,GYANGANGA H.S. SCHOOL,GSHSEB,Gujarati,9,2019-20,19920.0
Rajkot Corporation,16923,GYANGANGA H.S. SCHOOL,GSHSEB,Gujarati,9,2020-21,14940.0
Rajkot Corporation,16923,GYANGANGA H.S. SCHOOL,GSHSEB,Gujarati,9,2021-22,21900.0
Rajkot Corporation,16923,GYANGANGA H.S. SCHOOL,GSHSEB,Gujarati,9,2022-23,24156.0
Rajkot Corporation,16923,GYANGANGA H.S. SCHOOL,GSHSEB,Gujarati,9,2023-24,25000.0
Rajkot Corporation,16923,GYANGANGA H.S. SCHOOL,GSHSEB,Gujarati,9,2024-25,25000.0
Rajkot Corporation,16923,GYANGANGA H.S. SCHOOL,GSHSEB,Gujarati,9,2025-26,26000.0
Rajkot Corporation,16923,GYANGANGA H.S. SCHOOL,GSHSEB,Gujarati,9,2026-27,27000.0
Rajkot Corporation,16923,GYANGANGA H.S. SCHOOL,GSHSEB,Gujarati,10,2019-20,23400.0
Rajkot Corporation,16923,GYANGANGA H.S. SCHOOL,GSHSEB,Gujarati,10,2020-21,17550.0
Rajkot Corporation,16923,GYANGANGA H.S. SCHOOL,GSHSEB,Gujarati,10,2021-22,25000.0
Rajkot Corporation,16923,GYANGANGA H.S. SCHOOL,GSHSEB,Gujarati,10,2022-23,25000.0
Rajkot Corporation,16923,GYANGANGA H.S. SCHOOL,GSHSEB,Gujarati,10,2023-24,25000.0
Rajkot Corporation,16923,GYANGANGA H.S. SCHOOL,GSHSEB,Gujarati,10,2024-25,25000.0
Rajkot Corporation,16923,GYANGANGA H.S. SCHOOL,GSHSEB,Gujarati,10,2025-26,26000.0
Rajkot Corporation,16923,GYANGANGA H.S. SCHOOL,GSHSEB,Gujarati,10,2026-27,27000.0
Rajkot Corporation,16923,GYANGANGA H.S. SCHOOL,GSHSEB,Gujarati,General - 11,2019-20,22990.0
Rajkot Corporation,16923,GYANGANGA H.S. SCHOOL,GSHSEB,Gujarati,General - 11,2020-21,17242.5
Rajkot Corporation,16923,GYANGANGA H.S. SCHOOL,GSHSEB,Gujarati,General - 11,2021-22,25000.0
Rajkot Corporation,16923,GYANGANGA H.S. SCHOOL,GSHSEB,Gujarati,General - 11,2022-23,25000.0
Rajkot Corporation,16923,GYANGANGA H.S. SCHOOL,GSHSEB,Gujarati,General - 11,2023-24,25000.0
Rajkot Corporation,16923,GYANGANGA H.S. SCHOOL,GSHSEB,Gujarati,General - 11,2024-25,25000.0
Rajkot Corporation,16923,GYANGANGA H.S. SCHOOL,GSHSEB,Gujarati,General - 11,2025-26,26000.0
Rajkot Corporation,16923,GYANGANGA H.S. SCHOOL,GSHSEB,Gujarati,General - 11,2026-27,27000.0
Rajkot Corporation,16923,GYANGANGA H.S. SCHOOL,GSHSEB,Gujarati,General - 12,2019-20,22990.0
Rajkot Corporation,16923,GYANGANGA H.S. SCHOOL,GSHSEB,Gujarati,General - 12,2020-21,17242.5
Rajkot Corporation,16923,GYANGANGA H.S. SCHOOL,GSHSEB,Gujarati,General - 12,2021-22,25000.0
Rajkot Corporation,16923,GYANGANGA H.S. SCHOOL,GSHSEB,Gujarati,General - 12,2022-23,25000.0
Rajkot Corporation,16923,GYANGANGA H.S. SCHOOL,GSHSEB,Gujarati,General - 12,2023-24,25000.0
Rajkot Corporation,16923,GYANGANGA H.S. SCHOOL,GSHSEB,Gujarati,General - 12,2024-25,25000.0
Rajkot Corporation,16923,GYANGANGA H.S. SCHOOL,GSHSEB,Gujarati,General - 12,2025-26,26000.0
Rajkot Corporation,16923,GYANGANGA H.S. SCHOOL,GSHSEB,Gujarati,General - 12,2026-27,27000.0
Rajkot Corporation,16804,H M SINHAR SECONDARY SCHOOL,GSHSEB,Gujarati,9,2019-20,18500.0
Rajkot Corporation,16804,H M SINHAR SECONDARY SCHOOL,GSHSEB,Gujarati,9,2020-21,13875.0
Rajkot Corporation,16804,H M SINHAR SECONDARY SCHOOL,GSHSEB,Gujarati,9,2023-24,22700.0
Rajkot Corporation,16804,H M SINHAR SECONDARY SCHOOL,GSHSEB,Gujarati,9,2025-26,24970.0
Rajkot Corporation,16804,H M SINHAR SECONDARY SCHOOL,GSHSEB,Gujarati,10,2019-20,18500.0
Rajkot Corporation,16804,H M SINHAR SECONDARY SCHOOL,GSHSEB,Gujarati,10,2020-21,13875.0
Rajkot Corporation,16804,H M SINHAR SECONDARY SCHOOL,GSHSEB,Gujarati,10,2023-24,22700.0
Rajkot Corporation,16804,H M SINHAR SECONDARY SCHOOL,GSHSEB,Gujarati,10,2025-26,24970.0
Rajkot Corporation,15174,INNOVATIVE SCHOOL(GUJ-SEC. & H.S.),GSHSEB,Gujarati,9,2019-20,21500.0
Rajkot Corporation,15174,INNOVATIVE SCHOOL(GUJ-SEC. & H.S.),GSHSEB,Gujarati,9,2020-21,16125.0
Rajkot Corporation,15174,INNOVATIVE SCHOOL(GUJ-SEC. & H.S.),GSHSEB,Gujarati,9,2021-22,23650.0
Rajkot Corporation,15174,INNOVATIVE SCHOOL(GUJ-SEC. & H.S.),GSHSEB,Gujarati,9,2022-23,25300.0
Rajkot Corporation,15174,INNOVATIVE SCHOOL(GUJ-SEC. & H.S.),GSHSEB,Gujarati,9,2024-25,27100.0
Rajkot Corporation,15174,INNOVATIVE SCHOOL(GUJ-SEC. & H.S.),GSHSEB,Gujarati,9,2025-26,27900.0
Rajkot Corporation,15174,INNOVATIVE SCHOOL(GUJ-SEC. & H.S.),GSHSEB,Gujarati,9,2026-27,28700.0
Rajkot Corporation,15174,INNOVATIVE SCHOOL(GUJ-SEC. & H.S.),GSHSEB,Gujarati,10,2019-20,21500.0
Rajkot Corporation,15174,INNOVATIVE SCHOOL(GUJ-SEC. & H.S.),GSHSEB,Gujarati,10,2020-21,16125.0
Rajkot Corporation,15174,INNOVATIVE SCHOOL(GUJ-SEC. & H.S.),GSHSEB,Gujarati,10,2021-22,23650.0
Rajkot Corporation,15174,INNOVATIVE SCHOOL(GUJ-SEC. & H.S.),GSHSEB,Gujarati,10,2022-23,25300.0
Rajkot Corporation,15174,INNOVATIVE SCHOOL(GUJ-SEC. & H.S.),GSHSEB,Gujarati,10,2024-25,27100.0
Rajkot Corporation,15174,INNOVATIVE SCHOOL(GUJ-SEC. & H.S.),GSHSEB,Gujarati,10,2025-26,27900.0
Rajkot Corporation,15174,INNOVATIVE SCHOOL(GUJ-SEC. & H.S.),GSHSEB,Gujarati,10,2026-27,28700.0
Rajkot Corporation,15174,INNOVATIVE SCHOOL(GUJ-SEC. & H.S.),GSHSEB,Gujarati,General - 11,2019-20,22500.0
Rajkot Corporation,15174,INNOVATIVE SCHOOL(GUJ-SEC. & H.S.),GSHSEB,Gujarati,General - 11,2020-21,16875.0
Rajkot Corporation,15174,INNOVATIVE SCHOOL(GUJ-SEC. & H.S.),GSHSEB,Gujarati,General - 11,2021-22,26500.0
Rajkot Corporation,15174,INNOVATIVE SCHOOL(GUJ-SEC. & H.S.),GSHSEB,Gujarati,General - 11,2022-23,28355.0
Rajkot Corporation,15174,INNOVATIVE SCHOOL(GUJ-SEC. & H.S.),GSHSEB,Gujarati,General - 11,2024-25,30350.0
Rajkot Corporation,15174,INNOVATIVE SCHOOL(GUJ-SEC. & H.S.),GSHSEB,Gujarati,General - 11,2025-26,31300.0
Rajkot Corporation,15174,INNOVATIVE SCHOOL(GUJ-SEC. & H.S.),GSHSEB,Gujarati,General - 11,2026-27,32200.0
Rajkot Corporation,15174,INNOVATIVE SCHOOL(GUJ-SEC. & H.S.),GSHSEB,Gujarati,General - 12,2019-20,21500.0
Rajkot Corporation,15174,INNOVATIVE SCHOOL(GUJ-SEC. & H.S.),GSHSEB,Gujarati,General - 12,2020-21,16125.0
Rajkot Corporation,15174,INNOVATIVE SCHOOL(GUJ-SEC. & H.S.),GSHSEB,Gujarati,General - 12,2021-22,26500.0
Rajkot Corporation,15174,INNOVATIVE SCHOOL(GUJ-SEC. & H.S.),GSHSEB,Gujarati,General - 12,2022-23,28355.0
Rajkot Corporation,15174,INNOVATIVE SCHOOL(GUJ-SEC. & H.S.),GSHSEB,Gujarati,General - 12,2024-25,30350.0
Rajkot Corporation,15174,INNOVATIVE SCHOOL(GUJ-SEC. & H.S.),GSHSEB,Gujarati,General - 12,2025-26,31300.0
Rajkot Corporation,15174,INNOVATIVE SCHOOL(GUJ-SEC. & H.S.),GSHSEB,Gujarati,General - 12,2026-27,32200.0
Rajkot Corporation,15174,INNOVATIVE SCHOOL(GUJ-SEC. & H.S.),GSHSEB,Gujarati,Science - 11,2019-20,60000.0
Rajkot Corporation,15174,INNOVATIVE SCHOOL(GUJ-SEC. & H.S.),GSHSEB,Gujarati,Science - 11,2020-21,45000.0
Rajkot Corporation,15174,INNOVATIVE SCHOOL(GUJ-SEC. & H.S.),GSHSEB,Gujarati,Science - 11,2021-22,60000.0
Rajkot Corporation,15174,INNOVATIVE SCHOOL(GUJ-SEC. & H.S.),GSHSEB,Gujarati,Science - 11,2022-23,64200.0
Rajkot Corporation,15174,INNOVATIVE SCHOOL(GUJ-SEC. & H.S.),GSHSEB,Gujarati,Science - 11,2024-25,68700.0
Rajkot Corporation,15174,INNOVATIVE SCHOOL(GUJ-SEC. & H.S.),GSHSEB,Gujarati,Science - 11,2025-26,70800.0
Rajkot Corporation,15174,INNOVATIVE SCHOOL(GUJ-SEC. & H.S.),GSHSEB,Gujarati,Science - 11,2026-27,72900.0
Rajkot Corporation,15174,INNOVATIVE SCHOOL(GUJ-SEC. & H.S.),GSHSEB,Gujarati,Science - 12,2019-20,60000.0
Rajkot Corporation,15174,INNOVATIVE SCHOOL(GUJ-SEC. & H.S.),GSHSEB,Gujarati,Science - 12,2020-21,45000.0
Rajkot Corporation,15174,INNOVATIVE SCHOOL(GUJ-SEC. & H.S.),GSHSEB,Gujarati,Science - 12,2021-22,60000.0
Rajkot Corporation,15174,INNOVATIVE SCHOOL(GUJ-SEC. & H.S.),GSHSEB,Gujarati,Science - 12,2022-23,64200.0
Rajkot Corporation,15174,INNOVATIVE SCHOOL(GUJ-SEC. & H.S.),GSHSEB,Gujarati,Science - 12,2024-25,68700.0
Rajkot Corporation,15174,INNOVATIVE SCHOOL(GUJ-SEC. & H.S.),GSHSEB,Gujarati,Science - 12,2025-26,70800.0
Rajkot Corporation,15174,INNOVATIVE SCHOOL(GUJ-SEC. & H.S.),GSHSEB,Gujarati,Science - 12,2026-27,72900.0
Rajkot Corporation,15174,INNOVATIVE SCHOOL(GUJ-SEC. & H.S.),GSHSEB,English,9,2019-20,32500.0
Rajkot Corporation,15174,INNOVATIVE SCHOOL(GUJ-SEC. & H.S.),GSHSEB,English,9,2020-21,24375.0
Rajkot Corporation,15174,INNOVATIVE SCHOOL(GUJ-SEC. & H.S.),GSHSEB,English,9,2021-22,35200.0
Rajkot Corporation,15174,INNOVATIVE SCHOOL(GUJ-SEC. & H.S.),GSHSEB,English,9,2022-23,37650.0
Rajkot Corporation,15174,INNOVATIVE SCHOOL(GUJ-SEC. & H.S.),GSHSEB,English,9,2024-25,40300.0
Rajkot Corporation,15174,INNOVATIVE SCHOOL(GUJ-SEC. & H.S.),GSHSEB,English,9,2025-26,41500.0
Rajkot Corporation,15174,INNOVATIVE SCHOOL(GUJ-SEC. & H.S.),GSHSEB,English,9,2026-27,42700.0
Rajkot Corporation,15174,INNOVATIVE SCHOOL(GUJ-SEC. & H.S.),GSHSEB,English,10,2019-20,32500.0
Rajkot Corporation,15174,INNOVATIVE SCHOOL(GUJ-SEC. & H.S.),GSHSEB,English,10,2020-21,24375.0
Rajkot Corporation,15174,INNOVATIVE SCHOOL(GUJ-SEC. & H.S.),GSHSEB,English,10,2021-22,35200.0
Rajkot Corporation,15174,INNOVATIVE SCHOOL(GUJ-SEC. & H.S.),GSHSEB,English,10,2022-23,37650.0
Rajkot Corporation,15174,INNOVATIVE SCHOOL(GUJ-SEC. & H.S.),GSHSEB,English,10,2024-25,40300.0
Rajkot Corporation,15174,INNOVATIVE SCHOOL(GUJ-SEC. & H.S.),GSHSEB,English,10,2025-26,41500.0
Rajkot Corporation,15174,INNOVATIVE SCHOOL(GUJ-SEC. & H.S.),GSHSEB,English,10,2026-27,42700.0
Rajkot Corporation,15174,INNOVATIVE SCHOOL(GUJ-SEC. & H.S.),GSHSEB,English,General - 11,2019-20,22500.0
Rajkot Corporation,15174,INNOVATIVE SCHOOL(GUJ-SEC. & H.S.),GSHSEB,English,General - 11,2020-21,16875.0
Rajkot Corporation,15174,INNOVATIVE SCHOOL(GUJ-SEC. & H.S.),GSHSEB,English,General - 11,2021-22,25000.0
Rajkot Corporation,15174,INNOVATIVE SCHOOL(GUJ-SEC. & H.S.),GSHSEB,English,General - 11,2022-23,26750.0
Rajkot Corporation,15174,INNOVATIVE SCHOOL(GUJ-SEC. & H.S.),GSHSEB,English,General - 11,2024-25,28600.0
Rajkot Corporation,15174,INNOVATIVE SCHOOL(GUJ-SEC. & H.S.),GSHSEB,English,General - 11,2025-26,29500.0
Rajkot Corporation,15174,INNOVATIVE SCHOOL(GUJ-SEC. & H.S.),GSHSEB,English,General - 11,2026-27,30400.0
Rajkot Corporation,15174,INNOVATIVE SCHOOL(GUJ-SEC. & H.S.),GSHSEB,English,General - 12,2019-20,24000.0
Rajkot Corporation,15174,INNOVATIVE SCHOOL(GUJ-SEC. & H.S.),GSHSEB,English,General - 12,2020-21,18000.0
Rajkot Corporation,15174,INNOVATIVE SCHOOL(GUJ-SEC. & H.S.),GSHSEB,English,General - 12,2021-22,25000.0
Rajkot Corporation,15174,INNOVATIVE SCHOOL(GUJ-SEC. & H.S.),GSHSEB,English,General - 12,2022-23,26750.0
Rajkot Corporation,15174,INNOVATIVE SCHOOL(GUJ-SEC. & H.S.),GSHSEB,English,General - 12,2024-25,28600.0
Rajkot Corporation,15174,INNOVATIVE SCHOOL(GUJ-SEC. & H.S.),GSHSEB,English,General - 12,2025-26,29500.0
Rajkot Corporation,15174,INNOVATIVE SCHOOL(GUJ-SEC. & H.S.),GSHSEB,English,General - 12,2026-27,30400.0
Rajkot Corporation,13290,JAY YOGESHVAR MADHYAMIK SHALA,GSHSEB,Gujarati,9,2019-20,11660.0
Rajkot Corporation,13290,JAY YOGESHVAR MADHYAMIK SHALA,GSHSEB,Gujarati,9,2020-21,8745.0
Rajkot Corporation,13290,JAY YOGESHVAR MADHYAMIK SHALA,GSHSEB,Gujarati,9,2021-22,13500.0
Rajkot Corporation,13290,JAY YOGESHVAR MADHYAMIK SHALA,GSHSEB,Gujarati,9,2022-23,14850.0
Rajkot Corporation,13290,JAY YOGESHVAR MADHYAMIK SHALA,GSHSEB,Gujarati,9,2023-24,16500.0
Rajkot Corporation,13290,JAY YOGESHVAR MADHYAMIK SHALA,GSHSEB,Gujarati,9,2024-25,25000.0
Rajkot Corporation,13290,JAY YOGESHVAR MADHYAMIK SHALA,GSHSEB,Gujarati,9,2025-26,25000.0
Rajkot Corporation,13290,JAY YOGESHVAR MADHYAMIK SHALA,GSHSEB,Gujarati,10,2019-20,11660.0
Rajkot Corporation,13290,JAY YOGESHVAR MADHYAMIK SHALA,GSHSEB,Gujarati,10,2020-21,8745.0
Rajkot Corporation,13290,JAY YOGESHVAR MADHYAMIK SHALA,GSHSEB,Gujarati,10,2021-22,13500.0
Rajkot Corporation,13290,JAY YOGESHVAR MADHYAMIK SHALA,GSHSEB,Gujarati,10,2022-23,14850.0
Rajkot Corporation,13290,JAY YOGESHVAR MADHYAMIK SHALA,GSHSEB,Gujarati,10,2023-24,16500.0
Rajkot Corporation,13290,JAY YOGESHVAR MADHYAMIK SHALA,GSHSEB,Gujarati,10,2024-25,25000.0
Rajkot Corporation,13290,JAY YOGESHVAR MADHYAMIK SHALA,GSHSEB,Gujarati,10,2025-26,25000.0
Rajkot Corporation,13290,JAY YOGESHVAR MADHYAMIK SHALA,GSHSEB,Gujarati,General - 11,2019-20,11660.0
Rajkot Corporation,13290,JAY YOGESHVAR MADHYAMIK SHALA,GSHSEB,Gujarati,General - 11,2020-21,8745.0
Rajkot Corporation,13290,JAY YOGESHVAR MADHYAMIK SHALA,GSHSEB,Gujarati,General - 11,2021-22,13500.0
Rajkot Corporation,13290,JAY YOGESHVAR MADHYAMIK SHALA,GSHSEB,Gujarati,General - 11,2022-23,14850.0
Rajkot Corporation,13290,JAY YOGESHVAR MADHYAMIK SHALA,GSHSEB,Gujarati,General - 11,2023-24,16500.0
Rajkot Corporation,13290,JAY YOGESHVAR MADHYAMIK SHALA,GSHSEB,Gujarati,General - 11,2024-25,25000.0
Rajkot Corporation,13290,JAY YOGESHVAR MADHYAMIK SHALA,GSHSEB,Gujarati,General - 11,2025-26,25000.0
Rajkot Corporation,13290,JAY YOGESHVAR MADHYAMIK SHALA,GSHSEB,Gujarati,General - 12,2019-20,11660.0
Rajkot Corporation,13290,JAY YOGESHVAR MADHYAMIK SHALA,GSHSEB,Gujarati,General - 12,2020-21,8745.0
Rajkot Corporation,13290,JAY YOGESHVAR MADHYAMIK SHALA,GSHSEB,Gujarati,General - 12,2021-22,13500.0
Rajkot Corporation,13290,JAY YOGESHVAR MADHYAMIK SHALA,GSHSEB,Gujarati,General - 12,2022-23,14850.0
Rajkot Corporation,13290,JAY YOGESHVAR MADHYAMIK SHALA,GSHSEB,Gujarati,General - 12,2023-24,16500.0
Rajkot Corporation,13290,JAY YOGESHVAR MADHYAMIK SHALA,GSHSEB,Gujarati,General - 12,2024-25,25000.0
Rajkot Corporation,13290,JAY YOGESHVAR MADHYAMIK SHALA,GSHSEB,Gujarati,General - 12,2025-26,25000.0
Rajkot Corporation,13623,KALYAN HIGH SCHOOL(H.S.),GSHSEB,Gujarati,General - 11,2024-25,30000.0
Rajkot Corporation,13623,KALYAN HIGH SCHOOL(H.S.),GSHSEB,Gujarati,General - 11,2025-26,32100.0
Rajkot Corporation,13623,KALYAN HIGH SCHOOL(H.S.),GSHSEB,Gujarati,General - 11,2026-27,34347.0
Rajkot Corporation,13623,KALYAN HIGH SCHOOL(H.S.),GSHSEB,Gujarati,General - 12,2024-25,39000.0
Rajkot Corporation,13623,KALYAN HIGH SCHOOL(H.S.),GSHSEB,Gujarati,General - 12,2025-26,41730.0
Rajkot Corporation,13623,KALYAN HIGH SCHOOL(H.S.),GSHSEB,Gujarati,General - 12,2026-27,44651.0
Rajkot Corporation,13623,KALYAN HIGH SCHOOL(H.S.),GSHSEB,Gujarati,Science - 11,2019-20,48700.0
Rajkot Corporation,13623,KALYAN HIGH SCHOOL(H.S.),GSHSEB,Gujarati,Science - 11,2020-21,36525.0
Rajkot Corporation,13623,KALYAN HIGH SCHOOL(H.S.),GSHSEB,Gujarati,Science - 11,2021-22,42000.0
Rajkot Corporation,13623,KALYAN HIGH SCHOOL(H.S.),GSHSEB,Gujarati,Science - 11,2022-23,45000.0
Rajkot Corporation,13623,KALYAN HIGH SCHOOL(H.S.),GSHSEB,Gujarati,Science - 11,2023-24,48250.0
Rajkot Corporation,13623,KALYAN HIGH SCHOOL(H.S.),GSHSEB,Gujarati,Science - 11,2024-25,50000.0
Rajkot Corporation,13623,KALYAN HIGH SCHOOL(H.S.),GSHSEB,Gujarati,Science - 11,2025-26,53500.0
Rajkot Corporation,13623,KALYAN HIGH SCHOOL(H.S.),GSHSEB,Gujarati,Science - 11,2026-27,57245.0
Rajkot Corporation,13623,KALYAN HIGH SCHOOL(H.S.),GSHSEB,Gujarati,Science - 12,2019-20,48700.0
Rajkot Corporation,13623,KALYAN HIGH SCHOOL(H.S.),GSHSEB,Gujarati,Science - 12,2020-21,36525.0
Rajkot Corporation,13623,KALYAN HIGH SCHOOL(H.S.),GSHSEB,Gujarati,Science - 12,2021-22,42000.0
Rajkot Corporation,13623,KALYAN HIGH SCHOOL(H.S.),GSHSEB,Gujarati,Science - 12,2022-23,45000.0
Rajkot Corporation,13623,KALYAN HIGH SCHOOL(H.S.),GSHSEB,Gujarati,Science - 12,2023-24,48250.0
Rajkot Corporation,13623,KALYAN HIGH SCHOOL(H.S.),GSHSEB,Gujarati,Science - 12,2024-25,50000.0
Rajkot Corporation,13623,KALYAN HIGH SCHOOL(H.S.),GSHSEB,Gujarati,Science - 12,2025-26,53500.0
Rajkot Corporation,13623,KALYAN HIGH SCHOOL(H.S.),GSHSEB,Gujarati,Science - 12,2026-27,57245.0
Rajkot Corporation,16593,KESHAV VIDHYA MANDIR,GSHSEB,Gujarati,9,2019-20,18450.0
Rajkot Corporation,16593,KESHAV VIDHYA MANDIR,GSHSEB,Gujarati,9,2020-21,13837.5
Rajkot Corporation,16593,KESHAV VIDHYA MANDIR,GSHSEB,Gujarati,9,2021-22,20300.0
Rajkot Corporation,16593,KESHAV VIDHYA MANDIR,GSHSEB,Gujarati,9,2022-23,22000.0
Rajkot Corporation,16593,KESHAV VIDHYA MANDIR,GSHSEB,Gujarati,9,2023-24,23550.0
Rajkot Corporation,16593,KESHAV VIDHYA MANDIR,GSHSEB,Gujarati,9,2024-25,25200.0
Rajkot Corporation,16593,KESHAV VIDHYA MANDIR,GSHSEB,Gujarati,9,2025-26,26200.0
Rajkot Corporation,16593,KESHAV VIDHYA MANDIR,GSHSEB,Gujarati,9,2026-27,27200.0
Rajkot Corporation,16593,KESHAV VIDHYA MANDIR,GSHSEB,Gujarati,10,2019-20,21850.0
Rajkot Corporation,16593,KESHAV VIDHYA MANDIR,GSHSEB,Gujarati,10,2020-21,16387.5
Rajkot Corporation,16593,KESHAV VIDHYA MANDIR,GSHSEB,Gujarati,10,2021-22,24000.0
Rajkot Corporation,16593,KESHAV VIDHYA MANDIR,GSHSEB,Gujarati,10,2022-23,25000.0
Rajkot Corporation,16593,KESHAV VIDHYA MANDIR,GSHSEB,Gujarati,10,2023-24,26750.0
Rajkot Corporation,16593,KESHAV VIDHYA MANDIR,GSHSEB,Gujarati,10,2024-25,28630.0
Rajkot Corporation,16593,KESHAV VIDHYA MANDIR,GSHSEB,Gujarati,10,2025-26,29800.0
Rajkot Corporation,16593,KESHAV VIDHYA MANDIR,GSHSEB,Gujarati,10,2026-27,31000.0
Rajkot Corporation,16593,KESHAV VIDHYA MANDIR,GSHSEB,Gujarati,General - 11,2019-20,21300.0
Rajkot Corporation,16593,KESHAV VIDHYA MANDIR,GSHSEB,Gujarati,General - 11,2020-21,15975.0
Rajkot Corporation,16593,KESHAV VIDHYA MANDIR,GSHSEB,Gujarati,General - 11,2021-22,23500.0
Rajkot Corporation,16593,KESHAV VIDHYA MANDIR,GSHSEB,Gujarati,General - 11,2022-23,24500.0
Rajkot Corporation,16593,KESHAV VIDHYA MANDIR,GSHSEB,Gujarati,General - 11,2023-24,26200.0
Rajkot Corporation,16593,KESHAV VIDHYA MANDIR,GSHSEB,Gujarati,General - 11,2024-25,28050.0
Rajkot Corporation,16593,KESHAV VIDHYA MANDIR,GSHSEB,Gujarati,General - 11,2025-26,29500.0
Rajkot Corporation,16593,KESHAV VIDHYA MANDIR,GSHSEB,Gujarati,General - 11,2026-27,31000.0
Rajkot Corporation,16593,KESHAV VIDHYA MANDIR,GSHSEB,Gujarati,General - 12,2019-20,22600.0
Rajkot Corporation,16593,KESHAV VIDHYA MANDIR,GSHSEB,Gujarati,General - 12,2020-21,16950.0
Rajkot Corporation,16593,KESHAV VIDHYA MANDIR,GSHSEB,Gujarati,General - 12,2021-22,25000.0
Rajkot Corporation,16593,KESHAV VIDHYA MANDIR,GSHSEB,Gujarati,General - 12,2022-23,25500.0
Rajkot Corporation,16593,KESHAV VIDHYA MANDIR,GSHSEB,Gujarati,General - 12,2023-24,27280.0
Rajkot Corporation,16593,KESHAV VIDHYA MANDIR,GSHSEB,Gujarati,General - 12,2024-25,29200.0
Rajkot Corporation,16593,KESHAV VIDHYA MANDIR,GSHSEB,Gujarati,General - 12,2025-26,30700.0
Rajkot Corporation,16593,KESHAV VIDHYA MANDIR,GSHSEB,Gujarati,General - 12,2026-27,32200.0
Rajkot Corporation,14535,KOTAK SECONDARY-HIGHER SEC. SCHOOL,GSHSEB,Gujarati,9,2024-25,22850.0
Rajkot Corporation,14535,KOTAK SECONDARY-HIGHER SEC. SCHOOL,GSHSEB,Gujarati,9,2025-26,24500.0
Rajkot Corporation,14535,KOTAK SECONDARY-HIGHER SEC. SCHOOL,GSHSEB,Gujarati,9,2026-27,26000.0
Rajkot Corporation,14535,KOTAK SECONDARY-HIGHER SEC. SCHOOL,GSHSEB,Gujarati,10,2024-25,22850.0
Rajkot Corporation,14535,KOTAK SECONDARY-HIGHER SEC. SCHOOL,GSHSEB,Gujarati,10,2025-26,24500.0
Rajkot Corporation,14535,KOTAK SECONDARY-HIGHER SEC. SCHOOL,GSHSEB,Gujarati,10,2026-27,26000.0
Rajkot Corporation,14535,KOTAK SECONDARY-HIGHER SEC. SCHOOL,GSHSEB,Gujarati,General - 11,2019-20,19120.0
Rajkot Corporation,14535,KOTAK SECONDARY-HIGHER SEC. SCHOOL,GSHSEB,Gujarati,General - 11,2020-21,14340.0
Rajkot Corporation,14535,KOTAK SECONDARY-HIGHER SEC. SCHOOL,GSHSEB,Gujarati,General - 11,2021-22,20620.0
Rajkot Corporation,14535,KOTAK SECONDARY-HIGHER SEC. SCHOOL,GSHSEB,Gujarati,General - 11,2022-23,22680.0
Rajkot Corporation,14535,KOTAK SECONDARY-HIGHER SEC. SCHOOL,GSHSEB,Gujarati,General - 11,2023-24,24950.0
Rajkot Corporation,14535,KOTAK SECONDARY-HIGHER SEC. SCHOOL,GSHSEB,Gujarati,General - 11,2024-25,24950.0
Rajkot Corporation,14535,KOTAK SECONDARY-HIGHER SEC. SCHOOL,GSHSEB,Gujarati,General - 11,2025-26,26500.0
Rajkot Corporation,14535,KOTAK SECONDARY-HIGHER SEC. SCHOOL,GSHSEB,Gujarati,General - 11,2026-27,28000.0
Rajkot Corporation,14535,KOTAK SECONDARY-HIGHER SEC. SCHOOL,GSHSEB,Gujarati,General - 12,2019-20,19120.0
Rajkot Corporation,14535,KOTAK SECONDARY-HIGHER SEC. SCHOOL,GSHSEB,Gujarati,General - 12,2020-21,14340.0
Rajkot Corporation,14535,KOTAK SECONDARY-HIGHER SEC. SCHOOL,GSHSEB,Gujarati,General - 12,2021-22,20620.0
Rajkot Corporation,14535,KOTAK SECONDARY-HIGHER SEC. SCHOOL,GSHSEB,Gujarati,General - 12,2022-23,22680.0
Rajkot Corporation,14535,KOTAK SECONDARY-HIGHER SEC. SCHOOL,GSHSEB,Gujarati,General - 12,2023-24,24950.0
Rajkot Corporation,14535,KOTAK SECONDARY-HIGHER SEC. SCHOOL,GSHSEB,Gujarati,General - 12,2024-25,24950.0
Rajkot Corporation,14535,KOTAK SECONDARY-HIGHER SEC. SCHOOL,GSHSEB,Gujarati,General - 12,2025-26,26500.0
Rajkot Corporation,14535,KOTAK SECONDARY-HIGHER SEC. SCHOOL,GSHSEB,Gujarati,General - 12,2026-27,28000.0
Rajkot Corporation,14536,KOTAK SECONDARY-HIGHER SEC. SCHOOL,GSHSEB,Gujarati,9,2019-20,17615.0
Rajkot Corporation,14536,KOTAK SECONDARY-HIGHER SEC. SCHOOL,GSHSEB,Gujarati,9,2020-21,13211.25
Rajkot Corporation,14536,KOTAK SECONDARY-HIGHER SEC. SCHOOL,GSHSEB,Gujarati,9,2021-22,18815.0
Rajkot Corporation,14536,KOTAK SECONDARY-HIGHER SEC. SCHOOL,GSHSEB,Gujarati,9,2022-23,20770.0
Rajkot Corporation,14536,KOTAK SECONDARY-HIGHER SEC. SCHOOL,GSHSEB,Gujarati,9,2023-24,22850.0
Rajkot Corporation,14536,KOTAK SECONDARY-HIGHER SEC. SCHOOL,GSHSEB,Gujarati,9,2024-25,22850.0
Rajkot Corporation,14536,KOTAK SECONDARY-HIGHER SEC. SCHOOL,GSHSEB,Gujarati,9,2025-26,24500.0
Rajkot Corporation,14536,KOTAK SECONDARY-HIGHER SEC. SCHOOL,GSHSEB,Gujarati,9,2026-27,26000.0
Rajkot Corporation,14536,KOTAK SECONDARY-HIGHER SEC. SCHOOL,GSHSEB,Gujarati,10,2019-20,16200.0
Rajkot Corporation,14536,KOTAK SECONDARY-HIGHER SEC. SCHOOL,GSHSEB,Gujarati,10,2020-21,12150.0
Rajkot Corporation,14536,KOTAK SECONDARY-HIGHER SEC. SCHOOL,GSHSEB,Gujarati,10,2021-22,18815.0
Rajkot Corporation,14536,KOTAK SECONDARY-HIGHER SEC. SCHOOL,GSHSEB,Gujarati,10,2022-23,20770.0
Rajkot Corporation,14536,KOTAK SECONDARY-HIGHER SEC. SCHOOL,GSHSEB,Gujarati,10,2023-24,22850.0
Rajkot Corporation,14536,KOTAK SECONDARY-HIGHER SEC. SCHOOL,GSHSEB,Gujarati,10,2024-25,22850.0
Rajkot Corporation,14536,KOTAK SECONDARY-HIGHER SEC. SCHOOL,GSHSEB,Gujarati,10,2025-26,24500.0
Rajkot Corporation,14536,KOTAK SECONDARY-HIGHER SEC. SCHOOL,GSHSEB,Gujarati,10,2026-27,26000.0
Rajkot Corporation,13616,KRISHNA H.S. SCHOOL (ENG MED),GSHSEB,English,General - 11,2024-25,63900.0
Rajkot Corporation,13616,KRISHNA H.S. SCHOOL (ENG MED),GSHSEB,English,General - 11,2025-26,63900.0
Rajkot Corporation,13616,KRISHNA H.S. SCHOOL (ENG MED),GSHSEB,English,General - 11,2026-27,63900.0
Rajkot Corporation,13616,KRISHNA H.S. SCHOOL (ENG MED),GSHSEB,English,General - 12,2024-25,63900.0
Rajkot Corporation,13616,KRISHNA H.S. SCHOOL (ENG MED),GSHSEB,English,General - 12,2025-26,63900.0
Rajkot Corporation,13616,KRISHNA H.S. SCHOOL (ENG MED),GSHSEB,English,General - 12,2026-27,63900.0
Rajkot Corporation,13616,KRISHNA H.S. SCHOOL (ENG MED),GSHSEB,English,Science - 11,2024-25,98300.0
Rajkot Corporation,13616,KRISHNA H.S. SCHOOL (ENG MED),GSHSEB,English,Science - 11,2025-26,98300.0
Rajkot Corporation,13616,KRISHNA H.S. SCHOOL (ENG MED),GSHSEB,English,Science - 11,2026-27,98300.0
Rajkot Corporation,13616,KRISHNA H.S. SCHOOL (ENG MED),GSHSEB,English,Science - 12,2024-25,98300.0
Rajkot Corporation,13616,KRISHNA H.S. SCHOOL (ENG MED),GSHSEB,English,Science - 12,2025-26,98300.0
Rajkot Corporation,13616,KRISHNA H.S. SCHOOL (ENG MED),GSHSEB,English,Science - 12,2026-27,98300.0
Rajkot Corporation,13608,KRISHNA H.S. SCHOOL (GUJ MED),GSHSEB,Gujarati,General - 11,2019-20,30000.0
Rajkot Corporation,13608,KRISHNA H.S. SCHOOL (GUJ MED),GSHSEB,Gujarati,General - 11,2020-21,22500.0
Rajkot Corporation,13608,KRISHNA H.S. SCHOOL (GUJ MED),GSHSEB,Gujarati,General - 11,2021-22,55900.0
Rajkot Corporation,13608,KRISHNA H.S. SCHOOL (GUJ MED),GSHSEB,Gujarati,General - 11,2022-23,59800.0
Rajkot Corporation,13608,KRISHNA H.S. SCHOOL (GUJ MED),GSHSEB,Gujarati,General - 11,2023-24,63900.0
Rajkot Corporation,13608,KRISHNA H.S. SCHOOL (GUJ MED),GSHSEB,Gujarati,General - 11,2024-25,63900.0
Rajkot Corporation,13608,KRISHNA H.S. SCHOOL (GUJ MED),GSHSEB,Gujarati,General - 11,2025-26,63900.0
Rajkot Corporation,13608,KRISHNA H.S. SCHOOL (GUJ MED),GSHSEB,Gujarati,General - 11,2026-27,63900.0
Rajkot Corporation,13608,KRISHNA H.S. SCHOOL (GUJ MED),GSHSEB,Gujarati,General - 12,2019-20,30000.0
Rajkot Corporation,13608,KRISHNA H.S. SCHOOL (GUJ MED),GSHSEB,Gujarati,General - 12,2020-21,22500.0
Rajkot Corporation,13608,KRISHNA H.S. SCHOOL (GUJ MED),GSHSEB,Gujarati,General - 12,2021-22,55900.0
Rajkot Corporation,13608,KRISHNA H.S. SCHOOL (GUJ MED),GSHSEB,Gujarati,General - 12,2022-23,59800.0
Rajkot Corporation,13608,KRISHNA H.S. SCHOOL (GUJ MED),GSHSEB,Gujarati,General - 12,2023-24,63900.0
Rajkot Corporation,13608,KRISHNA H.S. SCHOOL (GUJ MED),GSHSEB,Gujarati,General - 12,2024-25,63900.0
Rajkot Corporation,13608,KRISHNA H.S. SCHOOL (GUJ MED),GSHSEB,Gujarati,General - 12,2025-26,63900.0
Rajkot Corporation,13608,KRISHNA H.S. SCHOOL (GUJ MED),GSHSEB,Gujarati,General - 12,2026-27,63900.0
Rajkot Corporation,13608,KRISHNA H.S. SCHOOL (GUJ MED),GSHSEB,Gujarati,Science - 11,2019-20,50000.0
Rajkot Corporation,13608,KRISHNA H.S. SCHOOL (GUJ MED),GSHSEB,Gujarati,Science - 11,2020-21,37500.0
Rajkot Corporation,13608,KRISHNA H.S. SCHOOL (GUJ MED),GSHSEB,Gujarati,Science - 11,2021-22,75900.0
Rajkot Corporation,13608,KRISHNA H.S. SCHOOL (GUJ MED),GSHSEB,Gujarati,Science - 11,2022-23,81200.0
Rajkot Corporation,13608,KRISHNA H.S. SCHOOL (GUJ MED),GSHSEB,Gujarati,Science - 11,2023-24,86800.0
Rajkot Corporation,13608,KRISHNA H.S. SCHOOL (GUJ MED),GSHSEB,Gujarati,Science - 11,2024-25,86800.0
Rajkot Corporation,13608,KRISHNA H.S. SCHOOL (GUJ MED),GSHSEB,Gujarati,Science - 11,2025-26,86800.0
Rajkot Corporation,13608,KRISHNA H.S. SCHOOL (GUJ MED),GSHSEB,Gujarati,Science - 11,2026-27,86800.0
Rajkot Corporation,13608,KRISHNA H.S. SCHOOL (GUJ MED),GSHSEB,Gujarati,Science - 12,2019-20,50000.0
Rajkot Corporation,13608,KRISHNA H.S. SCHOOL (GUJ MED),GSHSEB,Gujarati,Science - 12,2020-21,37500.0
Rajkot Corporation,13608,KRISHNA H.S. SCHOOL (GUJ MED),GSHSEB,Gujarati,Science - 12,2021-22,75900.0
Rajkot Corporation,13608,KRISHNA H.S. SCHOOL (GUJ MED),GSHSEB,Gujarati,Science - 12,2022-23,81200.0
Rajkot Corporation,13608,KRISHNA H.S. SCHOOL (GUJ MED),GSHSEB,Gujarati,Science - 12,2023-24,86800.0
Rajkot Corporation,13608,KRISHNA H.S. SCHOOL (GUJ MED),GSHSEB,Gujarati,Science - 12,2024-25,86800.0
Rajkot Corporation,13608,KRISHNA H.S. SCHOOL (GUJ MED),GSHSEB,Gujarati,Science - 12,2025-26,86800.0
Rajkot Corporation,13608,KRISHNA H.S. SCHOOL (GUJ MED),GSHSEB,Gujarati,Science - 12,2026-27,86800.0
Rajkot Corporation,13474,L.L.MANDIR HIGH SCHOOL(E.M.),GSHSEB,Gujarati,9,2019-20,24200.0
Rajkot Corporation,13474,L.L.MANDIR HIGH SCHOOL(E.M.),GSHSEB,Gujarati,9,2020-21,18150.0
Rajkot Corporation,13474,L.L.MANDIR HIGH SCHOOL(E.M.),GSHSEB,Gujarati,9,2021-22,29300.0
Rajkot Corporation,13474,L.L.MANDIR HIGH SCHOOL(E.M.),GSHSEB,Gujarati,9,2022-23,33965.0
Rajkot Corporation,13474,L.L.MANDIR HIGH SCHOOL(E.M.),GSHSEB,Gujarati,9,2023-24,36350.0
Rajkot Corporation,13474,L.L.MANDIR HIGH SCHOOL(E.M.),GSHSEB,Gujarati,9,2024-25,39000.0
Rajkot Corporation,13474,L.L.MANDIR HIGH SCHOOL(E.M.),GSHSEB,Gujarati,9,2025-26,41000.0
Rajkot Corporation,13474,L.L.MANDIR HIGH SCHOOL(E.M.),GSHSEB,Gujarati,9,2026-27,43000.0
Rajkot Corporation,13474,L.L.MANDIR HIGH SCHOOL(E.M.),GSHSEB,Gujarati,10,2019-20,24200.0
Rajkot Corporation,13474,L.L.MANDIR HIGH SCHOOL(E.M.),GSHSEB,Gujarati,10,2020-21,18150.0
Rajkot Corporation,13474,L.L.MANDIR HIGH SCHOOL(E.M.),GSHSEB,Gujarati,10,2021-22,29300.0
Rajkot Corporation,13474,L.L.MANDIR HIGH SCHOOL(E.M.),GSHSEB,Gujarati,10,2022-23,33965.0
Rajkot Corporation,13474,L.L.MANDIR HIGH SCHOOL(E.M.),GSHSEB,Gujarati,10,2023-24,36350.0
Rajkot Corporation,13474,L.L.MANDIR HIGH SCHOOL(E.M.),GSHSEB,Gujarati,10,2024-25,39000.0
Rajkot Corporation,13474,L.L.MANDIR HIGH SCHOOL(E.M.),GSHSEB,Gujarati,10,2025-26,41000.0
Rajkot Corporation,13474,L.L.MANDIR HIGH SCHOOL(E.M.),GSHSEB,Gujarati,10,2026-27,43000.0
Rajkot Corporation,13474,L.L.MANDIR HIGH SCHOOL(E.M.),GSHSEB,Gujarati,General - 11,2022-23,44000.0
Rajkot Corporation,13474,L.L.MANDIR HIGH SCHOOL(E.M.),GSHSEB,Gujarati,General - 11,2023-24,47100.0
Rajkot Corporation,13474,L.L.MANDIR HIGH SCHOOL(E.M.),GSHSEB,Gujarati,General - 11,2024-25,50400.0
Rajkot Corporation,13474,L.L.MANDIR HIGH SCHOOL(E.M.),GSHSEB,Gujarati,General - 11,2025-26,53000.0
Rajkot Corporation,13474,L.L.MANDIR HIGH SCHOOL(E.M.),GSHSEB,Gujarati,General - 11,2026-27,55600.0
Rajkot Corporation,13474,L.L.MANDIR HIGH SCHOOL(E.M.),GSHSEB,Gujarati,General - 12,2022-23,44000.0
Rajkot Corporation,13474,L.L.MANDIR HIGH SCHOOL(E.M.),GSHSEB,Gujarati,General - 12,2023-24,47100.0
Rajkot Corporation,13474,L.L.MANDIR HIGH SCHOOL(E.M.),GSHSEB,Gujarati,General - 12,2024-25,50400.0
Rajkot Corporation,14623,LATE SHREE S.G.DHOLAKIYA MEMO. HIGH SCHOOL,GSHSEB,Gujarati,9,2019-20,30250.0
Rajkot Corporation,14623,LATE SHREE S.G.DHOLAKIYA MEMO. HIGH SCHOOL,GSHSEB,Gujarati,9,2020-21,22687.5
Rajkot Corporation,14623,LATE SHREE S.G.DHOLAKIYA MEMO. HIGH SCHOOL,GSHSEB,Gujarati,9,2021-22,33900.0
Rajkot Corporation,14623,LATE SHREE S.G.DHOLAKIYA MEMO. HIGH SCHOOL,GSHSEB,Gujarati,9,2022-23,36250.0
Rajkot Corporation,14623,LATE SHREE S.G.DHOLAKIYA MEMO. HIGH SCHOOL,GSHSEB,Gujarati,9,2023-24,38750.0
Rajkot Corporation,14623,LATE SHREE S.G.DHOLAKIYA MEMO. HIGH SCHOOL,GSHSEB,Gujarati,9,2024-25,40700.0
Rajkot Corporation,14623,LATE SHREE S.G.DHOLAKIYA MEMO. HIGH SCHOOL,GSHSEB,Gujarati,9,2025-26,42700.0
Rajkot Corporation,14623,LATE SHREE S.G.DHOLAKIYA MEMO. HIGH SCHOOL,GSHSEB,Gujarati,9,2026-27,44800.0
Rajkot Corporation,14623,LATE SHREE S.G.DHOLAKIYA MEMO. HIGH SCHOOL,GSHSEB,Gujarati,10,2019-20,32000.0
Rajkot Corporation,14623,LATE SHREE S.G.DHOLAKIYA MEMO. HIGH SCHOOL,GSHSEB,Gujarati,10,2020-21,24000.0
Rajkot Corporation,14623,LATE SHREE S.G.DHOLAKIYA MEMO. HIGH SCHOOL,GSHSEB,Gujarati,10,2021-22,36200.0
Rajkot Corporation,14623,LATE SHREE S.G.DHOLAKIYA MEMO. HIGH SCHOOL,GSHSEB,Gujarati,10,2022-23,38750.0
Rajkot Corporation,14623,LATE SHREE S.G.DHOLAKIYA MEMO. HIGH SCHOOL,GSHSEB,Gujarati,10,2023-24,41450.0
Rajkot Corporation,14623,LATE SHREE S.G.DHOLAKIYA MEMO. HIGH SCHOOL,GSHSEB,Gujarati,10,2024-25,43500.0
Rajkot Corporation,14623,LATE SHREE S.G.DHOLAKIYA MEMO. HIGH SCHOOL,GSHSEB,Gujarati,10,2025-26,45700.0
Rajkot Corporation,14623,LATE SHREE S.G.DHOLAKIYA MEMO. HIGH SCHOOL,GSHSEB,Gujarati,10,2026-27,48000.0
Rajkot Corporation,14623,LATE SHREE S.G.DHOLAKIYA MEMO. HIGH SCHOOL,GSHSEB,Gujarati,General - 11,2019-20,36000.0
Rajkot Corporation,14623,LATE SHREE S.G.DHOLAKIYA MEMO. HIGH SCHOOL,GSHSEB,Gujarati,General - 11,2020-21,27000.0
Rajkot Corporation,14623,LATE SHREE S.G.DHOLAKIYA MEMO. HIGH SCHOOL,GSHSEB,Gujarati,General - 11,2021-22,40800.0
Rajkot Corporation,14623,LATE SHREE S.G.DHOLAKIYA MEMO. HIGH SCHOOL,GSHSEB,Gujarati,General - 11,2022-23,43650.0
Rajkot Corporation,14623,LATE SHREE S.G.DHOLAKIYA MEMO. HIGH SCHOOL,GSHSEB,Gujarati,General - 11,2023-24,46700.0
Rajkot Corporation,14623,LATE SHREE S.G.DHOLAKIYA MEMO. HIGH SCHOOL,GSHSEB,Gujarati,General - 11,2024-25,49000.0
Rajkot Corporation,14623,LATE SHREE S.G.DHOLAKIYA MEMO. HIGH SCHOOL,GSHSEB,Gujarati,General - 11,2025-26,51500.0
Rajkot Corporation,14623,LATE SHREE S.G.DHOLAKIYA MEMO. HIGH SCHOOL,GSHSEB,Gujarati,General - 11,2026-27,54100.0
Rajkot Corporation,14623,LATE SHREE S.G.DHOLAKIYA MEMO. HIGH SCHOOL,GSHSEB,Gujarati,General - 12,2019-20,38700.0
Rajkot Corporation,14623,LATE SHREE S.G.DHOLAKIYA MEMO. HIGH SCHOOL,GSHSEB,Gujarati,General - 12,2020-21,29025.0
Rajkot Corporation,14623,LATE SHREE S.G.DHOLAKIYA MEMO. HIGH SCHOOL,GSHSEB,Gujarati,General - 12,2021-22,43850.0
Rajkot Corporation,14623,LATE SHREE S.G.DHOLAKIYA MEMO. HIGH SCHOOL,GSHSEB,Gujarati,General - 12,2022-23,46900.0
Rajkot Corporation,14623,LATE SHREE S.G.DHOLAKIYA MEMO. HIGH SCHOOL,GSHSEB,Gujarati,General - 12,2023-24,50150.0
Rajkot Corporation,14623,LATE SHREE S.G.DHOLAKIYA MEMO. HIGH SCHOOL,GSHSEB,Gujarati,General - 12,2024-25,52700.0
Rajkot Corporation,14623,LATE SHREE S.G.DHOLAKIYA MEMO. HIGH SCHOOL,GSHSEB,Gujarati,General - 12,2025-26,55300.0
Rajkot Corporation,14623,LATE SHREE S.G.DHOLAKIYA MEMO. HIGH SCHOOL,GSHSEB,Gujarati,General - 12,2026-27,58100.0
Rajkot Corporation,14516,MAHAN HIGH SCHOOL - RAJKOT,GSHSEB,English,9,2019-20,33000.0
Rajkot Corporation,14516,MAHAN HIGH SCHOOL - RAJKOT,GSHSEB,English,9,2020-21,24750.0
Rajkot Corporation,14516,MAHAN HIGH SCHOOL - RAJKOT,GSHSEB,English,9,2021-22,36000.0
Rajkot Corporation,14516,MAHAN HIGH SCHOOL - RAJKOT,GSHSEB,English,9,2022-23,39000.0
Rajkot Corporation,14516,MAHAN HIGH SCHOOL - RAJKOT,GSHSEB,English,9,2023-24,42150.0
Rajkot Corporation,14516,MAHAN HIGH SCHOOL - RAJKOT,GSHSEB,English,9,2024-25,45100.0
Rajkot Corporation,14516,MAHAN HIGH SCHOOL - RAJKOT,GSHSEB,English,9,2025-26,48250.0
Rajkot Corporation,14516,MAHAN HIGH SCHOOL - RAJKOT,GSHSEB,English,10,2019-20,33000.0
Rajkot Corporation,14516,MAHAN HIGH SCHOOL - RAJKOT,GSHSEB,English,10,2020-21,24750.0
Rajkot Corporation,14516,MAHAN HIGH SCHOOL - RAJKOT,GSHSEB,English,10,2021-22,36000.0
Rajkot Corporation,14516,MAHAN HIGH SCHOOL - RAJKOT,GSHSEB,English,10,2022-23,39000.0
Rajkot Corporation,14516,MAHAN HIGH SCHOOL - RAJKOT,GSHSEB,English,10,2023-24,42150.0
Rajkot Corporation,14516,MAHAN HIGH SCHOOL - RAJKOT,GSHSEB,English,10,2024-25,45100.0
Rajkot Corporation,14516,MAHAN HIGH SCHOOL - RAJKOT,GSHSEB,English,10,2025-26,48250.0
Rajkot Corporation,13429,MANDIR HIGH SCHOOL ,GSHSEB,Gujarati,9,2019-20,22000.0
Rajkot Corporation,13429,MANDIR HIGH SCHOOL ,GSHSEB,Gujarati,9,2020-21,16500.0
Rajkot Corporation,13429,MANDIR HIGH SCHOOL ,GSHSEB,Gujarati,9,2021-22,26600.0
Rajkot Corporation,13429,MANDIR HIGH SCHOOL ,GSHSEB,Gujarati,9,2022-23,33695.0
Rajkot Corporation,13429,MANDIR HIGH SCHOOL ,GSHSEB,Gujarati,9,2023-24,36050.0
Rajkot Corporation,13429,MANDIR HIGH SCHOOL ,GSHSEB,Gujarati,9,2024-25,38600.0
Rajkot Corporation,13429,MANDIR HIGH SCHOOL ,GSHSEB,Gujarati,9,2025-26,41000.0
Rajkot Corporation,13429,MANDIR HIGH SCHOOL ,GSHSEB,Gujarati,9,2026-27,42500.0
Rajkot Corporation,13429,MANDIR HIGH SCHOOL ,GSHSEB,Gujarati,10,2019-20,22000.0
Rajkot Corporation,13429,MANDIR HIGH SCHOOL ,GSHSEB,Gujarati,10,2020-21,16500.0
Rajkot Corporation,13429,MANDIR HIGH SCHOOL ,GSHSEB,Gujarati,10,2021-22,26600.0
Rajkot Corporation,13429,MANDIR HIGH SCHOOL ,GSHSEB,Gujarati,10,2022-23,33695.0
Rajkot Corporation,13429,MANDIR HIGH SCHOOL ,GSHSEB,Gujarati,10,2023-24,36050.0
Rajkot Corporation,13429,MANDIR HIGH SCHOOL ,GSHSEB,Gujarati,10,2024-25,38600.0
Rajkot Corporation,13429,MANDIR HIGH SCHOOL ,GSHSEB,Gujarati,10,2025-26,41000.0
Rajkot Corporation,13429,MANDIR HIGH SCHOOL ,GSHSEB,Gujarati,10,2026-27,42500.0
Rajkot Corporation,13429,MANDIR HIGH SCHOOL ,GSHSEB,Gujarati,General - 11,2019-20,27500.0
Rajkot Corporation,13429,MANDIR HIGH SCHOOL ,GSHSEB,Gujarati,General - 11,2020-21,20625.0
Rajkot Corporation,13429,MANDIR HIGH SCHOOL ,GSHSEB,Gujarati,General - 11,2021-22,33275.0
Rajkot Corporation,13429,MANDIR HIGH SCHOOL ,GSHSEB,Gujarati,General - 11,2022-23,38266.0
Rajkot Corporation,13429,MANDIR HIGH SCHOOL ,GSHSEB,Gujarati,General - 11,2023-24,40950.0
Rajkot Corporation,13429,MANDIR HIGH SCHOOL ,GSHSEB,Gujarati,General - 11,2024-25,43800.0
Rajkot Corporation,13429,MANDIR HIGH SCHOOL ,GSHSEB,Gujarati,General - 11,2025-26,46700.0
Rajkot Corporation,13429,MANDIR HIGH SCHOOL ,GSHSEB,Gujarati,General - 11,2026-27,48400.0
Rajkot Corporation,13429,MANDIR HIGH SCHOOL ,GSHSEB,Gujarati,General - 12,2019-20,27500.0
Rajkot Corporation,13429,MANDIR HIGH SCHOOL ,GSHSEB,Gujarati,General - 12,2020-21,20625.0
Rajkot Corporation,13429,MANDIR HIGH SCHOOL ,GSHSEB,Gujarati,General - 12,2021-22,33275.0
Rajkot Corporation,13429,MANDIR HIGH SCHOOL ,GSHSEB,Gujarati,General - 12,2022-23,38266.0
Rajkot Corporation,13429,MANDIR HIGH SCHOOL ,GSHSEB,Gujarati,General - 12,2023-24,40950.0
Rajkot Corporation,13429,MANDIR HIGH SCHOOL ,GSHSEB,Gujarati,General - 12,2024-25,43800.0
Rajkot Corporation,13429,MANDIR HIGH SCHOOL ,GSHSEB,Gujarati,General - 12,2025-26,46700.0
Rajkot Corporation,13429,MANDIR HIGH SCHOOL ,GSHSEB,Gujarati,General - 12,2026-27,48400.0
Rajkot Corporation,19887,MARUTI MOTHERLAND HIGH SCHOOL (H.S.),GSHSEB,Gujarati,General - 11,2019-20,26500.0
Rajkot Corporation,19887,MARUTI MOTHERLAND HIGH SCHOOL (H.S.),GSHSEB,Gujarati,General - 11,2020-21,19875.0
Rajkot Corporation,19887,MARUTI MOTHERLAND HIGH SCHOOL (H.S.),GSHSEB,Gujarati,General - 11,2021-22,32000.0
Rajkot Corporation,19887,MARUTI MOTHERLAND HIGH SCHOOL (H.S.),GSHSEB,Gujarati,General - 11,2022-23,32000.0
Rajkot Corporation,19887,MARUTI MOTHERLAND HIGH SCHOOL (H.S.),GSHSEB,Gujarati,General - 11,2023-24,34000.0
Rajkot Corporation,19887,MARUTI MOTHERLAND HIGH SCHOOL (H.S.),GSHSEB,Gujarati,General - 11,2024-25,36000.0
Rajkot Corporation,19887,MARUTI MOTHERLAND HIGH SCHOOL (H.S.),GSHSEB,Gujarati,General - 11,2025-26,37100.0
Rajkot Corporation,19887,MARUTI MOTHERLAND HIGH SCHOOL (H.S.),GSHSEB,Gujarati,General - 11,2026-27,38200.0
Rajkot Corporation,19887,MARUTI MOTHERLAND HIGH SCHOOL (H.S.),GSHSEB,Gujarati,General - 12,2019-20,26500.0
Rajkot Corporation,19887,MARUTI MOTHERLAND HIGH SCHOOL (H.S.),GSHSEB,Gujarati,General - 12,2020-21,19875.0
Rajkot Corporation,19887,MARUTI MOTHERLAND HIGH SCHOOL (H.S.),GSHSEB,Gujarati,General - 12,2021-22,32000.0
Rajkot Corporation,19887,MARUTI MOTHERLAND HIGH SCHOOL (H.S.),GSHSEB,Gujarati,General - 12,2022-23,32000.0
Rajkot Corporation,19887,MARUTI MOTHERLAND HIGH SCHOOL (H.S.),GSHSEB,Gujarati,General - 12,2023-24,34000.0
Rajkot Corporation,19887,MARUTI MOTHERLAND HIGH SCHOOL (H.S.),GSHSEB,Gujarati,General - 12,2024-25,36000.0
Rajkot Corporation,19887,MARUTI MOTHERLAND HIGH SCHOOL (H.S.),GSHSEB,Gujarati,General - 12,2025-26,37100.0
Rajkot Corporation,19887,MARUTI MOTHERLAND HIGH SCHOOL (H.S.),GSHSEB,Gujarati,General - 12,2026-27,38200.0
Rajkot Corporation,19888,Nakshatra science school ,GSHSEB,Gujarati,Science - 11,2019-20,30000.0
Rajkot Corporation,19888,Nakshatra science school ,GSHSEB,Gujarati,Science - 11,2020-21,22500.0
Rajkot Corporation,19888,Nakshatra science school ,GSHSEB,Gujarati,Science - 11,2021-22,30000.0
Rajkot Corporation,19888,Nakshatra science school ,GSHSEB,Gujarati,Science - 11,2022-23,30000.0
Rajkot Corporation,19888,Nakshatra science school ,GSHSEB,Gujarati,Science - 11,2023-24,32100.0
Rajkot Corporation,19888,Nakshatra science school ,GSHSEB,Gujarati,Science - 11,2024-25,34350.0
Rajkot Corporation,19888,Nakshatra science school ,GSHSEB,Gujarati,Science - 11,2025-26,36000.0
Rajkot Corporation,19888,Nakshatra science school ,GSHSEB,Gujarati,Science - 11,2026-27,38500.0
Rajkot Corporation,19888,Nakshatra science school ,GSHSEB,Gujarati,Science - 12,2021-22,30000.0
Rajkot Corporation,19888,Nakshatra science school ,GSHSEB,Gujarati,Science - 12,2022-23,30000.0
Rajkot Corporation,19888,Nakshatra science school ,GSHSEB,Gujarati,Science - 12,2023-24,32100.0
Rajkot Corporation,19888,Nakshatra science school ,GSHSEB,Gujarati,Science - 12,2024-25,34350.0
Rajkot Corporation,19888,Nakshatra science school ,GSHSEB,Gujarati,Science - 12,2025-26,36000.0
Rajkot Corporation,19888,Nakshatra science school ,GSHSEB,Gujarati,Science - 12,2026-27,38500.0
Rajkot Corporation,14525,NALANDA FORWARD HIGH SCHOOL,GSHSEB,English,9,2019-20,32500.0
Rajkot Corporation,14525,NALANDA FORWARD HIGH SCHOOL,GSHSEB,English,9,2020-21,24375.0
Rajkot Corporation,14525,NALANDA FORWARD HIGH SCHOOL,GSHSEB,English,9,2021-22,33000.0
Rajkot Corporation,14525,NALANDA FORWARD HIGH SCHOOL,GSHSEB,English,9,2022-23,35000.0
Rajkot Corporation,14525,NALANDA FORWARD HIGH SCHOOL,GSHSEB,English,9,2024-25,42300.0
Rajkot Corporation,14525,NALANDA FORWARD HIGH SCHOOL,GSHSEB,English,9,2025-26,44400.0
Rajkot Corporation,14525,NALANDA FORWARD HIGH SCHOOL,GSHSEB,English,9,2026-27,46600.0
Rajkot Corporation,14525,NALANDA FORWARD HIGH SCHOOL,GSHSEB,English,10,2019-20,32500.0
Rajkot Corporation,14525,NALANDA FORWARD HIGH SCHOOL,GSHSEB,English,10,2020-21,24375.0
Rajkot Corporation,14525,NALANDA FORWARD HIGH SCHOOL,GSHSEB,English,10,2021-22,33000.0
Rajkot Corporation,14525,NALANDA FORWARD HIGH SCHOOL,GSHSEB,English,10,2022-23,35000.0
Rajkot Corporation,14525,NALANDA FORWARD HIGH SCHOOL,GSHSEB,English,10,2024-25,42300.0
Rajkot Corporation,14525,NALANDA FORWARD HIGH SCHOOL,GSHSEB,English,10,2025-26,44400.0
Rajkot Corporation,14525,NALANDA FORWARD HIGH SCHOOL,GSHSEB,English,10,2026-27,46600.0
Rajkot Corporation,19848,NAVJIVAN HIGHSCHOOL - RAJKOT,GSHSEB,Gujarati,9,2023-24,15000.0
Rajkot Corporation,19848,NAVJIVAN HIGHSCHOOL - RAJKOT,GSHSEB,Gujarati,9,2024-25,18750.0
Rajkot Corporation,19848,NAVJIVAN HIGHSCHOOL - RAJKOT,GSHSEB,Gujarati,9,2025-26,22500.0
Rajkot Corporation,19848,NAVJIVAN HIGHSCHOOL - RAJKOT,GSHSEB,Gujarati,10,2023-24,15000.0
Rajkot Corporation,19848,NAVJIVAN HIGHSCHOOL - RAJKOT,GSHSEB,Gujarati,10,2024-25,18750.0
Rajkot Corporation,19848,NAVJIVAN HIGHSCHOOL - RAJKOT,GSHSEB,Gujarati,10,2025-26,22500.0
Rajkot Corporation,16749,NEW ERA ENGLISH SCHOOL (SEC AND H.S. ENG MED),GSHSEB,English,9,2019-20,29700.0
Rajkot Corporation,16749,NEW ERA ENGLISH SCHOOL (SEC AND H.S. ENG MED),GSHSEB,English,9,2020-21,22275.0
Rajkot Corporation,16749,NEW ERA ENGLISH SCHOOL (SEC AND H.S. ENG MED),GSHSEB,English,9,2021-22,32000.0
Rajkot Corporation,16749,NEW ERA ENGLISH SCHOOL (SEC AND H.S. ENG MED),GSHSEB,English,9,2022-23,34250.0
Rajkot Corporation,16749,NEW ERA ENGLISH SCHOOL (SEC AND H.S. ENG MED),GSHSEB,English,9,2023-24,36600.0
Rajkot Corporation,16749,NEW ERA ENGLISH SCHOOL (SEC AND H.S. ENG MED),GSHSEB,English,9,2024-25,39300.0
Rajkot Corporation,16749,NEW ERA ENGLISH SCHOOL (SEC AND H.S. ENG MED),GSHSEB,English,9,2025-26,42050.0
Rajkot Corporation,16749,NEW ERA ENGLISH SCHOOL (SEC AND H.S. ENG MED),GSHSEB,English,9,2026-27,44990.0
Rajkot Corporation,16749,NEW ERA ENGLISH SCHOOL (SEC AND H.S. ENG MED),GSHSEB,English,10,2019-20,28200.0
Rajkot Corporation,16749,NEW ERA ENGLISH SCHOOL (SEC AND H.S. ENG MED),GSHSEB,English,10,2020-21,21150.0
Rajkot Corporation,16749,NEW ERA ENGLISH SCHOOL (SEC AND H.S. ENG MED),GSHSEB,English,10,2021-22,31000.0
Rajkot Corporation,16749,NEW ERA ENGLISH SCHOOL (SEC AND H.S. ENG MED),GSHSEB,English,10,2022-23,33200.0
Rajkot Corporation,16749,NEW ERA ENGLISH SCHOOL (SEC AND H.S. ENG MED),GSHSEB,English,10,2023-24,35500.0
Rajkot Corporation,16749,NEW ERA ENGLISH SCHOOL (SEC AND H.S. ENG MED),GSHSEB,English,10,2024-25,39300.0
Rajkot Corporation,16749,NEW ERA ENGLISH SCHOOL (SEC AND H.S. ENG MED),GSHSEB,English,10,2025-26,42050.0
Rajkot Corporation,16749,NEW ERA ENGLISH SCHOOL (SEC AND H.S. ENG MED),GSHSEB,English,10,2026-27,44990.0
Rajkot Corporation,16749,NEW ERA ENGLISH SCHOOL (SEC AND H.S. ENG MED),GSHSEB,English,General - 11,2019-20,31000.0
Rajkot Corporation,16749,NEW ERA ENGLISH SCHOOL (SEC AND H.S. ENG MED),GSHSEB,English,General - 11,2020-21,23250.0
Rajkot Corporation,16749,NEW ERA ENGLISH SCHOOL (SEC AND H.S. ENG MED),GSHSEB,English,General - 11,2021-22,34000.0
Rajkot Corporation,16749,NEW ERA ENGLISH SCHOOL (SEC AND H.S. ENG MED),GSHSEB,English,General - 11,2022-23,36400.0
Rajkot Corporation,16749,NEW ERA ENGLISH SCHOOL (SEC AND H.S. ENG MED),GSHSEB,English,General - 11,2023-24,38950.0
Rajkot Corporation,16749,NEW ERA ENGLISH SCHOOL (SEC AND H.S. ENG MED),GSHSEB,English,General - 11,2024-25,39700.0
Rajkot Corporation,16749,NEW ERA ENGLISH SCHOOL (SEC AND H.S. ENG MED),GSHSEB,English,General - 11,2025-26,42475.0
Rajkot Corporation,16749,NEW ERA ENGLISH SCHOOL (SEC AND H.S. ENG MED),GSHSEB,English,General - 11,2026-27,45450.0
Rajkot Corporation,16749,NEW ERA ENGLISH SCHOOL (SEC AND H.S. ENG MED),GSHSEB,English,General - 12,2019-20,30000.0
Rajkot Corporation,16749,NEW ERA ENGLISH SCHOOL (SEC AND H.S. ENG MED),GSHSEB,English,General - 12,2020-21,22500.0
Rajkot Corporation,16749,NEW ERA ENGLISH SCHOOL (SEC AND H.S. ENG MED),GSHSEB,English,General - 12,2021-22,34000.0
Rajkot Corporation,16749,NEW ERA ENGLISH SCHOOL (SEC AND H.S. ENG MED),GSHSEB,English,General - 12,2022-23,36400.0
Rajkot Corporation,16749,NEW ERA ENGLISH SCHOOL (SEC AND H.S. ENG MED),GSHSEB,English,General - 12,2023-24,38950.0
Rajkot Corporation,16749,NEW ERA ENGLISH SCHOOL (SEC AND H.S. ENG MED),GSHSEB,English,General - 12,2024-25,39700.0
Rajkot Corporation,16749,NEW ERA ENGLISH SCHOOL (SEC AND H.S. ENG MED),GSHSEB,English,General - 12,2025-26,42475.0
Rajkot Corporation,16749,NEW ERA ENGLISH SCHOOL (SEC AND H.S. ENG MED),GSHSEB,English,General - 12,2026-27,45450.0
Rajkot Corporation,16749,NEW ERA ENGLISH SCHOOL (SEC AND H.S. ENG MED),GSHSEB,English,Science - 11,2019-20,55000.0
Rajkot Corporation,16749,NEW ERA ENGLISH SCHOOL (SEC AND H.S. ENG MED),GSHSEB,English,Science - 11,2020-21,41250.0
Rajkot Corporation,16749,NEW ERA ENGLISH SCHOOL (SEC AND H.S. ENG MED),GSHSEB,English,Science - 11,2021-22,40000.0
Rajkot Corporation,16749,NEW ERA ENGLISH SCHOOL (SEC AND H.S. ENG MED),GSHSEB,English,Science - 11,2022-23,42800.0
Rajkot Corporation,16749,NEW ERA ENGLISH SCHOOL (SEC AND H.S. ENG MED),GSHSEB,English,Science - 11,2023-24,45700.0
Rajkot Corporation,16749,NEW ERA ENGLISH SCHOOL (SEC AND H.S. ENG MED),GSHSEB,English,Science - 11,2024-25,50200.0
Rajkot Corporation,16749,NEW ERA ENGLISH SCHOOL (SEC AND H.S. ENG MED),GSHSEB,English,Science - 11,2025-26,53710.0
Rajkot Corporation,16749,NEW ERA ENGLISH SCHOOL (SEC AND H.S. ENG MED),GSHSEB,English,Science - 11,2026-27,57470.0
Rajkot Corporation,16749,NEW ERA ENGLISH SCHOOL (SEC AND H.S. ENG MED),GSHSEB,English,Science - 12,2019-20,55000.0
Rajkot Corporation,16749,NEW ERA ENGLISH SCHOOL (SEC AND H.S. ENG MED),GSHSEB,English,Science - 12,2020-21,41250.0
Rajkot Corporation,16749,NEW ERA ENGLISH SCHOOL (SEC AND H.S. ENG MED),GSHSEB,English,Science - 12,2021-22,40000.0
Rajkot Corporation,16749,NEW ERA ENGLISH SCHOOL (SEC AND H.S. ENG MED),GSHSEB,English,Science - 12,2022-23,42800.0
Rajkot Corporation,16749,NEW ERA ENGLISH SCHOOL (SEC AND H.S. ENG MED),GSHSEB,English,Science - 12,2023-24,45700.0
Rajkot Corporation,16749,NEW ERA ENGLISH SCHOOL (SEC AND H.S. ENG MED),GSHSEB,English,Science - 12,2024-25,50200.0
Rajkot Corporation,16749,NEW ERA ENGLISH SCHOOL (SEC AND H.S. ENG MED),GSHSEB,English,Science - 12,2025-26,53710.0
Rajkot Corporation,16749,NEW ERA ENGLISH SCHOOL (SEC AND H.S. ENG MED),GSHSEB,English,Science - 12,2026-27,57470.0
Rajkot Corporation,13532,NEW ERA HIGH SCHOOL (GUJ MED),GSHSEB,Gujarati,9,2019-20,25000.0
Rajkot Corporation,13532,NEW ERA HIGH SCHOOL (GUJ MED),GSHSEB,Gujarati,9,2020-21,18750.0
Rajkot Corporation,13532,NEW ERA HIGH SCHOOL (GUJ MED),GSHSEB,Gujarati,9,2021-22,26000.0
Rajkot Corporation,13532,NEW ERA HIGH SCHOOL (GUJ MED),GSHSEB,Gujarati,9,2022-23,27850.0
Rajkot Corporation,13532,NEW ERA HIGH SCHOOL (GUJ MED),GSHSEB,Gujarati,9,2023-24,29800.0
Rajkot Corporation,13532,NEW ERA HIGH SCHOOL (GUJ MED),GSHSEB,Gujarati,9,2024-25,33700.0
Rajkot Corporation,13532,NEW ERA HIGH SCHOOL (GUJ MED),GSHSEB,Gujarati,9,2025-26,36055.0
Rajkot Corporation,13532,NEW ERA HIGH SCHOOL (GUJ MED),GSHSEB,Gujarati,9,2026-27,38580.0
Rajkot Corporation,13532,NEW ERA HIGH SCHOOL (GUJ MED),GSHSEB,Gujarati,10,2019-20,24000.0
Rajkot Corporation,13532,NEW ERA HIGH SCHOOL (GUJ MED),GSHSEB,Gujarati,10,2020-21,18000.0
Rajkot Corporation,13532,NEW ERA HIGH SCHOOL (GUJ MED),GSHSEB,Gujarati,10,2021-22,26000.0
Rajkot Corporation,13532,NEW ERA HIGH SCHOOL (GUJ MED),GSHSEB,Gujarati,10,2022-23,27850.0
Rajkot Corporation,13532,NEW ERA HIGH SCHOOL (GUJ MED),GSHSEB,Gujarati,10,2023-24,29800.0
Rajkot Corporation,13532,NEW ERA HIGH SCHOOL (GUJ MED),GSHSEB,Gujarati,10,2024-25,33700.0
Rajkot Corporation,13532,NEW ERA HIGH SCHOOL (GUJ MED),GSHSEB,Gujarati,10,2025-26,36055.0
Rajkot Corporation,13532,NEW ERA HIGH SCHOOL (GUJ MED),GSHSEB,Gujarati,10,2026-27,38580.0
Rajkot Corporation,13532,NEW ERA HIGH SCHOOL (GUJ MED),GSHSEB,Gujarati,General - 11,2019-20,29000.0
Rajkot Corporation,13532,NEW ERA HIGH SCHOOL (GUJ MED),GSHSEB,Gujarati,General - 11,2020-21,21750.0
Rajkot Corporation,13532,NEW ERA HIGH SCHOOL (GUJ MED),GSHSEB,Gujarati,General - 11,2021-22,33000.0
Rajkot Corporation,13532,NEW ERA HIGH SCHOOL (GUJ MED),GSHSEB,Gujarati,General - 11,2022-23,35350.0
Rajkot Corporation,13532,NEW ERA HIGH SCHOOL (GUJ MED),GSHSEB,Gujarati,General - 11,2023-24,37850.0
Rajkot Corporation,13532,NEW ERA HIGH SCHOOL (GUJ MED),GSHSEB,Gujarati,General - 11,2024-25,40600.0
Rajkot Corporation,13532,NEW ERA HIGH SCHOOL (GUJ MED),GSHSEB,Gujarati,General - 11,2025-26,43440.0
Rajkot Corporation,13532,NEW ERA HIGH SCHOOL (GUJ MED),GSHSEB,Gujarati,General - 11,2026-27,46480.0
Rajkot Corporation,13532,NEW ERA HIGH SCHOOL (GUJ MED),GSHSEB,Gujarati,General - 12,2019-20,31000.0
Rajkot Corporation,13532,NEW ERA HIGH SCHOOL (GUJ MED),GSHSEB,Gujarati,General - 12,2020-21,23250.0
Rajkot Corporation,13532,NEW ERA HIGH SCHOOL (GUJ MED),GSHSEB,Gujarati,General - 12,2021-22,33000.0
Rajkot Corporation,13532,NEW ERA HIGH SCHOOL (GUJ MED),GSHSEB,Gujarati,General - 12,2022-23,35350.0
Rajkot Corporation,13532,NEW ERA HIGH SCHOOL (GUJ MED),GSHSEB,Gujarati,General - 12,2023-24,37850.0
Rajkot Corporation,13532,NEW ERA HIGH SCHOOL (GUJ MED),GSHSEB,Gujarati,General - 12,2024-25,40600.0
Rajkot Corporation,13532,NEW ERA HIGH SCHOOL (GUJ MED),GSHSEB,Gujarati,General - 12,2025-26,43440.0
Rajkot Corporation,13532,NEW ERA HIGH SCHOOL (GUJ MED),GSHSEB,Gujarati,General - 12,2026-27,46480.0
Rajkot Corporation,13681,NIRMALA CONVENT SCHOOL,GSHSEB,English,General - 11,2019-20,29000.0
Rajkot Corporation,13681,NIRMALA CONVENT SCHOOL,GSHSEB,English,General - 11,2020-21,21750.0
Rajkot Corporation,13681,NIRMALA CONVENT SCHOOL,GSHSEB,English,General - 11,2021-22,29000.0
Rajkot Corporation,13681,NIRMALA CONVENT SCHOOL,GSHSEB,English,General - 11,2022-23,31100.0
Rajkot Corporation,13681,NIRMALA CONVENT SCHOOL,GSHSEB,English,General - 12,2019-20,29000.0
Rajkot Corporation,13681,NIRMALA CONVENT SCHOOL,GSHSEB,English,General - 12,2020-21,21750.0
Rajkot Corporation,13681,NIRMALA CONVENT SCHOOL,GSHSEB,English,General - 12,2021-22,29000.0
Rajkot Corporation,13681,NIRMALA CONVENT SCHOOL,GSHSEB,English,General - 12,2022-23,31100.0
Rajkot Corporation,13681,NIRMALA CONVENT SCHOOL,GSHSEB,English,Science - 11,2019-20,30500.0
Rajkot Corporation,13681,NIRMALA CONVENT SCHOOL,GSHSEB,English,Science - 11,2020-21,22875.0
Rajkot Corporation,13681,NIRMALA CONVENT SCHOOL,GSHSEB,English,Science - 11,2021-22,30500.0
Rajkot Corporation,13681,NIRMALA CONVENT SCHOOL,GSHSEB,English,Science - 11,2022-23,31600.0
Rajkot Corporation,13681,NIRMALA CONVENT SCHOOL,GSHSEB,English,Science - 12,2019-20,30500.0
Rajkot Corporation,13681,NIRMALA CONVENT SCHOOL,GSHSEB,English,Science - 12,2020-21,22875.0
Rajkot Corporation,13681,NIRMALA CONVENT SCHOOL,GSHSEB,English,Science - 12,2021-22,30500.0
Rajkot Corporation,13681,NIRMALA CONVENT SCHOOL,GSHSEB,English,Science - 12,2022-23,31600.0
Rajkot Corporation,16751,NOBALSAIKASHANIK SANKUL,GSHSEB,Gujarati,1,2019-20,15000.0
Rajkot Corporation,16751,NOBALSAIKASHANIK SANKUL,GSHSEB,Gujarati,1,2020-21,11250.0
Rajkot Corporation,16751,NOBALSAIKASHANIK SANKUL,GSHSEB,Gujarati,1,2021-22,17250.0
Rajkot Corporation,16751,NOBALSAIKASHANIK SANKUL,GSHSEB,Gujarati,1,2022-23,18450.0
Rajkot Corporation,16751,NOBALSAIKASHANIK SANKUL,GSHSEB,Gujarati,1,2023-24,18450.0
Rajkot Corporation,16751,NOBALSAIKASHANIK SANKUL,GSHSEB,Gujarati,1,2024-25,19740.0
Rajkot Corporation,16751,NOBALSAIKASHANIK SANKUL,GSHSEB,Gujarati,1,2025-26,21120.0
Rajkot Corporation,16751,NOBALSAIKASHANIK SANKUL,GSHSEB,Gujarati,1,2026-27,22200.0
Rajkot Corporation,16751,NOBALSAIKASHANIK SANKUL,GSHSEB,Gujarati,2,2019-20,15000.0
Rajkot Corporation,16751,NOBALSAIKASHANIK SANKUL,GSHSEB,Gujarati,2,2020-21,11250.0
Rajkot Corporation,16751,NOBALSAIKASHANIK SANKUL,GSHSEB,Gujarati,2,2021-22,17250.0
Rajkot Corporation,16751,NOBALSAIKASHANIK SANKUL,GSHSEB,Gujarati,2,2022-23,18450.0
Rajkot Corporation,16751,NOBALSAIKASHANIK SANKUL,GSHSEB,Gujarati,2,2023-24,18450.0
Rajkot Corporation,16751,NOBALSAIKASHANIK SANKUL,GSHSEB,Gujarati,2,2024-25,19740.0
Rajkot Corporation,16751,NOBALSAIKASHANIK SANKUL,GSHSEB,Gujarati,2,2025-26,21120.0
Rajkot Corporation,16751,NOBALSAIKASHANIK SANKUL,GSHSEB,Gujarati,2,2026-27,22200.0
Rajkot Corporation,16751,NOBALSAIKASHANIK SANKUL,GSHSEB,Gujarati,3,2019-20,15500.0
Rajkot Corporation,16751,NOBALSAIKASHANIK SANKUL,GSHSEB,Gujarati,3,2020-21,11625.0
Rajkot Corporation,16751,NOBALSAIKASHANIK SANKUL,GSHSEB,Gujarati,3,2021-22,17850.0
Rajkot Corporation,16751,NOBALSAIKASHANIK SANKUL,GSHSEB,Gujarati,3,2022-23,19100.0
Rajkot Corporation,16751,NOBALSAIKASHANIK SANKUL,GSHSEB,Gujarati,3,2023-24,19100.0
Rajkot Corporation,16751,NOBALSAIKASHANIK SANKUL,GSHSEB,Gujarati,3,2024-25,20430.0
Rajkot Corporation,16751,NOBALSAIKASHANIK SANKUL,GSHSEB,Gujarati,3,2025-26,21860.0
Rajkot Corporation,16751,NOBALSAIKASHANIK SANKUL,GSHSEB,Gujarati,3,2026-27,23000.0
Rajkot Corporation,16751,NOBALSAIKASHANIK SANKUL,GSHSEB,Gujarati,4,2019-20,15500.0
Rajkot Corporation,16751,NOBALSAIKASHANIK SANKUL,GSHSEB,Gujarati,4,2020-21,11625.0
Rajkot Corporation,16751,NOBALSAIKASHANIK SANKUL,GSHSEB,Gujarati,4,2021-22,17850.0
Rajkot Corporation,16751,NOBALSAIKASHANIK SANKUL,GSHSEB,Gujarati,4,2022-23,19100.0
Rajkot Corporation,16751,NOBALSAIKASHANIK SANKUL,GSHSEB,Gujarati,4,2023-24,19100.0
Rajkot Corporation,16751,NOBALSAIKASHANIK SANKUL,GSHSEB,Gujarati,4,2024-25,20430.0
Rajkot Corporation,16751,NOBALSAIKASHANIK SANKUL,GSHSEB,Gujarati,4,2025-26,21860.0
Rajkot Corporation,16751,NOBALSAIKASHANIK SANKUL,GSHSEB,Gujarati,4,2026-27,23000.0
Rajkot Corporation,16751,NOBALSAIKASHANIK SANKUL,GSHSEB,Gujarati,5,2019-20,15500.0
Rajkot Corporation,16751,NOBALSAIKASHANIK SANKUL,GSHSEB,Gujarati,5,2020-21,11625.0
Rajkot Corporation,16751,NOBALSAIKASHANIK SANKUL,GSHSEB,Gujarati,5,2021-22,17850.0
Rajkot Corporation,16751,NOBALSAIKASHANIK SANKUL,GSHSEB,Gujarati,5,2022-23,19100.0
Rajkot Corporation,16751,NOBALSAIKASHANIK SANKUL,GSHSEB,Gujarati,5,2023-24,19100.0
Rajkot Corporation,16751,NOBALSAIKASHANIK SANKUL,GSHSEB,Gujarati,5,2024-25,20430.0
Rajkot Corporation,16751,NOBALSAIKASHANIK SANKUL,GSHSEB,Gujarati,5,2025-26,21860.0
Rajkot Corporation,16751,NOBALSAIKASHANIK SANKUL,GSHSEB,Gujarati,5,2026-27,23000.0
Rajkot Corporation,16751,NOBALSAIKASHANIK SANKUL,GSHSEB,Gujarati,6,2019-20,17000.0
Rajkot Corporation,16751,NOBALSAIKASHANIK SANKUL,GSHSEB,Gujarati,6,2020-21,12750.0
Rajkot Corporation,16751,NOBALSAIKASHANIK SANKUL,GSHSEB,Gujarati,6,2021-22,19550.0
Rajkot Corporation,16751,NOBALSAIKASHANIK SANKUL,GSHSEB,Gujarati,6,2022-23,20920.0
Rajkot Corporation,16751,NOBALSAIKASHANIK SANKUL,GSHSEB,Gujarati,6,2023-24,20920.0
Rajkot Corporation,16751,NOBALSAIKASHANIK SANKUL,GSHSEB,Gujarati,6,2024-25,22380.0
Rajkot Corporation,16751,NOBALSAIKASHANIK SANKUL,GSHSEB,Gujarati,6,2025-26,23950.0
Rajkot Corporation,16751,NOBALSAIKASHANIK SANKUL,GSHSEB,Gujarati,6,2026-27,25100.0
Rajkot Corporation,16751,NOBALSAIKASHANIK SANKUL,GSHSEB,Gujarati,7,2019-20,17000.0
Rajkot Corporation,16751,NOBALSAIKASHANIK SANKUL,GSHSEB,Gujarati,7,2020-21,12750.0
Rajkot Corporation,16751,NOBALSAIKASHANIK SANKUL,GSHSEB,Gujarati,7,2021-22,19550.0
Rajkot Corporation,16751,NOBALSAIKASHANIK SANKUL,GSHSEB,Gujarati,7,2022-23,20920.0
Rajkot Corporation,16751,NOBALSAIKASHANIK SANKUL,GSHSEB,Gujarati,7,2023-24,20920.0
Rajkot Corporation,16751,NOBALSAIKASHANIK SANKUL,GSHSEB,Gujarati,7,2024-25,22380.0
Rajkot Corporation,16751,NOBALSAIKASHANIK SANKUL,GSHSEB,Gujarati,7,2025-26,23950.0
Rajkot Corporation,16751,NOBALSAIKASHANIK SANKUL,GSHSEB,Gujarati,7,2026-27,25100.0
Rajkot Corporation,16751,NOBALSAIKASHANIK SANKUL,GSHSEB,Gujarati,8,2019-20,17000.0
Rajkot Corporation,16751,NOBALSAIKASHANIK SANKUL,GSHSEB,Gujarati,8,2020-21,12750.0
Rajkot Corporation,16751,NOBALSAIKASHANIK SANKUL,GSHSEB,Gujarati,8,2021-22,19550.0
Rajkot Corporation,16751,NOBALSAIKASHANIK SANKUL,GSHSEB,Gujarati,8,2022-23,20920.0
Rajkot Corporation,16751,NOBALSAIKASHANIK SANKUL,GSHSEB,Gujarati,8,2023-24,20920.0
Rajkot Corporation,16751,NOBALSAIKASHANIK SANKUL,GSHSEB,Gujarati,8,2024-25,22380.0
Rajkot Corporation,16751,NOBALSAIKASHANIK SANKUL,GSHSEB,Gujarati,8,2025-26,23950.0
Rajkot Corporation,16751,NOBALSAIKASHANIK SANKUL,GSHSEB,Gujarati,8,2026-27,25100.0
Rajkot Corporation,16751,NOBALSAIKASHANIK SANKUL,GSHSEB,Gujarati,9,2019-20,21000.0
Rajkot Corporation,16751,NOBALSAIKASHANIK SANKUL,GSHSEB,Gujarati,9,2020-21,15750.0
Rajkot Corporation,16751,NOBALSAIKASHANIK SANKUL,GSHSEB,Gujarati,9,2021-22,24500.0
Rajkot Corporation,16751,NOBALSAIKASHANIK SANKUL,GSHSEB,Gujarati,9,2022-23,26220.0
Rajkot Corporation,16751,NOBALSAIKASHANIK SANKUL,GSHSEB,Gujarati,9,2023-24,26220.0
Rajkot Corporation,16751,NOBALSAIKASHANIK SANKUL,GSHSEB,Gujarati,9,2024-25,28050.0
Rajkot Corporation,16751,NOBALSAIKASHANIK SANKUL,GSHSEB,Gujarati,9,2025-26,30020.0
Rajkot Corporation,16751,NOBALSAIKASHANIK SANKUL,GSHSEB,Gujarati,9,2026-27,31500.0
Rajkot Corporation,16751,NOBALSAIKASHANIK SANKUL,GSHSEB,Gujarati,10,2019-20,25500.0
Rajkot Corporation,16751,NOBALSAIKASHANIK SANKUL,GSHSEB,Gujarati,10,2020-21,19125.0
Rajkot Corporation,16751,NOBALSAIKASHANIK SANKUL,GSHSEB,Gujarati,10,2021-22,29350.0
Rajkot Corporation,16751,NOBALSAIKASHANIK SANKUL,GSHSEB,Gujarati,10,2022-23,31400.0
Rajkot Corporation,16751,NOBALSAIKASHANIK SANKUL,GSHSEB,Gujarati,10,2023-24,31400.0
Rajkot Corporation,16751,NOBALSAIKASHANIK SANKUL,GSHSEB,Gujarati,10,2024-25,33600.0
Rajkot Corporation,16751,NOBALSAIKASHANIK SANKUL,GSHSEB,Gujarati,10,2025-26,35950.0
Rajkot Corporation,16751,NOBALSAIKASHANIK SANKUL,GSHSEB,Gujarati,10,2026-27,37700.0
Rajkot Corporation,16751,NOBALSAIKASHANIK SANKUL,GSHSEB,Gujarati,General - 11,2019-20,28500.0
Rajkot Corporation,16751,NOBALSAIKASHANIK SANKUL,GSHSEB,Gujarati,General - 11,2020-21,21375.0
Rajkot Corporation,16751,NOBALSAIKASHANIK SANKUL,GSHSEB,Gujarati,General - 11,2021-22,33000.0
Rajkot Corporation,16751,NOBALSAIKASHANIK SANKUL,GSHSEB,Gujarati,General - 11,2022-23,35310.0
Rajkot Corporation,16751,NOBALSAIKASHANIK SANKUL,GSHSEB,Gujarati,General - 11,2023-24,35310.0
Rajkot Corporation,16751,NOBALSAIKASHANIK SANKUL,GSHSEB,Gujarati,General - 11,2024-25,37780.0
Rajkot Corporation,16751,NOBALSAIKASHANIK SANKUL,GSHSEB,Gujarati,General - 11,2025-26,40420.0
Rajkot Corporation,16751,NOBALSAIKASHANIK SANKUL,GSHSEB,Gujarati,General - 11,2026-27,42400.0
Rajkot Corporation,16751,NOBALSAIKASHANIK SANKUL,GSHSEB,Gujarati,General - 12,2019-20,31000.0
Rajkot Corporation,16751,NOBALSAIKASHANIK SANKUL,GSHSEB,Gujarati,General - 12,2020-21,23250.0
Rajkot Corporation,16751,NOBALSAIKASHANIK SANKUL,GSHSEB,Gujarati,General - 12,2021-22,34000.0
Rajkot Corporation,16751,NOBALSAIKASHANIK SANKUL,GSHSEB,Gujarati,General - 12,2022-23,36380.0
Rajkot Corporation,16751,NOBALSAIKASHANIK SANKUL,GSHSEB,Gujarati,General - 12,2023-24,36380.0
Rajkot Corporation,16751,NOBALSAIKASHANIK SANKUL,GSHSEB,Gujarati,General - 12,2024-25,38920.0
Rajkot Corporation,16751,NOBALSAIKASHANIK SANKUL,GSHSEB,Gujarati,General - 12,2025-26,41650.0
Rajkot Corporation,16751,NOBALSAIKASHANIK SANKUL,GSHSEB,Gujarati,General - 12,2026-27,43700.0
Rajkot Corporation,15310,PANCHSHIL SEC.& HIGHER SEC. SCHOOL,GSHSEB,Gujarati,9,2024-25,32800.0
Rajkot Corporation,15310,PANCHSHIL SEC.& HIGHER SEC. SCHOOL,GSHSEB,Gujarati,9,2025-26,34400.0
Rajkot Corporation,15310,PANCHSHIL SEC.& HIGHER SEC. SCHOOL,GSHSEB,Gujarati,9,2026-27,36100.0
Rajkot Corporation,15310,PANCHSHIL SEC.& HIGHER SEC. SCHOOL,GSHSEB,Gujarati,10,2024-25,39000.0
Rajkot Corporation,15310,PANCHSHIL SEC.& HIGHER SEC. SCHOOL,GSHSEB,Gujarati,10,2025-26,41000.0
Rajkot Corporation,15310,PANCHSHIL SEC.& HIGHER SEC. SCHOOL,GSHSEB,Gujarati,10,2026-27,43100.0
Rajkot Corporation,15310,PANCHSHIL SEC.& HIGHER SEC. SCHOOL,GSHSEB,Gujarati,General - 11,2024-25,43600.0
Rajkot Corporation,15310,PANCHSHIL SEC.& HIGHER SEC. SCHOOL,GSHSEB,Gujarati,General - 11,2025-26,45800.0
Rajkot Corporation,15310,PANCHSHIL SEC.& HIGHER SEC. SCHOOL,GSHSEB,Gujarati,General - 11,2026-27,48100.0
Rajkot Corporation,15310,PANCHSHIL SEC.& HIGHER SEC. SCHOOL,GSHSEB,Gujarati,General - 12,2024-25,43600.0
Rajkot Corporation,15310,PANCHSHIL SEC.& HIGHER SEC. SCHOOL,GSHSEB,Gujarati,General - 12,2025-26,45800.0
Rajkot Corporation,15310,PANCHSHIL SEC.& HIGHER SEC. SCHOOL,GSHSEB,Gujarati,General - 12,2026-27,48100.0
Rajkot Corporation,16840,PANINI SCIENCE SCHOOL,GSHSEB,Gujarati,Science - 11,2019-20,38000.0
Rajkot Corporation,16840,PANINI SCIENCE SCHOOL,GSHSEB,Gujarati,Science - 11,2020-21,28500.0
Rajkot Corporation,16840,PANINI SCIENCE SCHOOL,GSHSEB,Gujarati,Science - 11,2021-22,46500.0
Rajkot Corporation,16840,PANINI SCIENCE SCHOOL,GSHSEB,Gujarati,Science - 11,2022-23,52000.0
Rajkot Corporation,16840,PANINI SCIENCE SCHOOL,GSHSEB,Gujarati,Science - 11,2023-24,57000.0
Rajkot Corporation,16840,PANINI SCIENCE SCHOOL,GSHSEB,Gujarati,Science - 11,2024-25,60990.0
Rajkot Corporation,16840,PANINI SCIENCE SCHOOL,GSHSEB,Gujarati,Science - 11,2025-26,65250.0
Rajkot Corporation,16840,PANINI SCIENCE SCHOOL,GSHSEB,Gujarati,Science - 12,2019-20,38000.0
Rajkot Corporation,16840,PANINI SCIENCE SCHOOL,GSHSEB,Gujarati,Science - 12,2020-21,28500.0
Rajkot Corporation,16840,PANINI SCIENCE SCHOOL,GSHSEB,Gujarati,Science - 12,2021-22,46500.0
Rajkot Corporation,16840,PANINI SCIENCE SCHOOL,GSHSEB,Gujarati,Science - 12,2022-23,52000.0
Rajkot Corporation,16840,PANINI SCIENCE SCHOOL,GSHSEB,Gujarati,Science - 12,2023-24,57000.0
Rajkot Corporation,16840,PANINI SCIENCE SCHOOL,GSHSEB,Gujarati,Science - 12,2024-25,60990.0
Rajkot Corporation,16840,PANINI SCIENCE SCHOOL,GSHSEB,Gujarati,Science - 12,2025-26,65250.0
Rajkot Corporation,19896,PATANJALI SCHOOL (HIGHER SEC. GENERAL),GSHSEB,Gujarati,General - 11,2019-20,22000.0
Rajkot Corporation,19896,PATANJALI SCHOOL (HIGHER SEC. GENERAL),GSHSEB,Gujarati,General - 11,2021-22,26000.0
Rajkot Corporation,19896,PATANJALI SCHOOL (HIGHER SEC. GENERAL),GSHSEB,Gujarati,General - 11,2022-23,28500.0
Rajkot Corporation,19896,PATANJALI SCHOOL (HIGHER SEC. GENERAL),GSHSEB,Gujarati,General - 11,2023-24,31300.0
Rajkot Corporation,19896,PATANJALI SCHOOL (HIGHER SEC. GENERAL),GSHSEB,Gujarati,General - 11,2024-25,33500.0
Rajkot Corporation,19896,PATANJALI SCHOOL (HIGHER SEC. GENERAL),GSHSEB,Gujarati,General - 11,2025-26,35840.0
Rajkot Corporation,19896,PATANJALI SCHOOL (HIGHER SEC. GENERAL),GSHSEB,Gujarati,General - 11,2026-27,36900.0
Rajkot Corporation,19896,PATANJALI SCHOOL (HIGHER SEC. GENERAL),GSHSEB,Gujarati,General - 12,2019-20,23100.0
Rajkot Corporation,19896,PATANJALI SCHOOL (HIGHER SEC. GENERAL),GSHSEB,Gujarati,General - 12,2021-22,27500.0
Rajkot Corporation,19896,PATANJALI SCHOOL (HIGHER SEC. GENERAL),GSHSEB,Gujarati,General - 12,2022-23,30500.0
Rajkot Corporation,19896,PATANJALI SCHOOL (HIGHER SEC. GENERAL),GSHSEB,Gujarati,General - 12,2023-24,33450.0
Rajkot Corporation,19896,PATANJALI SCHOOL (HIGHER SEC. GENERAL),GSHSEB,Gujarati,General - 12,2024-25,35800.0
Rajkot Corporation,19896,PATANJALI SCHOOL (HIGHER SEC. GENERAL),GSHSEB,Gujarati,General - 12,2025-26,38300.0
Rajkot Corporation,19896,PATANJALI SCHOOL (HIGHER SEC. GENERAL),GSHSEB,Gujarati,General - 12,2026-27,39400.0
Rajkot Corporation,19409,PATANJALI SCHOOL (HIGHER SEC. SCIENCE),GSHSEB,Gujarati,Science - 11,2019-20,38000.0
Rajkot Corporation,19409,PATANJALI SCHOOL (HIGHER SEC. SCIENCE),GSHSEB,Gujarati,Science - 11,2020-21,28500.0
Rajkot Corporation,19409,PATANJALI SCHOOL (HIGHER SEC. SCIENCE),GSHSEB,Gujarati,Science - 11,2021-22,37500.0
Rajkot Corporation,19409,PATANJALI SCHOOL (HIGHER SEC. SCIENCE),GSHSEB,Gujarati,Science - 11,2022-23,41600.0
Rajkot Corporation,19409,PATANJALI SCHOOL (HIGHER SEC. SCIENCE),GSHSEB,Gujarati,Science - 11,2023-24,47850.0
Rajkot Corporation,19409,PATANJALI SCHOOL (HIGHER SEC. SCIENCE),GSHSEB,Gujarati,Science - 11,2024-25,51200.0
Rajkot Corporation,19409,PATANJALI SCHOOL (HIGHER SEC. SCIENCE),GSHSEB,Gujarati,Science - 11,2025-26,54790.0
Rajkot Corporation,19409,PATANJALI SCHOOL (HIGHER SEC. SCIENCE),GSHSEB,Gujarati,Science - 11,2026-27,56400.0
Rajkot Corporation,19409,PATANJALI SCHOOL (HIGHER SEC. SCIENCE),GSHSEB,Gujarati,Science - 12,2019-20,38000.0
Rajkot Corporation,19409,PATANJALI SCHOOL (HIGHER SEC. SCIENCE),GSHSEB,Gujarati,Science - 12,2020-21,28500.0
Rajkot Corporation,19409,PATANJALI SCHOOL (HIGHER SEC. SCIENCE),GSHSEB,Gujarati,Science - 12,2021-22,37500.0
Rajkot Corporation,19409,PATANJALI SCHOOL (HIGHER SEC. SCIENCE),GSHSEB,Gujarati,Science - 12,2022-23,41600.0
Rajkot Corporation,19409,PATANJALI SCHOOL (HIGHER SEC. SCIENCE),GSHSEB,Gujarati,Science - 12,2023-24,47850.0
Rajkot Corporation,19409,PATANJALI SCHOOL (HIGHER SEC. SCIENCE),GSHSEB,Gujarati,Science - 12,2024-25,51200.0
Rajkot Corporation,19409,PATANJALI SCHOOL (HIGHER SEC. SCIENCE),GSHSEB,Gujarati,Science - 12,2025-26,54790.0
Rajkot Corporation,19409,PATANJALI SCHOOL (HIGHER SEC. SCIENCE),GSHSEB,Gujarati,Science - 12,2026-27,56400.0
Rajkot Corporation,19897,PATANJALI SCHOOL(HIGH SCHOOL),GSHSEB,Gujarati,9,2019-20,21500.0
Rajkot Corporation,19897,PATANJALI SCHOOL(HIGH SCHOOL),GSHSEB,Gujarati,9,2021-22,26000.0
Rajkot Corporation,19897,PATANJALI SCHOOL(HIGH SCHOOL),GSHSEB,Gujarati,9,2022-23,29400.0
Rajkot Corporation,19897,PATANJALI SCHOOL(HIGH SCHOOL),GSHSEB,Gujarati,9,2023-24,32800.0
Rajkot Corporation,19897,PATANJALI SCHOOL(HIGH SCHOOL),GSHSEB,Gujarati,9,2024-25,35100.0
Rajkot Corporation,19897,PATANJALI SCHOOL(HIGH SCHOOL),GSHSEB,Gujarati,9,2025-26,37560.0
Rajkot Corporation,19897,PATANJALI SCHOOL(HIGH SCHOOL),GSHSEB,Gujarati,9,2026-27,38700.0
Rajkot Corporation,19897,PATANJALI SCHOOL(HIGH SCHOOL),GSHSEB,Gujarati,10,2019-20,21500.0
Rajkot Corporation,19897,PATANJALI SCHOOL(HIGH SCHOOL),GSHSEB,Gujarati,10,2021-22,28500.0
Rajkot Corporation,19897,PATANJALI SCHOOL(HIGH SCHOOL),GSHSEB,Gujarati,10,2022-23,30400.0
Rajkot Corporation,19897,PATANJALI SCHOOL(HIGH SCHOOL),GSHSEB,Gujarati,10,2023-24,34000.0
Rajkot Corporation,19897,PATANJALI SCHOOL(HIGH SCHOOL),GSHSEB,Gujarati,10,2024-25,36380.0
Rajkot Corporation,19897,PATANJALI SCHOOL(HIGH SCHOOL),GSHSEB,Gujarati,10,2025-26,37560.0
Rajkot Corporation,19897,PATANJALI SCHOOL(HIGH SCHOOL),GSHSEB,Gujarati,10,2026-27,40100.0
Rajkot Corporation,19408,PATANJALI SCHOOLS,GSHSEB,English,JR. KG,2023-24,27850.0
Rajkot Corporation,19408,PATANJALI SCHOOLS,GSHSEB,English,JR. KG,2024-25,30870.0
Rajkot Corporation,19408,PATANJALI SCHOOLS,GSHSEB,English,JR. KG,2025-26,33030.0
Rajkot Corporation,19408,PATANJALI SCHOOLS,GSHSEB,English,JR. KG,2026-27,33700.0
Rajkot Corporation,19408,PATANJALI SCHOOLS,GSHSEB,English,9,2019-20,24750.0
Rajkot Corporation,19408,PATANJALI SCHOOLS,GSHSEB,English,9,2020-21,18562.5
Rajkot Corporation,19408,PATANJALI SCHOOLS,GSHSEB,English,9,2022-23,32500.0
Rajkot Corporation,19408,PATANJALI SCHOOLS,GSHSEB,English,9,2023-24,37350.0
Rajkot Corporation,19408,PATANJALI SCHOOLS,GSHSEB,English,9,2024-25,39970.0
Rajkot Corporation,19408,PATANJALI SCHOOLS,GSHSEB,English,9,2025-26,42770.0
Rajkot Corporation,19408,PATANJALI SCHOOLS,GSHSEB,English,9,2026-27,44500.0
Rajkot Corporation,19408,PATANJALI SCHOOLS,GSHSEB,English,10,2019-20,247500.0
Rajkot Corporation,19408,PATANJALI SCHOOLS,GSHSEB,English,10,2020-21,185625.0
Rajkot Corporation,19408,PATANJALI SCHOOLS,GSHSEB,English,10,2022-23,32500.0
Rajkot Corporation,19408,PATANJALI SCHOOLS,GSHSEB,English,10,2023-24,37350.0
Rajkot Corporation,19408,PATANJALI SCHOOLS,GSHSEB,English,10,2024-25,39970.0
Rajkot Corporation,19408,PATANJALI SCHOOLS,GSHSEB,English,10,2025-26,42770.0
Rajkot Corporation,19408,PATANJALI SCHOOLS,GSHSEB,English,10,2026-27,44500.0
Rajkot Corporation,19408,PATANJALI SCHOOLS,GSHSEB,English,General - 11,2024-25,50000.0
Rajkot Corporation,19408,PATANJALI SCHOOLS,GSHSEB,English,General - 11,2025-26,52500.0
Rajkot Corporation,19408,PATANJALI SCHOOLS,GSHSEB,English,General - 11,2026-27,55100.0
Rajkot Corporation,19408,PATANJALI SCHOOLS,GSHSEB,English,General - 12,2025-26,52500.0
Rajkot Corporation,19408,PATANJALI SCHOOLS,GSHSEB,English,General - 12,2026-27,55100.0
Rajkot Corporation,19408,PATANJALI SCHOOLS,GSHSEB,English,Science - 11,2024-25,60000.0
Rajkot Corporation,19408,PATANJALI SCHOOLS,GSHSEB,English,Science - 11,2025-26,63000.0
Rajkot Corporation,19408,PATANJALI SCHOOLS,GSHSEB,English,Science - 11,2026-27,66200.0
Rajkot Corporation,19408,PATANJALI SCHOOLS,GSHSEB,English,Science - 12,2025-26,63000.0
Rajkot Corporation,19408,PATANJALI SCHOOLS,GSHSEB,English,Science - 12,2026-27,66200.0
Rajkot Corporation,19408,PATANJALI SCHOOLS,GSHSEB,English,SR. KG,2023-24,27850.0
Rajkot Corporation,19408,PATANJALI SCHOOLS,GSHSEB,English,SR. KG,2024-25,30870.0
Rajkot Corporation,19408,PATANJALI SCHOOLS,GSHSEB,English,SR. KG,2025-26,33030.0
Rajkot Corporation,19408,PATANJALI SCHOOLS,GSHSEB,English,SR. KG,2026-27,33700.0
Rajkot Corporation,19408,PATANJALI SCHOOLS,GSHSEB,English,NUR,2023-24,21500.0
Rajkot Corporation,19408,PATANJALI SCHOOLS,GSHSEB,English,NUR,2024-25,23010.0
Rajkot Corporation,19408,PATANJALI SCHOOLS,GSHSEB,English,NUR,2025-26,24620.0
Rajkot Corporation,19408,PATANJALI SCHOOLS,GSHSEB,English,NUR,2026-27,25100.0
Rajkot Corporation,19900,PATANJALI VIDYALAY,GSHSEB,Gujarati,General - 11,2019-20,22000.0
Rajkot Corporation,19900,PATANJALI VIDYALAY,GSHSEB,Gujarati,General - 11,2020-21,16500.0
Rajkot Corporation,19900,PATANJALI VIDYALAY,GSHSEB,Gujarati,General - 11,2021-22,26000.0
Rajkot Corporation,19900,PATANJALI VIDYALAY,GSHSEB,Gujarati,General - 11,2022-23,29000.0
Rajkot Corporation,19900,PATANJALI VIDYALAY,GSHSEB,Gujarati,General - 11,2023-24,32750.0
Rajkot Corporation,19900,PATANJALI VIDYALAY,GSHSEB,Gujarati,General - 11,2024-25,35050.0
Rajkot Corporation,19900,PATANJALI VIDYALAY,GSHSEB,Gujarati,General - 11,2025-26,37500.0
Rajkot Corporation,19900,PATANJALI VIDYALAY,GSHSEB,Gujarati,General - 11,2026-27,38600.0
Rajkot Corporation,19900,PATANJALI VIDYALAY,GSHSEB,Gujarati,General - 12,2019-20,22000.0
Rajkot Corporation,19900,PATANJALI VIDYALAY,GSHSEB,Gujarati,General - 12,2020-21,16500.0
Rajkot Corporation,19900,PATANJALI VIDYALAY,GSHSEB,Gujarati,General - 12,2021-22,26000.0
Rajkot Corporation,19900,PATANJALI VIDYALAY,GSHSEB,Gujarati,General - 12,2022-23,29000.0
Rajkot Corporation,19900,PATANJALI VIDYALAY,GSHSEB,Gujarati,General - 12,2023-24,32750.0
Rajkot Corporation,19900,PATANJALI VIDYALAY,GSHSEB,Gujarati,General - 12,2024-25,35050.0
Rajkot Corporation,19900,PATANJALI VIDYALAY,GSHSEB,Gujarati,General - 12,2025-26,37500.0
Rajkot Corporation,19900,PATANJALI VIDYALAY,GSHSEB,Gujarati,General - 12,2026-27,38600.0
Rajkot Corporation,15263,PATHAK SCHOOL (SEC. & H. SEC.),GSHSEB,Gujarati,9,2024-25,31000.0
Rajkot Corporation,15263,PATHAK SCHOOL (SEC. & H. SEC.),GSHSEB,Gujarati,9,2025-26,31000.0
Rajkot Corporation,15263,PATHAK SCHOOL (SEC. & H. SEC.),GSHSEB,Gujarati,9,2026-27,32600.0
Rajkot Corporation,15263,PATHAK SCHOOL (SEC. & H. SEC.),GSHSEB,Gujarati,10,2024-25,31000.0
Rajkot Corporation,15263,PATHAK SCHOOL (SEC. & H. SEC.),GSHSEB,Gujarati,10,2025-26,31000.0
Rajkot Corporation,15263,PATHAK SCHOOL (SEC. & H. SEC.),GSHSEB,Gujarati,10,2026-27,32600.0
Rajkot Corporation,15263,PATHAK SCHOOL (SEC. & H. SEC.),GSHSEB,Gujarati,Science - 11,2024-25,90000.0
Rajkot Corporation,15263,PATHAK SCHOOL (SEC. & H. SEC.),GSHSEB,Gujarati,Science - 11,2025-26,90000.0
Rajkot Corporation,15263,PATHAK SCHOOL (SEC. & H. SEC.),GSHSEB,Gujarati,Science - 11,2026-27,90000.0
Rajkot Corporation,15263,PATHAK SCHOOL (SEC. & H. SEC.),GSHSEB,Gujarati,Science - 12,2024-25,90000.0
Rajkot Corporation,15263,PATHAK SCHOOL (SEC. & H. SEC.),GSHSEB,Gujarati,Science - 12,2025-26,90000.0
Rajkot Corporation,15263,PATHAK SCHOOL (SEC. & H. SEC.),GSHSEB,Gujarati,Science - 12,2026-27,90000.0
Rajkot Corporation,15134,PRINCE HIGH SCHOOL,GSHSEB,English,9,2019-20,36500.0
Rajkot Corporation,15134,PRINCE HIGH SCHOOL,GSHSEB,English,9,2021-22,43000.0
Rajkot Corporation,15134,PRINCE HIGH SCHOOL,GSHSEB,English,9,2022-23,46010.0
Rajkot Corporation,15134,PRINCE HIGH SCHOOL,GSHSEB,English,9,2023-24,49230.0
Rajkot Corporation,15134,PRINCE HIGH SCHOOL,GSHSEB,English,10,2019-20,36500.0
Rajkot Corporation,15134,PRINCE HIGH SCHOOL,GSHSEB,English,10,2021-22,43000.0
Rajkot Corporation,15134,PRINCE HIGH SCHOOL,GSHSEB,English,10,2022-23,46010.0
Rajkot Corporation,15134,PRINCE HIGH SCHOOL,GSHSEB,English,10,2023-24,49230.0
Rajkot Corporation,15135,QUEENS HIGHER SECONDARY SCHOOL,GSHSEB,English,General - 11,2019-20,38500.0
Rajkot Corporation,15135,QUEENS HIGHER SECONDARY SCHOOL,GSHSEB,English,General - 11,2021-22,45000.0
Rajkot Corporation,15135,QUEENS HIGHER SECONDARY SCHOOL,GSHSEB,English,General - 11,2022-23,48150.0
Rajkot Corporation,15135,QUEENS HIGHER SECONDARY SCHOOL,GSHSEB,English,General - 11,2023-24,51520.0
Rajkot Corporation,15135,QUEENS HIGHER SECONDARY SCHOOL,GSHSEB,English,General - 12,2019-20,38500.0
Rajkot Corporation,15135,QUEENS HIGHER SECONDARY SCHOOL,GSHSEB,English,General - 12,2021-22,45000.0
Rajkot Corporation,15135,QUEENS HIGHER SECONDARY SCHOOL,GSHSEB,English,General - 12,2022-23,48150.0
Rajkot Corporation,15135,QUEENS HIGHER SECONDARY SCHOOL,GSHSEB,English,General - 12,2023-24,51520.0
Rajkot Corporation,13230,REENA SECONDARY SCHOOL,GSHSEB,Gujarati,9,2019-20,14850.0
Rajkot Corporation,13230,REENA SECONDARY SCHOOL,GSHSEB,Gujarati,9,2020-21,11137.5
Rajkot Corporation,13230,REENA SECONDARY SCHOOL,GSHSEB,Gujarati,9,2021-22,16300.0
Rajkot Corporation,13230,REENA SECONDARY SCHOOL,GSHSEB,Gujarati,9,2022-23,18750.0
Rajkot Corporation,13230,REENA SECONDARY SCHOOL,GSHSEB,Gujarati,9,2023-24,25000.0
Rajkot Corporation,13230,REENA SECONDARY SCHOOL,GSHSEB,Gujarati,10,2019-20,15400.0
Rajkot Corporation,13230,REENA SECONDARY SCHOOL,GSHSEB,Gujarati,10,2020-21,11550.0
Rajkot Corporation,13230,REENA SECONDARY SCHOOL,GSHSEB,Gujarati,10,2021-22,16940.0
Rajkot Corporation,13230,REENA SECONDARY SCHOOL,GSHSEB,Gujarati,10,2022-23,19500.0
Rajkot Corporation,13230,REENA SECONDARY SCHOOL,GSHSEB,Gujarati,10,2023-24,25000.0
Rajkot Corporation,13230,REENA SECONDARY SCHOOL,GSHSEB,Gujarati,General - 11,2019-20,17000.0
Rajkot Corporation,13230,REENA SECONDARY SCHOOL,GSHSEB,Gujarati,General - 11,2020-21,12750.0
Rajkot Corporation,13230,REENA SECONDARY SCHOOL,GSHSEB,Gujarati,General - 11,2021-22,18700.0
Rajkot Corporation,13230,REENA SECONDARY SCHOOL,GSHSEB,Gujarati,General - 11,2022-23,21500.0
Rajkot Corporation,13230,REENA SECONDARY SCHOOL,GSHSEB,Gujarati,General - 11,2023-24,25000.0
Rajkot Corporation,13230,REENA SECONDARY SCHOOL,GSHSEB,Gujarati,General - 12,2019-20,18000.0
Rajkot Corporation,13230,REENA SECONDARY SCHOOL,GSHSEB,Gujarati,General - 12,2020-21,13500.0
Rajkot Corporation,13230,REENA SECONDARY SCHOOL,GSHSEB,Gujarati,General - 12,2021-22,19800.0
Rajkot Corporation,13230,REENA SECONDARY SCHOOL,GSHSEB,Gujarati,General - 12,2022-23,22770.0
Rajkot Corporation,13230,REENA SECONDARY SCHOOL,GSHSEB,Gujarati,General - 12,2023-24,25000.0
Rajkot Corporation,15169,S H SIHAR HIGH SCHOOL,GSHSEB,Gujarati,9,2019-20,19000.0
Rajkot Corporation,15169,S H SIHAR HIGH SCHOOL,GSHSEB,Gujarati,9,2020-21,14250.0
Rajkot Corporation,15169,S H SIHAR HIGH SCHOOL,GSHSEB,Gujarati,9,2021-22,19500.0
Rajkot Corporation,15169,S H SIHAR HIGH SCHOOL,GSHSEB,Gujarati,9,2022-23,21750.0
Rajkot Corporation,15169,S H SIHAR HIGH SCHOOL,GSHSEB,Gujarati,10,2019-20,19000.0
Rajkot Corporation,15169,S H SIHAR HIGH SCHOOL,GSHSEB,Gujarati,10,2020-21,14250.0
Rajkot Corporation,15169,S H SIHAR HIGH SCHOOL,GSHSEB,Gujarati,10,2021-22,19500.0
Rajkot Corporation,15169,S H SIHAR HIGH SCHOOL,GSHSEB,Gujarati,10,2022-23,21750.0
Rajkot Corporation,15169,S H SIHAR HIGH SCHOOL,GSHSEB,Gujarati,General - 11,2019-20,27000.0
Rajkot Corporation,15169,S H SIHAR HIGH SCHOOL,GSHSEB,Gujarati,General - 11,2020-21,20250.0
Rajkot Corporation,15169,S H SIHAR HIGH SCHOOL,GSHSEB,Gujarati,General - 11,2021-22,27000.0
Rajkot Corporation,15169,S H SIHAR HIGH SCHOOL,GSHSEB,Gujarati,General - 11,2022-23,30000.0
Rajkot Corporation,15169,S H SIHAR HIGH SCHOOL,GSHSEB,Gujarati,General - 11,2023-24,33300.0
Rajkot Corporation,15169,S H SIHAR HIGH SCHOOL,GSHSEB,Gujarati,General - 11,2024-25,24200.0
Rajkot Corporation,15169,S H SIHAR HIGH SCHOOL,GSHSEB,Gujarati,General - 11,2025-26,25400.0
Rajkot Corporation,15169,S H SIHAR HIGH SCHOOL,GSHSEB,Gujarati,General - 11,2026-27,26700.0
Rajkot Corporation,15169,S H SIHAR HIGH SCHOOL,GSHSEB,Gujarati,General - 12,2019-20,25000.0
Rajkot Corporation,15169,S H SIHAR HIGH SCHOOL,GSHSEB,Gujarati,General - 12,2020-21,18750.0
Rajkot Corporation,15169,S H SIHAR HIGH SCHOOL,GSHSEB,Gujarati,General - 12,2021-22,27000.0
Rajkot Corporation,15169,S H SIHAR HIGH SCHOOL,GSHSEB,Gujarati,General - 12,2022-23,30000.0
Rajkot Corporation,15169,S H SIHAR HIGH SCHOOL,GSHSEB,Gujarati,General - 12,2023-24,33300.0
Rajkot Corporation,15169,S H SIHAR HIGH SCHOOL,GSHSEB,Gujarati,General - 12,2024-25,33300.0
Rajkot Corporation,15169,S H SIHAR HIGH SCHOOL,GSHSEB,Gujarati,General - 12,2025-26,35000.0
Rajkot Corporation,15169,S H SIHAR HIGH SCHOOL,GSHSEB,Gujarati,General - 12,2026-27,36800.0
Rajkot Corporation,14517,SANDIPANI SCHOOL (SEC AND HIGH. SEC.),GSHSEB,Gujarati,9,2019-20,14850.0
Rajkot Corporation,14517,SANDIPANI SCHOOL (SEC AND HIGH. SEC.),GSHSEB,Gujarati,9,2020-21,11137.5
Rajkot Corporation,14517,SANDIPANI SCHOOL (SEC AND HIGH. SEC.),GSHSEB,Gujarati,9,2021-22,16330.0
Rajkot Corporation,14517,SANDIPANI SCHOOL (SEC AND HIGH. SEC.),GSHSEB,Gujarati,9,2022-23,19600.0
Rajkot Corporation,14517,SANDIPANI SCHOOL (SEC AND HIGH. SEC.),GSHSEB,Gujarati,9,2023-24,22000.0
Rajkot Corporation,14517,SANDIPANI SCHOOL (SEC AND HIGH. SEC.),GSHSEB,Gujarati,9,2024-25,26300.0
Rajkot Corporation,14517,SANDIPANI SCHOOL (SEC AND HIGH. SEC.),GSHSEB,Gujarati,9,2025-26,27600.0
Rajkot Corporation,14517,SANDIPANI SCHOOL (SEC AND HIGH. SEC.),GSHSEB,Gujarati,9,2026-27,28800.0
Rajkot Corporation,14517,SANDIPANI SCHOOL (SEC AND HIGH. SEC.),GSHSEB,Gujarati,10,2019-20,15400.0
Rajkot Corporation,14517,SANDIPANI SCHOOL (SEC AND HIGH. SEC.),GSHSEB,Gujarati,10,2020-21,11550.0
Rajkot Corporation,14517,SANDIPANI SCHOOL (SEC AND HIGH. SEC.),GSHSEB,Gujarati,10,2021-22,16950.0
Rajkot Corporation,14517,SANDIPANI SCHOOL (SEC AND HIGH. SEC.),GSHSEB,Gujarati,10,2022-23,20300.0
Rajkot Corporation,14517,SANDIPANI SCHOOL (SEC AND HIGH. SEC.),GSHSEB,Gujarati,10,2023-24,23000.0
Rajkot Corporation,14517,SANDIPANI SCHOOL (SEC AND HIGH. SEC.),GSHSEB,Gujarati,10,2024-25,27500.0
Rajkot Corporation,14517,SANDIPANI SCHOOL (SEC AND HIGH. SEC.),GSHSEB,Gujarati,10,2025-26,28800.0
Rajkot Corporation,14517,SANDIPANI SCHOOL (SEC AND HIGH. SEC.),GSHSEB,Gujarati,10,2026-27,30200.0
Rajkot Corporation,14517,SANDIPANI SCHOOL (SEC AND HIGH. SEC.),GSHSEB,Gujarati,General - 11,2019-20,17000.0
Rajkot Corporation,14517,SANDIPANI SCHOOL (SEC AND HIGH. SEC.),GSHSEB,Gujarati,General - 11,2020-21,12750.0
Rajkot Corporation,14517,SANDIPANI SCHOOL (SEC AND HIGH. SEC.),GSHSEB,Gujarati,General - 11,2021-22,18700.0
Rajkot Corporation,14517,SANDIPANI SCHOOL (SEC AND HIGH. SEC.),GSHSEB,Gujarati,General - 11,2022-23,22500.0
Rajkot Corporation,14517,SANDIPANI SCHOOL (SEC AND HIGH. SEC.),GSHSEB,Gujarati,General - 11,2023-24,25000.0
Rajkot Corporation,14517,SANDIPANI SCHOOL (SEC AND HIGH. SEC.),GSHSEB,Gujarati,General - 11,2024-25,29600.0
Rajkot Corporation,14517,SANDIPANI SCHOOL (SEC AND HIGH. SEC.),GSHSEB,Gujarati,General - 11,2025-26,31000.0
Rajkot Corporation,14517,SANDIPANI SCHOOL (SEC AND HIGH. SEC.),GSHSEB,Gujarati,General - 11,2026-27,32400.0
Rajkot Corporation,14517,SANDIPANI SCHOOL (SEC AND HIGH. SEC.),GSHSEB,Gujarati,General - 12,2019-20,18000.0
Rajkot Corporation,14517,SANDIPANI SCHOOL (SEC AND HIGH. SEC.),GSHSEB,Gujarati,General - 12,2020-21,13500.0
Rajkot Corporation,14517,SANDIPANI SCHOOL (SEC AND HIGH. SEC.),GSHSEB,Gujarati,General - 12,2021-22,19800.0
Rajkot Corporation,14517,SANDIPANI SCHOOL (SEC AND HIGH. SEC.),GSHSEB,Gujarati,General - 12,2022-23,23800.0
Rajkot Corporation,14517,SANDIPANI SCHOOL (SEC AND HIGH. SEC.),GSHSEB,Gujarati,General - 12,2023-24,25000.0
Rajkot Corporation,14517,SANDIPANI SCHOOL (SEC AND HIGH. SEC.),GSHSEB,Gujarati,General - 12,2024-25,29600.0
Rajkot Corporation,14517,SANDIPANI SCHOOL (SEC AND HIGH. SEC.),GSHSEB,Gujarati,General - 12,2025-26,31000.0
Rajkot Corporation,14517,SANDIPANI SCHOOL (SEC AND HIGH. SEC.),GSHSEB,Gujarati,General - 12,2026-27,32400.0
Rajkot Corporation,19915,SARASWATI U. M. KANYA VIDHYA MANDIR,GSHSEB,Gujarati,9,2019-20,16600.0
Rajkot Corporation,19915,SARASWATI U. M. KANYA VIDHYA MANDIR,GSHSEB,Gujarati,9,2020-21,12450.0
Rajkot Corporation,19915,SARASWATI U. M. KANYA VIDHYA MANDIR,GSHSEB,Gujarati,9,2021-22,18260.0
Rajkot Corporation,19915,SARASWATI U. M. KANYA VIDHYA MANDIR,GSHSEB,Gujarati,9,2022-23,21000.0
Rajkot Corporation,19915,SARASWATI U. M. KANYA VIDHYA MANDIR,GSHSEB,Gujarati,9,2023-24,23100.0
Rajkot Corporation,19915,SARASWATI U. M. KANYA VIDHYA MANDIR,GSHSEB,Gujarati,9,2024-25,24500.0
Rajkot Corporation,19915,SARASWATI U. M. KANYA VIDHYA MANDIR,GSHSEB,Gujarati,9,2025-26,26000.0
Rajkot Corporation,19915,SARASWATI U. M. KANYA VIDHYA MANDIR,GSHSEB,Gujarati,9,2026-27,27600.0
Rajkot Corporation,19915,SARASWATI U. M. KANYA VIDHYA MANDIR,GSHSEB,Gujarati,10,2019-20,16600.0
Rajkot Corporation,19915,SARASWATI U. M. KANYA VIDHYA MANDIR,GSHSEB,Gujarati,10,2020-21,12450.0
Rajkot Corporation,19915,SARASWATI U. M. KANYA VIDHYA MANDIR,GSHSEB,Gujarati,10,2021-22,18260.0
Rajkot Corporation,19915,SARASWATI U. M. KANYA VIDHYA MANDIR,GSHSEB,Gujarati,10,2022-23,21000.0
Rajkot Corporation,19915,SARASWATI U. M. KANYA VIDHYA MANDIR,GSHSEB,Gujarati,10,2023-24,23100.0
Rajkot Corporation,19915,SARASWATI U. M. KANYA VIDHYA MANDIR,GSHSEB,Gujarati,10,2024-25,24500.0
Rajkot Corporation,19915,SARASWATI U. M. KANYA VIDHYA MANDIR,GSHSEB,Gujarati,10,2025-26,26000.0
Rajkot Corporation,19915,SARASWATI U. M. KANYA VIDHYA MANDIR,GSHSEB,Gujarati,10,2026-27,27600.0
Rajkot Corporation,19915,SARASWATI U. M. KANYA VIDHYA MANDIR,GSHSEB,Gujarati,General - 11,2019-20,16600.0
Rajkot Corporation,19915,SARASWATI U. M. KANYA VIDHYA MANDIR,GSHSEB,Gujarati,General - 11,2020-21,12450.0
Rajkot Corporation,19915,SARASWATI U. M. KANYA VIDHYA MANDIR,GSHSEB,Gujarati,General - 11,2021-22,18260.0
Rajkot Corporation,19915,SARASWATI U. M. KANYA VIDHYA MANDIR,GSHSEB,Gujarati,General - 11,2022-23,21000.0
Rajkot Corporation,19915,SARASWATI U. M. KANYA VIDHYA MANDIR,GSHSEB,Gujarati,General - 11,2023-24,23100.0
Rajkot Corporation,19915,SARASWATI U. M. KANYA VIDHYA MANDIR,GSHSEB,Gujarati,General - 12,2019-20,16600.0
Rajkot Corporation,19915,SARASWATI U. M. KANYA VIDHYA MANDIR,GSHSEB,Gujarati,General - 12,2020-21,12450.0
Rajkot Corporation,19915,SARASWATI U. M. KANYA VIDHYA MANDIR,GSHSEB,Gujarati,General - 12,2021-22,18260.0
Rajkot Corporation,19915,SARASWATI U. M. KANYA VIDHYA MANDIR,GSHSEB,Gujarati,General - 12,2022-23,21000.0
Rajkot Corporation,19915,SARASWATI U. M. KANYA VIDHYA MANDIR,GSHSEB,Gujarati,General - 12,2023-24,23100.0
Rajkot Corporation,19778,SARDA VIDHIYALAY,GSHSEB,Gujarati,Play Group,2019-20,12000.0
Rajkot Corporation,19778,SARDA VIDHIYALAY,GSHSEB,Gujarati,Play Group,2020-21,9000.0
Rajkot Corporation,19778,SARDA VIDHIYALAY,GSHSEB,Gujarati,Play Group,2021-22,12000.0
Rajkot Corporation,19778,SARDA VIDHIYALAY,GSHSEB,Gujarati,Play Group,2022-23,12000.0
Rajkot Corporation,19778,SARDA VIDHIYALAY,GSHSEB,Gujarati,Play Group,2023-24,15000.0
Rajkot Corporation,19778,SARDA VIDHIYALAY,GSHSEB,Gujarati,Play Group,2024-25,15000.0
Rajkot Corporation,19778,SARDA VIDHIYALAY,GSHSEB,Gujarati,Play Group,2025-26,14000.0
Rajkot Corporation,19778,SARDA VIDHIYALAY,GSHSEB,Gujarati,1,2019-20,14000.0
Rajkot Corporation,19778,SARDA VIDHIYALAY,GSHSEB,Gujarati,1,2020-21,10500.0
Rajkot Corporation,19778,SARDA VIDHIYALAY,GSHSEB,Gujarati,1,2021-22,15000.0
Rajkot Corporation,19778,SARDA VIDHIYALAY,GSHSEB,Gujarati,1,2022-23,15000.0
Rajkot Corporation,19778,SARDA VIDHIYALAY,GSHSEB,Gujarati,1,2023-24,15000.0
Rajkot Corporation,19778,SARDA VIDHIYALAY,GSHSEB,Gujarati,1,2024-25,15000.0
Rajkot Corporation,19778,SARDA VIDHIYALAY,GSHSEB,Gujarati,1,2025-26,15000.0
Rajkot Corporation,19778,SARDA VIDHIYALAY,GSHSEB,Gujarati,2,2019-20,14000.0
Rajkot Corporation,19778,SARDA VIDHIYALAY,GSHSEB,Gujarati,2,2020-21,10500.0
Rajkot Corporation,19778,SARDA VIDHIYALAY,GSHSEB,Gujarati,2,2021-22,15000.0
Rajkot Corporation,19778,SARDA VIDHIYALAY,GSHSEB,Gujarati,2,2022-23,15000.0
Rajkot Corporation,19778,SARDA VIDHIYALAY,GSHSEB,Gujarati,2,2023-24,15000.0
Rajkot Corporation,19778,SARDA VIDHIYALAY,GSHSEB,Gujarati,2,2024-25,15000.0
Rajkot Corporation,19778,SARDA VIDHIYALAY,GSHSEB,Gujarati,2,2025-26,15000.0
Rajkot Corporation,19778,SARDA VIDHIYALAY,GSHSEB,Gujarati,3,2019-20,14000.0
Rajkot Corporation,19778,SARDA VIDHIYALAY,GSHSEB,Gujarati,3,2020-21,10500.0
Rajkot Corporation,19778,SARDA VIDHIYALAY,GSHSEB,Gujarati,3,2021-22,15000.0
Rajkot Corporation,19778,SARDA VIDHIYALAY,GSHSEB,Gujarati,3,2022-23,15000.0
Rajkot Corporation,19778,SARDA VIDHIYALAY,GSHSEB,Gujarati,3,2023-24,15000.0
Rajkot Corporation,19778,SARDA VIDHIYALAY,GSHSEB,Gujarati,3,2024-25,15000.0
Rajkot Corporation,19778,SARDA VIDHIYALAY,GSHSEB,Gujarati,3,2025-26,15000.0
Rajkot Corporation,19778,SARDA VIDHIYALAY,GSHSEB,Gujarati,4,2019-20,14000.0
Rajkot Corporation,19778,SARDA VIDHIYALAY,GSHSEB,Gujarati,4,2020-21,10500.0
Rajkot Corporation,19778,SARDA VIDHIYALAY,GSHSEB,Gujarati,4,2021-22,15000.0
Rajkot Corporation,19778,SARDA VIDHIYALAY,GSHSEB,Gujarati,4,2022-23,15000.0
Rajkot Corporation,19778,SARDA VIDHIYALAY,GSHSEB,Gujarati,4,2023-24,15000.0
Rajkot Corporation,19778,SARDA VIDHIYALAY,GSHSEB,Gujarati,4,2024-25,15000.0
Rajkot Corporation,19778,SARDA VIDHIYALAY,GSHSEB,Gujarati,4,2025-26,15000.0
Rajkot Corporation,19778,SARDA VIDHIYALAY,GSHSEB,Gujarati,5,2019-20,14000.0
Rajkot Corporation,19778,SARDA VIDHIYALAY,GSHSEB,Gujarati,5,2020-21,10500.0
Rajkot Corporation,19778,SARDA VIDHIYALAY,GSHSEB,Gujarati,5,2021-22,15000.0
Rajkot Corporation,19778,SARDA VIDHIYALAY,GSHSEB,Gujarati,5,2022-23,15000.0
Rajkot Corporation,19778,SARDA VIDHIYALAY,GSHSEB,Gujarati,5,2023-24,15000.0
Rajkot Corporation,19778,SARDA VIDHIYALAY,GSHSEB,Gujarati,5,2024-25,15000.0
Rajkot Corporation,19778,SARDA VIDHIYALAY,GSHSEB,Gujarati,5,2025-26,15000.0
Rajkot Corporation,19778,SARDA VIDHIYALAY,GSHSEB,Gujarati,6,2019-20,15000.0
Rajkot Corporation,19778,SARDA VIDHIYALAY,GSHSEB,Gujarati,6,2020-21,11250.0
Rajkot Corporation,19778,SARDA VIDHIYALAY,GSHSEB,Gujarati,6,2021-22,15000.0
Rajkot Corporation,19778,SARDA VIDHIYALAY,GSHSEB,Gujarati,6,2022-23,15000.0
Rajkot Corporation,19778,SARDA VIDHIYALAY,GSHSEB,Gujarati,6,2023-24,15000.0
Rajkot Corporation,19778,SARDA VIDHIYALAY,GSHSEB,Gujarati,6,2024-25,15000.0
Rajkot Corporation,19778,SARDA VIDHIYALAY,GSHSEB,Gujarati,6,2025-26,15000.0
Rajkot Corporation,19778,SARDA VIDHIYALAY,GSHSEB,Gujarati,7,2019-20,15000.0
Rajkot Corporation,19778,SARDA VIDHIYALAY,GSHSEB,Gujarati,7,2020-21,11250.0
Rajkot Corporation,19778,SARDA VIDHIYALAY,GSHSEB,Gujarati,7,2021-22,15000.0
Rajkot Corporation,19778,SARDA VIDHIYALAY,GSHSEB,Gujarati,7,2022-23,15000.0
Rajkot Corporation,19778,SARDA VIDHIYALAY,GSHSEB,Gujarati,7,2023-24,15000.0
Rajkot Corporation,19778,SARDA VIDHIYALAY,GSHSEB,Gujarati,7,2024-25,15000.0
Rajkot Corporation,19778,SARDA VIDHIYALAY,GSHSEB,Gujarati,7,2025-26,15000.0
Rajkot Corporation,19778,SARDA VIDHIYALAY,GSHSEB,Gujarati,8,2019-20,15000.0
Rajkot Corporation,19778,SARDA VIDHIYALAY,GSHSEB,Gujarati,8,2020-21,11250.0
Rajkot Corporation,19778,SARDA VIDHIYALAY,GSHSEB,Gujarati,8,2021-22,15000.0
Rajkot Corporation,19778,SARDA VIDHIYALAY,GSHSEB,Gujarati,8,2022-23,15000.0
Rajkot Corporation,19778,SARDA VIDHIYALAY,GSHSEB,Gujarati,8,2023-24,15000.0
Rajkot Corporation,19778,SARDA VIDHIYALAY,GSHSEB,Gujarati,8,2024-25,15000.0
Rajkot Corporation,19778,SARDA VIDHIYALAY,GSHSEB,Gujarati,8,2025-26,15000.0
Rajkot Corporation,17003,SARVODAY KANYA VIDHYALAYA,GSHSEB,Gujarati,9,2019-20,24600.0
Rajkot Corporation,17003,SARVODAY KANYA VIDHYALAYA,GSHSEB,Gujarati,9,2021-22,27800.0
Rajkot Corporation,17003,SARVODAY KANYA VIDHYALAYA,GSHSEB,Gujarati,9,2022-23,29750.0
Rajkot Corporation,17003,SARVODAY KANYA VIDHYALAYA,GSHSEB,Gujarati,9,2023-24,32000.0
Rajkot Corporation,17003,SARVODAY KANYA VIDHYALAYA,GSHSEB,Gujarati,9,2024-25,33600.0
Rajkot Corporation,17003,SARVODAY KANYA VIDHYALAYA,GSHSEB,Gujarati,9,2025-26,37300.0
Rajkot Corporation,17003,SARVODAY KANYA VIDHYALAYA,GSHSEB,Gujarati,9,2026-27,39100.0
Rajkot Corporation,17003,SARVODAY KANYA VIDHYALAYA,GSHSEB,Gujarati,10,2019-20,24600.0
Rajkot Corporation,17003,SARVODAY KANYA VIDHYALAYA,GSHSEB,Gujarati,10,2021-22,29500.0
Rajkot Corporation,17003,SARVODAY KANYA VIDHYALAYA,GSHSEB,Gujarati,10,2022-23,31600.0
Rajkot Corporation,17003,SARVODAY KANYA VIDHYALAYA,GSHSEB,Gujarati,10,2023-24,33800.0
Rajkot Corporation,17003,SARVODAY KANYA VIDHYALAYA,GSHSEB,Gujarati,10,2024-25,35500.0
Rajkot Corporation,17003,SARVODAY KANYA VIDHYALAYA,GSHSEB,Gujarati,10,2025-26,37300.0
Rajkot Corporation,17003,SARVODAY KANYA VIDHYALAYA,GSHSEB,Gujarati,10,2026-27,39100.0
Rajkot Corporation,17004,SARVODAY SCHOOL,GSHSEB,Gujarati,1,2019-20,210000.0
Rajkot Corporation,17004,SARVODAY SCHOOL,GSHSEB,Gujarati,1,2020-21,157500.0
Rajkot Corporation,17004,SARVODAY SCHOOL,GSHSEB,Gujarati,1,2021-22,25500.0
Rajkot Corporation,17004,SARVODAY SCHOOL,GSHSEB,Gujarati,1,2022-23,27400.0
Rajkot Corporation,17004,SARVODAY SCHOOL,GSHSEB,Gujarati,1,2023-24,29000.0
Rajkot Corporation,17004,SARVODAY SCHOOL,GSHSEB,Gujarati,1,2024-25,30060.0
Rajkot Corporation,17004,SARVODAY SCHOOL,GSHSEB,Gujarati,1,2025-26,32170.0
Rajkot Corporation,17004,SARVODAY SCHOOL,GSHSEB,Gujarati,2,2019-20,210000.0
Rajkot Corporation,17004,SARVODAY SCHOOL,GSHSEB,Gujarati,2,2020-21,157500.0
Rajkot Corporation,17004,SARVODAY SCHOOL,GSHSEB,Gujarati,2,2021-22,25500.0
Rajkot Corporation,17004,SARVODAY SCHOOL,GSHSEB,Gujarati,2,2022-23,27400.0
Rajkot Corporation,17004,SARVODAY SCHOOL,GSHSEB,Gujarati,2,2023-24,29000.0
Rajkot Corporation,17004,SARVODAY SCHOOL,GSHSEB,Gujarati,2,2024-25,30060.0
Rajkot Corporation,17004,SARVODAY SCHOOL,GSHSEB,Gujarati,2,2025-26,32170.0
Rajkot Corporation,17004,SARVODAY SCHOOL,GSHSEB,Gujarati,3,2019-20,210000.0
Rajkot Corporation,17004,SARVODAY SCHOOL,GSHSEB,Gujarati,3,2020-21,157500.0
Rajkot Corporation,17004,SARVODAY SCHOOL,GSHSEB,Gujarati,3,2021-22,25500.0
Rajkot Corporation,17004,SARVODAY SCHOOL,GSHSEB,Gujarati,3,2022-23,27400.0
Rajkot Corporation,17004,SARVODAY SCHOOL,GSHSEB,Gujarati,3,2023-24,29000.0
Rajkot Corporation,17004,SARVODAY SCHOOL,GSHSEB,Gujarati,3,2024-25,30060.0
Rajkot Corporation,17004,SARVODAY SCHOOL,GSHSEB,Gujarati,3,2025-26,32170.0
Rajkot Corporation,17004,SARVODAY SCHOOL,GSHSEB,Gujarati,4,2019-20,210000.0
Rajkot Corporation,17004,SARVODAY SCHOOL,GSHSEB,Gujarati,4,2020-21,157500.0
Rajkot Corporation,17004,SARVODAY SCHOOL,GSHSEB,Gujarati,4,2021-22,25500.0
Rajkot Corporation,17004,SARVODAY SCHOOL,GSHSEB,Gujarati,4,2022-23,27400.0
Rajkot Corporation,17004,SARVODAY SCHOOL,GSHSEB,Gujarati,4,2023-24,29000.0
Rajkot Corporation,17004,SARVODAY SCHOOL,GSHSEB,Gujarati,4,2024-25,30060.0
Rajkot Corporation,17004,SARVODAY SCHOOL,GSHSEB,Gujarati,4,2025-26,32170.0
Rajkot Corporation,17004,SARVODAY SCHOOL,GSHSEB,Gujarati,5,2019-20,210000.0
Rajkot Corporation,17004,SARVODAY SCHOOL,GSHSEB,Gujarati,5,2020-21,157500.0
Rajkot Corporation,17004,SARVODAY SCHOOL,GSHSEB,Gujarati,5,2021-22,25500.0
Rajkot Corporation,17004,SARVODAY SCHOOL,GSHSEB,Gujarati,5,2022-23,27400.0
Rajkot Corporation,17004,SARVODAY SCHOOL,GSHSEB,Gujarati,5,2023-24,29000.0
Rajkot Corporation,17004,SARVODAY SCHOOL,GSHSEB,Gujarati,5,2024-25,30060.0
Rajkot Corporation,17004,SARVODAY SCHOOL,GSHSEB,Gujarati,5,2025-26,32170.0
Rajkot Corporation,17004,SARVODAY SCHOOL,GSHSEB,Gujarati,6,2019-20,210000.0
Rajkot Corporation,17004,SARVODAY SCHOOL,GSHSEB,Gujarati,6,2020-21,157500.0
Rajkot Corporation,17004,SARVODAY SCHOOL,GSHSEB,Gujarati,6,2021-22,25500.0
Rajkot Corporation,17004,SARVODAY SCHOOL,GSHSEB,Gujarati,6,2022-23,27400.0
Rajkot Corporation,17004,SARVODAY SCHOOL,GSHSEB,Gujarati,6,2023-24,29000.0
Rajkot Corporation,17004,SARVODAY SCHOOL,GSHSEB,Gujarati,6,2024-25,30060.0
Rajkot Corporation,17004,SARVODAY SCHOOL,GSHSEB,Gujarati,6,2025-26,32170.0
Rajkot Corporation,17004,SARVODAY SCHOOL,GSHSEB,Gujarati,7,2019-20,210000.0
Rajkot Corporation,17004,SARVODAY SCHOOL,GSHSEB,Gujarati,7,2020-21,157500.0
Rajkot Corporation,17004,SARVODAY SCHOOL,GSHSEB,Gujarati,7,2021-22,25500.0
Rajkot Corporation,17004,SARVODAY SCHOOL,GSHSEB,Gujarati,7,2022-23,27400.0
Rajkot Corporation,17004,SARVODAY SCHOOL,GSHSEB,Gujarati,7,2023-24,29000.0
Rajkot Corporation,17004,SARVODAY SCHOOL,GSHSEB,Gujarati,7,2024-25,30060.0
Rajkot Corporation,17004,SARVODAY SCHOOL,GSHSEB,Gujarati,7,2025-26,32170.0
Rajkot Corporation,17004,SARVODAY SCHOOL,GSHSEB,Gujarati,8,2019-20,210000.0
Rajkot Corporation,17004,SARVODAY SCHOOL,GSHSEB,Gujarati,8,2020-21,157500.0
Rajkot Corporation,17004,SARVODAY SCHOOL,GSHSEB,Gujarati,8,2021-22,25500.0
Rajkot Corporation,17004,SARVODAY SCHOOL,GSHSEB,Gujarati,8,2022-23,27400.0
Rajkot Corporation,17004,SARVODAY SCHOOL,GSHSEB,Gujarati,8,2023-24,29000.0
Rajkot Corporation,17004,SARVODAY SCHOOL,GSHSEB,Gujarati,8,2024-25,30060.0
Rajkot Corporation,17004,SARVODAY SCHOOL,GSHSEB,Gujarati,8,2025-26,32170.0
Rajkot Corporation,17004,SARVODAY SCHOOL,GSHSEB,Gujarati,Pre-Primary,2023-24,29000.0
Rajkot Corporation,17004,SARVODAY SCHOOL,GSHSEB,Gujarati,Pre-Primary,2024-25,30060.0
Rajkot Corporation,17004,SARVODAY SCHOOL,GSHSEB,Gujarati,Pre-Primary,2025-26,32170.0
Rajkot Corporation,17004,SARVODAY SCHOOL,GSHSEB,English,1,2023-24,41500.0
Rajkot Corporation,17004,SARVODAY SCHOOL,GSHSEB,English,1,2024-25,44940.0
Rajkot Corporation,17004,SARVODAY SCHOOL,GSHSEB,English,1,2025-26,48080.0
Rajkot Corporation,17004,SARVODAY SCHOOL,GSHSEB,English,2,2023-24,41500.0
Rajkot Corporation,17004,SARVODAY SCHOOL,GSHSEB,English,2,2024-25,44940.0
Rajkot Corporation,17004,SARVODAY SCHOOL,GSHSEB,English,2,2025-26,48080.0
Rajkot Corporation,17004,SARVODAY SCHOOL,GSHSEB,English,3,2023-24,41500.0
Rajkot Corporation,17004,SARVODAY SCHOOL,GSHSEB,English,3,2024-25,44940.0
Rajkot Corporation,17004,SARVODAY SCHOOL,GSHSEB,English,3,2025-26,48080.0
Rajkot Corporation,17004,SARVODAY SCHOOL,GSHSEB,English,4,2023-24,41500.0
Rajkot Corporation,17004,SARVODAY SCHOOL,GSHSEB,English,4,2024-25,44940.0
Rajkot Corporation,17004,SARVODAY SCHOOL,GSHSEB,English,4,2025-26,48080.0
Rajkot Corporation,17004,SARVODAY SCHOOL,GSHSEB,English,5,2023-24,41500.0
Rajkot Corporation,17004,SARVODAY SCHOOL,GSHSEB,English,5,2024-25,44940.0
Rajkot Corporation,17004,SARVODAY SCHOOL,GSHSEB,English,5,2025-26,48080.0
Rajkot Corporation,17004,SARVODAY SCHOOL,GSHSEB,English,6,2023-24,41500.0
Rajkot Corporation,17004,SARVODAY SCHOOL,GSHSEB,English,6,2024-25,44940.0
Rajkot Corporation,17004,SARVODAY SCHOOL,GSHSEB,English,6,2025-26,48080.0
Rajkot Corporation,17004,SARVODAY SCHOOL,GSHSEB,English,7,2023-24,41500.0
Rajkot Corporation,17004,SARVODAY SCHOOL,GSHSEB,English,7,2024-25,44940.0
Rajkot Corporation,17004,SARVODAY SCHOOL,GSHSEB,English,7,2025-26,48080.0
Rajkot Corporation,17004,SARVODAY SCHOOL,GSHSEB,English,8,2023-24,41500.0
Rajkot Corporation,17004,SARVODAY SCHOOL,GSHSEB,English,8,2024-25,44940.0
Rajkot Corporation,17004,SARVODAY SCHOOL,GSHSEB,English,8,2025-26,48080.0
Rajkot Corporation,17004,SARVODAY SCHOOL,GSHSEB,English,Pre-Primary,2023-24,41500.0
Rajkot Corporation,17004,SARVODAY SCHOOL,GSHSEB,English,Pre-Primary,2024-25,44940.0
Rajkot Corporation,17004,SARVODAY SCHOOL,GSHSEB,English,Pre-Primary,2025-26,48080.0
Rajkot Corporation,14668,SATYA PRAKASH MADHYAMIK SHALA,GSHSEB,Gujarati,9,2019-20,16500.0
Rajkot Corporation,14668,SATYA PRAKASH MADHYAMIK SHALA,GSHSEB,Gujarati,9,2020-21,12375.0
Rajkot Corporation,14668,SATYA PRAKASH MADHYAMIK SHALA,GSHSEB,Gujarati,9,2021-22,18000.0
Rajkot Corporation,14668,SATYA PRAKASH MADHYAMIK SHALA,GSHSEB,Gujarati,9,2022-23,21000.0
Rajkot Corporation,14668,SATYA PRAKASH MADHYAMIK SHALA,GSHSEB,Gujarati,9,2023-24,23000.0
Rajkot Corporation,14668,SATYA PRAKASH MADHYAMIK SHALA,GSHSEB,Gujarati,9,2024-25,24600.0
Rajkot Corporation,14668,SATYA PRAKASH MADHYAMIK SHALA,GSHSEB,Gujarati,9,2025-26,26330.0
Rajkot Corporation,14668,SATYA PRAKASH MADHYAMIK SHALA,GSHSEB,Gujarati,10,2019-20,15400.0
Rajkot Corporation,14668,SATYA PRAKASH MADHYAMIK SHALA,GSHSEB,Gujarati,10,2020-21,11550.0
Rajkot Corporation,14668,SATYA PRAKASH MADHYAMIK SHALA,GSHSEB,Gujarati,10,2021-22,17000.0
Rajkot Corporation,14668,SATYA PRAKASH MADHYAMIK SHALA,GSHSEB,Gujarati,10,2022-23,21000.0
Rajkot Corporation,14668,SATYA PRAKASH MADHYAMIK SHALA,GSHSEB,Gujarati,10,2023-24,23000.0
Rajkot Corporation,14668,SATYA PRAKASH MADHYAMIK SHALA,GSHSEB,Gujarati,10,2024-25,24600.0
Rajkot Corporation,14668,SATYA PRAKASH MADHYAMIK SHALA,GSHSEB,Gujarati,10,2025-26,26330.0
Rajkot Corporation,14668,SATYA PRAKASH MADHYAMIK SHALA,GSHSEB,Gujarati,General - 11,2019-20,18700.0
Rajkot Corporation,14668,SATYA PRAKASH MADHYAMIK SHALA,GSHSEB,Gujarati,General - 11,2020-21,14025.0
Rajkot Corporation,14668,SATYA PRAKASH MADHYAMIK SHALA,GSHSEB,Gujarati,General - 11,2021-22,20000.0
Rajkot Corporation,14668,SATYA PRAKASH MADHYAMIK SHALA,GSHSEB,Gujarati,General - 11,2022-23,25000.0
Rajkot Corporation,14668,SATYA PRAKASH MADHYAMIK SHALA,GSHSEB,Gujarati,General - 11,2023-24,27000.0
Rajkot Corporation,14668,SATYA PRAKASH MADHYAMIK SHALA,GSHSEB,Gujarati,General - 11,2024-25,28890.0
Rajkot Corporation,14668,SATYA PRAKASH MADHYAMIK SHALA,GSHSEB,Gujarati,General - 11,2025-26,30900.0
Rajkot Corporation,14668,SATYA PRAKASH MADHYAMIK SHALA,GSHSEB,Gujarati,General - 12,2019-20,17600.0
Rajkot Corporation,14668,SATYA PRAKASH MADHYAMIK SHALA,GSHSEB,Gujarati,General - 12,2020-21,13200.0
Rajkot Corporation,14668,SATYA PRAKASH MADHYAMIK SHALA,GSHSEB,Gujarati,General - 12,2021-22,20000.0
Rajkot Corporation,14668,SATYA PRAKASH MADHYAMIK SHALA,GSHSEB,Gujarati,General - 12,2022-23,25000.0
Rajkot Corporation,14668,SATYA PRAKASH MADHYAMIK SHALA,GSHSEB,Gujarati,General - 12,2023-24,27000.0
Rajkot Corporation,14668,SATYA PRAKASH MADHYAMIK SHALA,GSHSEB,Gujarati,General - 12,2024-25,28890.0
Rajkot Corporation,14668,SATYA PRAKASH MADHYAMIK SHALA,GSHSEB,Gujarati,General - 12,2025-26,30900.0
Rajkot Corporation,14605,SHAKTI HIGHER SECONDARY SCHOOL,GSHSEB,Gujarati,Science - 11,2019-20,55000.0
Rajkot Corporation,14605,SHAKTI HIGHER SECONDARY SCHOOL,GSHSEB,Gujarati,Science - 11,2020-21,41250.0
Rajkot Corporation,14605,SHAKTI HIGHER SECONDARY SCHOOL,GSHSEB,Gujarati,Science - 11,2021-22,60000.0
Rajkot Corporation,14605,SHAKTI HIGHER SECONDARY SCHOOL,GSHSEB,Gujarati,Science - 11,2022-23,64500.0
Rajkot Corporation,14605,SHAKTI HIGHER SECONDARY SCHOOL,GSHSEB,Gujarati,Science - 11,2023-24,69000.0
Rajkot Corporation,14605,SHAKTI HIGHER SECONDARY SCHOOL,GSHSEB,Gujarati,Science - 11,2024-25,83000.0
Rajkot Corporation,14605,SHAKTI HIGHER SECONDARY SCHOOL,GSHSEB,Gujarati,Science - 11,2025-26,87200.0
Rajkot Corporation,14605,SHAKTI HIGHER SECONDARY SCHOOL,GSHSEB,Gujarati,Science - 11,2026-27,91600.0
Rajkot Corporation,14605,SHAKTI HIGHER SECONDARY SCHOOL,GSHSEB,Gujarati,Science - 12,2019-20,55000.0
Rajkot Corporation,14605,SHAKTI HIGHER SECONDARY SCHOOL,GSHSEB,Gujarati,Science - 12,2020-21,41250.0
Rajkot Corporation,14605,SHAKTI HIGHER SECONDARY SCHOOL,GSHSEB,Gujarati,Science - 12,2021-22,60000.0
Rajkot Corporation,14605,SHAKTI HIGHER SECONDARY SCHOOL,GSHSEB,Gujarati,Science - 12,2022-23,64500.0
Rajkot Corporation,14605,SHAKTI HIGHER SECONDARY SCHOOL,GSHSEB,Gujarati,Science - 12,2023-24,69000.0
Rajkot Corporation,14605,SHAKTI HIGHER SECONDARY SCHOOL,GSHSEB,Gujarati,Science - 12,2024-25,83000.0
Rajkot Corporation,14605,SHAKTI HIGHER SECONDARY SCHOOL,GSHSEB,Gujarati,Science - 12,2025-26,87200.0
Rajkot Corporation,14605,SHAKTI HIGHER SECONDARY SCHOOL,GSHSEB,Gujarati,Science - 12,2026-27,91600.0
Rajkot Corporation,14605,SHAKTI HIGHER SECONDARY SCHOOL,GSHSEB,English,9,2019-20,35000.0
Rajkot Corporation,14605,SHAKTI HIGHER SECONDARY SCHOOL,GSHSEB,English,9,2020-21,26250.0
Rajkot Corporation,14605,SHAKTI HIGHER SECONDARY SCHOOL,GSHSEB,English,9,2021-22,38750.0
Rajkot Corporation,14605,SHAKTI HIGHER SECONDARY SCHOOL,GSHSEB,English,9,2022-23,41500.0
Rajkot Corporation,14605,SHAKTI HIGHER SECONDARY SCHOOL,GSHSEB,English,9,2023-24,44400.0
Rajkot Corporation,14605,SHAKTI HIGHER SECONDARY SCHOOL,GSHSEB,English,9,2024-25,50200.0
Rajkot Corporation,14605,SHAKTI HIGHER SECONDARY SCHOOL,GSHSEB,English,9,2025-26,52700.0
Rajkot Corporation,14605,SHAKTI HIGHER SECONDARY SCHOOL,GSHSEB,English,9,2026-27,55300.0
Rajkot Corporation,14605,SHAKTI HIGHER SECONDARY SCHOOL,GSHSEB,English,10,2019-20,35000.0
Rajkot Corporation,14605,SHAKTI HIGHER SECONDARY SCHOOL,GSHSEB,English,10,2020-21,26250.0
Rajkot Corporation,14605,SHAKTI HIGHER SECONDARY SCHOOL,GSHSEB,English,10,2021-22,38750.0
Rajkot Corporation,14605,SHAKTI HIGHER SECONDARY SCHOOL,GSHSEB,English,10,2022-23,41500.0
Rajkot Corporation,14605,SHAKTI HIGHER SECONDARY SCHOOL,GSHSEB,English,10,2023-24,44400.0
Rajkot Corporation,14605,SHAKTI HIGHER SECONDARY SCHOOL,GSHSEB,English,10,2024-25,50200.0
Rajkot Corporation,14605,SHAKTI HIGHER SECONDARY SCHOOL,GSHSEB,English,10,2025-26,52700.0
Rajkot Corporation,14605,SHAKTI HIGHER SECONDARY SCHOOL,GSHSEB,English,10,2026-27,55300.0
Rajkot Corporation,14605,SHAKTI HIGHER SECONDARY SCHOOL,GSHSEB,English,Science - 11,2019-20,60000.0
Rajkot Corporation,14605,SHAKTI HIGHER SECONDARY SCHOOL,GSHSEB,English,Science - 11,2020-21,45000.0
Rajkot Corporation,14605,SHAKTI HIGHER SECONDARY SCHOOL,GSHSEB,English,Science - 11,2021-22,70000.0
Rajkot Corporation,14605,SHAKTI HIGHER SECONDARY SCHOOL,GSHSEB,English,Science - 11,2022-23,74900.0
Rajkot Corporation,14605,SHAKTI HIGHER SECONDARY SCHOOL,GSHSEB,English,Science - 11,2023-24,80150.0
Rajkot Corporation,14605,SHAKTI HIGHER SECONDARY SCHOOL,GSHSEB,English,Science - 11,2024-25,95000.0
Rajkot Corporation,14605,SHAKTI HIGHER SECONDARY SCHOOL,GSHSEB,English,Science - 11,2025-26,99800.0
Rajkot Corporation,14605,SHAKTI HIGHER SECONDARY SCHOOL,GSHSEB,English,Science - 11,2026-27,104800.0
Rajkot Corporation,14605,SHAKTI HIGHER SECONDARY SCHOOL,GSHSEB,English,Science - 12,2019-20,60000.0
Rajkot Corporation,14605,SHAKTI HIGHER SECONDARY SCHOOL,GSHSEB,English,Science - 12,2020-21,45000.0
Rajkot Corporation,14605,SHAKTI HIGHER SECONDARY SCHOOL,GSHSEB,English,Science - 12,2021-22,70000.0
Rajkot Corporation,14605,SHAKTI HIGHER SECONDARY SCHOOL,GSHSEB,English,Science - 12,2022-23,74900.0
Rajkot Corporation,14605,SHAKTI HIGHER SECONDARY SCHOOL,GSHSEB,English,Science - 12,2023-24,80150.0
Rajkot Corporation,14605,SHAKTI HIGHER SECONDARY SCHOOL,GSHSEB,English,Science - 12,2024-25,95000.0
Rajkot Corporation,14605,SHAKTI HIGHER SECONDARY SCHOOL,GSHSEB,English,Science - 12,2025-26,99800.0
Rajkot Corporation,14605,SHAKTI HIGHER SECONDARY SCHOOL,GSHSEB,English,Science - 12,2026-27,104800.0
Rajkot Corporation,19851,SHREE BANSHIDHAR VIDHAYALAY(H.S.),GSHSEB,Gujarati,General - 11,2019-20,24000.0
Rajkot Corporation,19851,SHREE BANSHIDHAR VIDHAYALAY(H.S.),GSHSEB,Gujarati,General - 11,2020-21,18000.0
Rajkot Corporation,19851,SHREE BANSHIDHAR VIDHAYALAY(H.S.),GSHSEB,Gujarati,General - 11,2021-22,25000.0
Rajkot Corporation,19851,SHREE BANSHIDHAR VIDHAYALAY(H.S.),GSHSEB,Gujarati,General - 12,2019-20,24000.0
Rajkot Corporation,19851,SHREE BANSHIDHAR VIDHAYALAY(H.S.),GSHSEB,Gujarati,General - 12,2020-21,18000.0
Rajkot Corporation,19851,SHREE BANSHIDHAR VIDHAYALAY(H.S.),GSHSEB,Gujarati,General - 12,2021-22,25000.0
Rajkot Corporation,19830,SHREE KRISHNA HIGH SCHOOL,GSHSEB,Gujarati,JR. KG,2019-20,13000.0
Rajkot Corporation,19830,SHREE KRISHNA HIGH SCHOOL,GSHSEB,Gujarati,JR. KG,2020-21,9750.0
Rajkot Corporation,19830,SHREE KRISHNA HIGH SCHOOL,GSHSEB,Gujarati,JR. KG,2023-24,15000.0
Rajkot Corporation,19830,SHREE KRISHNA HIGH SCHOOL,GSHSEB,Gujarati,1,2019-20,13000.0
Rajkot Corporation,19830,SHREE KRISHNA HIGH SCHOOL,GSHSEB,Gujarati,1,2020-21,9750.0
Rajkot Corporation,19830,SHREE KRISHNA HIGH SCHOOL,GSHSEB,Gujarati,1,2023-24,15000.0
Rajkot Corporation,19830,SHREE KRISHNA HIGH SCHOOL,GSHSEB,Gujarati,2,2019-20,13000.0
Rajkot Corporation,19830,SHREE KRISHNA HIGH SCHOOL,GSHSEB,Gujarati,2,2020-21,9750.0
Rajkot Corporation,19830,SHREE KRISHNA HIGH SCHOOL,GSHSEB,Gujarati,2,2023-24,15000.0
Rajkot Corporation,19830,SHREE KRISHNA HIGH SCHOOL,GSHSEB,Gujarati,3,2019-20,13000.0
Rajkot Corporation,19830,SHREE KRISHNA HIGH SCHOOL,GSHSEB,Gujarati,3,2020-21,9750.0
Rajkot Corporation,19830,SHREE KRISHNA HIGH SCHOOL,GSHSEB,Gujarati,3,2023-24,15000.0
Rajkot Corporation,19830,SHREE KRISHNA HIGH SCHOOL,GSHSEB,Gujarati,4,2019-20,13000.0
Rajkot Corporation,19830,SHREE KRISHNA HIGH SCHOOL,GSHSEB,Gujarati,4,2020-21,9750.0
Rajkot Corporation,19830,SHREE KRISHNA HIGH SCHOOL,GSHSEB,Gujarati,4,2023-24,15000.0
Rajkot Corporation,19830,SHREE KRISHNA HIGH SCHOOL,GSHSEB,Gujarati,5,2019-20,15000.0
Rajkot Corporation,19830,SHREE KRISHNA HIGH SCHOOL,GSHSEB,Gujarati,5,2020-21,9750.0
Rajkot Corporation,19830,SHREE KRISHNA HIGH SCHOOL,GSHSEB,Gujarati,5,2023-24,15000.0
Rajkot Corporation,19830,SHREE KRISHNA HIGH SCHOOL,GSHSEB,Gujarati,6,2019-20,15000.0
Rajkot Corporation,19830,SHREE KRISHNA HIGH SCHOOL,GSHSEB,Gujarati,6,2020-21,11250.0
Rajkot Corporation,19830,SHREE KRISHNA HIGH SCHOOL,GSHSEB,Gujarati,6,2023-24,15000.0
Rajkot Corporation,19830,SHREE KRISHNA HIGH SCHOOL,GSHSEB,Gujarati,7,2019-20,15000.0
Rajkot Corporation,19830,SHREE KRISHNA HIGH SCHOOL,GSHSEB,Gujarati,7,2020-21,11250.0
Rajkot Corporation,19830,SHREE KRISHNA HIGH SCHOOL,GSHSEB,Gujarati,7,2023-24,15000.0
Rajkot Corporation,19830,SHREE KRISHNA HIGH SCHOOL,GSHSEB,Gujarati,8,2019-20,15000.0
Rajkot Corporation,19830,SHREE KRISHNA HIGH SCHOOL,GSHSEB,Gujarati,8,2020-21,11250.0
Rajkot Corporation,19830,SHREE KRISHNA HIGH SCHOOL,GSHSEB,Gujarati,8,2023-24,15000.0
Rajkot Corporation,19830,SHREE KRISHNA HIGH SCHOOL,GSHSEB,Gujarati,9,2019-20,17000.0
Rajkot Corporation,19830,SHREE KRISHNA HIGH SCHOOL,GSHSEB,Gujarati,9,2020-21,11250.0
Rajkot Corporation,19830,SHREE KRISHNA HIGH SCHOOL,GSHSEB,Gujarati,9,2021-22,17000.0
Rajkot Corporation,19830,SHREE KRISHNA HIGH SCHOOL,GSHSEB,Gujarati,9,2022-23,19000.0
Rajkot Corporation,19830,SHREE KRISHNA HIGH SCHOOL,GSHSEB,Gujarati,9,2023-24,21000.0
Rajkot Corporation,19830,SHREE KRISHNA HIGH SCHOOL,GSHSEB,Gujarati,9,2024-25,24000.0
Rajkot Corporation,19830,SHREE KRISHNA HIGH SCHOOL,GSHSEB,Gujarati,9,2025-26,25000.0
Rajkot Corporation,19830,SHREE KRISHNA HIGH SCHOOL,GSHSEB,Gujarati,10,2019-20,24000.0
Rajkot Corporation,19830,SHREE KRISHNA HIGH SCHOOL,GSHSEB,Gujarati,10,2020-21,18000.0
Rajkot Corporation,19830,SHREE KRISHNA HIGH SCHOOL,GSHSEB,Gujarati,10,2021-22,24000.0
Rajkot Corporation,19830,SHREE KRISHNA HIGH SCHOOL,GSHSEB,Gujarati,10,2022-23,25000.0
Rajkot Corporation,19830,SHREE KRISHNA HIGH SCHOOL,GSHSEB,Gujarati,10,2023-24,25000.0
Rajkot Corporation,19830,SHREE KRISHNA HIGH SCHOOL,GSHSEB,Gujarati,10,2025-26,25000.0
Rajkot Corporation,19830,SHREE KRISHNA HIGH SCHOOL,GSHSEB,Gujarati,General - 11,2019-20,17000.0
Rajkot Corporation,19830,SHREE KRISHNA HIGH SCHOOL,GSHSEB,Gujarati,General - 11,2020-21,12750.0
Rajkot Corporation,19830,SHREE KRISHNA HIGH SCHOOL,GSHSEB,Gujarati,General - 11,2023-24,21000.0
Rajkot Corporation,19830,SHREE KRISHNA HIGH SCHOOL,GSHSEB,Gujarati,General - 11,2024-25,24000.0
Rajkot Corporation,19830,SHREE KRISHNA HIGH SCHOOL,GSHSEB,Gujarati,General - 11,2025-26,25000.0
Rajkot Corporation,19830,SHREE KRISHNA HIGH SCHOOL,GSHSEB,Gujarati,SR. KG,2019-20,13000.0
Rajkot Corporation,19830,SHREE KRISHNA HIGH SCHOOL,GSHSEB,Gujarati,SR. KG,2020-21,9750.0
Rajkot Corporation,19830,SHREE KRISHNA HIGH SCHOOL,GSHSEB,Gujarati,SR. KG,2023-24,15000.0
Rajkot Corporation,13475,SHREE MODERN VIDYALAYA,GSHSEB,Gujarati,JR. KG,2022-23,8000.0
Rajkot Corporation,13475,SHREE MODERN VIDYALAYA,GSHSEB,Gujarati,JR. KG,2023-24,8800.0
Rajkot Corporation,13475,SHREE MODERN VIDYALAYA,GSHSEB,Gujarati,JR. KG,2025-26,11980.0
Rajkot Corporation,13475,SHREE MODERN VIDYALAYA,GSHSEB,Gujarati,1,2019-20,8250.0
Rajkot Corporation,13475,SHREE MODERN VIDYALAYA,GSHSEB,Gujarati,1,2020-21,6187.5
Rajkot Corporation,13475,SHREE MODERN VIDYALAYA,GSHSEB,Gujarati,1,2021-22,8900.0
Rajkot Corporation,13475,SHREE MODERN VIDYALAYA,GSHSEB,Gujarati,1,2022-23,9360.0
Rajkot Corporation,13475,SHREE MODERN VIDYALAYA,GSHSEB,Gujarati,1,2023-24,10300.0
Rajkot Corporation,13475,SHREE MODERN VIDYALAYA,GSHSEB,Gujarati,1,2025-26,12430.0
Rajkot Corporation,13475,SHREE MODERN VIDYALAYA,GSHSEB,Gujarati,2,2019-20,8250.0
Rajkot Corporation,13475,SHREE MODERN VIDYALAYA,GSHSEB,Gujarati,2,2020-21,6187.5
Rajkot Corporation,13475,SHREE MODERN VIDYALAYA,GSHSEB,Gujarati,2,2021-22,8900.0
Rajkot Corporation,13475,SHREE MODERN VIDYALAYA,GSHSEB,Gujarati,2,2022-23,9360.0
Rajkot Corporation,13475,SHREE MODERN VIDYALAYA,GSHSEB,Gujarati,2,2023-24,10300.0
Rajkot Corporation,13475,SHREE MODERN VIDYALAYA,GSHSEB,Gujarati,2,2025-26,12430.0
Rajkot Corporation,13475,SHREE MODERN VIDYALAYA,GSHSEB,Gujarati,3,2019-20,8250.0
Rajkot Corporation,13475,SHREE MODERN VIDYALAYA,GSHSEB,Gujarati,3,2020-21,6187.5
Rajkot Corporation,13475,SHREE MODERN VIDYALAYA,GSHSEB,Gujarati,3,2021-22,8900.0
Rajkot Corporation,13475,SHREE MODERN VIDYALAYA,GSHSEB,Gujarati,3,2022-23,9360.0
Rajkot Corporation,13475,SHREE MODERN VIDYALAYA,GSHSEB,Gujarati,3,2023-24,10300.0
Rajkot Corporation,13475,SHREE MODERN VIDYALAYA,GSHSEB,Gujarati,3,2025-26,12430.0
Rajkot Corporation,13475,SHREE MODERN VIDYALAYA,GSHSEB,Gujarati,4,2019-20,8250.0
Rajkot Corporation,13475,SHREE MODERN VIDYALAYA,GSHSEB,Gujarati,4,2020-21,6187.5
Rajkot Corporation,13475,SHREE MODERN VIDYALAYA,GSHSEB,Gujarati,4,2021-22,8900.0
Rajkot Corporation,13475,SHREE MODERN VIDYALAYA,GSHSEB,Gujarati,4,2022-23,9360.0
Rajkot Corporation,13475,SHREE MODERN VIDYALAYA,GSHSEB,Gujarati,4,2023-24,10300.0
Rajkot Corporation,13475,SHREE MODERN VIDYALAYA,GSHSEB,Gujarati,4,2025-26,12430.0
Rajkot Corporation,13475,SHREE MODERN VIDYALAYA,GSHSEB,Gujarati,5,2019-20,8250.0
Rajkot Corporation,13475,SHREE MODERN VIDYALAYA,GSHSEB,Gujarati,5,2020-21,6187.5
Rajkot Corporation,13475,SHREE MODERN VIDYALAYA,GSHSEB,Gujarati,5,2021-22,8900.0
Rajkot Corporation,13475,SHREE MODERN VIDYALAYA,GSHSEB,Gujarati,5,2022-23,9360.0
Rajkot Corporation,13475,SHREE MODERN VIDYALAYA,GSHSEB,Gujarati,5,2023-24,10300.0
Rajkot Corporation,13475,SHREE MODERN VIDYALAYA,GSHSEB,Gujarati,5,2025-26,12430.0
Rajkot Corporation,13475,SHREE MODERN VIDYALAYA,GSHSEB,Gujarati,6,2019-20,8250.0
Rajkot Corporation,13475,SHREE MODERN VIDYALAYA,GSHSEB,Gujarati,6,2020-21,6187.5
Rajkot Corporation,13475,SHREE MODERN VIDYALAYA,GSHSEB,Gujarati,6,2021-22,8900.0
Rajkot Corporation,13475,SHREE MODERN VIDYALAYA,GSHSEB,Gujarati,6,2022-23,9360.0
Rajkot Corporation,13475,SHREE MODERN VIDYALAYA,GSHSEB,Gujarati,6,2023-24,10300.0
Rajkot Corporation,13475,SHREE MODERN VIDYALAYA,GSHSEB,Gujarati,6,2025-26,12430.0
Rajkot Corporation,13475,SHREE MODERN VIDYALAYA,GSHSEB,Gujarati,7,2019-20,8250.0
Rajkot Corporation,13475,SHREE MODERN VIDYALAYA,GSHSEB,Gujarati,7,2020-21,6187.5
Rajkot Corporation,13475,SHREE MODERN VIDYALAYA,GSHSEB,Gujarati,7,2021-22,8900.0
Rajkot Corporation,13475,SHREE MODERN VIDYALAYA,GSHSEB,Gujarati,7,2022-23,9360.0
Rajkot Corporation,13475,SHREE MODERN VIDYALAYA,GSHSEB,Gujarati,7,2023-24,10300.0
Rajkot Corporation,13475,SHREE MODERN VIDYALAYA,GSHSEB,Gujarati,7,2025-26,12430.0
Rajkot Corporation,13475,SHREE MODERN VIDYALAYA,GSHSEB,Gujarati,8,2019-20,8250.0
Rajkot Corporation,13475,SHREE MODERN VIDYALAYA,GSHSEB,Gujarati,8,2020-21,6187.5
Rajkot Corporation,13475,SHREE MODERN VIDYALAYA,GSHSEB,Gujarati,8,2021-22,8900.0
Rajkot Corporation,13475,SHREE MODERN VIDYALAYA,GSHSEB,Gujarati,8,2022-23,9360.0
Rajkot Corporation,13475,SHREE MODERN VIDYALAYA,GSHSEB,Gujarati,8,2023-24,10300.0
Rajkot Corporation,13475,SHREE MODERN VIDYALAYA,GSHSEB,Gujarati,8,2025-26,12430.0
Rajkot Corporation,13475,SHREE MODERN VIDYALAYA,GSHSEB,Gujarati,SR. KG,2022-23,9000.0
Rajkot Corporation,13475,SHREE MODERN VIDYALAYA,GSHSEB,Gujarati,SR. KG,2023-24,9900.0
Rajkot Corporation,13475,SHREE MODERN VIDYALAYA,GSHSEB,Gujarati,SR. KG,2025-26,11980.0
Rajkot Corporation,13475,SHREE MODERN VIDYALAYA,GSHSEB,Gujarati,NUR,2025-26,10538.0
Rajkot Corporation,19602,SHREE NAVYUG HIGH SCHOOL,GSHSEB,Gujarati,9,2019-20,22350.0
Rajkot Corporation,19602,SHREE NAVYUG HIGH SCHOOL,GSHSEB,Gujarati,9,2020-21,16762.5
Rajkot Corporation,19602,SHREE NAVYUG HIGH SCHOOL,GSHSEB,Gujarati,9,2021-22,22350.0
Rajkot Corporation,19602,SHREE NAVYUG HIGH SCHOOL,GSHSEB,Gujarati,9,2022-23,23900.0
Rajkot Corporation,19602,SHREE NAVYUG HIGH SCHOOL,GSHSEB,Gujarati,9,2023-24,25900.0
Rajkot Corporation,19602,SHREE NAVYUG HIGH SCHOOL,GSHSEB,Gujarati,9,2024-25,29000.0
Rajkot Corporation,19602,SHREE NAVYUG HIGH SCHOOL,GSHSEB,Gujarati,9,2025-26,30500.0
Rajkot Corporation,19602,SHREE NAVYUG HIGH SCHOOL,GSHSEB,Gujarati,9,2026-27,32000.0
Rajkot Corporation,19602,SHREE NAVYUG HIGH SCHOOL,GSHSEB,Gujarati,10,2019-20,25000.0
Rajkot Corporation,19602,SHREE NAVYUG HIGH SCHOOL,GSHSEB,Gujarati,10,2020-21,16762.5
Rajkot Corporation,19602,SHREE NAVYUG HIGH SCHOOL,GSHSEB,Gujarati,10,2021-22,30000.0
Rajkot Corporation,19602,SHREE NAVYUG HIGH SCHOOL,GSHSEB,Gujarati,10,2022-23,30000.0
Rajkot Corporation,19602,SHREE NAVYUG HIGH SCHOOL,GSHSEB,Gujarati,10,2023-24,30000.0
Rajkot Corporation,19602,SHREE NAVYUG HIGH SCHOOL,GSHSEB,Gujarati,10,2024-25,34000.0
Rajkot Corporation,19602,SHREE NAVYUG HIGH SCHOOL,GSHSEB,Gujarati,10,2025-26,35700.0
Rajkot Corporation,19602,SHREE NAVYUG HIGH SCHOOL,GSHSEB,Gujarati,10,2026-27,37500.0
Rajkot Corporation,19602,SHREE NAVYUG HIGH SCHOOL,GSHSEB,Gujarati,General - 11,2019-20,25000.0
Rajkot Corporation,19602,SHREE NAVYUG HIGH SCHOOL,GSHSEB,Gujarati,General - 11,2020-21,16762.5
Rajkot Corporation,19602,SHREE NAVYUG HIGH SCHOOL,GSHSEB,Gujarati,General - 11,2021-22,30000.0
Rajkot Corporation,19602,SHREE NAVYUG HIGH SCHOOL,GSHSEB,Gujarati,General - 11,2022-23,30000.0
Rajkot Corporation,19602,SHREE NAVYUG HIGH SCHOOL,GSHSEB,Gujarati,General - 11,2023-24,30000.0
Rajkot Corporation,19602,SHREE NAVYUG HIGH SCHOOL,GSHSEB,Gujarati,General - 11,2024-25,34000.0
Rajkot Corporation,19602,SHREE NAVYUG HIGH SCHOOL,GSHSEB,Gujarati,General - 11,2025-26,35700.0
Rajkot Corporation,19602,SHREE NAVYUG HIGH SCHOOL,GSHSEB,Gujarati,General - 11,2026-27,37500.0
Rajkot Corporation,19602,SHREE NAVYUG HIGH SCHOOL,GSHSEB,Gujarati,General - 12,2019-20,25000.0
Rajkot Corporation,19602,SHREE NAVYUG HIGH SCHOOL,GSHSEB,Gujarati,General - 12,2020-21,18750.0
Rajkot Corporation,19602,SHREE NAVYUG HIGH SCHOOL,GSHSEB,Gujarati,General - 12,2021-22,30000.0
Rajkot Corporation,19602,SHREE NAVYUG HIGH SCHOOL,GSHSEB,Gujarati,General - 12,2022-23,30000.0
Rajkot Corporation,19602,SHREE NAVYUG HIGH SCHOOL,GSHSEB,Gujarati,General - 12,2023-24,30000.0
Rajkot Corporation,19602,SHREE NAVYUG HIGH SCHOOL,GSHSEB,Gujarati,General - 12,2024-25,34000.0
Rajkot Corporation,19602,SHREE NAVYUG HIGH SCHOOL,GSHSEB,Gujarati,General - 12,2025-26,35700.0
Rajkot Corporation,19602,SHREE NAVYUG HIGH SCHOOL,GSHSEB,Gujarati,General - 12,2026-27,37500.0
Rajkot Corporation,16981,SHREE NILKANTH MADHYAMIK SHALA,GSHSEB,Gujarati,9,2019-20,7700.0
Rajkot Corporation,16981,SHREE NILKANTH MADHYAMIK SHALA,GSHSEB,Gujarati,9,2020-21,5775.0
Rajkot Corporation,16981,SHREE NILKANTH MADHYAMIK SHALA,GSHSEB,Gujarati,9,2021-22,9000.0
Rajkot Corporation,16981,SHREE NILKANTH MADHYAMIK SHALA,GSHSEB,Gujarati,9,2022-23,10800.0
Rajkot Corporation,16981,SHREE NILKANTH MADHYAMIK SHALA,GSHSEB,Gujarati,9,2023-24,12960.0
Rajkot Corporation,16981,SHREE NILKANTH MADHYAMIK SHALA,GSHSEB,Gujarati,9,2024-25,15552.0
Rajkot Corporation,16981,SHREE NILKANTH MADHYAMIK SHALA,GSHSEB,Gujarati,9,2025-26,18662.0
Rajkot Corporation,16981,SHREE NILKANTH MADHYAMIK SHALA,GSHSEB,Gujarati,10,2019-20,10000.0
Rajkot Corporation,16981,SHREE NILKANTH MADHYAMIK SHALA,GSHSEB,Gujarati,10,2020-21,7500.0
Rajkot Corporation,16981,SHREE NILKANTH MADHYAMIK SHALA,GSHSEB,Gujarati,10,2021-22,11500.0
Rajkot Corporation,16981,SHREE NILKANTH MADHYAMIK SHALA,GSHSEB,Gujarati,10,2022-23,13800.0
Rajkot Corporation,16981,SHREE NILKANTH MADHYAMIK SHALA,GSHSEB,Gujarati,10,2023-24,16560.0
Rajkot Corporation,16981,SHREE NILKANTH MADHYAMIK SHALA,GSHSEB,Gujarati,10,2024-25,19872.0
Rajkot Corporation,16981,SHREE NILKANTH MADHYAMIK SHALA,GSHSEB,Gujarati,10,2025-26,23850.0
Rajkot Corporation,16981,SHREE NILKANTH MADHYAMIK SHALA,GSHSEB,Gujarati,General - 11,2019-20,11000.0
Rajkot Corporation,16981,SHREE NILKANTH MADHYAMIK SHALA,GSHSEB,Gujarati,General - 11,2020-21,8250.0
Rajkot Corporation,16981,SHREE NILKANTH MADHYAMIK SHALA,GSHSEB,Gujarati,General - 11,2021-22,12700.0
Rajkot Corporation,16981,SHREE NILKANTH MADHYAMIK SHALA,GSHSEB,Gujarati,General - 11,2022-23,15240.0
Rajkot Corporation,16981,SHREE NILKANTH MADHYAMIK SHALA,GSHSEB,Gujarati,General - 11,2023-24,18285.0
Rajkot Corporation,16981,SHREE NILKANTH MADHYAMIK SHALA,GSHSEB,Gujarati,General - 11,2024-25,21945.0
Rajkot Corporation,16981,SHREE NILKANTH MADHYAMIK SHALA,GSHSEB,Gujarati,General - 11,2025-26,25000.0
Rajkot Corporation,16981,SHREE NILKANTH MADHYAMIK SHALA,GSHSEB,Gujarati,General - 12,2019-20,11000.0
Rajkot Corporation,16981,SHREE NILKANTH MADHYAMIK SHALA,GSHSEB,Gujarati,General - 12,2020-21,8250.0
Rajkot Corporation,16981,SHREE NILKANTH MADHYAMIK SHALA,GSHSEB,Gujarati,General - 12,2021-22,12700.0
Rajkot Corporation,16981,SHREE NILKANTH MADHYAMIK SHALA,GSHSEB,Gujarati,General - 12,2022-23,15240.0
Rajkot Corporation,16981,SHREE NILKANTH MADHYAMIK SHALA,GSHSEB,Gujarati,General - 12,2023-24,18285.0
Rajkot Corporation,16981,SHREE NILKANTH MADHYAMIK SHALA,GSHSEB,Gujarati,General - 12,2024-25,21945.0
Rajkot Corporation,16981,SHREE NILKANTH MADHYAMIK SHALA,GSHSEB,Gujarati,General - 12,2025-26,25000.0
Rajkot Corporation,13793,SHREE P V MODI HIGH SCHOOL (ENG. MED.),GSHSEB,English,9,2019-20,42750.0
Rajkot Corporation,13793,SHREE P V MODI HIGH SCHOOL (ENG. MED.),GSHSEB,English,9,2020-21,32062.5
Rajkot Corporation,13793,SHREE P V MODI HIGH SCHOOL (ENG. MED.),GSHSEB,English,9,2021-22,48450.0
Rajkot Corporation,13793,SHREE P V MODI HIGH SCHOOL (ENG. MED.),GSHSEB,English,9,2022-23,52430.0
Rajkot Corporation,13793,SHREE P V MODI HIGH SCHOOL (ENG. MED.),GSHSEB,English,9,2023-24,57675.0
Rajkot Corporation,13793,SHREE P V MODI HIGH SCHOOL (ENG. MED.),GSHSEB,English,9,2024-25,61710.0
Rajkot Corporation,13793,SHREE P V MODI HIGH SCHOOL (ENG. MED.),GSHSEB,English,9,2025-26,66030.0
Rajkot Corporation,13793,SHREE P V MODI HIGH SCHOOL (ENG. MED.),GSHSEB,English,9,2026-27,66000.0
Rajkot Corporation,13793,SHREE P V MODI HIGH SCHOOL (ENG. MED.),GSHSEB,English,10,2019-20,47650.0
Rajkot Corporation,13793,SHREE P V MODI HIGH SCHOOL (ENG. MED.),GSHSEB,English,10,2020-21,35737.5
Rajkot Corporation,13793,SHREE P V MODI HIGH SCHOOL (ENG. MED.),GSHSEB,English,10,2021-22,54100.0
Rajkot Corporation,13793,SHREE P V MODI HIGH SCHOOL (ENG. MED.),GSHSEB,English,10,2022-23,58475.0
Rajkot Corporation,13793,SHREE P V MODI HIGH SCHOOL (ENG. MED.),GSHSEB,English,10,2023-24,64320.0
Rajkot Corporation,13793,SHREE P V MODI HIGH SCHOOL (ENG. MED.),GSHSEB,English,10,2024-25,68825.0
Rajkot Corporation,13793,SHREE P V MODI HIGH SCHOOL (ENG. MED.),GSHSEB,English,10,2025-26,73645.0
Rajkot Corporation,13793,SHREE P V MODI HIGH SCHOOL (ENG. MED.),GSHSEB,English,10,2026-27,73600.0
Rajkot Corporation,13786,SHREE P V MODI HIGH SCHOOL (GUJ. MED.),GSHSEB,Gujarati,9,2019-20,30900.0
Rajkot Corporation,13786,SHREE P V MODI HIGH SCHOOL (GUJ. MED.),GSHSEB,Gujarati,9,2020-21,23175.0
Rajkot Corporation,13786,SHREE P V MODI HIGH SCHOOL (GUJ. MED.),GSHSEB,Gujarati,9,2021-22,38100.0
Rajkot Corporation,13786,SHREE P V MODI HIGH SCHOOL (GUJ. MED.),GSHSEB,Gujarati,9,2022-23,41360.0
Rajkot Corporation,13786,SHREE P V MODI HIGH SCHOOL (GUJ. MED.),GSHSEB,Gujarati,9,2023-24,45500.0
Rajkot Corporation,13786,SHREE P V MODI HIGH SCHOOL (GUJ. MED.),GSHSEB,Gujarati,9,2024-25,48700.0
Rajkot Corporation,13786,SHREE P V MODI HIGH SCHOOL (GUJ. MED.),GSHSEB,Gujarati,9,2025-26,52090.0
Rajkot Corporation,13786,SHREE P V MODI HIGH SCHOOL (GUJ. MED.),GSHSEB,Gujarati,9,2026-27,54700.0
Rajkot Corporation,13786,SHREE P V MODI HIGH SCHOOL (GUJ. MED.),GSHSEB,Gujarati,10,2019-20,36000.0
Rajkot Corporation,13786,SHREE P V MODI HIGH SCHOOL (GUJ. MED.),GSHSEB,Gujarati,10,2020-21,27000.0
Rajkot Corporation,13786,SHREE P V MODI HIGH SCHOOL (GUJ. MED.),GSHSEB,Gujarati,10,2021-22,44350.0
Rajkot Corporation,13786,SHREE P V MODI HIGH SCHOOL (GUJ. MED.),GSHSEB,Gujarati,10,2022-23,48050.0
Rajkot Corporation,13786,SHREE P V MODI HIGH SCHOOL (GUJ. MED.),GSHSEB,Gujarati,10,2023-24,52900.0
Rajkot Corporation,13786,SHREE P V MODI HIGH SCHOOL (GUJ. MED.),GSHSEB,Gujarati,10,2024-25,56550.0
Rajkot Corporation,13786,SHREE P V MODI HIGH SCHOOL (GUJ. MED.),GSHSEB,Gujarati,10,2025-26,60510.0
Rajkot Corporation,13786,SHREE P V MODI HIGH SCHOOL (GUJ. MED.),GSHSEB,Gujarati,10,2026-27,63500.0
Rajkot Corporation,13829,SHREE P. V. MODI HIGH SCHOOL (SCI.ENG.),GSHSEB,English,Science - 11,2019-20,100000.0
Rajkot Corporation,13829,SHREE P. V. MODI HIGH SCHOOL (SCI.ENG.),GSHSEB,English,Science - 11,2020-21,75000.0
Rajkot Corporation,13829,SHREE P. V. MODI HIGH SCHOOL (SCI.ENG.),GSHSEB,English,Science - 11,2021-22,81700.0
Rajkot Corporation,13829,SHREE P. V. MODI HIGH SCHOOL (SCI.ENG.),GSHSEB,English,Science - 11,2022-23,88700.0
Rajkot Corporation,13829,SHREE P. V. MODI HIGH SCHOOL (SCI.ENG.),GSHSEB,English,Science - 11,2023-24,97550.0
Rajkot Corporation,13829,SHREE P. V. MODI HIGH SCHOOL (SCI.ENG.),GSHSEB,English,Science - 11,2024-25,104380.0
Rajkot Corporation,13829,SHREE P. V. MODI HIGH SCHOOL (SCI.ENG.),GSHSEB,English,Science - 11,2025-26,111700.0
Rajkot Corporation,13829,SHREE P. V. MODI HIGH SCHOOL (SCI.ENG.),GSHSEB,English,Science - 11,2026-27,111700.0
Rajkot Corporation,13829,SHREE P. V. MODI HIGH SCHOOL (SCI.ENG.),GSHSEB,English,Science - 12,2019-20,91750.0
Rajkot Corporation,13829,SHREE P. V. MODI HIGH SCHOOL (SCI.ENG.),GSHSEB,English,Science - 12,2020-21,73312.0
Rajkot Corporation,13829,SHREE P. V. MODI HIGH SCHOOL (SCI.ENG.),GSHSEB,English,Science - 12,2021-22,75000.0
Rajkot Corporation,13829,SHREE P. V. MODI HIGH SCHOOL (SCI.ENG.),GSHSEB,English,Science - 12,2022-23,81540.0
Rajkot Corporation,13829,SHREE P. V. MODI HIGH SCHOOL (SCI.ENG.),GSHSEB,English,Science - 12,2023-24,90550.0
Rajkot Corporation,13829,SHREE P. V. MODI HIGH SCHOOL (SCI.ENG.),GSHSEB,English,Science - 12,2024-25,96900.0
Rajkot Corporation,13829,SHREE P. V. MODI HIGH SCHOOL (SCI.ENG.),GSHSEB,English,Science - 12,2025-26,103700.0
Rajkot Corporation,13829,SHREE P. V. MODI HIGH SCHOOL (SCI.ENG.),GSHSEB,English,Science - 12,2026-27,103700.0
Rajkot Corporation,13824,SHREE P. V. MODI HIGH SCHOOL (SCI.GUJ),GSHSEB,Gujarati,Science - 11,2019-20,87200.0
Rajkot Corporation,13824,SHREE P. V. MODI HIGH SCHOOL (SCI.GUJ),GSHSEB,Gujarati,Science - 11,2020-21,65400.0
Rajkot Corporation,13824,SHREE P. V. MODI HIGH SCHOOL (SCI.GUJ),GSHSEB,Gujarati,Science - 11,2021-22,65300.0
Rajkot Corporation,13824,SHREE P. V. MODI HIGH SCHOOL (SCI.GUJ),GSHSEB,Gujarati,Science - 11,2022-23,71800.0
Rajkot Corporation,13824,SHREE P. V. MODI HIGH SCHOOL (SCI.GUJ),GSHSEB,Gujarati,Science - 11,2023-24,78980.0
Rajkot Corporation,13824,SHREE P. V. MODI HIGH SCHOOL (SCI.GUJ),GSHSEB,Gujarati,Science - 11,2024-25,84500.0
Rajkot Corporation,13824,SHREE P. V. MODI HIGH SCHOOL (SCI.GUJ),GSHSEB,Gujarati,Science - 11,2025-26,90425.0
Rajkot Corporation,13824,SHREE P. V. MODI HIGH SCHOOL (SCI.GUJ),GSHSEB,Gujarati,Science - 11,2026-27,90400.0
Rajkot Corporation,13824,SHREE P. V. MODI HIGH SCHOOL (SCI.GUJ),GSHSEB,Gujarati,Science - 12,2019-20,86000.0
Rajkot Corporation,13824,SHREE P. V. MODI HIGH SCHOOL (SCI.GUJ),GSHSEB,Gujarati,Science - 12,2020-21,64500.0
Rajkot Corporation,13824,SHREE P. V. MODI HIGH SCHOOL (SCI.GUJ),GSHSEB,Gujarati,Science - 12,2021-22,64400.0
Rajkot Corporation,13824,SHREE P. V. MODI HIGH SCHOOL (SCI.GUJ),GSHSEB,Gujarati,Science - 12,2022-23,78850.0
Rajkot Corporation,13824,SHREE P. V. MODI HIGH SCHOOL (SCI.GUJ),GSHSEB,Gujarati,Science - 12,2023-24,86735.0
Rajkot Corporation,13824,SHREE P. V. MODI HIGH SCHOOL (SCI.GUJ),GSHSEB,Gujarati,Science - 12,2024-25,92800.0
Rajkot Corporation,13824,SHREE P. V. MODI HIGH SCHOOL (SCI.GUJ),GSHSEB,Gujarati,Science - 12,2025-26,99300.0
Rajkot Corporation,13824,SHREE P. V. MODI HIGH SCHOOL (SCI.GUJ),GSHSEB,Gujarati,Science - 12,2026-27,99300.0
Rajkot Corporation,16812,SHREE SARSWATI MADHYAMIK SHALA,GSHSEB,Gujarati,9,2019-20,14000.0
Rajkot Corporation,16812,SHREE SARSWATI MADHYAMIK SHALA,GSHSEB,Gujarati,9,2020-21,10500.0
Rajkot Corporation,16812,SHREE SARSWATI MADHYAMIK SHALA,GSHSEB,Gujarati,9,2021-22,14000.0
Rajkot Corporation,16812,SHREE SARSWATI MADHYAMIK SHALA,GSHSEB,Gujarati,9,2022-23,15400.0
Rajkot Corporation,16812,SHREE SARSWATI MADHYAMIK SHALA,GSHSEB,Gujarati,9,2023-24,16170.0
Rajkot Corporation,16812,SHREE SARSWATI MADHYAMIK SHALA,GSHSEB,Gujarati,9,2024-25,16170.0
Rajkot Corporation,16812,SHREE SARSWATI MADHYAMIK SHALA,GSHSEB,Gujarati,10,2019-20,18000.0
Rajkot Corporation,16812,SHREE SARSWATI MADHYAMIK SHALA,GSHSEB,Gujarati,10,2020-21,13500.0
Rajkot Corporation,16812,SHREE SARSWATI MADHYAMIK SHALA,GSHSEB,Gujarati,10,2021-22,14000.0
Rajkot Corporation,16812,SHREE SARSWATI MADHYAMIK SHALA,GSHSEB,Gujarati,10,2022-23,15400.0
Rajkot Corporation,16812,SHREE SARSWATI MADHYAMIK SHALA,GSHSEB,Gujarati,10,2023-24,16170.0
Rajkot Corporation,16812,SHREE SARSWATI MADHYAMIK SHALA,GSHSEB,Gujarati,10,2024-25,16170.0
Rajkot Corporation,15308,SHREE SHRADDHA MADHYAMIK VIDYALAYA,GSHSEB,Gujarati,9,2021-22,12700.0
Rajkot Corporation,15308,SHREE SHRADDHA MADHYAMIK VIDYALAYA,GSHSEB,Gujarati,9,2022-23,14300.0
Rajkot Corporation,15308,SHREE SHRADDHA MADHYAMIK VIDYALAYA,GSHSEB,Gujarati,9,2023-24,15800.0
Rajkot Corporation,15308,SHREE SHRADDHA MADHYAMIK VIDYALAYA,GSHSEB,Gujarati,9,2024-25,17350.0
Rajkot Corporation,15308,SHREE SHRADDHA MADHYAMIK VIDYALAYA,GSHSEB,Gujarati,9,2025-26,18200.0
Rajkot Corporation,15308,SHREE SHRADDHA MADHYAMIK VIDYALAYA,GSHSEB,Gujarati,9,2026-27,19100.0
Rajkot Corporation,15308,SHREE SHRADDHA MADHYAMIK VIDYALAYA,GSHSEB,Gujarati,10,2021-22,20000.0
Rajkot Corporation,15308,SHREE SHRADDHA MADHYAMIK VIDYALAYA,GSHSEB,Gujarati,10,2022-23,22500.0
Rajkot Corporation,15308,SHREE SHRADDHA MADHYAMIK VIDYALAYA,GSHSEB,Gujarati,10,2023-24,24800.0
Rajkot Corporation,15308,SHREE SHRADDHA MADHYAMIK VIDYALAYA,GSHSEB,Gujarati,10,2024-25,27250.0
Rajkot Corporation,15308,SHREE SHRADDHA MADHYAMIK VIDYALAYA,GSHSEB,Gujarati,10,2025-26,28600.0
Rajkot Corporation,15308,SHREE SHRADDHA MADHYAMIK VIDYALAYA,GSHSEB,Gujarati,10,2026-27,30000.0
Rajkot Corporation,15308,SHREE SHRADDHA MADHYAMIK VIDYALAYA,GSHSEB,Gujarati,General - 11,2021-22,20000.0
Rajkot Corporation,15308,SHREE SHRADDHA MADHYAMIK VIDYALAYA,GSHSEB,Gujarati,General - 11,2022-23,22500.0
Rajkot Corporation,15308,SHREE SHRADDHA MADHYAMIK VIDYALAYA,GSHSEB,Gujarati,General - 11,2023-24,24800.0
Rajkot Corporation,15308,SHREE SHRADDHA MADHYAMIK VIDYALAYA,GSHSEB,Gujarati,General - 11,2024-25,27250.0
Rajkot Corporation,15308,SHREE SHRADDHA MADHYAMIK VIDYALAYA,GSHSEB,Gujarati,General - 11,2025-26,28600.0
Rajkot Corporation,15308,SHREE SHRADDHA MADHYAMIK VIDYALAYA,GSHSEB,Gujarati,General - 11,2026-27,30000.0
Rajkot Corporation,15308,SHREE SHRADDHA MADHYAMIK VIDYALAYA,GSHSEB,Gujarati,General - 12,2021-22,20000.0
Rajkot Corporation,15308,SHREE SHRADDHA MADHYAMIK VIDYALAYA,GSHSEB,Gujarati,General - 12,2022-23,22500.0
Rajkot Corporation,15308,SHREE SHRADDHA MADHYAMIK VIDYALAYA,GSHSEB,Gujarati,General - 12,2023-24,24800.0
Rajkot Corporation,15308,SHREE SHRADDHA MADHYAMIK VIDYALAYA,GSHSEB,Gujarati,General - 12,2024-25,27250.0
Rajkot Corporation,15308,SHREE SHRADDHA MADHYAMIK VIDYALAYA,GSHSEB,Gujarati,General - 12,2025-26,28600.0
Rajkot Corporation,15308,SHREE SHRADDHA MADHYAMIK VIDYALAYA,GSHSEB,Gujarati,General - 12,2026-27,30000.0
Rajkot Corporation,19912,SHREE SWAMINARAYAN GURUKUL,GSHSEB,Gujarati,9,2019-20,17000.0
Rajkot Corporation,19912,SHREE SWAMINARAYAN GURUKUL,GSHSEB,Gujarati,9,2020-21,12750.0
Rajkot Corporation,19912,SHREE SWAMINARAYAN GURUKUL,GSHSEB,Gujarati,9,2021-22,17000.0
Rajkot Corporation,19912,SHREE SWAMINARAYAN GURUKUL,GSHSEB,Gujarati,9,2022-23,19500.0
Rajkot Corporation,19912,SHREE SWAMINARAYAN GURUKUL,GSHSEB,Gujarati,9,2023-24,19500.0
Rajkot Corporation,19912,SHREE SWAMINARAYAN GURUKUL,GSHSEB,Gujarati,9,2024-25,28000.0
Rajkot Corporation,19912,SHREE SWAMINARAYAN GURUKUL,GSHSEB,Gujarati,9,2025-26,29500.0
Rajkot Corporation,19912,SHREE SWAMINARAYAN GURUKUL,GSHSEB,Gujarati,9,2026-27,31000.0
Rajkot Corporation,19912,SHREE SWAMINARAYAN GURUKUL,GSHSEB,Gujarati,10,2019-20,19250.0
Rajkot Corporation,19912,SHREE SWAMINARAYAN GURUKUL,GSHSEB,Gujarati,10,2020-21,14437.5
Rajkot Corporation,19912,SHREE SWAMINARAYAN GURUKUL,GSHSEB,Gujarati,10,2021-22,19250.0
Rajkot Corporation,19912,SHREE SWAMINARAYAN GURUKUL,GSHSEB,Gujarati,10,2022-23,22000.0
Rajkot Corporation,19912,SHREE SWAMINARAYAN GURUKUL,GSHSEB,Gujarati,10,2023-24,19500.0
Rajkot Corporation,19912,SHREE SWAMINARAYAN GURUKUL,GSHSEB,Gujarati,10,2024-25,32000.0
Rajkot Corporation,19912,SHREE SWAMINARAYAN GURUKUL,GSHSEB,Gujarati,10,2025-26,33500.0
Rajkot Corporation,19912,SHREE SWAMINARAYAN GURUKUL,GSHSEB,Gujarati,10,2026-27,35500.0
Rajkot Corporation,13726,SHREE SWAMINARAYAN GURUKUL VIDYALAYA,GSHSEB,Gujarati,General - 11,2019-20,22000.0
Rajkot Corporation,13726,SHREE SWAMINARAYAN GURUKUL VIDYALAYA,GSHSEB,Gujarati,General - 11,2020-21,16500.0
Rajkot Corporation,13726,SHREE SWAMINARAYAN GURUKUL VIDYALAYA,GSHSEB,Gujarati,General - 11,2021-22,24200.0
Rajkot Corporation,13726,SHREE SWAMINARAYAN GURUKUL VIDYALAYA,GSHSEB,Gujarati,General - 11,2022-23,28000.0
Rajkot Corporation,13726,SHREE SWAMINARAYAN GURUKUL VIDYALAYA,GSHSEB,Gujarati,General - 11,2023-24,29960.0
Rajkot Corporation,13726,SHREE SWAMINARAYAN GURUKUL VIDYALAYA,GSHSEB,Gujarati,General - 11,2024-25,32050.0
Rajkot Corporation,13726,SHREE SWAMINARAYAN GURUKUL VIDYALAYA,GSHSEB,Gujarati,General - 11,2025-26,33000.0
Rajkot Corporation,13726,SHREE SWAMINARAYAN GURUKUL VIDYALAYA,GSHSEB,Gujarati,General - 11,2026-27,34000.0
Rajkot Corporation,13726,SHREE SWAMINARAYAN GURUKUL VIDYALAYA,GSHSEB,Gujarati,General - 12,2019-20,22000.0
Rajkot Corporation,13726,SHREE SWAMINARAYAN GURUKUL VIDYALAYA,GSHSEB,Gujarati,General - 12,2020-21,16500.0
Rajkot Corporation,13726,SHREE SWAMINARAYAN GURUKUL VIDYALAYA,GSHSEB,Gujarati,General - 12,2021-22,24200.0
Rajkot Corporation,13726,SHREE SWAMINARAYAN GURUKUL VIDYALAYA,GSHSEB,Gujarati,General - 12,2022-23,28000.0
Rajkot Corporation,13726,SHREE SWAMINARAYAN GURUKUL VIDYALAYA,GSHSEB,Gujarati,General - 12,2023-24,29960.0
Rajkot Corporation,13726,SHREE SWAMINARAYAN GURUKUL VIDYALAYA,GSHSEB,Gujarati,General - 12,2024-25,32050.0
Rajkot Corporation,13726,SHREE SWAMINARAYAN GURUKUL VIDYALAYA,GSHSEB,Gujarati,General - 12,2025-26,33000.0
Rajkot Corporation,13726,SHREE SWAMINARAYAN GURUKUL VIDYALAYA,GSHSEB,Gujarati,General - 12,2026-27,34000.0
Rajkot Corporation,13726,SHREE SWAMINARAYAN GURUKUL VIDYALAYA,GSHSEB,Gujarati,Science - 11,2019-20,30000.0
Rajkot Corporation,13726,SHREE SWAMINARAYAN GURUKUL VIDYALAYA,GSHSEB,Gujarati,Science - 11,2020-21,22500.0
Rajkot Corporation,13726,SHREE SWAMINARAYAN GURUKUL VIDYALAYA,GSHSEB,Gujarati,Science - 11,2021-22,30000.0
Rajkot Corporation,13726,SHREE SWAMINARAYAN GURUKUL VIDYALAYA,GSHSEB,Gujarati,Science - 11,2022-23,34000.0
Rajkot Corporation,13726,SHREE SWAMINARAYAN GURUKUL VIDYALAYA,GSHSEB,Gujarati,Science - 11,2023-24,36400.0
Rajkot Corporation,13726,SHREE SWAMINARAYAN GURUKUL VIDYALAYA,GSHSEB,Gujarati,Science - 11,2024-25,38950.0
Rajkot Corporation,13726,SHREE SWAMINARAYAN GURUKUL VIDYALAYA,GSHSEB,Gujarati,Science - 11,2025-26,40100.0
Rajkot Corporation,13726,SHREE SWAMINARAYAN GURUKUL VIDYALAYA,GSHSEB,Gujarati,Science - 11,2026-27,41300.0
Rajkot Corporation,13726,SHREE SWAMINARAYAN GURUKUL VIDYALAYA,GSHSEB,Gujarati,Science - 12,2019-20,30000.0
Rajkot Corporation,13726,SHREE SWAMINARAYAN GURUKUL VIDYALAYA,GSHSEB,Gujarati,Science - 12,2020-21,22500.0
Rajkot Corporation,13726,SHREE SWAMINARAYAN GURUKUL VIDYALAYA,GSHSEB,Gujarati,Science - 12,2021-22,30000.0
Rajkot Corporation,13726,SHREE SWAMINARAYAN GURUKUL VIDYALAYA,GSHSEB,Gujarati,Science - 12,2022-23,34000.0
Rajkot Corporation,13726,SHREE SWAMINARAYAN GURUKUL VIDYALAYA,GSHSEB,Gujarati,Science - 12,2023-24,36400.0
Rajkot Corporation,13726,SHREE SWAMINARAYAN GURUKUL VIDYALAYA,GSHSEB,Gujarati,Science - 12,2024-25,38950.0
Rajkot Corporation,13726,SHREE SWAMINARAYAN GURUKUL VIDYALAYA,GSHSEB,Gujarati,Science - 12,2025-26,40100.0
Rajkot Corporation,13726,SHREE SWAMINARAYAN GURUKUL VIDYALAYA,GSHSEB,Gujarati,Science - 12,2026-27,41300.0
Rajkot Corporation,19913,SHREE UDGAM SCHOOL,GSHSEB,Gujarati,JR. KG,2019-20,16000.0
Rajkot Corporation,19913,SHREE UDGAM SCHOOL,GSHSEB,Gujarati,JR. KG,2020-21,12000.0
Rajkot Corporation,19913,SHREE UDGAM SCHOOL,GSHSEB,Gujarati,JR. KG,2021-22,18700.0
Rajkot Corporation,19913,SHREE UDGAM SCHOOL,GSHSEB,Gujarati,JR. KG,2022-23,20010.0
Rajkot Corporation,19913,SHREE UDGAM SCHOOL,GSHSEB,Gujarati,JR. KG,2023-24,21410.0
Rajkot Corporation,19913,SHREE UDGAM SCHOOL,GSHSEB,Gujarati,1,2019-20,18000.0
Rajkot Corporation,19913,SHREE UDGAM SCHOOL,GSHSEB,Gujarati,1,2020-21,13500.0
Rajkot Corporation,19913,SHREE UDGAM SCHOOL,GSHSEB,Gujarati,1,2021-22,21400.0
Rajkot Corporation,19913,SHREE UDGAM SCHOOL,GSHSEB,Gujarati,1,2022-23,22900.0
Rajkot Corporation,19913,SHREE UDGAM SCHOOL,GSHSEB,Gujarati,1,2023-24,24510.0
Rajkot Corporation,19913,SHREE UDGAM SCHOOL,GSHSEB,Gujarati,2,2019-20,18000.0
Rajkot Corporation,19913,SHREE UDGAM SCHOOL,GSHSEB,Gujarati,2,2020-21,13500.0
Rajkot Corporation,19913,SHREE UDGAM SCHOOL,GSHSEB,Gujarati,2,2021-22,21400.0
Rajkot Corporation,19913,SHREE UDGAM SCHOOL,GSHSEB,Gujarati,2,2022-23,22900.0
Rajkot Corporation,19913,SHREE UDGAM SCHOOL,GSHSEB,Gujarati,2,2023-24,24510.0
Rajkot Corporation,19913,SHREE UDGAM SCHOOL,GSHSEB,Gujarati,3,2019-20,18000.0
Rajkot Corporation,19913,SHREE UDGAM SCHOOL,GSHSEB,Gujarati,3,2020-21,13500.0
Rajkot Corporation,19913,SHREE UDGAM SCHOOL,GSHSEB,Gujarati,3,2021-22,21400.0
Rajkot Corporation,19913,SHREE UDGAM SCHOOL,GSHSEB,Gujarati,3,2022-23,22900.0
Rajkot Corporation,19913,SHREE UDGAM SCHOOL,GSHSEB,Gujarati,3,2023-24,24510.0
Rajkot Corporation,19913,SHREE UDGAM SCHOOL,GSHSEB,Gujarati,4,2019-20,18000.0
Rajkot Corporation,19913,SHREE UDGAM SCHOOL,GSHSEB,Gujarati,4,2020-21,13500.0
Rajkot Corporation,19913,SHREE UDGAM SCHOOL,GSHSEB,Gujarati,4,2021-22,21400.0
Rajkot Corporation,19913,SHREE UDGAM SCHOOL,GSHSEB,Gujarati,4,2022-23,22900.0
Rajkot Corporation,19913,SHREE UDGAM SCHOOL,GSHSEB,Gujarati,4,2023-24,24510.0
Rajkot Corporation,19913,SHREE UDGAM SCHOOL,GSHSEB,Gujarati,5,2019-20,18000.0
Rajkot Corporation,19913,SHREE UDGAM SCHOOL,GSHSEB,Gujarati,5,2020-21,13500.0
Rajkot Corporation,19913,SHREE UDGAM SCHOOL,GSHSEB,Gujarati,5,2021-22,21400.0
Rajkot Corporation,19913,SHREE UDGAM SCHOOL,GSHSEB,Gujarati,5,2022-23,22900.0
Rajkot Corporation,19913,SHREE UDGAM SCHOOL,GSHSEB,Gujarati,5,2023-24,24510.0
Rajkot Corporation,19913,SHREE UDGAM SCHOOL,GSHSEB,Gujarati,6,2019-20,20000.0
Rajkot Corporation,19913,SHREE UDGAM SCHOOL,GSHSEB,Gujarati,6,2020-21,15000.0
Rajkot Corporation,19913,SHREE UDGAM SCHOOL,GSHSEB,Gujarati,6,2021-22,23775.0
Rajkot Corporation,19913,SHREE UDGAM SCHOOL,GSHSEB,Gujarati,6,2022-23,25440.0
Rajkot Corporation,19913,SHREE UDGAM SCHOOL,GSHSEB,Gujarati,6,2023-24,27220.0
Rajkot Corporation,19913,SHREE UDGAM SCHOOL,GSHSEB,Gujarati,7,2019-20,20000.0
Rajkot Corporation,19913,SHREE UDGAM SCHOOL,GSHSEB,Gujarati,7,2020-21,15000.0
Rajkot Corporation,19913,SHREE UDGAM SCHOOL,GSHSEB,Gujarati,7,2021-22,23775.0
Rajkot Corporation,19913,SHREE UDGAM SCHOOL,GSHSEB,Gujarati,7,2022-23,25440.0
Rajkot Corporation,19913,SHREE UDGAM SCHOOL,GSHSEB,Gujarati,7,2023-24,27220.0
Rajkot Corporation,19913,SHREE UDGAM SCHOOL,GSHSEB,Gujarati,8,2019-20,20000.0
Rajkot Corporation,19913,SHREE UDGAM SCHOOL,GSHSEB,Gujarati,8,2020-21,15000.0
Rajkot Corporation,19913,SHREE UDGAM SCHOOL,GSHSEB,Gujarati,8,2021-22,23775.0
Rajkot Corporation,19913,SHREE UDGAM SCHOOL,GSHSEB,Gujarati,8,2022-23,25440.0
Rajkot Corporation,19913,SHREE UDGAM SCHOOL,GSHSEB,Gujarati,8,2023-24,27220.0
Rajkot Corporation,19913,SHREE UDGAM SCHOOL,GSHSEB,Gujarati,9,2019-20,23500.0
Rajkot Corporation,19913,SHREE UDGAM SCHOOL,GSHSEB,Gujarati,9,2020-21,17625.0
Rajkot Corporation,19913,SHREE UDGAM SCHOOL,GSHSEB,Gujarati,9,2021-22,27900.0
Rajkot Corporation,19913,SHREE UDGAM SCHOOL,GSHSEB,Gujarati,9,2022-23,29860.0
Rajkot Corporation,19913,SHREE UDGAM SCHOOL,GSHSEB,Gujarati,9,2023-24,31950.0
Rajkot Corporation,19913,SHREE UDGAM SCHOOL,GSHSEB,Gujarati,10,2019-20,25000.0
Rajkot Corporation,19913,SHREE UDGAM SCHOOL,GSHSEB,Gujarati,10,2020-21,18750.0
Rajkot Corporation,19913,SHREE UDGAM SCHOOL,GSHSEB,Gujarati,10,2021-22,29700.0
Rajkot Corporation,19913,SHREE UDGAM SCHOOL,GSHSEB,Gujarati,10,2022-23,31780.0
Rajkot Corporation,19913,SHREE UDGAM SCHOOL,GSHSEB,Gujarati,10,2023-24,34000.0
Rajkot Corporation,19913,SHREE UDGAM SCHOOL,GSHSEB,Gujarati,General - 11,2019-20,27500.0
Rajkot Corporation,19913,SHREE UDGAM SCHOOL,GSHSEB,Gujarati,General - 11,2020-21,20625.0
Rajkot Corporation,19913,SHREE UDGAM SCHOOL,GSHSEB,Gujarati,General - 11,2021-22,32700.0
Rajkot Corporation,19913,SHREE UDGAM SCHOOL,GSHSEB,Gujarati,General - 11,2022-23,34990.0
Rajkot Corporation,19913,SHREE UDGAM SCHOOL,GSHSEB,Gujarati,General - 11,2023-24,37440.0
Rajkot Corporation,19913,SHREE UDGAM SCHOOL,GSHSEB,Gujarati,General - 12,2019-20,27500.0
Rajkot Corporation,19913,SHREE UDGAM SCHOOL,GSHSEB,Gujarati,General - 12,2020-21,20625.0
Rajkot Corporation,19913,SHREE UDGAM SCHOOL,GSHSEB,Gujarati,General - 12,2021-22,32700.0
Rajkot Corporation,19913,SHREE UDGAM SCHOOL,GSHSEB,Gujarati,General - 12,2022-23,34990.0
Rajkot Corporation,19913,SHREE UDGAM SCHOOL,GSHSEB,Gujarati,General - 12,2023-24,37440.0
Rajkot Corporation,19913,SHREE UDGAM SCHOOL,GSHSEB,Gujarati,SR. KG,2019-20,16000.0
Rajkot Corporation,19913,SHREE UDGAM SCHOOL,GSHSEB,Gujarati,SR. KG,2020-21,12000.0
Rajkot Corporation,19913,SHREE UDGAM SCHOOL,GSHSEB,Gujarati,SR. KG,2021-22,18700.0
Rajkot Corporation,19913,SHREE UDGAM SCHOOL,GSHSEB,Gujarati,SR. KG,2022-23,20010.0
Rajkot Corporation,19913,SHREE UDGAM SCHOOL,GSHSEB,Gujarati,SR. KG,2023-24,21410.0
Rajkot Corporation,14681,SHREYANSH MADHYAMIK SHALA,GSHSEB,Gujarati,9,2019-20,13200.0
Rajkot Corporation,14681,SHREYANSH MADHYAMIK SHALA,GSHSEB,Gujarati,9,2020-21,9900.0
Rajkot Corporation,14681,SHREYANSH MADHYAMIK SHALA,GSHSEB,Gujarati,9,2021-22,16100.0
Rajkot Corporation,14681,SHREYANSH MADHYAMIK SHALA,GSHSEB,Gujarati,9,2022-23,18000.0
Rajkot Corporation,14681,SHREYANSH MADHYAMIK SHALA,GSHSEB,Gujarati,9,2023-24,19800.0
Rajkot Corporation,14681,SHREYANSH MADHYAMIK SHALA,GSHSEB,Gujarati,9,2024-25,22000.0
Rajkot Corporation,14681,SHREYANSH MADHYAMIK SHALA,GSHSEB,Gujarati,9,2025-26,22900.0
Rajkot Corporation,14681,SHREYANSH MADHYAMIK SHALA,GSHSEB,Gujarati,9,2026-27,23800.0
Rajkot Corporation,14681,SHREYANSH MADHYAMIK SHALA,GSHSEB,Gujarati,10,2019-20,16500.0
Rajkot Corporation,14681,SHREYANSH MADHYAMIK SHALA,GSHSEB,Gujarati,10,2020-21,12375.0
Rajkot Corporation,14681,SHREYANSH MADHYAMIK SHALA,GSHSEB,Gujarati,10,2021-22,17250.0
Rajkot Corporation,14681,SHREYANSH MADHYAMIK SHALA,GSHSEB,Gujarati,10,2022-23,20000.0
Rajkot Corporation,14681,SHREYANSH MADHYAMIK SHALA,GSHSEB,Gujarati,10,2023-24,22000.0
Rajkot Corporation,14681,SHREYANSH MADHYAMIK SHALA,GSHSEB,Gujarati,10,2024-25,24000.0
Rajkot Corporation,14681,SHREYANSH MADHYAMIK SHALA,GSHSEB,Gujarati,10,2025-26,25000.0
Rajkot Corporation,14681,SHREYANSH MADHYAMIK SHALA,GSHSEB,Gujarati,10,2026-27,26000.0
Rajkot Corporation,14681,SHREYANSH MADHYAMIK SHALA,GSHSEB,Gujarati,General - 11,2019-20,16500.0
Rajkot Corporation,14681,SHREYANSH MADHYAMIK SHALA,GSHSEB,Gujarati,General - 11,2020-21,12375.0
Rajkot Corporation,14681,SHREYANSH MADHYAMIK SHALA,GSHSEB,Gujarati,General - 11,2021-22,17250.0
Rajkot Corporation,14681,SHREYANSH MADHYAMIK SHALA,GSHSEB,Gujarati,General - 11,2022-23,20000.0
Rajkot Corporation,14681,SHREYANSH MADHYAMIK SHALA,GSHSEB,Gujarati,General - 11,2023-24,22000.0
Rajkot Corporation,14681,SHREYANSH MADHYAMIK SHALA,GSHSEB,Gujarati,General - 11,2024-25,24000.0
Rajkot Corporation,14681,SHREYANSH MADHYAMIK SHALA,GSHSEB,Gujarati,General - 11,2025-26,25000.0
Rajkot Corporation,14681,SHREYANSH MADHYAMIK SHALA,GSHSEB,Gujarati,General - 11,2026-27,26000.0
Rajkot Corporation,14681,SHREYANSH MADHYAMIK SHALA,GSHSEB,Gujarati,General - 12,2019-20,16500.0
Rajkot Corporation,14681,SHREYANSH MADHYAMIK SHALA,GSHSEB,Gujarati,General - 12,2020-21,12375.0
Rajkot Corporation,14681,SHREYANSH MADHYAMIK SHALA,GSHSEB,Gujarati,General - 12,2021-22,17250.0
Rajkot Corporation,14681,SHREYANSH MADHYAMIK SHALA,GSHSEB,Gujarati,General - 12,2022-23,20000.0
Rajkot Corporation,14681,SHREYANSH MADHYAMIK SHALA,GSHSEB,Gujarati,General - 12,2023-24,22000.0
Rajkot Corporation,14681,SHREYANSH MADHYAMIK SHALA,GSHSEB,Gujarati,General - 12,2024-25,24000.0
Rajkot Corporation,14681,SHREYANSH MADHYAMIK SHALA,GSHSEB,Gujarati,General - 12,2025-26,25000.0
Rajkot Corporation,14681,SHREYANSH MADHYAMIK SHALA,GSHSEB,Gujarati,General - 12,2026-27,26000.0
Rajkot Corporation,16020,SHRI AMRUT HIGHER SEC. SCHOOL (GUJ MED),GSHSEB,Gujarati,Science - 11,2019-20,67000.0
Rajkot Corporation,16020,SHRI AMRUT HIGHER SEC. SCHOOL (GUJ MED),GSHSEB,Gujarati,Science - 11,2020-21,50250.0
Rajkot Corporation,16020,SHRI AMRUT HIGHER SEC. SCHOOL (GUJ MED),GSHSEB,Gujarati,Science - 11,2021-22,70000.0
Rajkot Corporation,16020,SHRI AMRUT HIGHER SEC. SCHOOL (GUJ MED),GSHSEB,Gujarati,Science - 11,2022-23,75000.0
Rajkot Corporation,16020,SHRI AMRUT HIGHER SEC. SCHOOL (GUJ MED),GSHSEB,Gujarati,Science - 11,2023-24,79500.0
Rajkot Corporation,16020,SHRI AMRUT HIGHER SEC. SCHOOL (GUJ MED),GSHSEB,Gujarati,Science - 11,2024-25,85100.0
Rajkot Corporation,16020,SHRI AMRUT HIGHER SEC. SCHOOL (GUJ MED),GSHSEB,Gujarati,Science - 11,2025-26,91100.0
Rajkot Corporation,16020,SHRI AMRUT HIGHER SEC. SCHOOL (GUJ MED),GSHSEB,Gujarati,Science - 12,2019-20,67000.0
Rajkot Corporation,16020,SHRI AMRUT HIGHER SEC. SCHOOL (GUJ MED),GSHSEB,Gujarati,Science - 12,2020-21,50250.0
Rajkot Corporation,16020,SHRI AMRUT HIGHER SEC. SCHOOL (GUJ MED),GSHSEB,Gujarati,Science - 12,2021-22,70000.0
Rajkot Corporation,16020,SHRI AMRUT HIGHER SEC. SCHOOL (GUJ MED),GSHSEB,Gujarati,Science - 12,2022-23,75000.0
Rajkot Corporation,16020,SHRI AMRUT HIGHER SEC. SCHOOL (GUJ MED),GSHSEB,Gujarati,Science - 12,2023-24,79500.0
Rajkot Corporation,16020,SHRI AMRUT HIGHER SEC. SCHOOL (GUJ MED),GSHSEB,Gujarati,Science - 12,2024-25,85100.0
Rajkot Corporation,16020,SHRI AMRUT HIGHER SEC. SCHOOL (GUJ MED),GSHSEB,Gujarati,Science - 12,2025-26,91100.0
Rajkot Corporation,14532,SHRI BHUSHAN H. S. SCHOOL (COMMERCE),GSHSEB,English,General - 11,2019-20,41000.0
Rajkot Corporation,14532,SHRI BHUSHAN H. S. SCHOOL (COMMERCE),GSHSEB,English,General - 11,2020-21,30750.0
Rajkot Corporation,14532,SHRI BHUSHAN H. S. SCHOOL (COMMERCE),GSHSEB,English,General - 11,2021-22,49000.0
Rajkot Corporation,14532,SHRI BHUSHAN H. S. SCHOOL (COMMERCE),GSHSEB,English,General - 11,2022-23,49000.0
Rajkot Corporation,14532,SHRI BHUSHAN H. S. SCHOOL (COMMERCE),GSHSEB,English,General - 11,2023-24,49000.0
Rajkot Corporation,14532,SHRI BHUSHAN H. S. SCHOOL (COMMERCE),GSHSEB,English,General - 11,2024-25,49000.0
Rajkot Corporation,14532,SHRI BHUSHAN H. S. SCHOOL (COMMERCE),GSHSEB,English,General - 12,2019-20,41000.0
Rajkot Corporation,14532,SHRI BHUSHAN H. S. SCHOOL (COMMERCE),GSHSEB,English,General - 12,2020-21,30750.0
Rajkot Corporation,14532,SHRI BHUSHAN H. S. SCHOOL (COMMERCE),GSHSEB,English,General - 12,2021-22,49000.0
Rajkot Corporation,14532,SHRI BHUSHAN H. S. SCHOOL (COMMERCE),GSHSEB,English,General - 12,2022-23,49000.0
Rajkot Corporation,14532,SHRI BHUSHAN H. S. SCHOOL (COMMERCE),GSHSEB,English,General - 12,2023-24,49000.0
Rajkot Corporation,14532,SHRI BHUSHAN H. S. SCHOOL (COMMERCE),GSHSEB,English,General - 12,2024-25,49000.0
Rajkot Corporation,14532,SHRI BHUSHAN H. S. SCHOOL (COMMERCE),GSHSEB,English,Science - 11,2021-22,33000.0
Rajkot Corporation,14532,SHRI BHUSHAN H. S. SCHOOL (COMMERCE),GSHSEB,English,Science - 11,2022-23,39650.0
Rajkot Corporation,14532,SHRI BHUSHAN H. S. SCHOOL (COMMERCE),GSHSEB,English,Science - 11,2023-24,49000.0
Rajkot Corporation,14532,SHRI BHUSHAN H. S. SCHOOL (COMMERCE),GSHSEB,English,Science - 11,2024-25,49000.0
Rajkot Corporation,14532,SHRI BHUSHAN H. S. SCHOOL (COMMERCE),GSHSEB,English,Science - 12,2021-22,33000.0
Rajkot Corporation,14532,SHRI BHUSHAN H. S. SCHOOL (COMMERCE),GSHSEB,English,Science - 12,2022-23,39650.0
Rajkot Corporation,14532,SHRI BHUSHAN H. S. SCHOOL (COMMERCE),GSHSEB,English,Science - 12,2023-24,49000.0
Rajkot Corporation,14532,SHRI BHUSHAN H. S. SCHOOL (COMMERCE),GSHSEB,English,Science - 12,2024-25,49000.0
Rajkot Corporation,14532,SHRI BHUSHAN H. S. SCHOOL (COMMERCE),GSHSEB,Gujarati,General - 11,2019-20,41000.0
Rajkot Corporation,14532,SHRI BHUSHAN H. S. SCHOOL (COMMERCE),GSHSEB,Gujarati,General - 11,2020-21,30750.0
Rajkot Corporation,14532,SHRI BHUSHAN H. S. SCHOOL (COMMERCE),GSHSEB,Gujarati,General - 11,2021-22,49000.0
Rajkot Corporation,14532,SHRI BHUSHAN H. S. SCHOOL (COMMERCE),GSHSEB,Gujarati,General - 11,2022-23,49000.0
Rajkot Corporation,14532,SHRI BHUSHAN H. S. SCHOOL (COMMERCE),GSHSEB,Gujarati,General - 11,2023-24,49000.0
Rajkot Corporation,14532,SHRI BHUSHAN H. S. SCHOOL (COMMERCE),GSHSEB,Gujarati,General - 11,2024-25,49000.0
Rajkot Corporation,14532,SHRI BHUSHAN H. S. SCHOOL (COMMERCE),GSHSEB,Gujarati,General - 12,2019-20,41000.0
Rajkot Corporation,14532,SHRI BHUSHAN H. S. SCHOOL (COMMERCE),GSHSEB,Gujarati,General - 12,2020-21,30750.0
Rajkot Corporation,14532,SHRI BHUSHAN H. S. SCHOOL (COMMERCE),GSHSEB,Gujarati,General - 12,2021-22,49000.0
Rajkot Corporation,14532,SHRI BHUSHAN H. S. SCHOOL (COMMERCE),GSHSEB,Gujarati,General - 12,2022-23,49000.0
Rajkot Corporation,14532,SHRI BHUSHAN H. S. SCHOOL (COMMERCE),GSHSEB,Gujarati,General - 12,2023-24,49000.0
Rajkot Corporation,14532,SHRI BHUSHAN H. S. SCHOOL (COMMERCE),GSHSEB,Gujarati,General - 12,2024-25,49000.0
Rajkot Corporation,14532,SHRI BHUSHAN H. S. SCHOOL (COMMERCE),GSHSEB,Gujarati,Science - 11,2021-22,33000.0
Rajkot Corporation,14532,SHRI BHUSHAN H. S. SCHOOL (COMMERCE),GSHSEB,Gujarati,Science - 11,2022-23,39650.0
Rajkot Corporation,14532,SHRI BHUSHAN H. S. SCHOOL (COMMERCE),GSHSEB,Gujarati,Science - 11,2023-24,49000.0
Rajkot Corporation,14532,SHRI BHUSHAN H. S. SCHOOL (COMMERCE),GSHSEB,Gujarati,Science - 11,2024-25,49000.0
Rajkot Corporation,14532,SHRI BHUSHAN H. S. SCHOOL (COMMERCE),GSHSEB,Gujarati,Science - 12,2021-22,33000.0
Rajkot Corporation,14532,SHRI BHUSHAN H. S. SCHOOL (COMMERCE),GSHSEB,Gujarati,Science - 12,2022-23,39650.0
Rajkot Corporation,14532,SHRI BHUSHAN H. S. SCHOOL (COMMERCE),GSHSEB,Gujarati,Science - 12,2023-24,49000.0
Rajkot Corporation,14532,SHRI BHUSHAN H. S. SCHOOL (COMMERCE),GSHSEB,Gujarati,Science - 12,2024-25,49000.0
Rajkot Corporation,14533,SHRI BHUSHAN SEC. AND H. S. SCHOOL,GSHSEB,Gujarati,9,2019-20,30000.0
Rajkot Corporation,14533,SHRI BHUSHAN SEC. AND H. S. SCHOOL,GSHSEB,Gujarati,9,2020-21,22500.0
Rajkot Corporation,14533,SHRI BHUSHAN SEC. AND H. S. SCHOOL,GSHSEB,Gujarati,9,2021-22,32500.0
Rajkot Corporation,14533,SHRI BHUSHAN SEC. AND H. S. SCHOOL,GSHSEB,Gujarati,9,2022-23,35700.0
Rajkot Corporation,14533,SHRI BHUSHAN SEC. AND H. S. SCHOOL,GSHSEB,Gujarati,9,2023-24,39300.0
Rajkot Corporation,14533,SHRI BHUSHAN SEC. AND H. S. SCHOOL,GSHSEB,Gujarati,9,2024-25,43500.0
Rajkot Corporation,14533,SHRI BHUSHAN SEC. AND H. S. SCHOOL,GSHSEB,Gujarati,9,2025-26,45600.0
Rajkot Corporation,14533,SHRI BHUSHAN SEC. AND H. S. SCHOOL,GSHSEB,Gujarati,9,2026-27,47800.0
Rajkot Corporation,14533,SHRI BHUSHAN SEC. AND H. S. SCHOOL,GSHSEB,Gujarati,10,2019-20,30000.0
Rajkot Corporation,14533,SHRI BHUSHAN SEC. AND H. S. SCHOOL,GSHSEB,Gujarati,10,2020-21,22500.0
Rajkot Corporation,14533,SHRI BHUSHAN SEC. AND H. S. SCHOOL,GSHSEB,Gujarati,10,2021-22,33000.0
Rajkot Corporation,14533,SHRI BHUSHAN SEC. AND H. S. SCHOOL,GSHSEB,Gujarati,10,2022-23,36300.0
Rajkot Corporation,14533,SHRI BHUSHAN SEC. AND H. S. SCHOOL,GSHSEB,Gujarati,10,2023-24,39950.0
Rajkot Corporation,14533,SHRI BHUSHAN SEC. AND H. S. SCHOOL,GSHSEB,Gujarati,10,2024-25,44000.0
Rajkot Corporation,14533,SHRI BHUSHAN SEC. AND H. S. SCHOOL,GSHSEB,Gujarati,10,2025-26,46300.0
Rajkot Corporation,14533,SHRI BHUSHAN SEC. AND H. S. SCHOOL,GSHSEB,Gujarati,10,2026-27,48600.0
Rajkot Corporation,14533,SHRI BHUSHAN SEC. AND H. S. SCHOOL,GSHSEB,Gujarati,Science - 11,2019-20,95000.0
Rajkot Corporation,14533,SHRI BHUSHAN SEC. AND H. S. SCHOOL,GSHSEB,Gujarati,Science - 11,2020-21,71250.0
Rajkot Corporation,14533,SHRI BHUSHAN SEC. AND H. S. SCHOOL,GSHSEB,Gujarati,Science - 11,2021-22,70000.0
Rajkot Corporation,14533,SHRI BHUSHAN SEC. AND H. S. SCHOOL,GSHSEB,Gujarati,Science - 11,2022-23,77000.0
Rajkot Corporation,14533,SHRI BHUSHAN SEC. AND H. S. SCHOOL,GSHSEB,Gujarati,Science - 11,2023-24,82400.0
Rajkot Corporation,14533,SHRI BHUSHAN SEC. AND H. S. SCHOOL,GSHSEB,Gujarati,Science - 11,2024-25,51300.0
Rajkot Corporation,14533,SHRI BHUSHAN SEC. AND H. S. SCHOOL,GSHSEB,Gujarati,Science - 11,2025-26,53900.0
Rajkot Corporation,14533,SHRI BHUSHAN SEC. AND H. S. SCHOOL,GSHSEB,Gujarati,Science - 11,2026-27,56600.0
Rajkot Corporation,14533,SHRI BHUSHAN SEC. AND H. S. SCHOOL,GSHSEB,Gujarati,Science - 12,2019-20,95000.0
Rajkot Corporation,14533,SHRI BHUSHAN SEC. AND H. S. SCHOOL,GSHSEB,Gujarati,Science - 12,2020-21,71250.0
Rajkot Corporation,14533,SHRI BHUSHAN SEC. AND H. S. SCHOOL,GSHSEB,Gujarati,Science - 12,2021-22,70000.0
Rajkot Corporation,14533,SHRI BHUSHAN SEC. AND H. S. SCHOOL,GSHSEB,Gujarati,Science - 12,2022-23,77000.0
Rajkot Corporation,14533,SHRI BHUSHAN SEC. AND H. S. SCHOOL,GSHSEB,Gujarati,Science - 12,2023-24,82400.0
Rajkot Corporation,14533,SHRI BHUSHAN SEC. AND H. S. SCHOOL,GSHSEB,Gujarati,Science - 12,2024-25,51300.0
Rajkot Corporation,14533,SHRI BHUSHAN SEC. AND H. S. SCHOOL,GSHSEB,Gujarati,Science - 12,2025-26,53900.0
Rajkot Corporation,14533,SHRI BHUSHAN SEC. AND H. S. SCHOOL,GSHSEB,Gujarati,Science - 12,2026-27,56600.0
Rajkot Corporation,14655,SHRI CHANAKYA MADHYAMIK SHALA,GSHSEB,Gujarati,9,2019-20,22000.0
Rajkot Corporation,14655,SHRI CHANAKYA MADHYAMIK SHALA,GSHSEB,Gujarati,9,2020-21,16500.0
Rajkot Corporation,14655,SHRI CHANAKYA MADHYAMIK SHALA,GSHSEB,Gujarati,9,2021-22,24000.0
Rajkot Corporation,14655,SHRI CHANAKYA MADHYAMIK SHALA,GSHSEB,Gujarati,9,2022-23,25000.0
Rajkot Corporation,14655,SHRI CHANAKYA MADHYAMIK SHALA,GSHSEB,Gujarati,9,2023-24,25000.0
Rajkot Corporation,14655,SHRI CHANAKYA MADHYAMIK SHALA,GSHSEB,Gujarati,9,2024-25,27000.0
Rajkot Corporation,14655,SHRI CHANAKYA MADHYAMIK SHALA,GSHSEB,Gujarati,9,2025-26,28400.0
Rajkot Corporation,14655,SHRI CHANAKYA MADHYAMIK SHALA,GSHSEB,Gujarati,9,2026-27,29800.0
Rajkot Corporation,14655,SHRI CHANAKYA MADHYAMIK SHALA,GSHSEB,Gujarati,10,2019-20,22000.0
Rajkot Corporation,14655,SHRI CHANAKYA MADHYAMIK SHALA,GSHSEB,Gujarati,10,2020-21,16500.0
Rajkot Corporation,14655,SHRI CHANAKYA MADHYAMIK SHALA,GSHSEB,Gujarati,10,2021-22,24000.0
Rajkot Corporation,14655,SHRI CHANAKYA MADHYAMIK SHALA,GSHSEB,Gujarati,10,2022-23,25000.0
Rajkot Corporation,14655,SHRI CHANAKYA MADHYAMIK SHALA,GSHSEB,Gujarati,10,2023-24,25000.0
Rajkot Corporation,14655,SHRI CHANAKYA MADHYAMIK SHALA,GSHSEB,Gujarati,10,2024-25,27000.0
Rajkot Corporation,14655,SHRI CHANAKYA MADHYAMIK SHALA,GSHSEB,Gujarati,10,2025-26,28400.0
Rajkot Corporation,14655,SHRI CHANAKYA MADHYAMIK SHALA,GSHSEB,Gujarati,10,2026-27,29800.0
Rajkot Corporation,14655,SHRI CHANAKYA MADHYAMIK SHALA,GSHSEB,Gujarati,General - 11,2019-20,24000.0
Rajkot Corporation,14655,SHRI CHANAKYA MADHYAMIK SHALA,GSHSEB,Gujarati,General - 11,2020-21,18000.0
Rajkot Corporation,14655,SHRI CHANAKYA MADHYAMIK SHALA,GSHSEB,Gujarati,General - 11,2021-22,25000.0
Rajkot Corporation,14655,SHRI CHANAKYA MADHYAMIK SHALA,GSHSEB,Gujarati,General - 11,2022-23,25000.0
Rajkot Corporation,14655,SHRI CHANAKYA MADHYAMIK SHALA,GSHSEB,Gujarati,General - 11,2023-24,25000.0
Rajkot Corporation,14655,SHRI CHANAKYA MADHYAMIK SHALA,GSHSEB,Gujarati,General - 11,2024-25,27000.0
Rajkot Corporation,14655,SHRI CHANAKYA MADHYAMIK SHALA,GSHSEB,Gujarati,General - 11,2025-26,28400.0
Rajkot Corporation,14655,SHRI CHANAKYA MADHYAMIK SHALA,GSHSEB,Gujarati,General - 11,2026-27,29800.0
Rajkot Corporation,14655,SHRI CHANAKYA MADHYAMIK SHALA,GSHSEB,Gujarati,General - 12,2019-20,24000.0
Rajkot Corporation,14655,SHRI CHANAKYA MADHYAMIK SHALA,GSHSEB,Gujarati,General - 12,2020-21,18000.0
Rajkot Corporation,14655,SHRI CHANAKYA MADHYAMIK SHALA,GSHSEB,Gujarati,General - 12,2021-22,25000.0
Rajkot Corporation,14655,SHRI CHANAKYA MADHYAMIK SHALA,GSHSEB,Gujarati,General - 12,2022-23,25000.0
Rajkot Corporation,14655,SHRI CHANAKYA MADHYAMIK SHALA,GSHSEB,Gujarati,General - 12,2023-24,25000.0
Rajkot Corporation,14655,SHRI CHANAKYA MADHYAMIK SHALA,GSHSEB,Gujarati,General - 12,2024-25,27000.0
Rajkot Corporation,14655,SHRI CHANAKYA MADHYAMIK SHALA,GSHSEB,Gujarati,General - 12,2025-26,28400.0
Rajkot Corporation,14655,SHRI CHANAKYA MADHYAMIK SHALA,GSHSEB,Gujarati,General - 12,2026-27,29800.0
Rajkot Corporation,14655,SHRI CHANAKYA MADHYAMIK SHALA,GSHSEB,English,9,2023-24,25000.0
Rajkot Corporation,14655,SHRI CHANAKYA MADHYAMIK SHALA,GSHSEB,English,9,2024-25,27000.0
Rajkot Corporation,14655,SHRI CHANAKYA MADHYAMIK SHALA,GSHSEB,English,9,2025-26,28400.0
Rajkot Corporation,14655,SHRI CHANAKYA MADHYAMIK SHALA,GSHSEB,English,9,2026-27,29800.0
Rajkot Corporation,14655,SHRI CHANAKYA MADHYAMIK SHALA,GSHSEB,English,10,2023-24,25000.0
Rajkot Corporation,14655,SHRI CHANAKYA MADHYAMIK SHALA,GSHSEB,English,10,2024-25,27000.0
Rajkot Corporation,14655,SHRI CHANAKYA MADHYAMIK SHALA,GSHSEB,English,10,2025-26,28400.0
Rajkot Corporation,14655,SHRI CHANAKYA MADHYAMIK SHALA,GSHSEB,English,10,2026-27,29800.0
Rajkot Corporation,14655,SHRI CHANAKYA MADHYAMIK SHALA,GSHSEB,English,General - 11,2023-24,25000.0
Rajkot Corporation,14655,SHRI CHANAKYA MADHYAMIK SHALA,GSHSEB,English,General - 11,2024-25,27000.0
Rajkot Corporation,14655,SHRI CHANAKYA MADHYAMIK SHALA,GSHSEB,English,General - 11,2025-26,28400.0
Rajkot Corporation,14655,SHRI CHANAKYA MADHYAMIK SHALA,GSHSEB,English,General - 11,2026-27,29800.0
Rajkot Corporation,14655,SHRI CHANAKYA MADHYAMIK SHALA,GSHSEB,English,General - 12,2023-24,25000.0
Rajkot Corporation,14655,SHRI CHANAKYA MADHYAMIK SHALA,GSHSEB,English,General - 12,2024-25,27000.0
Rajkot Corporation,14655,SHRI CHANAKYA MADHYAMIK SHALA,GSHSEB,English,General - 12,2025-26,28400.0
Rajkot Corporation,14655,SHRI CHANAKYA MADHYAMIK SHALA,GSHSEB,English,General - 12,2026-27,29800.0
Rajkot Corporation,16753,SHRI GYANDEEP H. S. SCHOOL,GSHSEB,Gujarati,General - 11,2019-20,25000.0
Rajkot Corporation,16753,SHRI GYANDEEP H. S. SCHOOL,GSHSEB,Gujarati,General - 11,2020-21,18750.0
Rajkot Corporation,16753,SHRI GYANDEEP H. S. SCHOOL,GSHSEB,Gujarati,General - 11,2021-22,30000.0
Rajkot Corporation,16753,SHRI GYANDEEP H. S. SCHOOL,GSHSEB,Gujarati,General - 11,2022-23,30000.0
Rajkot Corporation,16753,SHRI GYANDEEP H. S. SCHOOL,GSHSEB,Gujarati,General - 11,2023-24,25000.0
Rajkot Corporation,16753,SHRI GYANDEEP H. S. SCHOOL,GSHSEB,Gujarati,General - 11,2024-25,25000.0
Rajkot Corporation,16753,SHRI GYANDEEP H. S. SCHOOL,GSHSEB,Gujarati,General - 12,2019-20,25000.0
Rajkot Corporation,16753,SHRI GYANDEEP H. S. SCHOOL,GSHSEB,Gujarati,General - 12,2020-21,18750.0
Rajkot Corporation,16753,SHRI GYANDEEP H. S. SCHOOL,GSHSEB,Gujarati,General - 12,2021-22,30000.0
Rajkot Corporation,16753,SHRI GYANDEEP H. S. SCHOOL,GSHSEB,Gujarati,General - 12,2022-23,30000.0
Rajkot Corporation,16753,SHRI GYANDEEP H. S. SCHOOL,GSHSEB,Gujarati,General - 12,2023-24,25000.0
Rajkot Corporation,16753,SHRI GYANDEEP H. S. SCHOOL,GSHSEB,Gujarati,General - 12,2024-25,25000.0
Rajkot Corporation,16753,SHRI GYANDEEP H. S. SCHOOL,GSHSEB,Gujarati,Science - 11,2019-20,30000.0
Rajkot Corporation,16753,SHRI GYANDEEP H. S. SCHOOL,GSHSEB,Gujarati,Science - 11,2020-21,22500.0
Rajkot Corporation,16753,SHRI GYANDEEP H. S. SCHOOL,GSHSEB,Gujarati,Science - 11,2021-22,25000.0
Rajkot Corporation,16753,SHRI GYANDEEP H. S. SCHOOL,GSHSEB,Gujarati,Science - 11,2022-23,25000.0
Rajkot Corporation,16753,SHRI GYANDEEP H. S. SCHOOL,GSHSEB,Gujarati,Science - 11,2023-24,30000.0
Rajkot Corporation,16753,SHRI GYANDEEP H. S. SCHOOL,GSHSEB,Gujarati,Science - 11,2024-25,30000.0
Rajkot Corporation,16753,SHRI GYANDEEP H. S. SCHOOL,GSHSEB,Gujarati,Science - 12,2019-20,30000.0
Rajkot Corporation,16753,SHRI GYANDEEP H. S. SCHOOL,GSHSEB,Gujarati,Science - 12,2020-21,22500.0
Rajkot Corporation,16753,SHRI GYANDEEP H. S. SCHOOL,GSHSEB,Gujarati,Science - 12,2021-22,25000.0
Rajkot Corporation,16753,SHRI GYANDEEP H. S. SCHOOL,GSHSEB,Gujarati,Science - 12,2022-23,25000.0
Rajkot Corporation,16753,SHRI GYANDEEP H. S. SCHOOL,GSHSEB,Gujarati,Science - 12,2023-24,30000.0
Rajkot Corporation,16753,SHRI GYANDEEP H. S. SCHOOL,GSHSEB,Gujarati,Science - 12,2024-25,30000.0
Rajkot Corporation,16511,SHRI GYANDIP SHAIKSHANIK SANKUL,GSHSEB,Gujarati,JR. KG,2022-23,14000.0
Rajkot Corporation,16511,SHRI GYANDIP SHAIKSHANIK SANKUL,GSHSEB,Gujarati,JR. KG,2023-24,15000.0
Rajkot Corporation,16511,SHRI GYANDIP SHAIKSHANIK SANKUL,GSHSEB,Gujarati,1,2019-20,12500.0
Rajkot Corporation,16511,SHRI GYANDIP SHAIKSHANIK SANKUL,GSHSEB,Gujarati,1,2020-21,9375.0
Rajkot Corporation,16511,SHRI GYANDIP SHAIKSHANIK SANKUL,GSHSEB,Gujarati,1,2021-22,14000.0
Rajkot Corporation,16511,SHRI GYANDIP SHAIKSHANIK SANKUL,GSHSEB,Gujarati,1,2022-23,15000.0
Rajkot Corporation,16511,SHRI GYANDIP SHAIKSHANIK SANKUL,GSHSEB,Gujarati,1,2023-24,15000.0
Rajkot Corporation,16511,SHRI GYANDIP SHAIKSHANIK SANKUL,GSHSEB,Gujarati,1,2024-25,15700.0
Rajkot Corporation,16511,SHRI GYANDIP SHAIKSHANIK SANKUL,GSHSEB,Gujarati,1,2025-26,16500.0
Rajkot Corporation,16511,SHRI GYANDIP SHAIKSHANIK SANKUL,GSHSEB,Gujarati,1,2026-27,17300.0
Rajkot Corporation,16511,SHRI GYANDIP SHAIKSHANIK SANKUL,GSHSEB,Gujarati,2,2019-20,12500.0
Rajkot Corporation,16511,SHRI GYANDIP SHAIKSHANIK SANKUL,GSHSEB,Gujarati,2,2020-21,9375.0
Rajkot Corporation,16511,SHRI GYANDIP SHAIKSHANIK SANKUL,GSHSEB,Gujarati,2,2021-22,14000.0
Rajkot Corporation,16511,SHRI GYANDIP SHAIKSHANIK SANKUL,GSHSEB,Gujarati,2,2022-23,15000.0
Rajkot Corporation,16511,SHRI GYANDIP SHAIKSHANIK SANKUL,GSHSEB,Gujarati,2,2023-24,15000.0
Rajkot Corporation,16511,SHRI GYANDIP SHAIKSHANIK SANKUL,GSHSEB,Gujarati,2,2024-25,15700.0
Rajkot Corporation,16511,SHRI GYANDIP SHAIKSHANIK SANKUL,GSHSEB,Gujarati,2,2025-26,16500.0
Rajkot Corporation,16511,SHRI GYANDIP SHAIKSHANIK SANKUL,GSHSEB,Gujarati,2,2026-27,17300.0
Rajkot Corporation,16511,SHRI GYANDIP SHAIKSHANIK SANKUL,GSHSEB,Gujarati,3,2019-20,12500.0
Rajkot Corporation,16511,SHRI GYANDIP SHAIKSHANIK SANKUL,GSHSEB,Gujarati,3,2020-21,9375.0
Rajkot Corporation,16511,SHRI GYANDIP SHAIKSHANIK SANKUL,GSHSEB,Gujarati,3,2021-22,14000.0
Rajkot Corporation,16511,SHRI GYANDIP SHAIKSHANIK SANKUL,GSHSEB,Gujarati,3,2022-23,15000.0
Rajkot Corporation,16511,SHRI GYANDIP SHAIKSHANIK SANKUL,GSHSEB,Gujarati,3,2023-24,15000.0
Rajkot Corporation,16511,SHRI GYANDIP SHAIKSHANIK SANKUL,GSHSEB,Gujarati,3,2024-25,15700.0
Rajkot Corporation,16511,SHRI GYANDIP SHAIKSHANIK SANKUL,GSHSEB,Gujarati,3,2025-26,16500.0
Rajkot Corporation,16511,SHRI GYANDIP SHAIKSHANIK SANKUL,GSHSEB,Gujarati,3,2026-27,17300.0
Rajkot Corporation,16511,SHRI GYANDIP SHAIKSHANIK SANKUL,GSHSEB,Gujarati,4,2019-20,12500.0
Rajkot Corporation,16511,SHRI GYANDIP SHAIKSHANIK SANKUL,GSHSEB,Gujarati,4,2020-21,9375.0
Rajkot Corporation,16511,SHRI GYANDIP SHAIKSHANIK SANKUL,GSHSEB,Gujarati,4,2021-22,14000.0
Rajkot Corporation,16511,SHRI GYANDIP SHAIKSHANIK SANKUL,GSHSEB,Gujarati,4,2022-23,15000.0
Rajkot Corporation,16511,SHRI GYANDIP SHAIKSHANIK SANKUL,GSHSEB,Gujarati,4,2023-24,15000.0
Rajkot Corporation,16511,SHRI GYANDIP SHAIKSHANIK SANKUL,GSHSEB,Gujarati,4,2024-25,15700.0
Rajkot Corporation,16511,SHRI GYANDIP SHAIKSHANIK SANKUL,GSHSEB,Gujarati,4,2025-26,16500.0
Rajkot Corporation,16511,SHRI GYANDIP SHAIKSHANIK SANKUL,GSHSEB,Gujarati,4,2026-27,17300.0
Rajkot Corporation,16511,SHRI GYANDIP SHAIKSHANIK SANKUL,GSHSEB,Gujarati,5,2019-20,15000.0
Rajkot Corporation,16511,SHRI GYANDIP SHAIKSHANIK SANKUL,GSHSEB,Gujarati,5,2020-21,11250.0
Rajkot Corporation,16511,SHRI GYANDIP SHAIKSHANIK SANKUL,GSHSEB,Gujarati,5,2021-22,15000.0
Rajkot Corporation,16511,SHRI GYANDIP SHAIKSHANIK SANKUL,GSHSEB,Gujarati,5,2022-23,15000.0
Rajkot Corporation,16511,SHRI GYANDIP SHAIKSHANIK SANKUL,GSHSEB,Gujarati,5,2023-24,15000.0
Rajkot Corporation,16511,SHRI GYANDIP SHAIKSHANIK SANKUL,GSHSEB,Gujarati,5,2024-25,15700.0
Rajkot Corporation,16511,SHRI GYANDIP SHAIKSHANIK SANKUL,GSHSEB,Gujarati,5,2025-26,16500.0
Rajkot Corporation,16511,SHRI GYANDIP SHAIKSHANIK SANKUL,GSHSEB,Gujarati,5,2026-27,17300.0
Rajkot Corporation,16511,SHRI GYANDIP SHAIKSHANIK SANKUL,GSHSEB,Gujarati,6,2019-20,15000.0
Rajkot Corporation,16511,SHRI GYANDIP SHAIKSHANIK SANKUL,GSHSEB,Gujarati,6,2020-21,11250.0
Rajkot Corporation,16511,SHRI GYANDIP SHAIKSHANIK SANKUL,GSHSEB,Gujarati,6,2021-22,15000.0
Rajkot Corporation,16511,SHRI GYANDIP SHAIKSHANIK SANKUL,GSHSEB,Gujarati,6,2022-23,15000.0
Rajkot Corporation,16511,SHRI GYANDIP SHAIKSHANIK SANKUL,GSHSEB,Gujarati,6,2023-24,15000.0
Rajkot Corporation,16511,SHRI GYANDIP SHAIKSHANIK SANKUL,GSHSEB,Gujarati,6,2024-25,15700.0
Rajkot Corporation,16511,SHRI GYANDIP SHAIKSHANIK SANKUL,GSHSEB,Gujarati,6,2025-26,16500.0
Rajkot Corporation,16511,SHRI GYANDIP SHAIKSHANIK SANKUL,GSHSEB,Gujarati,6,2026-27,17300.0
Rajkot Corporation,16511,SHRI GYANDIP SHAIKSHANIK SANKUL,GSHSEB,Gujarati,7,2019-20,15000.0
Rajkot Corporation,16511,SHRI GYANDIP SHAIKSHANIK SANKUL,GSHSEB,Gujarati,7,2020-21,11250.0
Rajkot Corporation,16511,SHRI GYANDIP SHAIKSHANIK SANKUL,GSHSEB,Gujarati,7,2021-22,15000.0
Rajkot Corporation,16511,SHRI GYANDIP SHAIKSHANIK SANKUL,GSHSEB,Gujarati,7,2022-23,15000.0
Rajkot Corporation,16511,SHRI GYANDIP SHAIKSHANIK SANKUL,GSHSEB,Gujarati,7,2023-24,15000.0
Rajkot Corporation,16511,SHRI GYANDIP SHAIKSHANIK SANKUL,GSHSEB,Gujarati,7,2024-25,15700.0
Rajkot Corporation,16511,SHRI GYANDIP SHAIKSHANIK SANKUL,GSHSEB,Gujarati,7,2025-26,16500.0
Rajkot Corporation,16511,SHRI GYANDIP SHAIKSHANIK SANKUL,GSHSEB,Gujarati,7,2026-27,17300.0
Rajkot Corporation,16511,SHRI GYANDIP SHAIKSHANIK SANKUL,GSHSEB,Gujarati,8,2019-20,15000.0
Rajkot Corporation,16511,SHRI GYANDIP SHAIKSHANIK SANKUL,GSHSEB,Gujarati,8,2020-21,11250.0
Rajkot Corporation,16511,SHRI GYANDIP SHAIKSHANIK SANKUL,GSHSEB,Gujarati,8,2021-22,15000.0
Rajkot Corporation,16511,SHRI GYANDIP SHAIKSHANIK SANKUL,GSHSEB,Gujarati,8,2022-23,15000.0
Rajkot Corporation,16511,SHRI GYANDIP SHAIKSHANIK SANKUL,GSHSEB,Gujarati,8,2023-24,15000.0
Rajkot Corporation,16511,SHRI GYANDIP SHAIKSHANIK SANKUL,GSHSEB,Gujarati,8,2024-25,15700.0
Rajkot Corporation,16511,SHRI GYANDIP SHAIKSHANIK SANKUL,GSHSEB,Gujarati,8,2025-26,16500.0
Rajkot Corporation,16511,SHRI GYANDIP SHAIKSHANIK SANKUL,GSHSEB,Gujarati,8,2026-27,17300.0
Rajkot Corporation,16511,SHRI GYANDIP SHAIKSHANIK SANKUL,GSHSEB,Gujarati,SR. KG,2022-23,14000.0
Rajkot Corporation,16511,SHRI GYANDIP SHAIKSHANIK SANKUL,GSHSEB,Gujarati,SR. KG,2023-24,15000.0
Rajkot Corporation,16511,SHRI GYANDIP SHAIKSHANIK SANKUL,GSHSEB,Gujarati,Pre-Primary,2024-25,15700.0
Rajkot Corporation,16511,SHRI GYANDIP SHAIKSHANIK SANKUL,GSHSEB,Gujarati,Pre-Primary,2025-26,16500.0
Rajkot Corporation,16511,SHRI GYANDIP SHAIKSHANIK SANKUL,GSHSEB,Gujarati,Pre-Primary,2026-27,17300.0
Rajkot Corporation,15316,SHRI K. N. RAHEVAR HIGHER SECONDARY SCHOOL,GSHSEB,Gujarati,General - 11,2019-20,20000.0
Rajkot Corporation,15316,SHRI K. N. RAHEVAR HIGHER SECONDARY SCHOOL,GSHSEB,Gujarati,General - 11,2020-21,15000.0
Rajkot Corporation,15316,SHRI K. N. RAHEVAR HIGHER SECONDARY SCHOOL,GSHSEB,Gujarati,General - 11,2021-22,22000.0
Rajkot Corporation,15316,SHRI K. N. RAHEVAR HIGHER SECONDARY SCHOOL,GSHSEB,Gujarati,General - 11,2022-23,25000.0
Rajkot Corporation,15316,SHRI K. N. RAHEVAR HIGHER SECONDARY SCHOOL,GSHSEB,Gujarati,General - 11,2023-24,25000.0
Rajkot Corporation,15316,SHRI K. N. RAHEVAR HIGHER SECONDARY SCHOOL,GSHSEB,Gujarati,General - 11,2024-25,25000.0
Rajkot Corporation,15316,SHRI K. N. RAHEVAR HIGHER SECONDARY SCHOOL,GSHSEB,Gujarati,General - 11,2025-26,26500.0
Rajkot Corporation,15316,SHRI K. N. RAHEVAR HIGHER SECONDARY SCHOOL,GSHSEB,Gujarati,General - 11,2026-27,29500.0
Rajkot Corporation,15316,SHRI K. N. RAHEVAR HIGHER SECONDARY SCHOOL,GSHSEB,Gujarati,General - 12,2019-20,20000.0
Rajkot Corporation,15316,SHRI K. N. RAHEVAR HIGHER SECONDARY SCHOOL,GSHSEB,Gujarati,General - 12,2020-21,15000.0
Rajkot Corporation,15316,SHRI K. N. RAHEVAR HIGHER SECONDARY SCHOOL,GSHSEB,Gujarati,General - 12,2021-22,22000.0
Rajkot Corporation,15316,SHRI K. N. RAHEVAR HIGHER SECONDARY SCHOOL,GSHSEB,Gujarati,General - 12,2022-23,25000.0
Rajkot Corporation,15316,SHRI K. N. RAHEVAR HIGHER SECONDARY SCHOOL,GSHSEB,Gujarati,General - 12,2023-24,25000.0
Rajkot Corporation,15316,SHRI K. N. RAHEVAR HIGHER SECONDARY SCHOOL,GSHSEB,Gujarati,General - 12,2024-25,25000.0
Rajkot Corporation,15316,SHRI K. N. RAHEVAR HIGHER SECONDARY SCHOOL,GSHSEB,Gujarati,General - 12,2025-26,26500.0
Rajkot Corporation,15316,SHRI K. N. RAHEVAR HIGHER SECONDARY SCHOOL,GSHSEB,Gujarati,General - 12,2026-27,30500.0
Rajkot Corporation,15314,SHRI K. N. RAHEVAR MADHYAMIK SHALA,GSHSEB,Gujarati,9,2019-20,11000.0
Rajkot Corporation,15314,SHRI K. N. RAHEVAR MADHYAMIK SHALA,GSHSEB,Gujarati,9,2020-21,8250.0
Rajkot Corporation,15314,SHRI K. N. RAHEVAR MADHYAMIK SHALA,GSHSEB,Gujarati,9,2021-22,12650.0
Rajkot Corporation,15314,SHRI K. N. RAHEVAR MADHYAMIK SHALA,GSHSEB,Gujarati,9,2022-23,17000.0
Rajkot Corporation,15314,SHRI K. N. RAHEVAR MADHYAMIK SHALA,GSHSEB,Gujarati,9,2023-24,20000.0
Rajkot Corporation,15314,SHRI K. N. RAHEVAR MADHYAMIK SHALA,GSHSEB,Gujarati,9,2024-25,22000.0
Rajkot Corporation,15314,SHRI K. N. RAHEVAR MADHYAMIK SHALA,GSHSEB,Gujarati,9,2025-26,25000.0
Rajkot Corporation,15314,SHRI K. N. RAHEVAR MADHYAMIK SHALA,GSHSEB,Gujarati,9,2026-27,26300.0
Rajkot Corporation,15314,SHRI K. N. RAHEVAR MADHYAMIK SHALA,GSHSEB,Gujarati,10,2019-20,14000.0
Rajkot Corporation,15314,SHRI K. N. RAHEVAR MADHYAMIK SHALA,GSHSEB,Gujarati,10,2020-21,10500.0
Rajkot Corporation,15314,SHRI K. N. RAHEVAR MADHYAMIK SHALA,GSHSEB,Gujarati,10,2021-22,16000.0
Rajkot Corporation,15314,SHRI K. N. RAHEVAR MADHYAMIK SHALA,GSHSEB,Gujarati,10,2022-23,22000.0
Rajkot Corporation,15314,SHRI K. N. RAHEVAR MADHYAMIK SHALA,GSHSEB,Gujarati,10,2023-24,25000.0
Rajkot Corporation,15314,SHRI K. N. RAHEVAR MADHYAMIK SHALA,GSHSEB,Gujarati,10,2024-25,25000.0
Rajkot Corporation,15314,SHRI K. N. RAHEVAR MADHYAMIK SHALA,GSHSEB,Gujarati,10,2025-26,26300.0
Rajkot Corporation,15314,SHRI K. N. RAHEVAR MADHYAMIK SHALA,GSHSEB,Gujarati,10,2026-27,27600.0
Rajkot Corporation,14641,SHRI MADHAV VIDHYALAYA,GSHSEB,Gujarati,9,2019-20,8800.0
Rajkot Corporation,14641,SHRI MADHAV VIDHYALAYA,GSHSEB,Gujarati,9,2020-21,6600.0
Rajkot Corporation,14641,SHRI MADHAV VIDHYALAYA,GSHSEB,Gujarati,9,2023-24,12100.0
Rajkot Corporation,14641,SHRI MADHAV VIDHYALAYA,GSHSEB,Gujarati,9,2024-25,13500.0
Rajkot Corporation,14641,SHRI MADHAV VIDHYALAYA,GSHSEB,Gujarati,9,2025-26,14900.0
Rajkot Corporation,14641,SHRI MADHAV VIDHYALAYA,GSHSEB,Gujarati,10,2019-20,10000.0
Rajkot Corporation,14641,SHRI MADHAV VIDHYALAYA,GSHSEB,Gujarati,10,2020-21,7500.0
Rajkot Corporation,14641,SHRI MADHAV VIDHYALAYA,GSHSEB,Gujarati,10,2023-24,12650.0
Rajkot Corporation,14641,SHRI MADHAV VIDHYALAYA,GSHSEB,Gujarati,10,2024-25,14000.0
Rajkot Corporation,14641,SHRI MADHAV VIDHYALAYA,GSHSEB,Gujarati,10,2025-26,15400.0
Rajkot Corporation,14641,SHRI MADHAV VIDHYALAYA,GSHSEB,Gujarati,General - 11,2024-25,24500.0
Rajkot Corporation,14641,SHRI MADHAV VIDHYALAYA,GSHSEB,Gujarati,General - 11,2025-26,24900.0
Rajkot Corporation,14641,SHRI MADHAV VIDHYALAYA,GSHSEB,Gujarati,General - 12,2025-26,24900.0
Rajkot Corporation,13714,SHRI MAHATMA GANDHI MADHYAMIK SHALA,GSHSEB,Gujarati,9,2019-20,19000.0
Rajkot Corporation,13714,SHRI MAHATMA GANDHI MADHYAMIK SHALA,GSHSEB,Gujarati,9,2020-21,14250.0
Rajkot Corporation,13714,SHRI MAHATMA GANDHI MADHYAMIK SHALA,GSHSEB,Gujarati,9,2021-22,23000.0
Rajkot Corporation,13714,SHRI MAHATMA GANDHI MADHYAMIK SHALA,GSHSEB,Gujarati,9,2022-23,24600.0
Rajkot Corporation,13714,SHRI MAHATMA GANDHI MADHYAMIK SHALA,GSHSEB,Gujarati,9,2023-24,26350.0
Rajkot Corporation,13714,SHRI MAHATMA GANDHI MADHYAMIK SHALA,GSHSEB,Gujarati,9,2024-25,26350.0
Rajkot Corporation,13714,SHRI MAHATMA GANDHI MADHYAMIK SHALA,GSHSEB,Gujarati,9,2025-26,27100.0
Rajkot Corporation,13714,SHRI MAHATMA GANDHI MADHYAMIK SHALA,GSHSEB,Gujarati,9,2026-27,28500.0
Rajkot Corporation,13714,SHRI MAHATMA GANDHI MADHYAMIK SHALA,GSHSEB,Gujarati,10,2019-20,27000.0
Rajkot Corporation,13714,SHRI MAHATMA GANDHI MADHYAMIK SHALA,GSHSEB,Gujarati,10,2020-21,20250.0
Rajkot Corporation,13714,SHRI MAHATMA GANDHI MADHYAMIK SHALA,GSHSEB,Gujarati,10,2021-22,30000.0
Rajkot Corporation,13714,SHRI MAHATMA GANDHI MADHYAMIK SHALA,GSHSEB,Gujarati,10,2022-23,32000.0
Rajkot Corporation,13714,SHRI MAHATMA GANDHI MADHYAMIK SHALA,GSHSEB,Gujarati,10,2023-24,34250.0
Rajkot Corporation,13714,SHRI MAHATMA GANDHI MADHYAMIK SHALA,GSHSEB,Gujarati,10,2024-25,34250.0
Rajkot Corporation,13714,SHRI MAHATMA GANDHI MADHYAMIK SHALA,GSHSEB,Gujarati,10,2025-26,35300.0
Rajkot Corporation,13714,SHRI MAHATMA GANDHI MADHYAMIK SHALA,GSHSEB,Gujarati,10,2026-27,37000.0
Rajkot Corporation,13628,SHRI MAHATMA GANDHI SCIENCE SCHOOL,GSHSEB,Gujarati,Science - 11,2019-20,71000.0
Rajkot Corporation,13628,SHRI MAHATMA GANDHI SCIENCE SCHOOL,GSHSEB,Gujarati,Science - 11,2020-21,53250.0
Rajkot Corporation,13628,SHRI MAHATMA GANDHI SCIENCE SCHOOL,GSHSEB,Gujarati,Science - 11,2021-22,57000.0
Rajkot Corporation,13628,SHRI MAHATMA GANDHI SCIENCE SCHOOL,GSHSEB,Gujarati,Science - 11,2022-23,61000.0
Rajkot Corporation,13628,SHRI MAHATMA GANDHI SCIENCE SCHOOL,GSHSEB,Gujarati,Science - 11,2023-24,65300.0
Rajkot Corporation,13628,SHRI MAHATMA GANDHI SCIENCE SCHOOL,GSHSEB,Gujarati,Science - 11,2024-25,65300.0
Rajkot Corporation,13628,SHRI MAHATMA GANDHI SCIENCE SCHOOL,GSHSEB,Gujarati,Science - 11,2025-26,65300.0
Rajkot Corporation,13628,SHRI MAHATMA GANDHI SCIENCE SCHOOL,GSHSEB,Gujarati,Science - 11,2026-27,68600.0
Rajkot Corporation,13628,SHRI MAHATMA GANDHI SCIENCE SCHOOL,GSHSEB,Gujarati,Science - 12,2019-20,71000.0
Rajkot Corporation,13628,SHRI MAHATMA GANDHI SCIENCE SCHOOL,GSHSEB,Gujarati,Science - 12,2020-21,53250.0
Rajkot Corporation,13628,SHRI MAHATMA GANDHI SCIENCE SCHOOL,GSHSEB,Gujarati,Science - 12,2021-22,57000.0
Rajkot Corporation,13628,SHRI MAHATMA GANDHI SCIENCE SCHOOL,GSHSEB,Gujarati,Science - 12,2022-23,61000.0
Rajkot Corporation,13628,SHRI MAHATMA GANDHI SCIENCE SCHOOL,GSHSEB,Gujarati,Science - 12,2023-24,65300.0
Rajkot Corporation,13628,SHRI MAHATMA GANDHI SCIENCE SCHOOL,GSHSEB,Gujarati,Science - 12,2024-25,65300.0
Rajkot Corporation,13628,SHRI MAHATMA GANDHI SCIENCE SCHOOL,GSHSEB,Gujarati,Science - 12,2025-26,65300.0
Rajkot Corporation,13628,SHRI MAHATMA GANDHI SCIENCE SCHOOL,GSHSEB,Gujarati,Science - 12,2026-27,68600.0
Rajkot Corporation,13712,SHRI MAHATMA GANDHI UCHHATAR MA.SHALA,GSHSEB,Gujarati,General - 11,2019-20,28000.0
Rajkot Corporation,13712,SHRI MAHATMA GANDHI UCHHATAR MA.SHALA,GSHSEB,Gujarati,General - 11,2020-21,21000.0
Rajkot Corporation,13712,SHRI MAHATMA GANDHI UCHHATAR MA.SHALA,GSHSEB,Gujarati,General - 11,2021-22,32200.0
Rajkot Corporation,13712,SHRI MAHATMA GANDHI UCHHATAR MA.SHALA,GSHSEB,Gujarati,General - 11,2022-23,34450.0
Rajkot Corporation,13712,SHRI MAHATMA GANDHI UCHHATAR MA.SHALA,GSHSEB,Gujarati,General - 11,2023-24,36850.0
Rajkot Corporation,13712,SHRI MAHATMA GANDHI UCHHATAR MA.SHALA,GSHSEB,Gujarati,General - 11,2024-25,36850.0
Rajkot Corporation,13712,SHRI MAHATMA GANDHI UCHHATAR MA.SHALA,GSHSEB,Gujarati,General - 11,2025-26,38700.0
Rajkot Corporation,13712,SHRI MAHATMA GANDHI UCHHATAR MA.SHALA,GSHSEB,Gujarati,General - 11,2026-27,40600.0
Rajkot Corporation,13712,SHRI MAHATMA GANDHI UCHHATAR MA.SHALA,GSHSEB,Gujarati,General - 12,2019-20,28000.0
Rajkot Corporation,13712,SHRI MAHATMA GANDHI UCHHATAR MA.SHALA,GSHSEB,Gujarati,General - 12,2020-21,21000.0
Rajkot Corporation,13712,SHRI MAHATMA GANDHI UCHHATAR MA.SHALA,GSHSEB,Gujarati,General - 12,2021-22,32200.0
Rajkot Corporation,13712,SHRI MAHATMA GANDHI UCHHATAR MA.SHALA,GSHSEB,Gujarati,General - 12,2022-23,34450.0
Rajkot Corporation,13712,SHRI MAHATMA GANDHI UCHHATAR MA.SHALA,GSHSEB,Gujarati,General - 12,2023-24,36850.0
Rajkot Corporation,13712,SHRI MAHATMA GANDHI UCHHATAR MA.SHALA,GSHSEB,Gujarati,General - 12,2024-25,36850.0
Rajkot Corporation,13712,SHRI MAHATMA GANDHI UCHHATAR MA.SHALA,GSHSEB,Gujarati,General - 12,2025-26,38700.0
Rajkot Corporation,13712,SHRI MAHATMA GANDHI UCHHATAR MA.SHALA,GSHSEB,Gujarati,General - 12,2026-27,40600.0
Rajkot Corporation,19682,SHRI MARUTI MOTHERLAND PRI SCHOOL,GSHSEB,Gujarati,1,2019-20,15000.0
Rajkot Corporation,19682,SHRI MARUTI MOTHERLAND PRI SCHOOL,GSHSEB,Gujarati,1,2020-21,11250.0
Rajkot Corporation,19682,SHRI MARUTI MOTHERLAND PRI SCHOOL,GSHSEB,Gujarati,1,2021-22,17000.0
Rajkot Corporation,19682,SHRI MARUTI MOTHERLAND PRI SCHOOL,GSHSEB,Gujarati,1,2022-23,18500.0
Rajkot Corporation,19682,SHRI MARUTI MOTHERLAND PRI SCHOOL,GSHSEB,Gujarati,1,2023-24,19800.0
Rajkot Corporation,19682,SHRI MARUTI MOTHERLAND PRI SCHOOL,GSHSEB,Gujarati,1,2024-25,21200.0
Rajkot Corporation,19682,SHRI MARUTI MOTHERLAND PRI SCHOOL,GSHSEB,Gujarati,1,2025-26,21800.0
Rajkot Corporation,19682,SHRI MARUTI MOTHERLAND PRI SCHOOL,GSHSEB,Gujarati,1,2026-27,22500.0
Rajkot Corporation,19682,SHRI MARUTI MOTHERLAND PRI SCHOOL,GSHSEB,Gujarati,2,2019-20,15000.0
Rajkot Corporation,19682,SHRI MARUTI MOTHERLAND PRI SCHOOL,GSHSEB,Gujarati,2,2020-21,11250.0
Rajkot Corporation,19682,SHRI MARUTI MOTHERLAND PRI SCHOOL,GSHSEB,Gujarati,2,2021-22,17000.0
Rajkot Corporation,19682,SHRI MARUTI MOTHERLAND PRI SCHOOL,GSHSEB,Gujarati,2,2022-23,18500.0
Rajkot Corporation,19682,SHRI MARUTI MOTHERLAND PRI SCHOOL,GSHSEB,Gujarati,2,2023-24,19800.0
Rajkot Corporation,19682,SHRI MARUTI MOTHERLAND PRI SCHOOL,GSHSEB,Gujarati,2,2024-25,21200.0
Rajkot Corporation,19682,SHRI MARUTI MOTHERLAND PRI SCHOOL,GSHSEB,Gujarati,2,2025-26,21800.0
Rajkot Corporation,19682,SHRI MARUTI MOTHERLAND PRI SCHOOL,GSHSEB,Gujarati,2,2026-27,22500.0
Rajkot Corporation,19682,SHRI MARUTI MOTHERLAND PRI SCHOOL,GSHSEB,Gujarati,3,2019-20,15000.0
Rajkot Corporation,19682,SHRI MARUTI MOTHERLAND PRI SCHOOL,GSHSEB,Gujarati,3,2020-21,11250.0
Rajkot Corporation,19682,SHRI MARUTI MOTHERLAND PRI SCHOOL,GSHSEB,Gujarati,3,2021-22,17000.0
Rajkot Corporation,19682,SHRI MARUTI MOTHERLAND PRI SCHOOL,GSHSEB,Gujarati,3,2022-23,18500.0
Rajkot Corporation,19682,SHRI MARUTI MOTHERLAND PRI SCHOOL,GSHSEB,Gujarati,3,2023-24,19800.0
Rajkot Corporation,19682,SHRI MARUTI MOTHERLAND PRI SCHOOL,GSHSEB,Gujarati,3,2024-25,21200.0
Rajkot Corporation,19682,SHRI MARUTI MOTHERLAND PRI SCHOOL,GSHSEB,Gujarati,3,2025-26,21800.0
Rajkot Corporation,19682,SHRI MARUTI MOTHERLAND PRI SCHOOL,GSHSEB,Gujarati,3,2026-27,22500.0
Rajkot Corporation,19682,SHRI MARUTI MOTHERLAND PRI SCHOOL,GSHSEB,Gujarati,4,2019-20,15000.0
Rajkot Corporation,19682,SHRI MARUTI MOTHERLAND PRI SCHOOL,GSHSEB,Gujarati,4,2020-21,11250.0
Rajkot Corporation,19682,SHRI MARUTI MOTHERLAND PRI SCHOOL,GSHSEB,Gujarati,4,2021-22,17000.0
Rajkot Corporation,19682,SHRI MARUTI MOTHERLAND PRI SCHOOL,GSHSEB,Gujarati,4,2022-23,18500.0
Rajkot Corporation,19682,SHRI MARUTI MOTHERLAND PRI SCHOOL,GSHSEB,Gujarati,4,2023-24,19800.0
Rajkot Corporation,19682,SHRI MARUTI MOTHERLAND PRI SCHOOL,GSHSEB,Gujarati,4,2024-25,21200.0
Rajkot Corporation,19682,SHRI MARUTI MOTHERLAND PRI SCHOOL,GSHSEB,Gujarati,4,2025-26,21800.0
Rajkot Corporation,19682,SHRI MARUTI MOTHERLAND PRI SCHOOL,GSHSEB,Gujarati,4,2026-27,22500.0
Rajkot Corporation,19682,SHRI MARUTI MOTHERLAND PRI SCHOOL,GSHSEB,Gujarati,5,2019-20,15500.0
Rajkot Corporation,19682,SHRI MARUTI MOTHERLAND PRI SCHOOL,GSHSEB,Gujarati,5,2020-21,11625.0
Rajkot Corporation,19682,SHRI MARUTI MOTHERLAND PRI SCHOOL,GSHSEB,Gujarati,5,2021-22,17500.0
Rajkot Corporation,19682,SHRI MARUTI MOTHERLAND PRI SCHOOL,GSHSEB,Gujarati,5,2022-23,19000.0
Rajkot Corporation,19682,SHRI MARUTI MOTHERLAND PRI SCHOOL,GSHSEB,Gujarati,5,2023-24,20330.0
Rajkot Corporation,19682,SHRI MARUTI MOTHERLAND PRI SCHOOL,GSHSEB,Gujarati,5,2024-25,21750.0
Rajkot Corporation,19682,SHRI MARUTI MOTHERLAND PRI SCHOOL,GSHSEB,Gujarati,5,2025-26,22400.0
Rajkot Corporation,19682,SHRI MARUTI MOTHERLAND PRI SCHOOL,GSHSEB,Gujarati,5,2026-27,23100.0
Rajkot Corporation,19682,SHRI MARUTI MOTHERLAND PRI SCHOOL,GSHSEB,Gujarati,6,2019-20,15500.0
Rajkot Corporation,19682,SHRI MARUTI MOTHERLAND PRI SCHOOL,GSHSEB,Gujarati,6,2020-21,11625.0
Rajkot Corporation,19682,SHRI MARUTI MOTHERLAND PRI SCHOOL,GSHSEB,Gujarati,6,2021-22,17500.0
Rajkot Corporation,19682,SHRI MARUTI MOTHERLAND PRI SCHOOL,GSHSEB,Gujarati,6,2022-23,19000.0
Rajkot Corporation,19682,SHRI MARUTI MOTHERLAND PRI SCHOOL,GSHSEB,Gujarati,6,2023-24,20330.0
Rajkot Corporation,19682,SHRI MARUTI MOTHERLAND PRI SCHOOL,GSHSEB,Gujarati,6,2024-25,21750.0
Rajkot Corporation,19682,SHRI MARUTI MOTHERLAND PRI SCHOOL,GSHSEB,Gujarati,6,2025-26,22400.0
Rajkot Corporation,19682,SHRI MARUTI MOTHERLAND PRI SCHOOL,GSHSEB,Gujarati,6,2026-27,23100.0
Rajkot Corporation,19682,SHRI MARUTI MOTHERLAND PRI SCHOOL,GSHSEB,Gujarati,7,2019-20,15500.0
Rajkot Corporation,19682,SHRI MARUTI MOTHERLAND PRI SCHOOL,GSHSEB,Gujarati,7,2020-21,11625.0
Rajkot Corporation,19682,SHRI MARUTI MOTHERLAND PRI SCHOOL,GSHSEB,Gujarati,7,2021-22,17500.0
Rajkot Corporation,19682,SHRI MARUTI MOTHERLAND PRI SCHOOL,GSHSEB,Gujarati,7,2022-23,19000.0
Rajkot Corporation,19682,SHRI MARUTI MOTHERLAND PRI SCHOOL,GSHSEB,Gujarati,7,2023-24,20330.0
Rajkot Corporation,19682,SHRI MARUTI MOTHERLAND PRI SCHOOL,GSHSEB,Gujarati,7,2024-25,21750.0
Rajkot Corporation,19682,SHRI MARUTI MOTHERLAND PRI SCHOOL,GSHSEB,Gujarati,7,2025-26,22400.0
Rajkot Corporation,19682,SHRI MARUTI MOTHERLAND PRI SCHOOL,GSHSEB,Gujarati,7,2026-27,23100.0
Rajkot Corporation,19682,SHRI MARUTI MOTHERLAND PRI SCHOOL,GSHSEB,Gujarati,8,2019-20,15750.0
Rajkot Corporation,19682,SHRI MARUTI MOTHERLAND PRI SCHOOL,GSHSEB,Gujarati,8,2020-21,11812.5
Rajkot Corporation,19682,SHRI MARUTI MOTHERLAND PRI SCHOOL,GSHSEB,Gujarati,8,2021-22,17750.0
Rajkot Corporation,19682,SHRI MARUTI MOTHERLAND PRI SCHOOL,GSHSEB,Gujarati,8,2022-23,19250.0
Rajkot Corporation,19682,SHRI MARUTI MOTHERLAND PRI SCHOOL,GSHSEB,Gujarati,8,2023-24,20600.0
Rajkot Corporation,19682,SHRI MARUTI MOTHERLAND PRI SCHOOL,GSHSEB,Gujarati,8,2024-25,22050.0
Rajkot Corporation,19682,SHRI MARUTI MOTHERLAND PRI SCHOOL,GSHSEB,Gujarati,8,2025-26,22700.0
Rajkot Corporation,19682,SHRI MARUTI MOTHERLAND PRI SCHOOL,GSHSEB,Gujarati,8,2026-27,23400.0
Rajkot Corporation,19682,SHRI MARUTI MOTHERLAND PRI SCHOOL,GSHSEB,Gujarati,BALVATIKA,2025-26,16000.0
Rajkot Corporation,19682,SHRI MARUTI MOTHERLAND PRI SCHOOL,GSHSEB,Gujarati,BALVATIKA,2026-27,17000.0
Rajkot Corporation,13711,SHRI RAJMANDIR MADHYAMIK SHALA,GSHSEB,Gujarati,9,2021-22,30650.0
Rajkot Corporation,13711,SHRI RAJMANDIR MADHYAMIK SHALA,GSHSEB,Gujarati,9,2022-23,32800.0
Rajkot Corporation,13711,SHRI RAJMANDIR MADHYAMIK SHALA,GSHSEB,Gujarati,9,2023-24,35100.0
Rajkot Corporation,13711,SHRI RAJMANDIR MADHYAMIK SHALA,GSHSEB,Gujarati,9,2024-25,40000.0
Rajkot Corporation,13711,SHRI RAJMANDIR MADHYAMIK SHALA,GSHSEB,Gujarati,9,2025-26,42000.0
Rajkot Corporation,13711,SHRI RAJMANDIR MADHYAMIK SHALA,GSHSEB,Gujarati,9,2026-27,44100.0
Rajkot Corporation,13711,SHRI RAJMANDIR MADHYAMIK SHALA,GSHSEB,Gujarati,10,2021-22,36150.0
Rajkot Corporation,13711,SHRI RAJMANDIR MADHYAMIK SHALA,GSHSEB,Gujarati,10,2022-23,38700.0
Rajkot Corporation,13711,SHRI RAJMANDIR MADHYAMIK SHALA,GSHSEB,Gujarati,10,2023-24,41500.0
Rajkot Corporation,13711,SHRI RAJMANDIR MADHYAMIK SHALA,GSHSEB,Gujarati,10,2024-25,45000.0
Rajkot Corporation,13711,SHRI RAJMANDIR MADHYAMIK SHALA,GSHSEB,Gujarati,10,2025-26,47500.0
Rajkot Corporation,13711,SHRI RAJMANDIR MADHYAMIK SHALA,GSHSEB,Gujarati,10,2026-27,50000.0
Rajkot Corporation,13711,SHRI RAJMANDIR MADHYAMIK SHALA,GSHSEB,Gujarati,General - 11,2019-20,25000.0
Rajkot Corporation,13711,SHRI RAJMANDIR MADHYAMIK SHALA,GSHSEB,Gujarati,General - 11,2020-21,18750.0
Rajkot Corporation,13711,SHRI RAJMANDIR MADHYAMIK SHALA,GSHSEB,Gujarati,General - 11,2021-22,32000.0
Rajkot Corporation,13711,SHRI RAJMANDIR MADHYAMIK SHALA,GSHSEB,Gujarati,General - 11,2022-23,34250.0
Rajkot Corporation,13711,SHRI RAJMANDIR MADHYAMIK SHALA,GSHSEB,Gujarati,General - 11,2023-24,36650.0
Rajkot Corporation,13711,SHRI RAJMANDIR MADHYAMIK SHALA,GSHSEB,Gujarati,General - 11,2024-25,40000.0
Rajkot Corporation,13711,SHRI RAJMANDIR MADHYAMIK SHALA,GSHSEB,Gujarati,General - 11,2025-26,43000.0
Rajkot Corporation,13711,SHRI RAJMANDIR MADHYAMIK SHALA,GSHSEB,Gujarati,General - 11,2026-27,45500.0
Rajkot Corporation,13711,SHRI RAJMANDIR MADHYAMIK SHALA,GSHSEB,Gujarati,General - 12,2019-20,25000.0
Rajkot Corporation,13711,SHRI RAJMANDIR MADHYAMIK SHALA,GSHSEB,Gujarati,General - 12,2020-21,18750.0
Rajkot Corporation,13711,SHRI RAJMANDIR MADHYAMIK SHALA,GSHSEB,Gujarati,General - 12,2021-22,32000.0
Rajkot Corporation,13711,SHRI RAJMANDIR MADHYAMIK SHALA,GSHSEB,Gujarati,General - 12,2022-23,34250.0
Rajkot Corporation,13711,SHRI RAJMANDIR MADHYAMIK SHALA,GSHSEB,Gujarati,General - 12,2023-24,36650.0
Rajkot Corporation,13711,SHRI RAJMANDIR MADHYAMIK SHALA,GSHSEB,Gujarati,General - 12,2024-25,40000.0
Rajkot Corporation,13711,SHRI RAJMANDIR MADHYAMIK SHALA,GSHSEB,Gujarati,General - 12,2025-26,43000.0
Rajkot Corporation,13711,SHRI RAJMANDIR MADHYAMIK SHALA,GSHSEB,Gujarati,General - 12,2026-27,45500.0
Rajkot Corporation,13711,SHRI RAJMANDIR MADHYAMIK SHALA,GSHSEB,Gujarati,Science - 11,2019-20,54000.0
Rajkot Corporation,13711,SHRI RAJMANDIR MADHYAMIK SHALA,GSHSEB,Gujarati,Science - 11,2020-21,40500.0
Rajkot Corporation,13711,SHRI RAJMANDIR MADHYAMIK SHALA,GSHSEB,Gujarati,Science - 11,2021-22,52000.0
Rajkot Corporation,13711,SHRI RAJMANDIR MADHYAMIK SHALA,GSHSEB,Gujarati,Science - 11,2022-23,55650.0
Rajkot Corporation,13711,SHRI RAJMANDIR MADHYAMIK SHALA,GSHSEB,Gujarati,Science - 11,2023-24,59550.0
Rajkot Corporation,13711,SHRI RAJMANDIR MADHYAMIK SHALA,GSHSEB,Gujarati,Science - 11,2024-25,65000.0
Rajkot Corporation,13711,SHRI RAJMANDIR MADHYAMIK SHALA,GSHSEB,Gujarati,Science - 11,2025-26,70000.0
Rajkot Corporation,13711,SHRI RAJMANDIR MADHYAMIK SHALA,GSHSEB,Gujarati,Science - 11,2026-27,72500.0
Rajkot Corporation,13711,SHRI RAJMANDIR MADHYAMIK SHALA,GSHSEB,Gujarati,Science - 12,2019-20,54000.0
Rajkot Corporation,13711,SHRI RAJMANDIR MADHYAMIK SHALA,GSHSEB,Gujarati,Science - 12,2020-21,40500.0
Rajkot Corporation,13711,SHRI RAJMANDIR MADHYAMIK SHALA,GSHSEB,Gujarati,Science - 12,2021-22,52000.0
Rajkot Corporation,13711,SHRI RAJMANDIR MADHYAMIK SHALA,GSHSEB,Gujarati,Science - 12,2022-23,55650.0
Rajkot Corporation,13711,SHRI RAJMANDIR MADHYAMIK SHALA,GSHSEB,Gujarati,Science - 12,2023-24,59550.0
Rajkot Corporation,13711,SHRI RAJMANDIR MADHYAMIK SHALA,GSHSEB,Gujarati,Science - 12,2024-25,65000.0
Rajkot Corporation,13711,SHRI RAJMANDIR MADHYAMIK SHALA,GSHSEB,Gujarati,Science - 12,2025-26,70000.0
Rajkot Corporation,13711,SHRI RAJMANDIR MADHYAMIK SHALA,GSHSEB,Gujarati,Science - 12,2026-27,72500.0
Rajkot Corporation,19420,SHRI SAGAR MADHYAMIK&UCC.MADHY. SHALA,GSHSEB,Gujarati,9,2019-20,22000.0
Rajkot Corporation,19420,SHRI SAGAR MADHYAMIK&UCC.MADHY. SHALA,GSHSEB,Gujarati,9,2020-21,16500.0
Rajkot Corporation,19420,SHRI SAGAR MADHYAMIK&UCC.MADHY. SHALA,GSHSEB,Gujarati,9,2021-22,26400.0
Rajkot Corporation,19420,SHRI SAGAR MADHYAMIK&UCC.MADHY. SHALA,GSHSEB,Gujarati,9,2022-23,28250.0
Rajkot Corporation,19420,SHRI SAGAR MADHYAMIK&UCC.MADHY. SHALA,GSHSEB,Gujarati,9,2023-24,30250.0
Rajkot Corporation,19420,SHRI SAGAR MADHYAMIK&UCC.MADHY. SHALA,GSHSEB,Gujarati,9,2024-25,32300.0
Rajkot Corporation,19420,SHRI SAGAR MADHYAMIK&UCC.MADHY. SHALA,GSHSEB,Gujarati,9,2025-26,34000.0
Rajkot Corporation,19420,SHRI SAGAR MADHYAMIK&UCC.MADHY. SHALA,GSHSEB,Gujarati,9,2026-27,35700.0
Rajkot Corporation,19420,SHRI SAGAR MADHYAMIK&UCC.MADHY. SHALA,GSHSEB,Gujarati,10,2019-20,27000.0
Rajkot Corporation,19420,SHRI SAGAR MADHYAMIK&UCC.MADHY. SHALA,GSHSEB,Gujarati,10,2020-21,20250.0
Rajkot Corporation,19420,SHRI SAGAR MADHYAMIK&UCC.MADHY. SHALA,GSHSEB,Gujarati,10,2021-22,31000.0
Rajkot Corporation,19420,SHRI SAGAR MADHYAMIK&UCC.MADHY. SHALA,GSHSEB,Gujarati,10,2022-23,33150.0
Rajkot Corporation,19420,SHRI SAGAR MADHYAMIK&UCC.MADHY. SHALA,GSHSEB,Gujarati,10,2023-24,35450.0
Rajkot Corporation,19420,SHRI SAGAR MADHYAMIK&UCC.MADHY. SHALA,GSHSEB,Gujarati,10,2024-25,38000.0
Rajkot Corporation,19420,SHRI SAGAR MADHYAMIK&UCC.MADHY. SHALA,GSHSEB,Gujarati,10,2025-26,39900.0
Rajkot Corporation,19420,SHRI SAGAR MADHYAMIK&UCC.MADHY. SHALA,GSHSEB,Gujarati,10,2026-27,41800.0
Rajkot Corporation,19420,SHRI SAGAR MADHYAMIK&UCC.MADHY. SHALA,GSHSEB,Gujarati,General - 11,2019-20,20500.0
Rajkot Corporation,19420,SHRI SAGAR MADHYAMIK&UCC.MADHY. SHALA,GSHSEB,Gujarati,General - 11,2020-21,15375.0
Rajkot Corporation,19420,SHRI SAGAR MADHYAMIK&UCC.MADHY. SHALA,GSHSEB,Gujarati,General - 11,2021-22,24000.0
Rajkot Corporation,19420,SHRI SAGAR MADHYAMIK&UCC.MADHY. SHALA,GSHSEB,Gujarati,General - 11,2022-23,25675.0
Rajkot Corporation,19420,SHRI SAGAR MADHYAMIK&UCC.MADHY. SHALA,GSHSEB,Gujarati,General - 11,2023-24,27200.0
Rajkot Corporation,19420,SHRI SAGAR MADHYAMIK&UCC.MADHY. SHALA,GSHSEB,Gujarati,General - 11,2024-25,29400.0
Rajkot Corporation,19420,SHRI SAGAR MADHYAMIK&UCC.MADHY. SHALA,GSHSEB,Gujarati,General - 11,2025-26,30900.0
Rajkot Corporation,19420,SHRI SAGAR MADHYAMIK&UCC.MADHY. SHALA,GSHSEB,Gujarati,General - 11,2026-27,32400.0
Rajkot Corporation,19420,SHRI SAGAR MADHYAMIK&UCC.MADHY. SHALA,GSHSEB,Gujarati,General - 12,2019-20,24500.0
Rajkot Corporation,19420,SHRI SAGAR MADHYAMIK&UCC.MADHY. SHALA,GSHSEB,Gujarati,General - 12,2020-21,18375.0
Rajkot Corporation,19420,SHRI SAGAR MADHYAMIK&UCC.MADHY. SHALA,GSHSEB,Gujarati,General - 12,2021-22,29000.0
Rajkot Corporation,19420,SHRI SAGAR MADHYAMIK&UCC.MADHY. SHALA,GSHSEB,Gujarati,General - 12,2022-23,31000.0
Rajkot Corporation,19420,SHRI SAGAR MADHYAMIK&UCC.MADHY. SHALA,GSHSEB,Gujarati,General - 12,2023-24,31800.0
Rajkot Corporation,19420,SHRI SAGAR MADHYAMIK&UCC.MADHY. SHALA,GSHSEB,Gujarati,General - 12,2024-25,35500.0
Rajkot Corporation,19420,SHRI SAGAR MADHYAMIK&UCC.MADHY. SHALA,GSHSEB,Gujarati,General - 12,2025-26,37300.0
Rajkot Corporation,19420,SHRI SAGAR MADHYAMIK&UCC.MADHY. SHALA,GSHSEB,Gujarati,General - 12,2026-27,39100.0
Rajkot Corporation,19420,SHRI SAGAR MADHYAMIK&UCC.MADHY. SHALA,GSHSEB,Gujarati,Science - 11,2019-20,65000.0
Rajkot Corporation,19420,SHRI SAGAR MADHYAMIK&UCC.MADHY. SHALA,GSHSEB,Gujarati,Science - 11,2020-21,48750.0
Rajkot Corporation,19420,SHRI SAGAR MADHYAMIK&UCC.MADHY. SHALA,GSHSEB,Gujarati,Science - 11,2021-22,72000.0
Rajkot Corporation,19420,SHRI SAGAR MADHYAMIK&UCC.MADHY. SHALA,GSHSEB,Gujarati,Science - 11,2022-23,77050.0
Rajkot Corporation,19420,SHRI SAGAR MADHYAMIK&UCC.MADHY. SHALA,GSHSEB,Gujarati,Science - 11,2023-24,77250.0
Rajkot Corporation,19420,SHRI SAGAR MADHYAMIK&UCC.MADHY. SHALA,GSHSEB,Gujarati,Science - 11,2024-25,88200.0
Rajkot Corporation,19420,SHRI SAGAR MADHYAMIK&UCC.MADHY. SHALA,GSHSEB,Gujarati,Science - 11,2025-26,92600.0
Rajkot Corporation,19420,SHRI SAGAR MADHYAMIK&UCC.MADHY. SHALA,GSHSEB,Gujarati,Science - 11,2026-27,97200.0
Rajkot Corporation,19420,SHRI SAGAR MADHYAMIK&UCC.MADHY. SHALA,GSHSEB,Gujarati,Science - 12,2019-20,69000.0
Rajkot Corporation,19420,SHRI SAGAR MADHYAMIK&UCC.MADHY. SHALA,GSHSEB,Gujarati,Science - 12,2020-21,51750.0
Rajkot Corporation,19420,SHRI SAGAR MADHYAMIK&UCC.MADHY. SHALA,GSHSEB,Gujarati,Science - 12,2021-22,72000.0
Rajkot Corporation,19420,SHRI SAGAR MADHYAMIK&UCC.MADHY. SHALA,GSHSEB,Gujarati,Science - 12,2022-23,77050.0
Rajkot Corporation,19420,SHRI SAGAR MADHYAMIK&UCC.MADHY. SHALA,GSHSEB,Gujarati,Science - 12,2023-24,77250.0
Rajkot Corporation,19420,SHRI SAGAR MADHYAMIK&UCC.MADHY. SHALA,GSHSEB,Gujarati,Science - 12,2024-25,88200.0
Rajkot Corporation,19420,SHRI SAGAR MADHYAMIK&UCC.MADHY. SHALA,GSHSEB,Gujarati,Science - 12,2025-26,92600.0
Rajkot Corporation,19420,SHRI SAGAR MADHYAMIK&UCC.MADHY. SHALA,GSHSEB,Gujarati,Science - 12,2026-27,97200.0
Rajkot Corporation,19420,SHRI SAGAR MADHYAMIK&UCC.MADHY. SHALA,GSHSEB,English,9,2024-25,35000.0
Rajkot Corporation,19420,SHRI SAGAR MADHYAMIK&UCC.MADHY. SHALA,GSHSEB,English,9,2025-26,36800.0
Rajkot Corporation,19420,SHRI SAGAR MADHYAMIK&UCC.MADHY. SHALA,GSHSEB,English,9,2026-27,38600.0
Rajkot Corporation,19420,SHRI SAGAR MADHYAMIK&UCC.MADHY. SHALA,GSHSEB,English,10,2024-25,35000.0
Rajkot Corporation,19420,SHRI SAGAR MADHYAMIK&UCC.MADHY. SHALA,GSHSEB,English,10,2025-26,36800.0
Rajkot Corporation,19420,SHRI SAGAR MADHYAMIK&UCC.MADHY. SHALA,GSHSEB,English,10,2026-27,38600.0
Rajkot Corporation,19420,SHRI SAGAR MADHYAMIK&UCC.MADHY. SHALA,GSHSEB,English,General - 11,2024-25,37000.0
Rajkot Corporation,19420,SHRI SAGAR MADHYAMIK&UCC.MADHY. SHALA,GSHSEB,English,General - 11,2025-26,38900.0
Rajkot Corporation,19420,SHRI SAGAR MADHYAMIK&UCC.MADHY. SHALA,GSHSEB,English,General - 11,2026-27,40800.0
Rajkot Corporation,19420,SHRI SAGAR MADHYAMIK&UCC.MADHY. SHALA,GSHSEB,English,General - 12,2024-25,37000.0
Rajkot Corporation,19420,SHRI SAGAR MADHYAMIK&UCC.MADHY. SHALA,GSHSEB,English,General - 12,2025-26,38900.0
Rajkot Corporation,19420,SHRI SAGAR MADHYAMIK&UCC.MADHY. SHALA,GSHSEB,English,General - 12,2026-27,40800.0
Rajkot Corporation,19420,SHRI SAGAR MADHYAMIK&UCC.MADHY. SHALA,GSHSEB,English,Science - 11,2024-25,92000.0
Rajkot Corporation,19420,SHRI SAGAR MADHYAMIK&UCC.MADHY. SHALA,GSHSEB,English,Science - 11,2025-26,95000.0
Rajkot Corporation,19420,SHRI SAGAR MADHYAMIK&UCC.MADHY. SHALA,GSHSEB,English,Science - 11,2026-27,99000.0
Rajkot Corporation,19420,SHRI SAGAR MADHYAMIK&UCC.MADHY. SHALA,GSHSEB,English,Science - 12,2024-25,92000.0
Rajkot Corporation,19420,SHRI SAGAR MADHYAMIK&UCC.MADHY. SHALA,GSHSEB,English,Science - 12,2025-26,95000.0
Rajkot Corporation,19420,SHRI SAGAR MADHYAMIK&UCC.MADHY. SHALA,GSHSEB,English,Science - 12,2026-27,99000.0
Rajkot Corporation,19443,SHRI SARVESHWAR VIDYAMANDIR,GSHSEB,Gujarati,9,2019-20,28700.0
Rajkot Corporation,19443,SHRI SARVESHWAR VIDYAMANDIR,GSHSEB,Gujarati,9,2020-21,21525.0
Rajkot Corporation,19443,SHRI SARVESHWAR VIDYAMANDIR,GSHSEB,Gujarati,9,2021-22,32500.0
Rajkot Corporation,19443,SHRI SARVESHWAR VIDYAMANDIR,GSHSEB,Gujarati,9,2022-23,34800.0
Rajkot Corporation,19443,SHRI SARVESHWAR VIDYAMANDIR,GSHSEB,Gujarati,9,2023-24,37250.0
Rajkot Corporation,19443,SHRI SARVESHWAR VIDYAMANDIR,GSHSEB,Gujarati,9,2024-25,39100.0
Rajkot Corporation,19443,SHRI SARVESHWAR VIDYAMANDIR,GSHSEB,Gujarati,9,2025-26,41050.0
Rajkot Corporation,19443,SHRI SARVESHWAR VIDYAMANDIR,GSHSEB,Gujarati,9,2026-27,43100.0
Rajkot Corporation,19443,SHRI SARVESHWAR VIDYAMANDIR,GSHSEB,Gujarati,10,2019-20,28700.0
Rajkot Corporation,19443,SHRI SARVESHWAR VIDYAMANDIR,GSHSEB,Gujarati,10,2020-21,21525.0
Rajkot Corporation,19443,SHRI SARVESHWAR VIDYAMANDIR,GSHSEB,Gujarati,10,2021-22,32500.0
Rajkot Corporation,19443,SHRI SARVESHWAR VIDYAMANDIR,GSHSEB,Gujarati,10,2022-23,34800.0
Rajkot Corporation,19443,SHRI SARVESHWAR VIDYAMANDIR,GSHSEB,Gujarati,10,2023-24,37250.0
Rajkot Corporation,19443,SHRI SARVESHWAR VIDYAMANDIR,GSHSEB,Gujarati,10,2024-25,39100.0
Rajkot Corporation,19443,SHRI SARVESHWAR VIDYAMANDIR,GSHSEB,Gujarati,10,2025-26,41050.0
Rajkot Corporation,19443,SHRI SARVESHWAR VIDYAMANDIR,GSHSEB,Gujarati,10,2026-27,43100.0
Rajkot Corporation,19443,SHRI SARVESHWAR VIDYAMANDIR,GSHSEB,Gujarati,General - 11,2019-20,31500.0
Rajkot Corporation,19443,SHRI SARVESHWAR VIDYAMANDIR,GSHSEB,Gujarati,General - 11,2020-21,23625.0
Rajkot Corporation,19443,SHRI SARVESHWAR VIDYAMANDIR,GSHSEB,Gujarati,General - 11,2021-22,35500.0
Rajkot Corporation,19443,SHRI SARVESHWAR VIDYAMANDIR,GSHSEB,Gujarati,General - 11,2022-23,38000.0
Rajkot Corporation,19443,SHRI SARVESHWAR VIDYAMANDIR,GSHSEB,Gujarati,General - 11,2023-24,40650.0
Rajkot Corporation,19443,SHRI SARVESHWAR VIDYAMANDIR,GSHSEB,Gujarati,General - 11,2024-25,42700.0
Rajkot Corporation,19443,SHRI SARVESHWAR VIDYAMANDIR,GSHSEB,Gujarati,General - 11,2025-26,44850.0
Rajkot Corporation,19443,SHRI SARVESHWAR VIDYAMANDIR,GSHSEB,Gujarati,General - 11,2026-27,47100.0
Rajkot Corporation,19443,SHRI SARVESHWAR VIDYAMANDIR,GSHSEB,Gujarati,General - 12,2019-20,31500.0
Rajkot Corporation,19443,SHRI SARVESHWAR VIDYAMANDIR,GSHSEB,Gujarati,General - 12,2020-21,23625.0
Rajkot Corporation,19443,SHRI SARVESHWAR VIDYAMANDIR,GSHSEB,Gujarati,General - 12,2021-22,35500.0
Rajkot Corporation,19443,SHRI SARVESHWAR VIDYAMANDIR,GSHSEB,Gujarati,General - 12,2022-23,38000.0
Rajkot Corporation,19443,SHRI SARVESHWAR VIDYAMANDIR,GSHSEB,Gujarati,General - 12,2023-24,40650.0
Rajkot Corporation,19443,SHRI SARVESHWAR VIDYAMANDIR,GSHSEB,Gujarati,General - 12,2024-25,42700.0
Rajkot Corporation,19443,SHRI SARVESHWAR VIDYAMANDIR,GSHSEB,Gujarati,General - 12,2025-26,44850.0
Rajkot Corporation,19443,SHRI SARVESHWAR VIDYAMANDIR,GSHSEB,Gujarati,General - 12,2026-27,47100.0
Rajkot Corporation,19443,SHRI SARVESHWAR VIDYAMANDIR,GSHSEB,Gujarati,Science - 11,2019-20,45000.0
Rajkot Corporation,19443,SHRI SARVESHWAR VIDYAMANDIR,GSHSEB,Gujarati,Science - 11,2020-21,33750.0
Rajkot Corporation,19443,SHRI SARVESHWAR VIDYAMANDIR,GSHSEB,Gujarati,Science - 11,2021-22,52500.0
Rajkot Corporation,19443,SHRI SARVESHWAR VIDYAMANDIR,GSHSEB,Gujarati,Science - 11,2022-23,56200.0
Rajkot Corporation,19443,SHRI SARVESHWAR VIDYAMANDIR,GSHSEB,Gujarati,Science - 11,2023-24,60150.0
Rajkot Corporation,19443,SHRI SARVESHWAR VIDYAMANDIR,GSHSEB,Gujarati,Science - 11,2024-25,63200.0
Rajkot Corporation,19443,SHRI SARVESHWAR VIDYAMANDIR,GSHSEB,Gujarati,Science - 11,2025-26,66300.0
Rajkot Corporation,19443,SHRI SARVESHWAR VIDYAMANDIR,GSHSEB,Gujarati,Science - 11,2026-27,69650.0
Rajkot Corporation,19443,SHRI SARVESHWAR VIDYAMANDIR,GSHSEB,Gujarati,Science - 12,2019-20,45000.0
Rajkot Corporation,19443,SHRI SARVESHWAR VIDYAMANDIR,GSHSEB,Gujarati,Science - 12,2020-21,33750.0
Rajkot Corporation,19443,SHRI SARVESHWAR VIDYAMANDIR,GSHSEB,Gujarati,Science - 12,2021-22,52500.0
Rajkot Corporation,19443,SHRI SARVESHWAR VIDYAMANDIR,GSHSEB,Gujarati,Science - 12,2022-23,56200.0
Rajkot Corporation,19443,SHRI SARVESHWAR VIDYAMANDIR,GSHSEB,Gujarati,Science - 12,2023-24,60150.0
Rajkot Corporation,19443,SHRI SARVESHWAR VIDYAMANDIR,GSHSEB,Gujarati,Science - 12,2024-25,63200.0
Rajkot Corporation,19443,SHRI SARVESHWAR VIDYAMANDIR,GSHSEB,Gujarati,Science - 12,2025-26,66300.0
Rajkot Corporation,19443,SHRI SARVESHWAR VIDYAMANDIR,GSHSEB,Gujarati,Science - 12,2026-27,69650.0
Rajkot Corporation,19445,SHRI SARVESHWAR VIDYAMANDIR (ENG. MED.),GSHSEB,English,9,2019-20,33700.0
Rajkot Corporation,19445,SHRI SARVESHWAR VIDYAMANDIR (ENG. MED.),GSHSEB,English,9,2020-21,25275.0
Rajkot Corporation,19445,SHRI SARVESHWAR VIDYAMANDIR (ENG. MED.),GSHSEB,English,9,2021-22,38500.0
Rajkot Corporation,19445,SHRI SARVESHWAR VIDYAMANDIR (ENG. MED.),GSHSEB,English,9,2022-23,41200.0
Rajkot Corporation,19445,SHRI SARVESHWAR VIDYAMANDIR (ENG. MED.),GSHSEB,English,9,2023-24,44100.0
Rajkot Corporation,19445,SHRI SARVESHWAR VIDYAMANDIR (ENG. MED.),GSHSEB,English,9,2024-25,46300.0
Rajkot Corporation,19445,SHRI SARVESHWAR VIDYAMANDIR (ENG. MED.),GSHSEB,English,9,2025-26,48650.0
Rajkot Corporation,19445,SHRI SARVESHWAR VIDYAMANDIR (ENG. MED.),GSHSEB,English,9,2026-27,51100.0
Rajkot Corporation,19445,SHRI SARVESHWAR VIDYAMANDIR (ENG. MED.),GSHSEB,English,10,2019-20,33700.0
Rajkot Corporation,19445,SHRI SARVESHWAR VIDYAMANDIR (ENG. MED.),GSHSEB,English,10,2020-21,25275.0
Rajkot Corporation,19445,SHRI SARVESHWAR VIDYAMANDIR (ENG. MED.),GSHSEB,English,10,2021-22,38500.0
Rajkot Corporation,19445,SHRI SARVESHWAR VIDYAMANDIR (ENG. MED.),GSHSEB,English,10,2022-23,41200.0
Rajkot Corporation,19445,SHRI SARVESHWAR VIDYAMANDIR (ENG. MED.),GSHSEB,English,10,2023-24,44100.0
Rajkot Corporation,19445,SHRI SARVESHWAR VIDYAMANDIR (ENG. MED.),GSHSEB,English,10,2024-25,46300.0
Rajkot Corporation,19445,SHRI SARVESHWAR VIDYAMANDIR (ENG. MED.),GSHSEB,English,10,2025-26,48650.0
Rajkot Corporation,19445,SHRI SARVESHWAR VIDYAMANDIR (ENG. MED.),GSHSEB,English,10,2026-27,51100.0
Rajkot Corporation,19445,SHRI SARVESHWAR VIDYAMANDIR (ENG. MED.),GSHSEB,English,General - 11,2019-20,33700.0
Rajkot Corporation,19445,SHRI SARVESHWAR VIDYAMANDIR (ENG. MED.),GSHSEB,English,General - 11,2020-21,25275.0
Rajkot Corporation,19445,SHRI SARVESHWAR VIDYAMANDIR (ENG. MED.),GSHSEB,English,General - 11,2021-22,38700.0
Rajkot Corporation,19445,SHRI SARVESHWAR VIDYAMANDIR (ENG. MED.),GSHSEB,English,General - 11,2022-23,41400.0
Rajkot Corporation,19445,SHRI SARVESHWAR VIDYAMANDIR (ENG. MED.),GSHSEB,English,General - 11,2023-24,44300.0
Rajkot Corporation,19445,SHRI SARVESHWAR VIDYAMANDIR (ENG. MED.),GSHSEB,English,General - 11,2024-25,46300.0
Rajkot Corporation,19445,SHRI SARVESHWAR VIDYAMANDIR (ENG. MED.),GSHSEB,English,General - 11,2025-26,48650.0
Rajkot Corporation,19445,SHRI SARVESHWAR VIDYAMANDIR (ENG. MED.),GSHSEB,English,General - 11,2026-27,51100.0
Rajkot Corporation,19445,SHRI SARVESHWAR VIDYAMANDIR (ENG. MED.),GSHSEB,English,General - 12,2019-20,33700.0
Rajkot Corporation,19445,SHRI SARVESHWAR VIDYAMANDIR (ENG. MED.),GSHSEB,English,General - 12,2020-21,25275.0
Rajkot Corporation,19445,SHRI SARVESHWAR VIDYAMANDIR (ENG. MED.),GSHSEB,English,General - 12,2021-22,38700.0
Rajkot Corporation,19445,SHRI SARVESHWAR VIDYAMANDIR (ENG. MED.),GSHSEB,English,General - 12,2022-23,41400.0
Rajkot Corporation,19445,SHRI SARVESHWAR VIDYAMANDIR (ENG. MED.),GSHSEB,English,General - 12,2023-24,44300.0
Rajkot Corporation,19445,SHRI SARVESHWAR VIDYAMANDIR (ENG. MED.),GSHSEB,English,General - 12,2024-25,46300.0
Rajkot Corporation,19445,SHRI SARVESHWAR VIDYAMANDIR (ENG. MED.),GSHSEB,English,General - 12,2025-26,48650.0
Rajkot Corporation,19445,SHRI SARVESHWAR VIDYAMANDIR (ENG. MED.),GSHSEB,English,General - 12,2026-27,51100.0
Rajkot Corporation,19445,SHRI SARVESHWAR VIDYAMANDIR (ENG. MED.),GSHSEB,English,Science - 11,2019-20,48000.0
Rajkot Corporation,19445,SHRI SARVESHWAR VIDYAMANDIR (ENG. MED.),GSHSEB,English,Science - 11,2020-21,36000.0
Rajkot Corporation,19445,SHRI SARVESHWAR VIDYAMANDIR (ENG. MED.),GSHSEB,English,Science - 11,2021-22,56000.0
Rajkot Corporation,19445,SHRI SARVESHWAR VIDYAMANDIR (ENG. MED.),GSHSEB,English,Science - 11,2022-23,59950.0
Rajkot Corporation,19445,SHRI SARVESHWAR VIDYAMANDIR (ENG. MED.),GSHSEB,English,Science - 11,2023-24,64150.0
Rajkot Corporation,19445,SHRI SARVESHWAR VIDYAMANDIR (ENG. MED.),GSHSEB,English,Science - 11,2024-25,67400.0
Rajkot Corporation,19445,SHRI SARVESHWAR VIDYAMANDIR (ENG. MED.),GSHSEB,English,Science - 11,2025-26,70750.0
Rajkot Corporation,19445,SHRI SARVESHWAR VIDYAMANDIR (ENG. MED.),GSHSEB,English,Science - 11,2026-27,74300.0
Rajkot Corporation,19445,SHRI SARVESHWAR VIDYAMANDIR (ENG. MED.),GSHSEB,English,Science - 12,2019-20,48000.0
Rajkot Corporation,19445,SHRI SARVESHWAR VIDYAMANDIR (ENG. MED.),GSHSEB,English,Science - 12,2020-21,36000.0
Rajkot Corporation,19445,SHRI SARVESHWAR VIDYAMANDIR (ENG. MED.),GSHSEB,English,Science - 12,2021-22,56000.0
Rajkot Corporation,19445,SHRI SARVESHWAR VIDYAMANDIR (ENG. MED.),GSHSEB,English,Science - 12,2022-23,59950.0
Rajkot Corporation,19445,SHRI SARVESHWAR VIDYAMANDIR (ENG. MED.),GSHSEB,English,Science - 12,2023-24,64150.0
Rajkot Corporation,19445,SHRI SARVESHWAR VIDYAMANDIR (ENG. MED.),GSHSEB,English,Science - 12,2024-25,67400.0
Rajkot Corporation,19445,SHRI SARVESHWAR VIDYAMANDIR (ENG. MED.),GSHSEB,English,Science - 12,2025-26,70750.0
Rajkot Corporation,19445,SHRI SARVESHWAR VIDYAMANDIR (ENG. MED.),GSHSEB,English,Science - 12,2026-27,74300.0
Rajkot Corporation,13857,SHRI SAURASHTRA VIDHYAPITH HIGH SCHOOL,GSHSEB,Gujarati,9,2019-20,24000.0
Rajkot Corporation,13857,SHRI SAURASHTRA VIDHYAPITH HIGH SCHOOL,GSHSEB,Gujarati,9,2020-21,18000.0
Rajkot Corporation,13857,SHRI SAURASHTRA VIDHYAPITH HIGH SCHOOL,GSHSEB,Gujarati,9,2021-22,25000.0
Rajkot Corporation,13857,SHRI SAURASHTRA VIDHYAPITH HIGH SCHOOL,GSHSEB,Gujarati,9,2022-23,25000.0
Rajkot Corporation,13857,SHRI SAURASHTRA VIDHYAPITH HIGH SCHOOL,GSHSEB,Gujarati,9,2023-24,25000.0
Rajkot Corporation,13857,SHRI SAURASHTRA VIDHYAPITH HIGH SCHOOL,GSHSEB,Gujarati,9,2024-25,25000.0
Rajkot Corporation,13857,SHRI SAURASHTRA VIDHYAPITH HIGH SCHOOL,GSHSEB,Gujarati,9,2025-26,25000.0
Rajkot Corporation,13857,SHRI SAURASHTRA VIDHYAPITH HIGH SCHOOL,GSHSEB,Gujarati,10,2019-20,24000.0
Rajkot Corporation,13857,SHRI SAURASHTRA VIDHYAPITH HIGH SCHOOL,GSHSEB,Gujarati,10,2020-21,18000.0
Rajkot Corporation,13857,SHRI SAURASHTRA VIDHYAPITH HIGH SCHOOL,GSHSEB,Gujarati,10,2021-22,25000.0
Rajkot Corporation,13857,SHRI SAURASHTRA VIDHYAPITH HIGH SCHOOL,GSHSEB,Gujarati,10,2022-23,25000.0
Rajkot Corporation,13857,SHRI SAURASHTRA VIDHYAPITH HIGH SCHOOL,GSHSEB,Gujarati,10,2023-24,25000.0
Rajkot Corporation,13857,SHRI SAURASHTRA VIDHYAPITH HIGH SCHOOL,GSHSEB,Gujarati,10,2024-25,25000.0
Rajkot Corporation,13857,SHRI SAURASHTRA VIDHYAPITH HIGH SCHOOL,GSHSEB,Gujarati,10,2025-26,25000.0
Rajkot Corporation,15170,SHRI SWASTIK SCHOOL OF SCIENCE ,GSHSEB,Gujarati,General - 11,2021-22,30000.0
Rajkot Corporation,15170,SHRI SWASTIK SCHOOL OF SCIENCE ,GSHSEB,Gujarati,General - 11,2022-23,32000.0
Rajkot Corporation,15170,SHRI SWASTIK SCHOOL OF SCIENCE ,GSHSEB,Gujarati,General - 11,2023-24,34250.0
Rajkot Corporation,15170,SHRI SWASTIK SCHOOL OF SCIENCE ,GSHSEB,Gujarati,General - 11,2024-25,34450.0
Rajkot Corporation,15170,SHRI SWASTIK SCHOOL OF SCIENCE ,GSHSEB,Gujarati,General - 11,2025-26,36150.0
Rajkot Corporation,15170,SHRI SWASTIK SCHOOL OF SCIENCE ,GSHSEB,Gujarati,General - 11,2026-27,38000.0
Rajkot Corporation,15170,SHRI SWASTIK SCHOOL OF SCIENCE ,GSHSEB,Gujarati,General - 12,2021-22,30000.0
Rajkot Corporation,15170,SHRI SWASTIK SCHOOL OF SCIENCE ,GSHSEB,Gujarati,General - 12,2022-23,32000.0
Rajkot Corporation,15170,SHRI SWASTIK SCHOOL OF SCIENCE ,GSHSEB,Gujarati,General - 12,2023-24,34250.0
Rajkot Corporation,15170,SHRI SWASTIK SCHOOL OF SCIENCE ,GSHSEB,Gujarati,General - 12,2024-25,34450.0
Rajkot Corporation,15170,SHRI SWASTIK SCHOOL OF SCIENCE ,GSHSEB,Gujarati,General - 12,2025-26,36150.0
Rajkot Corporation,15170,SHRI SWASTIK SCHOOL OF SCIENCE ,GSHSEB,Gujarati,General - 12,2026-27,38000.0
Rajkot Corporation,15170,SHRI SWASTIK SCHOOL OF SCIENCE ,GSHSEB,Gujarati,Science - 11,2019-20,40000.0
Rajkot Corporation,15170,SHRI SWASTIK SCHOOL OF SCIENCE ,GSHSEB,Gujarati,Science - 11,2020-21,30000.0
Rajkot Corporation,15170,SHRI SWASTIK SCHOOL OF SCIENCE ,GSHSEB,Gujarati,Science - 11,2021-22,44000.0
Rajkot Corporation,15170,SHRI SWASTIK SCHOOL OF SCIENCE ,GSHSEB,Gujarati,Science - 11,2022-23,47000.0
Rajkot Corporation,15170,SHRI SWASTIK SCHOOL OF SCIENCE ,GSHSEB,Gujarati,Science - 11,2023-24,50000.0
Rajkot Corporation,15170,SHRI SWASTIK SCHOOL OF SCIENCE ,GSHSEB,Gujarati,Science - 11,2024-25,50200.0
Rajkot Corporation,15170,SHRI SWASTIK SCHOOL OF SCIENCE ,GSHSEB,Gujarati,Science - 11,2025-26,52700.0
Rajkot Corporation,15170,SHRI SWASTIK SCHOOL OF SCIENCE ,GSHSEB,Gujarati,Science - 11,2026-27,55350.0
Rajkot Corporation,15170,SHRI SWASTIK SCHOOL OF SCIENCE ,GSHSEB,Gujarati,Science - 12,2019-20,40000.0
Rajkot Corporation,15170,SHRI SWASTIK SCHOOL OF SCIENCE ,GSHSEB,Gujarati,Science - 12,2020-21,30000.0
Rajkot Corporation,15170,SHRI SWASTIK SCHOOL OF SCIENCE ,GSHSEB,Gujarati,Science - 12,2021-22,44000.0
Rajkot Corporation,15170,SHRI SWASTIK SCHOOL OF SCIENCE ,GSHSEB,Gujarati,Science - 12,2022-23,47000.0
Rajkot Corporation,15170,SHRI SWASTIK SCHOOL OF SCIENCE ,GSHSEB,Gujarati,Science - 12,2023-24,50000.0
Rajkot Corporation,15170,SHRI SWASTIK SCHOOL OF SCIENCE ,GSHSEB,Gujarati,Science - 12,2024-25,50200.0
Rajkot Corporation,15170,SHRI SWASTIK SCHOOL OF SCIENCE ,GSHSEB,Gujarati,Science - 12,2025-26,52700.0
Rajkot Corporation,15170,SHRI SWASTIK SCHOOL OF SCIENCE ,GSHSEB,Gujarati,Science - 12,2026-27,55350.0
Rajkot Corporation,15170,SHRI SWASTIK SCHOOL OF SCIENCE ,GSHSEB,English,9,2019-20,30000.0
Rajkot Corporation,15170,SHRI SWASTIK SCHOOL OF SCIENCE ,GSHSEB,English,9,2020-21,22500.0
Rajkot Corporation,15170,SHRI SWASTIK SCHOOL OF SCIENCE ,GSHSEB,English,9,2021-22,32000.0
Rajkot Corporation,15170,SHRI SWASTIK SCHOOL OF SCIENCE ,GSHSEB,English,9,2022-23,34250.0
Rajkot Corporation,15170,SHRI SWASTIK SCHOOL OF SCIENCE ,GSHSEB,English,9,2023-24,36650.0
Rajkot Corporation,15170,SHRI SWASTIK SCHOOL OF SCIENCE ,GSHSEB,English,9,2024-25,36850.0
Rajkot Corporation,15170,SHRI SWASTIK SCHOOL OF SCIENCE ,GSHSEB,English,9,2025-26,38700.0
Rajkot Corporation,15170,SHRI SWASTIK SCHOOL OF SCIENCE ,GSHSEB,English,9,2026-27,40650.0
Rajkot Corporation,15170,SHRI SWASTIK SCHOOL OF SCIENCE ,GSHSEB,English,10,2019-20,30000.0
Rajkot Corporation,15170,SHRI SWASTIK SCHOOL OF SCIENCE ,GSHSEB,English,10,2020-21,22500.0
Rajkot Corporation,15170,SHRI SWASTIK SCHOOL OF SCIENCE ,GSHSEB,English,10,2021-22,32000.0
Rajkot Corporation,15170,SHRI SWASTIK SCHOOL OF SCIENCE ,GSHSEB,English,10,2022-23,34250.0
Rajkot Corporation,15170,SHRI SWASTIK SCHOOL OF SCIENCE ,GSHSEB,English,10,2023-24,36650.0
Rajkot Corporation,15170,SHRI SWASTIK SCHOOL OF SCIENCE ,GSHSEB,English,10,2024-25,36850.0
Rajkot Corporation,15170,SHRI SWASTIK SCHOOL OF SCIENCE ,GSHSEB,English,10,2025-26,38700.0
Rajkot Corporation,15170,SHRI SWASTIK SCHOOL OF SCIENCE ,GSHSEB,English,10,2026-27,40650.0
Rajkot Corporation,15170,SHRI SWASTIK SCHOOL OF SCIENCE ,GSHSEB,English,General - 11,2021-22,30000.0
Rajkot Corporation,15170,SHRI SWASTIK SCHOOL OF SCIENCE ,GSHSEB,English,General - 11,2022-23,32000.0
Rajkot Corporation,15170,SHRI SWASTIK SCHOOL OF SCIENCE ,GSHSEB,English,General - 11,2023-24,34250.0
Rajkot Corporation,15170,SHRI SWASTIK SCHOOL OF SCIENCE ,GSHSEB,English,General - 11,2024-25,34450.0
Rajkot Corporation,15170,SHRI SWASTIK SCHOOL OF SCIENCE ,GSHSEB,English,General - 11,2025-26,36150.0
Rajkot Corporation,15170,SHRI SWASTIK SCHOOL OF SCIENCE ,GSHSEB,English,General - 11,2026-27,38000.0
Rajkot Corporation,15170,SHRI SWASTIK SCHOOL OF SCIENCE ,GSHSEB,English,General - 12,2021-22,30000.0
Rajkot Corporation,15170,SHRI SWASTIK SCHOOL OF SCIENCE ,GSHSEB,English,General - 12,2022-23,32000.0
Rajkot Corporation,15170,SHRI SWASTIK SCHOOL OF SCIENCE ,GSHSEB,English,General - 12,2023-24,34250.0
Rajkot Corporation,15170,SHRI SWASTIK SCHOOL OF SCIENCE ,GSHSEB,English,General - 12,2024-25,34450.0
Rajkot Corporation,15170,SHRI SWASTIK SCHOOL OF SCIENCE ,GSHSEB,English,General - 12,2025-26,36150.0
Rajkot Corporation,15170,SHRI SWASTIK SCHOOL OF SCIENCE ,GSHSEB,English,General - 12,2026-27,38000.0
Rajkot Corporation,15170,SHRI SWASTIK SCHOOL OF SCIENCE ,GSHSEB,English,Science - 11,2019-20,40000.0
Rajkot Corporation,15170,SHRI SWASTIK SCHOOL OF SCIENCE ,GSHSEB,English,Science - 11,2020-21,30000.0
Rajkot Corporation,15170,SHRI SWASTIK SCHOOL OF SCIENCE ,GSHSEB,English,Science - 11,2021-22,44000.0
Rajkot Corporation,15170,SHRI SWASTIK SCHOOL OF SCIENCE ,GSHSEB,English,Science - 11,2022-23,47000.0
Rajkot Corporation,15170,SHRI SWASTIK SCHOOL OF SCIENCE ,GSHSEB,English,Science - 11,2023-24,50000.0
Rajkot Corporation,15170,SHRI SWASTIK SCHOOL OF SCIENCE ,GSHSEB,English,Science - 11,2024-25,50200.0
Rajkot Corporation,15170,SHRI SWASTIK SCHOOL OF SCIENCE ,GSHSEB,English,Science - 11,2025-26,52700.0
Rajkot Corporation,15170,SHRI SWASTIK SCHOOL OF SCIENCE ,GSHSEB,English,Science - 11,2026-27,55350.0
Rajkot Corporation,15170,SHRI SWASTIK SCHOOL OF SCIENCE ,GSHSEB,English,Science - 12,2019-20,40000.0
Rajkot Corporation,15170,SHRI SWASTIK SCHOOL OF SCIENCE ,GSHSEB,English,Science - 12,2020-21,30000.0
Rajkot Corporation,15170,SHRI SWASTIK SCHOOL OF SCIENCE ,GSHSEB,English,Science - 12,2021-22,44000.0
Rajkot Corporation,15170,SHRI SWASTIK SCHOOL OF SCIENCE ,GSHSEB,English,Science - 12,2022-23,47000.0
Rajkot Corporation,15170,SHRI SWASTIK SCHOOL OF SCIENCE ,GSHSEB,English,Science - 12,2023-24,50000.0
Rajkot Corporation,15170,SHRI SWASTIK SCHOOL OF SCIENCE ,GSHSEB,English,Science - 12,2024-25,50200.0
Rajkot Corporation,15170,SHRI SWASTIK SCHOOL OF SCIENCE ,GSHSEB,English,Science - 12,2025-26,52700.0
Rajkot Corporation,15170,SHRI SWASTIK SCHOOL OF SCIENCE ,GSHSEB,English,Science - 12,2026-27,55350.0
Rajkot Corporation,13872,SHRI V J MODI HIGH SCHOOL (ENG MED),GSHSEB,English,9,2019-20,42750.0
Rajkot Corporation,13872,SHRI V J MODI HIGH SCHOOL (ENG MED),GSHSEB,English,9,2020-21,32062.5
Rajkot Corporation,13872,SHRI V J MODI HIGH SCHOOL (ENG MED),GSHSEB,English,9,2021-22,42750.0
Rajkot Corporation,13872,SHRI V J MODI HIGH SCHOOL (ENG MED),GSHSEB,English,9,2022-23,45750.0
Rajkot Corporation,13872,SHRI V J MODI HIGH SCHOOL (ENG MED),GSHSEB,English,9,2023-24,50350.0
Rajkot Corporation,13872,SHRI V J MODI HIGH SCHOOL (ENG MED),GSHSEB,English,9,2024-25,53900.0
Rajkot Corporation,13872,SHRI V J MODI HIGH SCHOOL (ENG MED),GSHSEB,English,9,2025-26,57650.0
Rajkot Corporation,13872,SHRI V J MODI HIGH SCHOOL (ENG MED),GSHSEB,English,9,2026-27,60500.0
Rajkot Corporation,13872,SHRI V J MODI HIGH SCHOOL (ENG MED),GSHSEB,English,10,2019-20,47650.0
Rajkot Corporation,13872,SHRI V J MODI HIGH SCHOOL (ENG MED),GSHSEB,English,10,2020-21,35737.5
Rajkot Corporation,13872,SHRI V J MODI HIGH SCHOOL (ENG MED),GSHSEB,English,10,2021-22,47650.0
Rajkot Corporation,13872,SHRI V J MODI HIGH SCHOOL (ENG MED),GSHSEB,English,10,2022-23,50990.0
Rajkot Corporation,13872,SHRI V J MODI HIGH SCHOOL (ENG MED),GSHSEB,English,10,2023-24,56100.0
Rajkot Corporation,13872,SHRI V J MODI HIGH SCHOOL (ENG MED),GSHSEB,English,10,2024-25,60025.0
Rajkot Corporation,13872,SHRI V J MODI HIGH SCHOOL (ENG MED),GSHSEB,English,10,2025-26,64225.0
Rajkot Corporation,13872,SHRI V J MODI HIGH SCHOOL (ENG MED),GSHSEB,English,10,2026-27,67400.0
Rajkot Corporation,13869,SHRI V J MODI HIGH SCHOOL (GUJ MED),GSHSEB,Gujarati,9,2019-20,30900.0
Rajkot Corporation,13869,SHRI V J MODI HIGH SCHOOL (GUJ MED),GSHSEB,Gujarati,9,2020-21,23175.0
Rajkot Corporation,13869,SHRI V J MODI HIGH SCHOOL (GUJ MED),GSHSEB,Gujarati,9,2021-22,32100.0
Rajkot Corporation,13869,SHRI V J MODI HIGH SCHOOL (GUJ MED),GSHSEB,Gujarati,9,2022-23,34350.0
Rajkot Corporation,13869,SHRI V J MODI HIGH SCHOOL (GUJ MED),GSHSEB,Gujarati,9,2023-24,37800.0
Rajkot Corporation,13869,SHRI V J MODI HIGH SCHOOL (GUJ MED),GSHSEB,Gujarati,9,2024-25,40450.0
Rajkot Corporation,13869,SHRI V J MODI HIGH SCHOOL (GUJ MED),GSHSEB,Gujarati,9,2025-26,43300.0
Rajkot Corporation,13869,SHRI V J MODI HIGH SCHOOL (GUJ MED),GSHSEB,Gujarati,9,2026-27,45500.0
Rajkot Corporation,13869,SHRI V J MODI HIGH SCHOOL (GUJ MED),GSHSEB,Gujarati,10,2019-20,36000.0
Rajkot Corporation,13869,SHRI V J MODI HIGH SCHOOL (GUJ MED),GSHSEB,Gujarati,10,2020-21,27000.0
Rajkot Corporation,13869,SHRI V J MODI HIGH SCHOOL (GUJ MED),GSHSEB,Gujarati,10,2021-22,37350.0
Rajkot Corporation,13869,SHRI V J MODI HIGH SCHOOL (GUJ MED),GSHSEB,Gujarati,10,2022-23,40000.0
Rajkot Corporation,13869,SHRI V J MODI HIGH SCHOOL (GUJ MED),GSHSEB,Gujarati,10,2023-24,44000.0
Rajkot Corporation,13869,SHRI V J MODI HIGH SCHOOL (GUJ MED),GSHSEB,Gujarati,10,2024-25,47100.0
Rajkot Corporation,13869,SHRI V J MODI HIGH SCHOOL (GUJ MED),GSHSEB,Gujarati,10,2025-26,50375.0
Rajkot Corporation,13869,SHRI V J MODI HIGH SCHOOL (GUJ MED),GSHSEB,Gujarati,10,2026-27,52900.0
Rajkot Corporation,13883,SHRI V J MODI HIGH. SEC. SCHOOL (COMERCE-ENG),GSHSEB,English,General - 11,2019-20,55600.0
Rajkot Corporation,13883,SHRI V J MODI HIGH. SEC. SCHOOL (COMERCE-ENG),GSHSEB,English,General - 11,2020-21,41700.0
Rajkot Corporation,13883,SHRI V J MODI HIGH. SEC. SCHOOL (COMERCE-ENG),GSHSEB,English,General - 11,2021-22,55600.0
Rajkot Corporation,13883,SHRI V J MODI HIGH. SEC. SCHOOL (COMERCE-ENG),GSHSEB,English,General - 11,2022-23,55600.0
Rajkot Corporation,13883,SHRI V J MODI HIGH. SEC. SCHOOL (COMERCE-ENG),GSHSEB,English,General - 11,2023-24,61160.0
Rajkot Corporation,13883,SHRI V J MODI HIGH. SEC. SCHOOL (COMERCE-ENG),GSHSEB,English,General - 11,2024-25,65450.0
Rajkot Corporation,13883,SHRI V J MODI HIGH. SEC. SCHOOL (COMERCE-ENG),GSHSEB,English,General - 11,2025-26,70030.0
Rajkot Corporation,13883,SHRI V J MODI HIGH. SEC. SCHOOL (COMERCE-ENG),GSHSEB,English,General - 11,2026-27,73500.0
Rajkot Corporation,13883,SHRI V J MODI HIGH. SEC. SCHOOL (COMERCE-ENG),GSHSEB,English,General - 12,2019-20,56750.0
Rajkot Corporation,13883,SHRI V J MODI HIGH. SEC. SCHOOL (COMERCE-ENG),GSHSEB,English,General - 12,2020-21,42562.5
Rajkot Corporation,13883,SHRI V J MODI HIGH. SEC. SCHOOL (COMERCE-ENG),GSHSEB,English,General - 12,2021-22,56750.0
Rajkot Corporation,13883,SHRI V J MODI HIGH. SEC. SCHOOL (COMERCE-ENG),GSHSEB,English,General - 12,2022-23,56750.0
Rajkot Corporation,13883,SHRI V J MODI HIGH. SEC. SCHOOL (COMERCE-ENG),GSHSEB,English,General - 12,2023-24,62420.0
Rajkot Corporation,13883,SHRI V J MODI HIGH. SEC. SCHOOL (COMERCE-ENG),GSHSEB,English,General - 12,2024-25,66790.0
Rajkot Corporation,13883,SHRI V J MODI HIGH. SEC. SCHOOL (COMERCE-ENG),GSHSEB,English,General - 12,2025-26,71470.0
Rajkot Corporation,13883,SHRI V J MODI HIGH. SEC. SCHOOL (COMERCE-ENG),GSHSEB,English,General - 12,2026-27,75000.0
Rajkot Corporation,13879,SHRI V J MODI HIGH. SEC. SCHOOL (COMERCE-GUJ),GSHSEB,Gujarati,General - 11,2019-20,35500.0
Rajkot Corporation,13879,SHRI V J MODI HIGH. SEC. SCHOOL (COMERCE-GUJ),GSHSEB,Gujarati,General - 11,2020-21,26625.0
Rajkot Corporation,13879,SHRI V J MODI HIGH. SEC. SCHOOL (COMERCE-GUJ),GSHSEB,Gujarati,General - 11,2021-22,35600.0
Rajkot Corporation,13879,SHRI V J MODI HIGH. SEC. SCHOOL (COMERCE-GUJ),GSHSEB,Gujarati,General - 11,2022-23,38100.0
Rajkot Corporation,13879,SHRI V J MODI HIGH. SEC. SCHOOL (COMERCE-GUJ),GSHSEB,Gujarati,General - 11,2023-24,41910.0
Rajkot Corporation,13879,SHRI V J MODI HIGH. SEC. SCHOOL (COMERCE-GUJ),GSHSEB,Gujarati,General - 11,2024-25,44845.0
Rajkot Corporation,13879,SHRI V J MODI HIGH. SEC. SCHOOL (COMERCE-GUJ),GSHSEB,Gujarati,General - 11,2025-26,47980.0
Rajkot Corporation,13879,SHRI V J MODI HIGH. SEC. SCHOOL (COMERCE-GUJ),GSHSEB,Gujarati,General - 11,2026-27,50400.0
Rajkot Corporation,13879,SHRI V J MODI HIGH. SEC. SCHOOL (COMERCE-GUJ),GSHSEB,Gujarati,General - 12,2019-20,37600.0
Rajkot Corporation,13879,SHRI V J MODI HIGH. SEC. SCHOOL (COMERCE-GUJ),GSHSEB,Gujarati,General - 12,2020-21,28200.0
Rajkot Corporation,13879,SHRI V J MODI HIGH. SEC. SCHOOL (COMERCE-GUJ),GSHSEB,Gujarati,General - 12,2021-22,37700.0
Rajkot Corporation,13879,SHRI V J MODI HIGH. SEC. SCHOOL (COMERCE-GUJ),GSHSEB,Gujarati,General - 12,2022-23,40350.0
Rajkot Corporation,13879,SHRI V J MODI HIGH. SEC. SCHOOL (COMERCE-GUJ),GSHSEB,Gujarati,General - 12,2023-24,44385.0
Rajkot Corporation,13879,SHRI V J MODI HIGH. SEC. SCHOOL (COMERCE-GUJ),GSHSEB,Gujarati,General - 12,2024-25,47490.0
Rajkot Corporation,13879,SHRI V J MODI HIGH. SEC. SCHOOL (COMERCE-GUJ),GSHSEB,Gujarati,General - 12,2025-26,50815.0
Rajkot Corporation,13879,SHRI V J MODI HIGH. SEC. SCHOOL (COMERCE-GUJ),GSHSEB,Gujarati,General - 12,2026-27,53400.0
Rajkot Corporation,13877,SHRI V J MODI HIGH. SEC. SCHOOL (SCI-ENG),GSHSEB,English,Science - 11,2019-20,100000.0
Rajkot Corporation,13877,SHRI V J MODI HIGH. SEC. SCHOOL (SCI-ENG),GSHSEB,English,Science - 11,2020-21,75000.0
Rajkot Corporation,13877,SHRI V J MODI HIGH. SEC. SCHOOL (SCI-ENG),GSHSEB,English,Science - 11,2021-22,106100.0
Rajkot Corporation,13877,SHRI V J MODI HIGH. SEC. SCHOOL (SCI-ENG),GSHSEB,English,Science - 11,2022-23,113525.0
Rajkot Corporation,13877,SHRI V J MODI HIGH. SEC. SCHOOL (SCI-ENG),GSHSEB,English,Science - 11,2023-24,124870.0
Rajkot Corporation,13877,SHRI V J MODI HIGH. SEC. SCHOOL (SCI-ENG),GSHSEB,English,Science - 11,2024-25,133610.0
Rajkot Corporation,13877,SHRI V J MODI HIGH. SEC. SCHOOL (SCI-ENG),GSHSEB,English,Science - 11,2025-26,142970.0
Rajkot Corporation,13877,SHRI V J MODI HIGH. SEC. SCHOOL (SCI-ENG),GSHSEB,English,Science - 11,2026-27,143000.0
Rajkot Corporation,13877,SHRI V J MODI HIGH. SEC. SCHOOL (SCI-ENG),GSHSEB,English,Science - 12,2019-20,91750.0
Rajkot Corporation,13877,SHRI V J MODI HIGH. SEC. SCHOOL (SCI-ENG),GSHSEB,English,Science - 12,2020-21,68812.5
Rajkot Corporation,13877,SHRI V J MODI HIGH. SEC. SCHOOL (SCI-ENG),GSHSEB,English,Science - 12,2021-22,97335.0
Rajkot Corporation,13877,SHRI V J MODI HIGH. SEC. SCHOOL (SCI-ENG),GSHSEB,English,Science - 12,2022-23,104150.0
Rajkot Corporation,13877,SHRI V J MODI HIGH. SEC. SCHOOL (SCI-ENG),GSHSEB,English,Science - 12,2023-24,114575.0
Rajkot Corporation,13877,SHRI V J MODI HIGH. SEC. SCHOOL (SCI-ENG),GSHSEB,English,Science - 12,2024-25,122600.0
Rajkot Corporation,13877,SHRI V J MODI HIGH. SEC. SCHOOL (SCI-ENG),GSHSEB,English,Science - 12,2025-26,131175.0
Rajkot Corporation,13877,SHRI V J MODI HIGH. SEC. SCHOOL (SCI-ENG),GSHSEB,English,Science - 12,2026-27,131200.0
Rajkot Corporation,13874,SHRI V J MODI HIGH. SEC. SCHOOL (SCI-GUJ),GSHSEB,Gujarati,Science - 11,2019-20,87200.0
Rajkot Corporation,13874,SHRI V J MODI HIGH. SEC. SCHOOL (SCI-GUJ),GSHSEB,Gujarati,Science - 11,2020-21,65400.0
Rajkot Corporation,13874,SHRI V J MODI HIGH. SEC. SCHOOL (SCI-GUJ),GSHSEB,Gujarati,Science - 11,2021-22,88875.0
Rajkot Corporation,13874,SHRI V J MODI HIGH. SEC. SCHOOL (SCI-GUJ),GSHSEB,Gujarati,Science - 11,2022-23,95100.0
Rajkot Corporation,13874,SHRI V J MODI HIGH. SEC. SCHOOL (SCI-GUJ),GSHSEB,Gujarati,Science - 11,2023-24,104600.0
Rajkot Corporation,13874,SHRI V J MODI HIGH. SEC. SCHOOL (SCI-GUJ),GSHSEB,Gujarati,Science - 11,2024-25,111925.0
Rajkot Corporation,13874,SHRI V J MODI HIGH. SEC. SCHOOL (SCI-GUJ),GSHSEB,Gujarati,Science - 11,2025-26,119750.0
Rajkot Corporation,13874,SHRI V J MODI HIGH. SEC. SCHOOL (SCI-GUJ),GSHSEB,Gujarati,Science - 11,2026-27,119800.0
Rajkot Corporation,13874,SHRI V J MODI HIGH. SEC. SCHOOL (SCI-GUJ),GSHSEB,Gujarati,Science - 12,2019-20,86000.0
Rajkot Corporation,13874,SHRI V J MODI HIGH. SEC. SCHOOL (SCI-GUJ),GSHSEB,Gujarati,Science - 12,2020-21,64500.0
Rajkot Corporation,13874,SHRI V J MODI HIGH. SEC. SCHOOL (SCI-GUJ),GSHSEB,Gujarati,Science - 12,2021-22,87350.0
Rajkot Corporation,13874,SHRI V J MODI HIGH. SEC. SCHOOL (SCI-GUJ),GSHSEB,Gujarati,Science - 12,2022-23,93500.0
Rajkot Corporation,13874,SHRI V J MODI HIGH. SEC. SCHOOL (SCI-GUJ),GSHSEB,Gujarati,Science - 12,2023-24,102850.0
Rajkot Corporation,13874,SHRI V J MODI HIGH. SEC. SCHOOL (SCI-GUJ),GSHSEB,Gujarati,Science - 12,2024-25,110050.0
Rajkot Corporation,13874,SHRI V J MODI HIGH. SEC. SCHOOL (SCI-GUJ),GSHSEB,Gujarati,Science - 12,2025-26,117750.0
Rajkot Corporation,13874,SHRI V J MODI HIGH. SEC. SCHOOL (SCI-GUJ),GSHSEB,Gujarati,Science - 12,2026-27,117800.0
Rajkot Corporation,13260,SHRI VIVEKANAND VIDHYAMANDIR,GSHSEB,Gujarati,JR. KG,2019-20,7000.0
Rajkot Corporation,13260,SHRI VIVEKANAND VIDHYAMANDIR,GSHSEB,Gujarati,JR. KG,2020-21,5250.0
Rajkot Corporation,13260,SHRI VIVEKANAND VIDHYAMANDIR,GSHSEB,Gujarati,JR. KG,2021-22,7000.0
Rajkot Corporation,13260,SHRI VIVEKANAND VIDHYAMANDIR,GSHSEB,Gujarati,1,2019-20,7000.0
Rajkot Corporation,13260,SHRI VIVEKANAND VIDHYAMANDIR,GSHSEB,Gujarati,1,2020-21,5250.0
Rajkot Corporation,13260,SHRI VIVEKANAND VIDHYAMANDIR,GSHSEB,Gujarati,1,2021-22,7000.0
Rajkot Corporation,13260,SHRI VIVEKANAND VIDHYAMANDIR,GSHSEB,Gujarati,2,2019-20,7000.0
Rajkot Corporation,13260,SHRI VIVEKANAND VIDHYAMANDIR,GSHSEB,Gujarati,2,2020-21,5250.0
Rajkot Corporation,13260,SHRI VIVEKANAND VIDHYAMANDIR,GSHSEB,Gujarati,2,2021-22,7000.0
Rajkot Corporation,13260,SHRI VIVEKANAND VIDHYAMANDIR,GSHSEB,Gujarati,3,2019-20,7000.0
Rajkot Corporation,13260,SHRI VIVEKANAND VIDHYAMANDIR,GSHSEB,Gujarati,3,2020-21,5250.0
Rajkot Corporation,13260,SHRI VIVEKANAND VIDHYAMANDIR,GSHSEB,Gujarati,3,2021-22,7000.0
Rajkot Corporation,13260,SHRI VIVEKANAND VIDHYAMANDIR,GSHSEB,Gujarati,4,2019-20,7000.0
Rajkot Corporation,13260,SHRI VIVEKANAND VIDHYAMANDIR,GSHSEB,Gujarati,4,2020-21,5250.0
Rajkot Corporation,13260,SHRI VIVEKANAND VIDHYAMANDIR,GSHSEB,Gujarati,4,2021-22,7000.0
Rajkot Corporation,13260,SHRI VIVEKANAND VIDHYAMANDIR,GSHSEB,Gujarati,5,2019-20,8400.0
Rajkot Corporation,13260,SHRI VIVEKANAND VIDHYAMANDIR,GSHSEB,Gujarati,5,2020-21,6300.0
Rajkot Corporation,13260,SHRI VIVEKANAND VIDHYAMANDIR,GSHSEB,Gujarati,5,2021-22,8400.0
Rajkot Corporation,13260,SHRI VIVEKANAND VIDHYAMANDIR,GSHSEB,Gujarati,6,2019-20,8400.0
Rajkot Corporation,13260,SHRI VIVEKANAND VIDHYAMANDIR,GSHSEB,Gujarati,6,2020-21,6300.0
Rajkot Corporation,13260,SHRI VIVEKANAND VIDHYAMANDIR,GSHSEB,Gujarati,6,2021-22,8400.0
Rajkot Corporation,13260,SHRI VIVEKANAND VIDHYAMANDIR,GSHSEB,Gujarati,7,2019-20,8400.0
Rajkot Corporation,13260,SHRI VIVEKANAND VIDHYAMANDIR,GSHSEB,Gujarati,7,2020-21,6300.0
Rajkot Corporation,13260,SHRI VIVEKANAND VIDHYAMANDIR,GSHSEB,Gujarati,7,2021-22,8400.0
Rajkot Corporation,13260,SHRI VIVEKANAND VIDHYAMANDIR,GSHSEB,Gujarati,8,2019-20,8400.0
Rajkot Corporation,13260,SHRI VIVEKANAND VIDHYAMANDIR,GSHSEB,Gujarati,8,2020-21,6300.0
Rajkot Corporation,13260,SHRI VIVEKANAND VIDHYAMANDIR,GSHSEB,Gujarati,8,2021-22,8400.0
Rajkot Corporation,13260,SHRI VIVEKANAND VIDHYAMANDIR,GSHSEB,Gujarati,SR. KG,2019-20,7000.0
Rajkot Corporation,13260,SHRI VIVEKANAND VIDHYAMANDIR,GSHSEB,Gujarati,SR. KG,2020-21,5250.0
Rajkot Corporation,13260,SHRI VIVEKANAND VIDHYAMANDIR,GSHSEB,Gujarati,SR. KG,2021-22,7000.0
Rajkot Corporation,15291,SHUBHAM HIGH SCHOOL,GSHSEB,Gujarati,9,2019-20,25300.0
Rajkot Corporation,15291,SHUBHAM HIGH SCHOOL,GSHSEB,Gujarati,9,2020-21,18975.0
Rajkot Corporation,15291,SHUBHAM HIGH SCHOOL,GSHSEB,Gujarati,9,2021-22,26000.0
Rajkot Corporation,15291,SHUBHAM HIGH SCHOOL,GSHSEB,Gujarati,9,2022-23,27850.0
Rajkot Corporation,15291,SHUBHAM HIGH SCHOOL,GSHSEB,Gujarati,9,2023-24,31200.0
Rajkot Corporation,15291,SHUBHAM HIGH SCHOOL,GSHSEB,Gujarati,9,2024-25,32800.0
Rajkot Corporation,15291,SHUBHAM HIGH SCHOOL,GSHSEB,Gujarati,9,2025-26,36000.0
Rajkot Corporation,15291,SHUBHAM HIGH SCHOOL,GSHSEB,Gujarati,9,2026-27,38200.0
Rajkot Corporation,15291,SHUBHAM HIGH SCHOOL,GSHSEB,Gujarati,10,2019-20,27600.0
Rajkot Corporation,15291,SHUBHAM HIGH SCHOOL,GSHSEB,Gujarati,10,2020-21,20700.0
Rajkot Corporation,15291,SHUBHAM HIGH SCHOOL,GSHSEB,Gujarati,10,2021-22,28500.0
Rajkot Corporation,15291,SHUBHAM HIGH SCHOOL,GSHSEB,Gujarati,10,2022-23,30500.0
Rajkot Corporation,15291,SHUBHAM HIGH SCHOOL,GSHSEB,Gujarati,10,2023-24,33500.0
Rajkot Corporation,15291,SHUBHAM HIGH SCHOOL,GSHSEB,Gujarati,10,2024-25,35200.0
Rajkot Corporation,15291,SHUBHAM HIGH SCHOOL,GSHSEB,Gujarati,10,2025-26,38500.0
Rajkot Corporation,15291,SHUBHAM HIGH SCHOOL,GSHSEB,Gujarati,10,2026-27,41000.0
Rajkot Corporation,15292,SHUBHAM UCHCHTAR MADHYAMIK SHALA,GSHSEB,Gujarati,General - 11,2019-20,29500.0
Rajkot Corporation,15292,SHUBHAM UCHCHTAR MADHYAMIK SHALA,GSHSEB,Gujarati,General - 11,2020-21,22125.0
Rajkot Corporation,15292,SHUBHAM UCHCHTAR MADHYAMIK SHALA,GSHSEB,Gujarati,General - 11,2021-22,31000.0
Rajkot Corporation,15292,SHUBHAM UCHCHTAR MADHYAMIK SHALA,GSHSEB,Gujarati,General - 11,2022-23,33150.0
Rajkot Corporation,15292,SHUBHAM UCHCHTAR MADHYAMIK SHALA,GSHSEB,Gujarati,General - 11,2023-24,35500.0
Rajkot Corporation,15292,SHUBHAM UCHCHTAR MADHYAMIK SHALA,GSHSEB,Gujarati,General - 11,2024-25,37300.0
Rajkot Corporation,15292,SHUBHAM UCHCHTAR MADHYAMIK SHALA,GSHSEB,Gujarati,General - 11,2025-26,41000.0
Rajkot Corporation,15292,SHUBHAM UCHCHTAR MADHYAMIK SHALA,GSHSEB,Gujarati,General - 11,2026-27,44000.0
Rajkot Corporation,15292,SHUBHAM UCHCHTAR MADHYAMIK SHALA,GSHSEB,Gujarati,General - 12,2019-20,29500.0
Rajkot Corporation,15292,SHUBHAM UCHCHTAR MADHYAMIK SHALA,GSHSEB,Gujarati,General - 12,2020-21,22125.0
Rajkot Corporation,15292,SHUBHAM UCHCHTAR MADHYAMIK SHALA,GSHSEB,Gujarati,General - 12,2021-22,31000.0
Rajkot Corporation,15292,SHUBHAM UCHCHTAR MADHYAMIK SHALA,GSHSEB,Gujarati,General - 12,2022-23,33150.0
Rajkot Corporation,15292,SHUBHAM UCHCHTAR MADHYAMIK SHALA,GSHSEB,Gujarati,General - 12,2023-24,35500.0
Rajkot Corporation,15292,SHUBHAM UCHCHTAR MADHYAMIK SHALA,GSHSEB,Gujarati,General - 12,2024-25,37300.0
Rajkot Corporation,15292,SHUBHAM UCHCHTAR MADHYAMIK SHALA,GSHSEB,Gujarati,General - 12,2025-26,42000.0
Rajkot Corporation,15292,SHUBHAM UCHCHTAR MADHYAMIK SHALA,GSHSEB,Gujarati,General - 12,2026-27,45000.0
Rajkot Corporation,15292,SHUBHAM UCHCHTAR MADHYAMIK SHALA,GSHSEB,Gujarati,Science - 11,2019-20,55000.0
Rajkot Corporation,15292,SHUBHAM UCHCHTAR MADHYAMIK SHALA,GSHSEB,Gujarati,Science - 11,2020-21,41250.0
Rajkot Corporation,15292,SHUBHAM UCHCHTAR MADHYAMIK SHALA,GSHSEB,Gujarati,Science - 11,2021-22,60000.0
Rajkot Corporation,15292,SHUBHAM UCHCHTAR MADHYAMIK SHALA,GSHSEB,Gujarati,Science - 11,2022-23,64200.0
Rajkot Corporation,15292,SHUBHAM UCHCHTAR MADHYAMIK SHALA,GSHSEB,Gujarati,Science - 11,2023-24,68700.0
Rajkot Corporation,15292,SHUBHAM UCHCHTAR MADHYAMIK SHALA,GSHSEB,Gujarati,Science - 11,2024-25,72100.0
Rajkot Corporation,15292,SHUBHAM UCHCHTAR MADHYAMIK SHALA,GSHSEB,Gujarati,Science - 11,2025-26,80000.0
Rajkot Corporation,15292,SHUBHAM UCHCHTAR MADHYAMIK SHALA,GSHSEB,Gujarati,Science - 11,2026-27,85000.0
Rajkot Corporation,15292,SHUBHAM UCHCHTAR MADHYAMIK SHALA,GSHSEB,Gujarati,Science - 12,2019-20,55000.0
Rajkot Corporation,15292,SHUBHAM UCHCHTAR MADHYAMIK SHALA,GSHSEB,Gujarati,Science - 12,2020-21,41250.0
Rajkot Corporation,15292,SHUBHAM UCHCHTAR MADHYAMIK SHALA,GSHSEB,Gujarati,Science - 12,2021-22,60000.0
Rajkot Corporation,15292,SHUBHAM UCHCHTAR MADHYAMIK SHALA,GSHSEB,Gujarati,Science - 12,2022-23,64200.0
Rajkot Corporation,15292,SHUBHAM UCHCHTAR MADHYAMIK SHALA,GSHSEB,Gujarati,Science - 12,2023-24,68700.0
Rajkot Corporation,15292,SHUBHAM UCHCHTAR MADHYAMIK SHALA,GSHSEB,Gujarati,Science - 12,2024-25,72100.0
Rajkot Corporation,15292,SHUBHAM UCHCHTAR MADHYAMIK SHALA,GSHSEB,Gujarati,Science - 12,2025-26,80000.0
Rajkot Corporation,15292,SHUBHAM UCHCHTAR MADHYAMIK SHALA,GSHSEB,Gujarati,Science - 12,2026-27,85000.0
Rajkot Corporation,16055,SISTER NIVEDITA MAD. & UCCH.MAD.SHALA,GSHSEB,Gujarati,9,2019-20,24000.0
Rajkot Corporation,16055,SISTER NIVEDITA MAD. & UCCH.MAD.SHALA,GSHSEB,Gujarati,9,2020-21,18000.0
Rajkot Corporation,16055,SISTER NIVEDITA MAD. & UCCH.MAD.SHALA,GSHSEB,Gujarati,9,2021-22,25000.0
Rajkot Corporation,16055,SISTER NIVEDITA MAD. & UCCH.MAD.SHALA,GSHSEB,Gujarati,9,2022-23,27500.0
Rajkot Corporation,16055,SISTER NIVEDITA MAD. & UCCH.MAD.SHALA,GSHSEB,Gujarati,9,2023-24,29420.0
Rajkot Corporation,16055,SISTER NIVEDITA MAD. & UCCH.MAD.SHALA,GSHSEB,Gujarati,9,2024-25,31480.0
Rajkot Corporation,16055,SISTER NIVEDITA MAD. & UCCH.MAD.SHALA,GSHSEB,Gujarati,9,2025-26,34000.0
Rajkot Corporation,16055,SISTER NIVEDITA MAD. & UCCH.MAD.SHALA,GSHSEB,Gujarati,9,2026-27,35700.0
Rajkot Corporation,16055,SISTER NIVEDITA MAD. & UCCH.MAD.SHALA,GSHSEB,Gujarati,10,2019-20,24000.0
Rajkot Corporation,16055,SISTER NIVEDITA MAD. & UCCH.MAD.SHALA,GSHSEB,Gujarati,10,2020-21,18000.0
Rajkot Corporation,16055,SISTER NIVEDITA MAD. & UCCH.MAD.SHALA,GSHSEB,Gujarati,10,2021-22,25000.0
Rajkot Corporation,16055,SISTER NIVEDITA MAD. & UCCH.MAD.SHALA,GSHSEB,Gujarati,10,2022-23,27500.0
Rajkot Corporation,16055,SISTER NIVEDITA MAD. & UCCH.MAD.SHALA,GSHSEB,Gujarati,10,2023-24,29420.0
Rajkot Corporation,16055,SISTER NIVEDITA MAD. & UCCH.MAD.SHALA,GSHSEB,Gujarati,10,2024-25,31480.0
Rajkot Corporation,16055,SISTER NIVEDITA MAD. & UCCH.MAD.SHALA,GSHSEB,Gujarati,10,2025-26,34000.0
Rajkot Corporation,16055,SISTER NIVEDITA MAD. & UCCH.MAD.SHALA,GSHSEB,Gujarati,10,2026-27,35700.0
Rajkot Corporation,16055,SISTER NIVEDITA MAD. & UCCH.MAD.SHALA,GSHSEB,Gujarati,General - 11,2019-20,25000.0
Rajkot Corporation,16055,SISTER NIVEDITA MAD. & UCCH.MAD.SHALA,GSHSEB,Gujarati,General - 11,2020-21,18750.0
Rajkot Corporation,16055,SISTER NIVEDITA MAD. & UCCH.MAD.SHALA,GSHSEB,Gujarati,General - 11,2021-22,25000.0
Rajkot Corporation,16055,SISTER NIVEDITA MAD. & UCCH.MAD.SHALA,GSHSEB,Gujarati,General - 11,2022-23,27500.0
Rajkot Corporation,16055,SISTER NIVEDITA MAD. & UCCH.MAD.SHALA,GSHSEB,Gujarati,General - 11,2023-24,29420.0
Rajkot Corporation,16055,SISTER NIVEDITA MAD. & UCCH.MAD.SHALA,GSHSEB,Gujarati,General - 11,2024-25,31480.0
Rajkot Corporation,16055,SISTER NIVEDITA MAD. & UCCH.MAD.SHALA,GSHSEB,Gujarati,General - 11,2025-26,34000.0
Rajkot Corporation,16055,SISTER NIVEDITA MAD. & UCCH.MAD.SHALA,GSHSEB,Gujarati,General - 11,2026-27,35700.0
Rajkot Corporation,16055,SISTER NIVEDITA MAD. & UCCH.MAD.SHALA,GSHSEB,Gujarati,General - 12,2019-20,25000.0
Rajkot Corporation,16055,SISTER NIVEDITA MAD. & UCCH.MAD.SHALA,GSHSEB,Gujarati,General - 12,2020-21,18750.0
Rajkot Corporation,16055,SISTER NIVEDITA MAD. & UCCH.MAD.SHALA,GSHSEB,Gujarati,General - 12,2021-22,25000.0
Rajkot Corporation,16055,SISTER NIVEDITA MAD. & UCCH.MAD.SHALA,GSHSEB,Gujarati,General - 12,2022-23,27500.0
Rajkot Corporation,16055,SISTER NIVEDITA MAD. & UCCH.MAD.SHALA,GSHSEB,Gujarati,General - 12,2023-24,29420.0
Rajkot Corporation,16055,SISTER NIVEDITA MAD. & UCCH.MAD.SHALA,GSHSEB,Gujarati,General - 12,2024-25,31480.0
Rajkot Corporation,16055,SISTER NIVEDITA MAD. & UCCH.MAD.SHALA,GSHSEB,Gujarati,General - 12,2025-26,34000.0
Rajkot Corporation,16055,SISTER NIVEDITA MAD. & UCCH.MAD.SHALA,GSHSEB,Gujarati,General - 12,2026-27,35700.0
Rajkot Corporation,16752,SKP PRANAMI PRI.SEC.SCHOOL,GSHSEB,Gujarati,1,2019-20,21000.0
Rajkot Corporation,16752,SKP PRANAMI PRI.SEC.SCHOOL,GSHSEB,Gujarati,1,2020-21,15750.0
Rajkot Corporation,16752,SKP PRANAMI PRI.SEC.SCHOOL,GSHSEB,Gujarati,1,2021-22,24200.0
Rajkot Corporation,16752,SKP PRANAMI PRI.SEC.SCHOOL,GSHSEB,Gujarati,1,2022-23,25900.0
Rajkot Corporation,16752,SKP PRANAMI PRI.SEC.SCHOOL,GSHSEB,Gujarati,1,2023-24,29800.0
Rajkot Corporation,16752,SKP PRANAMI PRI.SEC.SCHOOL,GSHSEB,Gujarati,1,2024-25,32000.0
Rajkot Corporation,16752,SKP PRANAMI PRI.SEC.SCHOOL,GSHSEB,Gujarati,1,2025-26,34500.0
Rajkot Corporation,16752,SKP PRANAMI PRI.SEC.SCHOOL,GSHSEB,Gujarati,1,2026-27,37000.0
Rajkot Corporation,16752,SKP PRANAMI PRI.SEC.SCHOOL,GSHSEB,Gujarati,2,2019-20,21000.0
Rajkot Corporation,16752,SKP PRANAMI PRI.SEC.SCHOOL,GSHSEB,Gujarati,2,2020-21,15750.0
Rajkot Corporation,16752,SKP PRANAMI PRI.SEC.SCHOOL,GSHSEB,Gujarati,2,2021-22,24200.0
Rajkot Corporation,16752,SKP PRANAMI PRI.SEC.SCHOOL,GSHSEB,Gujarati,2,2022-23,25900.0
Rajkot Corporation,16752,SKP PRANAMI PRI.SEC.SCHOOL,GSHSEB,Gujarati,2,2023-24,29800.0
Rajkot Corporation,16752,SKP PRANAMI PRI.SEC.SCHOOL,GSHSEB,Gujarati,2,2024-25,32000.0
Rajkot Corporation,16752,SKP PRANAMI PRI.SEC.SCHOOL,GSHSEB,Gujarati,2,2025-26,34500.0
Rajkot Corporation,16752,SKP PRANAMI PRI.SEC.SCHOOL,GSHSEB,Gujarati,2,2026-27,37000.0
Rajkot Corporation,16752,SKP PRANAMI PRI.SEC.SCHOOL,GSHSEB,Gujarati,3,2019-20,21000.0
Rajkot Corporation,16752,SKP PRANAMI PRI.SEC.SCHOOL,GSHSEB,Gujarati,3,2020-21,15750.0
Rajkot Corporation,16752,SKP PRANAMI PRI.SEC.SCHOOL,GSHSEB,Gujarati,3,2021-22,24200.0
Rajkot Corporation,16752,SKP PRANAMI PRI.SEC.SCHOOL,GSHSEB,Gujarati,3,2022-23,25900.0
Rajkot Corporation,16752,SKP PRANAMI PRI.SEC.SCHOOL,GSHSEB,Gujarati,3,2023-24,29800.0
Rajkot Corporation,16752,SKP PRANAMI PRI.SEC.SCHOOL,GSHSEB,Gujarati,3,2024-25,32000.0
Rajkot Corporation,16752,SKP PRANAMI PRI.SEC.SCHOOL,GSHSEB,Gujarati,3,2025-26,34500.0
Rajkot Corporation,16752,SKP PRANAMI PRI.SEC.SCHOOL,GSHSEB,Gujarati,3,2026-27,37000.0
Rajkot Corporation,16752,SKP PRANAMI PRI.SEC.SCHOOL,GSHSEB,Gujarati,4,2019-20,21000.0
Rajkot Corporation,16752,SKP PRANAMI PRI.SEC.SCHOOL,GSHSEB,Gujarati,4,2020-21,15750.0
Rajkot Corporation,16752,SKP PRANAMI PRI.SEC.SCHOOL,GSHSEB,Gujarati,4,2021-22,24200.0
Rajkot Corporation,16752,SKP PRANAMI PRI.SEC.SCHOOL,GSHSEB,Gujarati,4,2022-23,25900.0
Rajkot Corporation,16752,SKP PRANAMI PRI.SEC.SCHOOL,GSHSEB,Gujarati,4,2023-24,29800.0
Rajkot Corporation,16752,SKP PRANAMI PRI.SEC.SCHOOL,GSHSEB,Gujarati,4,2024-25,32000.0
Rajkot Corporation,16752,SKP PRANAMI PRI.SEC.SCHOOL,GSHSEB,Gujarati,4,2025-26,34500.0
Rajkot Corporation,16752,SKP PRANAMI PRI.SEC.SCHOOL,GSHSEB,Gujarati,4,2026-27,37000.0
Rajkot Corporation,16752,SKP PRANAMI PRI.SEC.SCHOOL,GSHSEB,Gujarati,5,2019-20,21000.0
Rajkot Corporation,16752,SKP PRANAMI PRI.SEC.SCHOOL,GSHSEB,Gujarati,5,2020-21,15750.0
Rajkot Corporation,16752,SKP PRANAMI PRI.SEC.SCHOOL,GSHSEB,Gujarati,5,2021-22,24200.0
Rajkot Corporation,16752,SKP PRANAMI PRI.SEC.SCHOOL,GSHSEB,Gujarati,5,2022-23,25900.0
Rajkot Corporation,16752,SKP PRANAMI PRI.SEC.SCHOOL,GSHSEB,Gujarati,5,2023-24,29800.0
Rajkot Corporation,16752,SKP PRANAMI PRI.SEC.SCHOOL,GSHSEB,Gujarati,5,2024-25,32000.0
Rajkot Corporation,16752,SKP PRANAMI PRI.SEC.SCHOOL,GSHSEB,Gujarati,5,2025-26,34500.0
Rajkot Corporation,16752,SKP PRANAMI PRI.SEC.SCHOOL,GSHSEB,Gujarati,5,2026-27,37000.0
Rajkot Corporation,16752,SKP PRANAMI PRI.SEC.SCHOOL,GSHSEB,Gujarati,6,2019-20,21000.0
Rajkot Corporation,16752,SKP PRANAMI PRI.SEC.SCHOOL,GSHSEB,Gujarati,6,2020-21,15750.0
Rajkot Corporation,16752,SKP PRANAMI PRI.SEC.SCHOOL,GSHSEB,Gujarati,6,2021-22,24200.0
Rajkot Corporation,16752,SKP PRANAMI PRI.SEC.SCHOOL,GSHSEB,Gujarati,6,2022-23,25900.0
Rajkot Corporation,16752,SKP PRANAMI PRI.SEC.SCHOOL,GSHSEB,Gujarati,6,2023-24,29800.0
Rajkot Corporation,16752,SKP PRANAMI PRI.SEC.SCHOOL,GSHSEB,Gujarati,6,2024-25,32000.0
Rajkot Corporation,16752,SKP PRANAMI PRI.SEC.SCHOOL,GSHSEB,Gujarati,6,2025-26,34500.0
Rajkot Corporation,16752,SKP PRANAMI PRI.SEC.SCHOOL,GSHSEB,Gujarati,6,2026-27,37000.0
Rajkot Corporation,16752,SKP PRANAMI PRI.SEC.SCHOOL,GSHSEB,Gujarati,7,2019-20,21000.0
Rajkot Corporation,16752,SKP PRANAMI PRI.SEC.SCHOOL,GSHSEB,Gujarati,7,2020-21,15750.0
Rajkot Corporation,16752,SKP PRANAMI PRI.SEC.SCHOOL,GSHSEB,Gujarati,7,2021-22,24200.0
Rajkot Corporation,16752,SKP PRANAMI PRI.SEC.SCHOOL,GSHSEB,Gujarati,7,2022-23,25900.0
Rajkot Corporation,16752,SKP PRANAMI PRI.SEC.SCHOOL,GSHSEB,Gujarati,7,2023-24,29800.0
Rajkot Corporation,16752,SKP PRANAMI PRI.SEC.SCHOOL,GSHSEB,Gujarati,7,2024-25,32000.0
Rajkot Corporation,16752,SKP PRANAMI PRI.SEC.SCHOOL,GSHSEB,Gujarati,7,2025-26,34500.0
Rajkot Corporation,16752,SKP PRANAMI PRI.SEC.SCHOOL,GSHSEB,Gujarati,7,2026-27,37000.0
Rajkot Corporation,16752,SKP PRANAMI PRI.SEC.SCHOOL,GSHSEB,Gujarati,8,2019-20,21000.0
Rajkot Corporation,16752,SKP PRANAMI PRI.SEC.SCHOOL,GSHSEB,Gujarati,8,2020-21,15750.0
Rajkot Corporation,16752,SKP PRANAMI PRI.SEC.SCHOOL,GSHSEB,Gujarati,8,2021-22,24200.0
Rajkot Corporation,16752,SKP PRANAMI PRI.SEC.SCHOOL,GSHSEB,Gujarati,8,2022-23,25900.0
Rajkot Corporation,16752,SKP PRANAMI PRI.SEC.SCHOOL,GSHSEB,Gujarati,8,2023-24,29800.0
Rajkot Corporation,16752,SKP PRANAMI PRI.SEC.SCHOOL,GSHSEB,Gujarati,8,2024-25,32000.0
Rajkot Corporation,16752,SKP PRANAMI PRI.SEC.SCHOOL,GSHSEB,Gujarati,8,2025-26,34500.0
Rajkot Corporation,16752,SKP PRANAMI PRI.SEC.SCHOOL,GSHSEB,Gujarati,8,2026-27,37000.0
Rajkot Corporation,16752,SKP PRANAMI PRI.SEC.SCHOOL,GSHSEB,Gujarati,9,2019-20,23000.0
Rajkot Corporation,16752,SKP PRANAMI PRI.SEC.SCHOOL,GSHSEB,Gujarati,9,2020-21,17250.0
Rajkot Corporation,16752,SKP PRANAMI PRI.SEC.SCHOOL,GSHSEB,Gujarati,9,2021-22,26300.0
Rajkot Corporation,16752,SKP PRANAMI PRI.SEC.SCHOOL,GSHSEB,Gujarati,9,2022-23,32875.0
Rajkot Corporation,16752,SKP PRANAMI PRI.SEC.SCHOOL,GSHSEB,Gujarati,9,2023-24,35200.0
Rajkot Corporation,16752,SKP PRANAMI PRI.SEC.SCHOOL,GSHSEB,Gujarati,9,2024-25,37700.0
Rajkot Corporation,16752,SKP PRANAMI PRI.SEC.SCHOOL,GSHSEB,Gujarati,9,2025-26,37700.0
Rajkot Corporation,16752,SKP PRANAMI PRI.SEC.SCHOOL,GSHSEB,Gujarati,9,2026-27,37700.0
Rajkot Corporation,16752,SKP PRANAMI PRI.SEC.SCHOOL,GSHSEB,Gujarati,10,2019-20,25000.0
Rajkot Corporation,16752,SKP PRANAMI PRI.SEC.SCHOOL,GSHSEB,Gujarati,10,2020-21,18750.0
Rajkot Corporation,16752,SKP PRANAMI PRI.SEC.SCHOOL,GSHSEB,Gujarati,10,2021-22,28600.0
Rajkot Corporation,16752,SKP PRANAMI PRI.SEC.SCHOOL,GSHSEB,Gujarati,10,2022-23,37200.0
Rajkot Corporation,16752,SKP PRANAMI PRI.SEC.SCHOOL,GSHSEB,Gujarati,10,2023-24,40000.0
Rajkot Corporation,16752,SKP PRANAMI PRI.SEC.SCHOOL,GSHSEB,Gujarati,10,2024-25,42800.0
Rajkot Corporation,16752,SKP PRANAMI PRI.SEC.SCHOOL,GSHSEB,Gujarati,10,2025-26,42800.0
Rajkot Corporation,16752,SKP PRANAMI PRI.SEC.SCHOOL,GSHSEB,Gujarati,10,2026-27,42800.0
Rajkot Corporation,16752,SKP PRANAMI PRI.SEC.SCHOOL,GSHSEB,Gujarati,General - 11,2019-20,27000.0
Rajkot Corporation,16752,SKP PRANAMI PRI.SEC.SCHOOL,GSHSEB,Gujarati,General - 11,2020-21,20250.0
Rajkot Corporation,16752,SKP PRANAMI PRI.SEC.SCHOOL,GSHSEB,Gujarati,General - 11,2021-22,31000.0
Rajkot Corporation,16752,SKP PRANAMI PRI.SEC.SCHOOL,GSHSEB,Gujarati,General - 11,2022-23,40300.0
Rajkot Corporation,16752,SKP PRANAMI PRI.SEC.SCHOOL,GSHSEB,Gujarati,General - 11,2023-24,43100.0
Rajkot Corporation,16752,SKP PRANAMI PRI.SEC.SCHOOL,GSHSEB,Gujarati,General - 11,2024-25,46100.0
Rajkot Corporation,16752,SKP PRANAMI PRI.SEC.SCHOOL,GSHSEB,Gujarati,General - 11,2025-26,46100.0
Rajkot Corporation,16752,SKP PRANAMI PRI.SEC.SCHOOL,GSHSEB,Gujarati,General - 11,2026-27,46100.0
Rajkot Corporation,16752,SKP PRANAMI PRI.SEC.SCHOOL,GSHSEB,Gujarati,General - 12,2019-20,28000.0
Rajkot Corporation,16752,SKP PRANAMI PRI.SEC.SCHOOL,GSHSEB,Gujarati,General - 12,2020-21,21000.0
Rajkot Corporation,16752,SKP PRANAMI PRI.SEC.SCHOOL,GSHSEB,Gujarati,General - 12,2021-22,32000.0
Rajkot Corporation,16752,SKP PRANAMI PRI.SEC.SCHOOL,GSHSEB,Gujarati,General - 12,2022-23,41600.0
Rajkot Corporation,16752,SKP PRANAMI PRI.SEC.SCHOOL,GSHSEB,Gujarati,General - 12,2023-24,44500.0
Rajkot Corporation,16752,SKP PRANAMI PRI.SEC.SCHOOL,GSHSEB,Gujarati,General - 12,2024-25,47600.0
Rajkot Corporation,16752,SKP PRANAMI PRI.SEC.SCHOOL,GSHSEB,Gujarati,General - 12,2025-26,47600.0
Rajkot Corporation,16752,SKP PRANAMI PRI.SEC.SCHOOL,GSHSEB,Gujarati,General - 12,2026-27,47600.0
Rajkot Corporation,16752,SKP PRANAMI PRI.SEC.SCHOOL,GSHSEB,Gujarati,Science - 11,2019-20,34000.0
Rajkot Corporation,16752,SKP PRANAMI PRI.SEC.SCHOOL,GSHSEB,Gujarati,Science - 11,2020-21,25500.0
Rajkot Corporation,16752,SKP PRANAMI PRI.SEC.SCHOOL,GSHSEB,Gujarati,Science - 11,2021-22,39000.0
Rajkot Corporation,16752,SKP PRANAMI PRI.SEC.SCHOOL,GSHSEB,Gujarati,Science - 11,2022-23,90000.0
Rajkot Corporation,16752,SKP PRANAMI PRI.SEC.SCHOOL,GSHSEB,Gujarati,Science - 11,2023-24,96300.0
Rajkot Corporation,16752,SKP PRANAMI PRI.SEC.SCHOOL,GSHSEB,Gujarati,Science - 11,2024-25,103050.0
Rajkot Corporation,16752,SKP PRANAMI PRI.SEC.SCHOOL,GSHSEB,Gujarati,Science - 11,2025-26,103050.0
Rajkot Corporation,16752,SKP PRANAMI PRI.SEC.SCHOOL,GSHSEB,Gujarati,Science - 11,2026-27,103050.0
Rajkot Corporation,16752,SKP PRANAMI PRI.SEC.SCHOOL,GSHSEB,Gujarati,Science - 12,2019-20,35000.0
Rajkot Corporation,16752,SKP PRANAMI PRI.SEC.SCHOOL,GSHSEB,Gujarati,Science - 12,2020-21,26250.0
Rajkot Corporation,16752,SKP PRANAMI PRI.SEC.SCHOOL,GSHSEB,Gujarati,Science - 12,2021-22,40000.0
Rajkot Corporation,16752,SKP PRANAMI PRI.SEC.SCHOOL,GSHSEB,Gujarati,Science - 12,2022-23,95000.0
Rajkot Corporation,16752,SKP PRANAMI PRI.SEC.SCHOOL,GSHSEB,Gujarati,Science - 12,2023-24,101650.0
Rajkot Corporation,16752,SKP PRANAMI PRI.SEC.SCHOOL,GSHSEB,Gujarati,Science - 12,2024-25,108800.0
Rajkot Corporation,16752,SKP PRANAMI PRI.SEC.SCHOOL,GSHSEB,Gujarati,Science - 12,2025-26,108800.0
Rajkot Corporation,16752,SKP PRANAMI PRI.SEC.SCHOOL,GSHSEB,Gujarati,Science - 12,2026-27,108800.0
Rajkot Corporation,16752,SKP PRANAMI PRI.SEC.SCHOOL,GSHSEB,Gujarati,Pre-Primary,2019-20,21000.0
Rajkot Corporation,16752,SKP PRANAMI PRI.SEC.SCHOOL,GSHSEB,Gujarati,Pre-Primary,2020-21,15750.0
Rajkot Corporation,16752,SKP PRANAMI PRI.SEC.SCHOOL,GSHSEB,Gujarati,Pre-Primary,2021-22,22000.0
Rajkot Corporation,16752,SKP PRANAMI PRI.SEC.SCHOOL,GSHSEB,Gujarati,Pre-Primary,2022-23,23550.0
Rajkot Corporation,16752,SKP PRANAMI PRI.SEC.SCHOOL,GSHSEB,Gujarati,Pre-Primary,2024-25,26500.0
Rajkot Corporation,16752,SKP PRANAMI PRI.SEC.SCHOOL,GSHSEB,Gujarati,Pre-Primary,2025-26,27800.0
Rajkot Corporation,16752,SKP PRANAMI PRI.SEC.SCHOOL,GSHSEB,Gujarati,Pre-Primary,2026-27,29200.0
Rajkot Corporation,16752,SKP PRANAMI PRI.SEC.SCHOOL,GSHSEB,English,1,2019-20,21000.0
Rajkot Corporation,16752,SKP PRANAMI PRI.SEC.SCHOOL,GSHSEB,English,1,2020-21,15750.0
Rajkot Corporation,16752,SKP PRANAMI PRI.SEC.SCHOOL,GSHSEB,English,1,2021-22,26400.0
Rajkot Corporation,16752,SKP PRANAMI PRI.SEC.SCHOOL,GSHSEB,English,1,2022-23,28250.0
Rajkot Corporation,16752,SKP PRANAMI PRI.SEC.SCHOOL,GSHSEB,English,1,2023-24,32100.0
Rajkot Corporation,16752,SKP PRANAMI PRI.SEC.SCHOOL,GSHSEB,English,1,2024-25,34500.0
Rajkot Corporation,16752,SKP PRANAMI PRI.SEC.SCHOOL,GSHSEB,English,1,2025-26,37000.0
Rajkot Corporation,16752,SKP PRANAMI PRI.SEC.SCHOOL,GSHSEB,English,1,2026-27,39900.0
Rajkot Corporation,16752,SKP PRANAMI PRI.SEC.SCHOOL,GSHSEB,English,2,2019-20,21000.0
Rajkot Corporation,16752,SKP PRANAMI PRI.SEC.SCHOOL,GSHSEB,English,2,2020-21,15750.0
Rajkot Corporation,16752,SKP PRANAMI PRI.SEC.SCHOOL,GSHSEB,English,2,2021-22,26400.0
Rajkot Corporation,16752,SKP PRANAMI PRI.SEC.SCHOOL,GSHSEB,English,2,2022-23,28250.0
Rajkot Corporation,16752,SKP PRANAMI PRI.SEC.SCHOOL,GSHSEB,English,2,2023-24,32100.0
Rajkot Corporation,16752,SKP PRANAMI PRI.SEC.SCHOOL,GSHSEB,English,2,2024-25,34500.0
Rajkot Corporation,16752,SKP PRANAMI PRI.SEC.SCHOOL,GSHSEB,English,2,2025-26,37000.0
Rajkot Corporation,16752,SKP PRANAMI PRI.SEC.SCHOOL,GSHSEB,English,2,2026-27,39900.0
Rajkot Corporation,16752,SKP PRANAMI PRI.SEC.SCHOOL,GSHSEB,English,3,2019-20,21000.0
Rajkot Corporation,16752,SKP PRANAMI PRI.SEC.SCHOOL,GSHSEB,English,3,2020-21,15750.0
Rajkot Corporation,16752,SKP PRANAMI PRI.SEC.SCHOOL,GSHSEB,English,3,2021-22,26400.0
Rajkot Corporation,16752,SKP PRANAMI PRI.SEC.SCHOOL,GSHSEB,English,3,2022-23,28250.0
Rajkot Corporation,16752,SKP PRANAMI PRI.SEC.SCHOOL,GSHSEB,English,3,2023-24,32100.0
Rajkot Corporation,16752,SKP PRANAMI PRI.SEC.SCHOOL,GSHSEB,English,3,2024-25,34500.0
Rajkot Corporation,16752,SKP PRANAMI PRI.SEC.SCHOOL,GSHSEB,English,3,2025-26,37000.0
Rajkot Corporation,16752,SKP PRANAMI PRI.SEC.SCHOOL,GSHSEB,English,3,2026-27,39900.0
Rajkot Corporation,16752,SKP PRANAMI PRI.SEC.SCHOOL,GSHSEB,English,4,2019-20,21000.0
Rajkot Corporation,16752,SKP PRANAMI PRI.SEC.SCHOOL,GSHSEB,English,4,2020-21,15750.0
Rajkot Corporation,16752,SKP PRANAMI PRI.SEC.SCHOOL,GSHSEB,English,4,2021-22,26400.0
Rajkot Corporation,16752,SKP PRANAMI PRI.SEC.SCHOOL,GSHSEB,English,4,2022-23,28250.0
Rajkot Corporation,16752,SKP PRANAMI PRI.SEC.SCHOOL,GSHSEB,English,4,2023-24,32100.0
Rajkot Corporation,16752,SKP PRANAMI PRI.SEC.SCHOOL,GSHSEB,English,4,2024-25,34500.0
Rajkot Corporation,16752,SKP PRANAMI PRI.SEC.SCHOOL,GSHSEB,English,4,2025-26,37000.0
Rajkot Corporation,16752,SKP PRANAMI PRI.SEC.SCHOOL,GSHSEB,English,4,2026-27,39900.0
Rajkot Corporation,16752,SKP PRANAMI PRI.SEC.SCHOOL,GSHSEB,English,5,2019-20,21000.0
Rajkot Corporation,16752,SKP PRANAMI PRI.SEC.SCHOOL,GSHSEB,English,5,2020-21,15750.0
Rajkot Corporation,16752,SKP PRANAMI PRI.SEC.SCHOOL,GSHSEB,English,5,2021-22,26400.0
Rajkot Corporation,16752,SKP PRANAMI PRI.SEC.SCHOOL,GSHSEB,English,5,2022-23,28250.0
Rajkot Corporation,16752,SKP PRANAMI PRI.SEC.SCHOOL,GSHSEB,English,5,2023-24,32100.0
Rajkot Corporation,16752,SKP PRANAMI PRI.SEC.SCHOOL,GSHSEB,English,5,2024-25,34500.0
Rajkot Corporation,16752,SKP PRANAMI PRI.SEC.SCHOOL,GSHSEB,English,5,2025-26,37000.0
Rajkot Corporation,16752,SKP PRANAMI PRI.SEC.SCHOOL,GSHSEB,English,5,2026-27,39900.0
Rajkot Corporation,16752,SKP PRANAMI PRI.SEC.SCHOOL,GSHSEB,English,6,2019-20,21000.0
Rajkot Corporation,16752,SKP PRANAMI PRI.SEC.SCHOOL,GSHSEB,English,6,2020-21,15750.0
Rajkot Corporation,16752,SKP PRANAMI PRI.SEC.SCHOOL,GSHSEB,English,6,2021-22,26400.0
Rajkot Corporation,16752,SKP PRANAMI PRI.SEC.SCHOOL,GSHSEB,English,6,2022-23,28250.0
Rajkot Corporation,16752,SKP PRANAMI PRI.SEC.SCHOOL,GSHSEB,English,6,2023-24,32100.0
Rajkot Corporation,16752,SKP PRANAMI PRI.SEC.SCHOOL,GSHSEB,English,6,2024-25,34500.0
Rajkot Corporation,16752,SKP PRANAMI PRI.SEC.SCHOOL,GSHSEB,English,6,2025-26,37000.0
Rajkot Corporation,16752,SKP PRANAMI PRI.SEC.SCHOOL,GSHSEB,English,6,2026-27,39900.0
Rajkot Corporation,16752,SKP PRANAMI PRI.SEC.SCHOOL,GSHSEB,English,7,2019-20,21000.0
Rajkot Corporation,16752,SKP PRANAMI PRI.SEC.SCHOOL,GSHSEB,English,7,2020-21,15750.0
Rajkot Corporation,16752,SKP PRANAMI PRI.SEC.SCHOOL,GSHSEB,English,7,2021-22,26400.0
Rajkot Corporation,16752,SKP PRANAMI PRI.SEC.SCHOOL,GSHSEB,English,7,2022-23,28250.0
Rajkot Corporation,16752,SKP PRANAMI PRI.SEC.SCHOOL,GSHSEB,English,7,2023-24,32100.0
Rajkot Corporation,16752,SKP PRANAMI PRI.SEC.SCHOOL,GSHSEB,English,7,2024-25,34500.0
Rajkot Corporation,16752,SKP PRANAMI PRI.SEC.SCHOOL,GSHSEB,English,7,2025-26,37000.0
Rajkot Corporation,16752,SKP PRANAMI PRI.SEC.SCHOOL,GSHSEB,English,7,2026-27,39900.0
Rajkot Corporation,16752,SKP PRANAMI PRI.SEC.SCHOOL,GSHSEB,English,8,2019-20,21000.0
Rajkot Corporation,16752,SKP PRANAMI PRI.SEC.SCHOOL,GSHSEB,English,8,2020-21,15750.0
Rajkot Corporation,16752,SKP PRANAMI PRI.SEC.SCHOOL,GSHSEB,English,8,2021-22,26400.0
Rajkot Corporation,16752,SKP PRANAMI PRI.SEC.SCHOOL,GSHSEB,English,8,2022-23,28250.0
Rajkot Corporation,16752,SKP PRANAMI PRI.SEC.SCHOOL,GSHSEB,English,8,2023-24,32100.0
Rajkot Corporation,16752,SKP PRANAMI PRI.SEC.SCHOOL,GSHSEB,English,8,2024-25,34500.0
Rajkot Corporation,16752,SKP PRANAMI PRI.SEC.SCHOOL,GSHSEB,English,8,2025-26,37000.0
Rajkot Corporation,16752,SKP PRANAMI PRI.SEC.SCHOOL,GSHSEB,English,8,2026-27,39900.0
Rajkot Corporation,16752,SKP PRANAMI PRI.SEC.SCHOOL,GSHSEB,English,9,2019-20,25000.0
Rajkot Corporation,16752,SKP PRANAMI PRI.SEC.SCHOOL,GSHSEB,English,9,2020-21,18750.0
Rajkot Corporation,16752,SKP PRANAMI PRI.SEC.SCHOOL,GSHSEB,English,9,2021-22,28600.0
Rajkot Corporation,16752,SKP PRANAMI PRI.SEC.SCHOOL,GSHSEB,English,9,2024-25,42600.0
Rajkot Corporation,16752,SKP PRANAMI PRI.SEC.SCHOOL,GSHSEB,English,9,2025-26,42600.0
Rajkot Corporation,16752,SKP PRANAMI PRI.SEC.SCHOOL,GSHSEB,English,9,2026-27,42600.0
Rajkot Corporation,16752,SKP PRANAMI PRI.SEC.SCHOOL,GSHSEB,English,10,2019-20,25750.0
Rajkot Corporation,16752,SKP PRANAMI PRI.SEC.SCHOOL,GSHSEB,English,10,2020-21,19312.5
Rajkot Corporation,16752,SKP PRANAMI PRI.SEC.SCHOOL,GSHSEB,English,10,2021-22,29500.0
Rajkot Corporation,16752,SKP PRANAMI PRI.SEC.SCHOOL,GSHSEB,English,10,2024-25,43920.0
Rajkot Corporation,16752,SKP PRANAMI PRI.SEC.SCHOOL,GSHSEB,English,10,2025-26,43920.0
Rajkot Corporation,16752,SKP PRANAMI PRI.SEC.SCHOOL,GSHSEB,English,10,2026-27,43920.0
Rajkot Corporation,16752,SKP PRANAMI PRI.SEC.SCHOOL,GSHSEB,English,General - 11,2019-20,27000.0
Rajkot Corporation,16752,SKP PRANAMI PRI.SEC.SCHOOL,GSHSEB,English,General - 11,2020-21,20250.0
Rajkot Corporation,16752,SKP PRANAMI PRI.SEC.SCHOOL,GSHSEB,English,General - 11,2021-22,31000.0
Rajkot Corporation,16752,SKP PRANAMI PRI.SEC.SCHOOL,GSHSEB,English,General - 11,2024-25,45800.0
Rajkot Corporation,16752,SKP PRANAMI PRI.SEC.SCHOOL,GSHSEB,English,General - 11,2025-26,45800.0
Rajkot Corporation,16752,SKP PRANAMI PRI.SEC.SCHOOL,GSHSEB,English,General - 11,2026-27,45800.0
Rajkot Corporation,16752,SKP PRANAMI PRI.SEC.SCHOOL,GSHSEB,English,General - 12,2024-25,51500.0
Rajkot Corporation,16752,SKP PRANAMI PRI.SEC.SCHOOL,GSHSEB,English,General - 12,2025-26,51500.0
Rajkot Corporation,16752,SKP PRANAMI PRI.SEC.SCHOOL,GSHSEB,English,General - 12,2026-27,51500.0
Rajkot Corporation,16752,SKP PRANAMI PRI.SEC.SCHOOL,GSHSEB,English,Science - 11,2019-20,34000.0
Rajkot Corporation,16752,SKP PRANAMI PRI.SEC.SCHOOL,GSHSEB,English,Science - 11,2020-21,25500.0
Rajkot Corporation,16752,SKP PRANAMI PRI.SEC.SCHOOL,GSHSEB,English,Science - 11,2021-22,39000.0
Rajkot Corporation,16752,SKP PRANAMI PRI.SEC.SCHOOL,GSHSEB,English,Science - 11,2024-25,108765.0
Rajkot Corporation,16752,SKP PRANAMI PRI.SEC.SCHOOL,GSHSEB,English,Science - 11,2025-26,108765.0
Rajkot Corporation,16752,SKP PRANAMI PRI.SEC.SCHOOL,GSHSEB,English,Science - 11,2026-27,108765.0
Rajkot Corporation,16752,SKP PRANAMI PRI.SEC.SCHOOL,GSHSEB,English,Science - 12,2024-25,114500.0
Rajkot Corporation,16752,SKP PRANAMI PRI.SEC.SCHOOL,GSHSEB,English,Science - 12,2025-26,114500.0
Rajkot Corporation,16752,SKP PRANAMI PRI.SEC.SCHOOL,GSHSEB,English,Science - 12,2026-27,114500.0
Rajkot Corporation,16752,SKP PRANAMI PRI.SEC.SCHOOL,GSHSEB,English,Pre-Primary,2019-20,21000.0
Rajkot Corporation,16752,SKP PRANAMI PRI.SEC.SCHOOL,GSHSEB,English,Pre-Primary,2020-21,15750.0
Rajkot Corporation,16752,SKP PRANAMI PRI.SEC.SCHOOL,GSHSEB,English,Pre-Primary,2021-22,24300.0
Rajkot Corporation,16752,SKP PRANAMI PRI.SEC.SCHOOL,GSHSEB,English,Pre-Primary,2022-23,26000.0
Rajkot Corporation,16752,SKP PRANAMI PRI.SEC.SCHOOL,GSHSEB,English,Pre-Primary,2024-25,29200.0
Rajkot Corporation,16752,SKP PRANAMI PRI.SEC.SCHOOL,GSHSEB,English,Pre-Primary,2025-26,30700.0
Rajkot Corporation,16752,SKP PRANAMI PRI.SEC.SCHOOL,GSHSEB,English,Pre-Primary,2026-27,32200.0
Rajkot Corporation,14586,SMT. K. R. MODI HIGH SCHOOL (ENG MED),GSHSEB,English,General - 11,2022-23,56600.0
Rajkot Corporation,14586,SMT. K. R. MODI HIGH SCHOOL (ENG MED),GSHSEB,English,General - 11,2023-24,62260.0
Rajkot Corporation,14586,SMT. K. R. MODI HIGH SCHOOL (ENG MED),GSHSEB,English,General - 11,2024-25,66620.0
Rajkot Corporation,14586,SMT. K. R. MODI HIGH SCHOOL (ENG MED),GSHSEB,English,General - 11,2025-26,72280.0
Rajkot Corporation,14586,SMT. K. R. MODI HIGH SCHOOL (ENG MED),GSHSEB,English,General - 11,2026-27,75900.0
Rajkot Corporation,14586,SMT. K. R. MODI HIGH SCHOOL (ENG MED),GSHSEB,English,General - 12,2022-23,57750.0
Rajkot Corporation,14586,SMT. K. R. MODI HIGH SCHOOL (ENG MED),GSHSEB,English,General - 12,2023-24,63525.0
Rajkot Corporation,14586,SMT. K. R. MODI HIGH SCHOOL (ENG MED),GSHSEB,English,General - 12,2024-25,69880.0
Rajkot Corporation,14586,SMT. K. R. MODI HIGH SCHOOL (ENG MED),GSHSEB,English,General - 12,2025-26,74770.0
Rajkot Corporation,14586,SMT. K. R. MODI HIGH SCHOOL (ENG MED),GSHSEB,English,General - 12,2026-27,78500.0
Rajkot Corporation,15264,SMT. S K PATHAK SEC. & HIG. SECONDARY SCHOOL ,GSHSEB,English,9,2024-25,35000.0
Rajkot Corporation,15264,SMT. S K PATHAK SEC. & HIG. SECONDARY SCHOOL ,GSHSEB,English,9,2025-26,35000.0
Rajkot Corporation,15264,SMT. S K PATHAK SEC. & HIG. SECONDARY SCHOOL ,GSHSEB,English,9,2026-27,35000.0
Rajkot Corporation,15264,SMT. S K PATHAK SEC. & HIG. SECONDARY SCHOOL ,GSHSEB,English,10,2024-25,35000.0
Rajkot Corporation,15264,SMT. S K PATHAK SEC. & HIG. SECONDARY SCHOOL ,GSHSEB,English,10,2025-26,35000.0
Rajkot Corporation,15264,SMT. S K PATHAK SEC. & HIG. SECONDARY SCHOOL ,GSHSEB,English,10,2026-27,35000.0
Rajkot Corporation,15264,SMT. S K PATHAK SEC. & HIG. SECONDARY SCHOOL ,GSHSEB,English,General - 11,2024-25,40000.0
Rajkot Corporation,15264,SMT. S K PATHAK SEC. & HIG. SECONDARY SCHOOL ,GSHSEB,English,General - 11,2025-26,40000.0
Rajkot Corporation,15264,SMT. S K PATHAK SEC. & HIG. SECONDARY SCHOOL ,GSHSEB,English,General - 11,2026-27,40000.0
Rajkot Corporation,15264,SMT. S K PATHAK SEC. & HIG. SECONDARY SCHOOL ,GSHSEB,English,General - 12,2024-25,40000.0
Rajkot Corporation,15264,SMT. S K PATHAK SEC. & HIG. SECONDARY SCHOOL ,GSHSEB,English,General - 12,2025-26,40000.0
Rajkot Corporation,15264,SMT. S K PATHAK SEC. & HIG. SECONDARY SCHOOL ,GSHSEB,English,General - 12,2026-27,40000.0
Rajkot Corporation,15264,SMT. S K PATHAK SEC. & HIG. SECONDARY SCHOOL ,GSHSEB,English,Science - 11,2024-25,90000.0
Rajkot Corporation,15264,SMT. S K PATHAK SEC. & HIG. SECONDARY SCHOOL ,GSHSEB,English,Science - 11,2025-26,90000.0
Rajkot Corporation,15264,SMT. S K PATHAK SEC. & HIG. SECONDARY SCHOOL ,GSHSEB,English,Science - 11,2026-27,90000.0
Rajkot Corporation,15264,SMT. S K PATHAK SEC. & HIG. SECONDARY SCHOOL ,GSHSEB,English,Science - 12,2024-25,90000.0
Rajkot Corporation,15264,SMT. S K PATHAK SEC. & HIG. SECONDARY SCHOOL ,GSHSEB,English,Science - 12,2025-26,90000.0
Rajkot Corporation,15264,SMT. S K PATHAK SEC. & HIG. SECONDARY SCHOOL ,GSHSEB,English,Science - 12,2026-27,90000.0
Rajkot Corporation,15920,SMT. S K PATHAK VIDYAMANDIR SECONDARY,GSHSEB,Gujarati,9,2019-20,27000.0
Rajkot Corporation,15920,SMT. S K PATHAK VIDYAMANDIR SECONDARY,GSHSEB,Gujarati,9,2020-21,20250.0
Rajkot Corporation,15920,SMT. S K PATHAK VIDYAMANDIR SECONDARY,GSHSEB,Gujarati,9,2021-22,27000.0
Rajkot Corporation,15920,SMT. S K PATHAK VIDYAMANDIR SECONDARY,GSHSEB,Gujarati,9,2022-23,28900.0
Rajkot Corporation,15920,SMT. S K PATHAK VIDYAMANDIR SECONDARY,GSHSEB,Gujarati,9,2024-25,25000.0
Rajkot Corporation,15920,SMT. S K PATHAK VIDYAMANDIR SECONDARY,GSHSEB,Gujarati,10,2019-20,27000.0
Rajkot Corporation,15920,SMT. S K PATHAK VIDYAMANDIR SECONDARY,GSHSEB,Gujarati,10,2020-21,20250.0
Rajkot Corporation,15920,SMT. S K PATHAK VIDYAMANDIR SECONDARY,GSHSEB,Gujarati,10,2021-22,27000.0
Rajkot Corporation,15920,SMT. S K PATHAK VIDYAMANDIR SECONDARY,GSHSEB,Gujarati,10,2022-23,28900.0
Rajkot Corporation,15920,SMT. S K PATHAK VIDYAMANDIR SECONDARY,GSHSEB,Gujarati,10,2024-25,25000.0
Rajkot Corporation,15920,SMT. S K PATHAK VIDYAMANDIR SECONDARY,GSHSEB,Gujarati,General - 11,2019-20,35000.0
Rajkot Corporation,15920,SMT. S K PATHAK VIDYAMANDIR SECONDARY,GSHSEB,Gujarati,General - 11,2020-21,26250.0
Rajkot Corporation,15920,SMT. S K PATHAK VIDYAMANDIR SECONDARY,GSHSEB,Gujarati,General - 11,2021-22,35000.0
Rajkot Corporation,15920,SMT. S K PATHAK VIDYAMANDIR SECONDARY,GSHSEB,Gujarati,General - 11,2022-23,37450.0
Rajkot Corporation,15920,SMT. S K PATHAK VIDYAMANDIR SECONDARY,GSHSEB,Gujarati,General - 11,2024-25,25000.0
Rajkot Corporation,15920,SMT. S K PATHAK VIDYAMANDIR SECONDARY,GSHSEB,Gujarati,General - 12,2019-20,35000.0
Rajkot Corporation,15920,SMT. S K PATHAK VIDYAMANDIR SECONDARY,GSHSEB,Gujarati,General - 12,2020-21,26250.0
Rajkot Corporation,15920,SMT. S K PATHAK VIDYAMANDIR SECONDARY,GSHSEB,Gujarati,General - 12,2021-22,35000.0
Rajkot Corporation,15920,SMT. S K PATHAK VIDYAMANDIR SECONDARY,GSHSEB,Gujarati,General - 12,2022-23,37450.0
Rajkot Corporation,15920,SMT. S K PATHAK VIDYAMANDIR SECONDARY,GSHSEB,Gujarati,General - 12,2024-25,25000.0
Rajkot Corporation,15920,SMT. S K PATHAK VIDYAMANDIR SECONDARY,GSHSEB,Gujarati,Science - 11,2019-20,60000.0
Rajkot Corporation,15920,SMT. S K PATHAK VIDYAMANDIR SECONDARY,GSHSEB,Gujarati,Science - 11,2020-21,45000.0
Rajkot Corporation,15920,SMT. S K PATHAK VIDYAMANDIR SECONDARY,GSHSEB,Gujarati,Science - 11,2021-22,60000.0
Rajkot Corporation,15920,SMT. S K PATHAK VIDYAMANDIR SECONDARY,GSHSEB,Gujarati,Science - 11,2022-23,64200.0
Rajkot Corporation,15920,SMT. S K PATHAK VIDYAMANDIR SECONDARY,GSHSEB,Gujarati,Science - 11,2024-25,30000.0
Rajkot Corporation,15920,SMT. S K PATHAK VIDYAMANDIR SECONDARY,GSHSEB,Gujarati,Science - 12,2019-20,60000.0
Rajkot Corporation,15920,SMT. S K PATHAK VIDYAMANDIR SECONDARY,GSHSEB,Gujarati,Science - 12,2020-21,45000.0
Rajkot Corporation,15920,SMT. S K PATHAK VIDYAMANDIR SECONDARY,GSHSEB,Gujarati,Science - 12,2021-22,60000.0
Rajkot Corporation,15920,SMT. S K PATHAK VIDYAMANDIR SECONDARY,GSHSEB,Gujarati,Science - 12,2022-23,64200.0
Rajkot Corporation,15920,SMT. S K PATHAK VIDYAMANDIR SECONDARY,GSHSEB,Gujarati,Science - 12,2024-25,30000.0
Rajkot Corporation,14565,SMT.J P MODI  HIGH SCHOOL (GUJ. MED.),GSHSEB,Gujarati,General - 11,2019-20,35500.0
Rajkot Corporation,14565,SMT.J P MODI  HIGH SCHOOL (GUJ. MED.),GSHSEB,Gujarati,General - 11,2020-21,26625.0
Rajkot Corporation,14565,SMT.J P MODI  HIGH SCHOOL (GUJ. MED.),GSHSEB,Gujarati,General - 11,2021-22,36100.0
Rajkot Corporation,14565,SMT.J P MODI  HIGH SCHOOL (GUJ. MED.),GSHSEB,Gujarati,General - 11,2022-23,40075.0
Rajkot Corporation,14565,SMT.J P MODI  HIGH SCHOOL (GUJ. MED.),GSHSEB,Gujarati,General - 11,2023-24,44082.0
Rajkot Corporation,14565,SMT.J P MODI  HIGH SCHOOL (GUJ. MED.),GSHSEB,Gujarati,General - 11,2024-25,47170.0
Rajkot Corporation,14565,SMT.J P MODI  HIGH SCHOOL (GUJ. MED.),GSHSEB,Gujarati,General - 11,2025-26,50470.0
Rajkot Corporation,14565,SMT.J P MODI  HIGH SCHOOL (GUJ. MED.),GSHSEB,Gujarati,General - 11,2026-27,53000.0
Rajkot Corporation,14565,SMT.J P MODI  HIGH SCHOOL (GUJ. MED.),GSHSEB,Gujarati,General - 12,2019-20,37600.0
Rajkot Corporation,14565,SMT.J P MODI  HIGH SCHOOL (GUJ. MED.),GSHSEB,Gujarati,General - 12,2020-21,28200.0
Rajkot Corporation,14565,SMT.J P MODI  HIGH SCHOOL (GUJ. MED.),GSHSEB,Gujarati,General - 12,2021-22,38200.0
Rajkot Corporation,14565,SMT.J P MODI  HIGH SCHOOL (GUJ. MED.),GSHSEB,Gujarati,General - 12,2022-23,42302.0
Rajkot Corporation,14565,SMT.J P MODI  HIGH SCHOOL (GUJ. MED.),GSHSEB,Gujarati,General - 12,2023-24,46532.0
Rajkot Corporation,14565,SMT.J P MODI  HIGH SCHOOL (GUJ. MED.),GSHSEB,Gujarati,General - 12,2024-25,49800.0
Rajkot Corporation,14565,SMT.J P MODI  HIGH SCHOOL (GUJ. MED.),GSHSEB,Gujarati,General - 12,2025-26,53280.0
Rajkot Corporation,14565,SMT.J P MODI  HIGH SCHOOL (GUJ. MED.),GSHSEB,Gujarati,General - 12,2026-27,55900.0
Rajkot Corporation,16050,SRI M. H. PATEL HIGH SCHOOL,GSHSEB,Gujarati,9,2019-20,30000.0
Rajkot Corporation,16050,SRI M. H. PATEL HIGH SCHOOL,GSHSEB,Gujarati,9,2020-21,22500.0
Rajkot Corporation,16050,SRI M. H. PATEL HIGH SCHOOL,GSHSEB,Gujarati,9,2021-22,33500.0
Rajkot Corporation,16050,SRI M. H. PATEL HIGH SCHOOL,GSHSEB,Gujarati,9,2022-23,35850.0
Rajkot Corporation,16050,SRI M. H. PATEL HIGH SCHOOL,GSHSEB,Gujarati,9,2023-24,37000.0
Rajkot Corporation,16050,SRI M. H. PATEL HIGH SCHOOL,GSHSEB,Gujarati,9,2024-25,39590.0
Rajkot Corporation,16050,SRI M. H. PATEL HIGH SCHOOL,GSHSEB,Gujarati,9,2025-26,42360.0
Rajkot Corporation,16050,SRI M. H. PATEL HIGH SCHOOL,GSHSEB,Gujarati,10,2019-20,30000.0
Rajkot Corporation,16050,SRI M. H. PATEL HIGH SCHOOL,GSHSEB,Gujarati,10,2020-21,22500.0
Rajkot Corporation,16050,SRI M. H. PATEL HIGH SCHOOL,GSHSEB,Gujarati,10,2021-22,33500.0
Rajkot Corporation,16050,SRI M. H. PATEL HIGH SCHOOL,GSHSEB,Gujarati,10,2022-23,35850.0
Rajkot Corporation,16050,SRI M. H. PATEL HIGH SCHOOL,GSHSEB,Gujarati,10,2023-24,37000.0
Rajkot Corporation,16050,SRI M. H. PATEL HIGH SCHOOL,GSHSEB,Gujarati,10,2024-25,39590.0
Rajkot Corporation,16050,SRI M. H. PATEL HIGH SCHOOL,GSHSEB,Gujarati,10,2025-26,42360.0
Rajkot Corporation,16050,SRI M. H. PATEL HIGH SCHOOL,GSHSEB,Gujarati,General - 11,2019-20,30000.0
Rajkot Corporation,16050,SRI M. H. PATEL HIGH SCHOOL,GSHSEB,Gujarati,General - 11,2020-21,22500.0
Rajkot Corporation,16050,SRI M. H. PATEL HIGH SCHOOL,GSHSEB,Gujarati,General - 11,2021-22,36500.0
Rajkot Corporation,16050,SRI M. H. PATEL HIGH SCHOOL,GSHSEB,Gujarati,General - 11,2022-23,39200.0
Rajkot Corporation,16050,SRI M. H. PATEL HIGH SCHOOL,GSHSEB,Gujarati,General - 11,2023-24,40325.0
Rajkot Corporation,16050,SRI M. H. PATEL HIGH SCHOOL,GSHSEB,Gujarati,General - 11,2024-25,43140.0
Rajkot Corporation,16050,SRI M. H. PATEL HIGH SCHOOL,GSHSEB,Gujarati,General - 11,2025-26,46160.0
Rajkot Corporation,16050,SRI M. H. PATEL HIGH SCHOOL,GSHSEB,Gujarati,General - 12,2019-20,30000.0
Rajkot Corporation,16050,SRI M. H. PATEL HIGH SCHOOL,GSHSEB,Gujarati,General - 12,2020-21,22500.0
Rajkot Corporation,16050,SRI M. H. PATEL HIGH SCHOOL,GSHSEB,Gujarati,General - 12,2021-22,36500.0
Rajkot Corporation,16050,SRI M. H. PATEL HIGH SCHOOL,GSHSEB,Gujarati,General - 12,2022-23,39200.0
Rajkot Corporation,16050,SRI M. H. PATEL HIGH SCHOOL,GSHSEB,Gujarati,General - 12,2023-24,40325.0
Rajkot Corporation,16050,SRI M. H. PATEL HIGH SCHOOL,GSHSEB,Gujarati,General - 12,2024-25,43140.0
Rajkot Corporation,16050,SRI M. H. PATEL HIGH SCHOOL,GSHSEB,Gujarati,General - 12,2025-26,46160.0
Rajkot Corporation,13665,SRI SRI ACADEMY,GSHSEB,English,Play Group,2021-22,20000.0
Rajkot Corporation,13665,SRI SRI ACADEMY,GSHSEB,English,Play Group,2022-23,21400.0
Rajkot Corporation,13665,SRI SRI ACADEMY,GSHSEB,English,JR. KG,2021-22,28000.0
Rajkot Corporation,13665,SRI SRI ACADEMY,GSHSEB,English,JR. KG,2022-23,29950.0
Rajkot Corporation,13665,SRI SRI ACADEMY,GSHSEB,English,1,2019-20,52000.0
Rajkot Corporation,13665,SRI SRI ACADEMY,GSHSEB,English,1,2020-21,39000.0
Rajkot Corporation,13665,SRI SRI ACADEMY,GSHSEB,English,1,2021-22,60225.0
Rajkot Corporation,13665,SRI SRI ACADEMY,GSHSEB,English,1,2022-23,64450.0
Rajkot Corporation,13665,SRI SRI ACADEMY,GSHSEB,English,1,2023-24,68950.0
Rajkot Corporation,13665,SRI SRI ACADEMY,GSHSEB,English,2,2019-20,52000.0
Rajkot Corporation,13665,SRI SRI ACADEMY,GSHSEB,English,2,2020-21,39000.0
Rajkot Corporation,13665,SRI SRI ACADEMY,GSHSEB,English,2,2021-22,60225.0
Rajkot Corporation,13665,SRI SRI ACADEMY,GSHSEB,English,2,2022-23,64450.0
Rajkot Corporation,13665,SRI SRI ACADEMY,GSHSEB,English,2,2023-24,68950.0
Rajkot Corporation,13665,SRI SRI ACADEMY,GSHSEB,English,3,2019-20,57000.0
Rajkot Corporation,13665,SRI SRI ACADEMY,GSHSEB,English,3,2020-21,42750.0
Rajkot Corporation,13665,SRI SRI ACADEMY,GSHSEB,English,3,2021-22,65850.0
Rajkot Corporation,13665,SRI SRI ACADEMY,GSHSEB,English,3,2022-23,70460.0
Rajkot Corporation,13665,SRI SRI ACADEMY,GSHSEB,English,3,2023-24,75400.0
Rajkot Corporation,13665,SRI SRI ACADEMY,GSHSEB,English,4,2019-20,57000.0
Rajkot Corporation,13665,SRI SRI ACADEMY,GSHSEB,English,4,2020-21,42750.0
Rajkot Corporation,13665,SRI SRI ACADEMY,GSHSEB,English,4,2021-22,65850.0
Rajkot Corporation,13665,SRI SRI ACADEMY,GSHSEB,English,4,2022-23,70460.0
Rajkot Corporation,13665,SRI SRI ACADEMY,GSHSEB,English,4,2023-24,75400.0
Rajkot Corporation,13665,SRI SRI ACADEMY,GSHSEB,English,5,2019-20,57000.0
Rajkot Corporation,13665,SRI SRI ACADEMY,GSHSEB,English,5,2020-21,42750.0
Rajkot Corporation,13665,SRI SRI ACADEMY,GSHSEB,English,5,2021-22,65850.0
Rajkot Corporation,13665,SRI SRI ACADEMY,GSHSEB,English,5,2022-23,70460.0
Rajkot Corporation,13665,SRI SRI ACADEMY,GSHSEB,English,5,2023-24,75400.0
Rajkot Corporation,13665,SRI SRI ACADEMY,GSHSEB,English,6,2019-20,62000.0
Rajkot Corporation,13665,SRI SRI ACADEMY,GSHSEB,English,6,2020-21,46500.0
Rajkot Corporation,13665,SRI SRI ACADEMY,GSHSEB,English,6,2021-22,71800.0
Rajkot Corporation,13665,SRI SRI ACADEMY,GSHSEB,English,6,2022-23,76850.0
Rajkot Corporation,13665,SRI SRI ACADEMY,GSHSEB,English,6,2023-24,82250.0
Rajkot Corporation,13665,SRI SRI ACADEMY,GSHSEB,English,7,2019-20,62000.0
Rajkot Corporation,13665,SRI SRI ACADEMY,GSHSEB,English,7,2020-21,46500.0
Rajkot Corporation,13665,SRI SRI ACADEMY,GSHSEB,English,7,2021-22,71800.0
Rajkot Corporation,13665,SRI SRI ACADEMY,GSHSEB,English,7,2022-23,76850.0
Rajkot Corporation,13665,SRI SRI ACADEMY,GSHSEB,English,7,2023-24,82250.0
Rajkot Corporation,13665,SRI SRI ACADEMY,GSHSEB,English,8,2019-20,65000.0
Rajkot Corporation,13665,SRI SRI ACADEMY,GSHSEB,English,8,2020-21,48750.0
Rajkot Corporation,13665,SRI SRI ACADEMY,GSHSEB,English,8,2021-22,71800.0
Rajkot Corporation,13665,SRI SRI ACADEMY,GSHSEB,English,8,2022-23,76850.0
Rajkot Corporation,13665,SRI SRI ACADEMY,GSHSEB,English,8,2023-24,82250.0
Rajkot Corporation,13665,SRI SRI ACADEMY,GSHSEB,English,9,2021-22,75350.0
Rajkot Corporation,13665,SRI SRI ACADEMY,GSHSEB,English,9,2022-23,80650.0
Rajkot Corporation,13665,SRI SRI ACADEMY,GSHSEB,English,9,2023-24,86300.0
Rajkot Corporation,13665,SRI SRI ACADEMY,GSHSEB,English,10,2021-22,75350.0
Rajkot Corporation,13665,SRI SRI ACADEMY,GSHSEB,English,10,2022-23,80650.0
Rajkot Corporation,13665,SRI SRI ACADEMY,GSHSEB,English,10,2023-24,86300.0
Rajkot Corporation,13665,SRI SRI ACADEMY,GSHSEB,English,SR. KG,2021-22,28000.0
Rajkot Corporation,13665,SRI SRI ACADEMY,GSHSEB,English,SR. KG,2022-23,29950.0
Rajkot Corporation,13665,SRI SRI ACADEMY,GSHSEB,English,NUR,2021-22,26000.0
Rajkot Corporation,13665,SRI SRI ACADEMY,GSHSEB,English,NUR,2022-23,27850.0
Rajkot Corporation,13405,ST. SAI HIGH SCHOOL,GSHSEB,English,9,2019-20,24990.0
Rajkot Corporation,13405,ST. SAI HIGH SCHOOL,GSHSEB,English,9,2021-22,34775.0
Rajkot Corporation,13405,ST. SAI HIGH SCHOOL,GSHSEB,English,9,2022-23,37225.0
Rajkot Corporation,13405,ST. SAI HIGH SCHOOL,GSHSEB,English,9,2023-24,38000.0
Rajkot Corporation,13405,ST. SAI HIGH SCHOOL,GSHSEB,English,9,2024-25,40660.0
Rajkot Corporation,13405,ST. SAI HIGH SCHOOL,GSHSEB,English,9,2025-26,43500.0
Rajkot Corporation,13405,ST. SAI HIGH SCHOOL,GSHSEB,English,10,2019-20,24990.0
Rajkot Corporation,13405,ST. SAI HIGH SCHOOL,GSHSEB,English,10,2021-22,34775.0
Rajkot Corporation,13405,ST. SAI HIGH SCHOOL,GSHSEB,English,10,2022-23,37225.0
Rajkot Corporation,13405,ST. SAI HIGH SCHOOL,GSHSEB,English,10,2023-24,38000.0
Rajkot Corporation,13405,ST. SAI HIGH SCHOOL,GSHSEB,English,10,2024-25,40660.0
Rajkot Corporation,13405,ST. SAI HIGH SCHOOL,GSHSEB,English,10,2025-26,43500.0
Rajkot Corporation,13394,ST. SAI HIGHER SECONDARY SCHOOL,GSHSEB,English,General - 11,2019-20,24990.0
Rajkot Corporation,13394,ST. SAI HIGHER SECONDARY SCHOOL,GSHSEB,English,General - 11,2021-22,33850.0
Rajkot Corporation,13394,ST. SAI HIGHER SECONDARY SCHOOL,GSHSEB,English,General - 11,2022-23,43850.0
Rajkot Corporation,13394,ST. SAI HIGHER SECONDARY SCHOOL,GSHSEB,English,General - 11,2023-24,43850.0
Rajkot Corporation,13394,ST. SAI HIGHER SECONDARY SCHOOL,GSHSEB,English,General - 11,2024-25,46920.0
Rajkot Corporation,13394,ST. SAI HIGHER SECONDARY SCHOOL,GSHSEB,English,General - 11,2025-26,50200.0
Rajkot Corporation,13394,ST. SAI HIGHER SECONDARY SCHOOL,GSHSEB,English,General - 12,2019-20,24990.0
Rajkot Corporation,13394,ST. SAI HIGHER SECONDARY SCHOOL,GSHSEB,English,General - 12,2021-22,33850.0
Rajkot Corporation,13394,ST. SAI HIGHER SECONDARY SCHOOL,GSHSEB,English,General - 12,2022-23,43850.0
Rajkot Corporation,13394,ST. SAI HIGHER SECONDARY SCHOOL,GSHSEB,English,General - 12,2023-24,43850.0
Rajkot Corporation,13394,ST. SAI HIGHER SECONDARY SCHOOL,GSHSEB,English,General - 12,2024-25,46920.0
Rajkot Corporation,13394,ST. SAI HIGHER SECONDARY SCHOOL,GSHSEB,English,General - 12,2025-26,50200.0
Rajkot Corporation,21581,SUNRISE SECONDARY SCHOOL,GSHSEB,Gujarati,9,2019-20,17500.0
Rajkot Corporation,21581,SUNRISE SECONDARY SCHOOL,GSHSEB,Gujarati,9,2020-21,13125.0
Rajkot Corporation,21581,SUNRISE SECONDARY SCHOOL,GSHSEB,Gujarati,9,2021-22,19000.0
Rajkot Corporation,21581,SUNRISE SECONDARY SCHOOL,GSHSEB,Gujarati,9,2022-23,19000.0
Rajkot Corporation,21581,SUNRISE SECONDARY SCHOOL,GSHSEB,Gujarati,9,2024-25,21000.0
Rajkot Corporation,21581,SUNRISE SECONDARY SCHOOL,GSHSEB,Gujarati,9,2025-26,22000.0
Rajkot Corporation,21581,SUNRISE SECONDARY SCHOOL,GSHSEB,Gujarati,9,2026-27,24000.0
Rajkot Corporation,21581,SUNRISE SECONDARY SCHOOL,GSHSEB,Gujarati,10,2019-20,20300.0
Rajkot Corporation,21581,SUNRISE SECONDARY SCHOOL,GSHSEB,Gujarati,10,2020-21,15225.0
Rajkot Corporation,21581,SUNRISE SECONDARY SCHOOL,GSHSEB,Gujarati,10,2022-23,20300.0
Rajkot Corporation,21581,SUNRISE SECONDARY SCHOOL,GSHSEB,Gujarati,10,2024-25,23800.0
Rajkot Corporation,21581,SUNRISE SECONDARY SCHOOL,GSHSEB,Gujarati,10,2025-26,24500.0
Rajkot Corporation,21581,SUNRISE SECONDARY SCHOOL,GSHSEB,Gujarati,10,2026-27,25700.0
Rajkot Corporation,21581,SUNRISE SECONDARY SCHOOL,GSHSEB,Gujarati,General - 11,2019-20,22400.0
Rajkot Corporation,21581,SUNRISE SECONDARY SCHOOL,GSHSEB,Gujarati,General - 11,2020-21,16800.0
Rajkot Corporation,21581,SUNRISE SECONDARY SCHOOL,GSHSEB,Gujarati,General - 11,2022-23,24000.0
Rajkot Corporation,21581,SUNRISE SECONDARY SCHOOL,GSHSEB,Gujarati,General - 11,2024-25,25000.0
Rajkot Corporation,21581,SUNRISE SECONDARY SCHOOL,GSHSEB,Gujarati,General - 11,2025-26,25000.0
Rajkot Corporation,21581,SUNRISE SECONDARY SCHOOL,GSHSEB,Gujarati,General - 11,2026-27,26300.0
Rajkot Corporation,21581,SUNRISE SECONDARY SCHOOL,GSHSEB,Gujarati,General - 12,2022-23,25000.0
Rajkot Corporation,21581,SUNRISE SECONDARY SCHOOL,GSHSEB,Gujarati,General - 12,2024-25,25000.0
Rajkot Corporation,21581,SUNRISE SECONDARY SCHOOL,GSHSEB,Gujarati,General - 12,2025-26,25000.0
Rajkot Corporation,21581,SUNRISE SECONDARY SCHOOL,GSHSEB,Gujarati,General - 12,2026-27,26300.0
Rajkot Corporation,21581,SUNRISE SECONDARY SCHOOL,GSHSEB,English,9,2019-20,21000.0
Rajkot Corporation,21581,SUNRISE SECONDARY SCHOOL,GSHSEB,English,9,2020-21,15750.0
Rajkot Corporation,21581,SUNRISE SECONDARY SCHOOL,GSHSEB,English,9,2021-22,22000.0
Rajkot Corporation,21581,SUNRISE SECONDARY SCHOOL,GSHSEB,English,9,2022-23,23000.0
Rajkot Corporation,21581,SUNRISE SECONDARY SCHOOL,GSHSEB,English,9,2024-25,25000.0
Rajkot Corporation,21581,SUNRISE SECONDARY SCHOOL,GSHSEB,English,9,2025-26,25000.0
Rajkot Corporation,21581,SUNRISE SECONDARY SCHOOL,GSHSEB,English,9,2026-27,26300.0
Rajkot Corporation,21581,SUNRISE SECONDARY SCHOOL,GSHSEB,English,10,2019-20,22000.0
Rajkot Corporation,21581,SUNRISE SECONDARY SCHOOL,GSHSEB,English,10,2020-21,16500.0
Rajkot Corporation,21581,SUNRISE SECONDARY SCHOOL,GSHSEB,English,10,2021-22,24000.0
Rajkot Corporation,21581,SUNRISE SECONDARY SCHOOL,GSHSEB,English,10,2022-23,25000.0
Rajkot Corporation,21581,SUNRISE SECONDARY SCHOOL,GSHSEB,English,10,2024-25,25000.0
Rajkot Corporation,21581,SUNRISE SECONDARY SCHOOL,GSHSEB,English,10,2025-26,25000.0
Rajkot Corporation,21581,SUNRISE SECONDARY SCHOOL,GSHSEB,English,10,2026-27,26300.0
Rajkot Corporation,13294,SWAMINARAYAN VIDHYALAY,GSHSEB,Gujarati,JR. KG,2021-22,12000.0
Rajkot Corporation,13294,SWAMINARAYAN VIDHYALAY,GSHSEB,Gujarati,JR. KG,2022-23,13200.0
Rajkot Corporation,13294,SWAMINARAYAN VIDHYALAY,GSHSEB,Gujarati,JR. KG,2023-24,14520.0
Rajkot Corporation,13294,SWAMINARAYAN VIDHYALAY,GSHSEB,Gujarati,1,2019-20,11660.0
Rajkot Corporation,13294,SWAMINARAYAN VIDHYALAY,GSHSEB,Gujarati,1,2020-21,8745.0
Rajkot Corporation,13294,SWAMINARAYAN VIDHYALAY,GSHSEB,Gujarati,1,2021-22,13400.0
Rajkot Corporation,13294,SWAMINARAYAN VIDHYALAY,GSHSEB,Gujarati,1,2022-23,14750.0
Rajkot Corporation,13294,SWAMINARAYAN VIDHYALAY,GSHSEB,Gujarati,1,2023-24,15000.0
Rajkot Corporation,13294,SWAMINARAYAN VIDHYALAY,GSHSEB,Gujarati,1,2024-25,15500.0
Rajkot Corporation,13294,SWAMINARAYAN VIDHYALAY,GSHSEB,Gujarati,1,2025-26,16300.0
Rajkot Corporation,13294,SWAMINARAYAN VIDHYALAY,GSHSEB,Gujarati,1,2026-27,17100.0
Rajkot Corporation,13294,SWAMINARAYAN VIDHYALAY,GSHSEB,Gujarati,2,2019-20,11660.0
Rajkot Corporation,13294,SWAMINARAYAN VIDHYALAY,GSHSEB,Gujarati,2,2020-21,8745.0
Rajkot Corporation,13294,SWAMINARAYAN VIDHYALAY,GSHSEB,Gujarati,2,2021-22,13400.0
Rajkot Corporation,13294,SWAMINARAYAN VIDHYALAY,GSHSEB,Gujarati,2,2022-23,14750.0
Rajkot Corporation,13294,SWAMINARAYAN VIDHYALAY,GSHSEB,Gujarati,2,2023-24,15000.0
Rajkot Corporation,13294,SWAMINARAYAN VIDHYALAY,GSHSEB,Gujarati,2,2024-25,15500.0
Rajkot Corporation,13294,SWAMINARAYAN VIDHYALAY,GSHSEB,Gujarati,2,2025-26,16300.0
Rajkot Corporation,13294,SWAMINARAYAN VIDHYALAY,GSHSEB,Gujarati,2,2026-27,17100.0
Rajkot Corporation,13294,SWAMINARAYAN VIDHYALAY,GSHSEB,Gujarati,3,2019-20,11660.0
Rajkot Corporation,13294,SWAMINARAYAN VIDHYALAY,GSHSEB,Gujarati,3,2020-21,8745.0
Rajkot Corporation,13294,SWAMINARAYAN VIDHYALAY,GSHSEB,Gujarati,3,2021-22,13400.0
Rajkot Corporation,13294,SWAMINARAYAN VIDHYALAY,GSHSEB,Gujarati,3,2022-23,14750.0
Rajkot Corporation,13294,SWAMINARAYAN VIDHYALAY,GSHSEB,Gujarati,3,2023-24,15000.0
Rajkot Corporation,13294,SWAMINARAYAN VIDHYALAY,GSHSEB,Gujarati,3,2024-25,15500.0
Rajkot Corporation,13294,SWAMINARAYAN VIDHYALAY,GSHSEB,Gujarati,3,2025-26,16300.0
Rajkot Corporation,13294,SWAMINARAYAN VIDHYALAY,GSHSEB,Gujarati,3,2026-27,17100.0
Rajkot Corporation,13294,SWAMINARAYAN VIDHYALAY,GSHSEB,Gujarati,4,2019-20,11660.0
Rajkot Corporation,13294,SWAMINARAYAN VIDHYALAY,GSHSEB,Gujarati,4,2020-21,8745.0
Rajkot Corporation,13294,SWAMINARAYAN VIDHYALAY,GSHSEB,Gujarati,4,2021-22,13400.0
Rajkot Corporation,13294,SWAMINARAYAN VIDHYALAY,GSHSEB,Gujarati,4,2022-23,14750.0
Rajkot Corporation,13294,SWAMINARAYAN VIDHYALAY,GSHSEB,Gujarati,4,2023-24,15000.0
Rajkot Corporation,13294,SWAMINARAYAN VIDHYALAY,GSHSEB,Gujarati,4,2024-25,15500.0
Rajkot Corporation,13294,SWAMINARAYAN VIDHYALAY,GSHSEB,Gujarati,4,2025-26,16300.0
Rajkot Corporation,13294,SWAMINARAYAN VIDHYALAY,GSHSEB,Gujarati,4,2026-27,17100.0
Rajkot Corporation,13294,SWAMINARAYAN VIDHYALAY,GSHSEB,Gujarati,5,2019-20,11660.0
Rajkot Corporation,13294,SWAMINARAYAN VIDHYALAY,GSHSEB,Gujarati,5,2020-21,8745.0
Rajkot Corporation,13294,SWAMINARAYAN VIDHYALAY,GSHSEB,Gujarati,5,2021-22,13400.0
Rajkot Corporation,13294,SWAMINARAYAN VIDHYALAY,GSHSEB,Gujarati,5,2022-23,14750.0
Rajkot Corporation,13294,SWAMINARAYAN VIDHYALAY,GSHSEB,Gujarati,5,2023-24,15000.0
Rajkot Corporation,13294,SWAMINARAYAN VIDHYALAY,GSHSEB,Gujarati,5,2024-25,15500.0
Rajkot Corporation,13294,SWAMINARAYAN VIDHYALAY,GSHSEB,Gujarati,5,2025-26,16300.0
Rajkot Corporation,13294,SWAMINARAYAN VIDHYALAY,GSHSEB,Gujarati,5,2026-27,17100.0
Rajkot Corporation,13294,SWAMINARAYAN VIDHYALAY,GSHSEB,Gujarati,6,2019-20,11660.0
Rajkot Corporation,13294,SWAMINARAYAN VIDHYALAY,GSHSEB,Gujarati,6,2020-21,8745.0
Rajkot Corporation,13294,SWAMINARAYAN VIDHYALAY,GSHSEB,Gujarati,6,2021-22,13400.0
Rajkot Corporation,13294,SWAMINARAYAN VIDHYALAY,GSHSEB,Gujarati,6,2022-23,14750.0
Rajkot Corporation,13294,SWAMINARAYAN VIDHYALAY,GSHSEB,Gujarati,6,2023-24,15000.0
Rajkot Corporation,13294,SWAMINARAYAN VIDHYALAY,GSHSEB,Gujarati,6,2024-25,15500.0
Rajkot Corporation,13294,SWAMINARAYAN VIDHYALAY,GSHSEB,Gujarati,6,2025-26,16300.0
Rajkot Corporation,13294,SWAMINARAYAN VIDHYALAY,GSHSEB,Gujarati,6,2026-27,17100.0
Rajkot Corporation,13294,SWAMINARAYAN VIDHYALAY,GSHSEB,Gujarati,7,2019-20,11660.0
Rajkot Corporation,13294,SWAMINARAYAN VIDHYALAY,GSHSEB,Gujarati,7,2020-21,8745.0
Rajkot Corporation,13294,SWAMINARAYAN VIDHYALAY,GSHSEB,Gujarati,7,2021-22,13400.0
Rajkot Corporation,13294,SWAMINARAYAN VIDHYALAY,GSHSEB,Gujarati,7,2022-23,14750.0
Rajkot Corporation,13294,SWAMINARAYAN VIDHYALAY,GSHSEB,Gujarati,7,2023-24,15000.0
Rajkot Corporation,13294,SWAMINARAYAN VIDHYALAY,GSHSEB,Gujarati,7,2024-25,15500.0
Rajkot Corporation,13294,SWAMINARAYAN VIDHYALAY,GSHSEB,Gujarati,7,2025-26,16300.0
Rajkot Corporation,13294,SWAMINARAYAN VIDHYALAY,GSHSEB,Gujarati,7,2026-27,17100.0
Rajkot Corporation,13294,SWAMINARAYAN VIDHYALAY,GSHSEB,Gujarati,8,2019-20,11660.0
Rajkot Corporation,13294,SWAMINARAYAN VIDHYALAY,GSHSEB,Gujarati,8,2020-21,8745.0
Rajkot Corporation,13294,SWAMINARAYAN VIDHYALAY,GSHSEB,Gujarati,8,2021-22,13400.0
Rajkot Corporation,13294,SWAMINARAYAN VIDHYALAY,GSHSEB,Gujarati,8,2022-23,14750.0
Rajkot Corporation,13294,SWAMINARAYAN VIDHYALAY,GSHSEB,Gujarati,8,2023-24,15000.0
Rajkot Corporation,13294,SWAMINARAYAN VIDHYALAY,GSHSEB,Gujarati,8,2024-25,15500.0
Rajkot Corporation,13294,SWAMINARAYAN VIDHYALAY,GSHSEB,Gujarati,8,2025-26,16300.0
Rajkot Corporation,13294,SWAMINARAYAN VIDHYALAY,GSHSEB,Gujarati,8,2026-27,17100.0
Rajkot Corporation,13294,SWAMINARAYAN VIDHYALAY,GSHSEB,Gujarati,SR. KG,2021-22,12000.0
Rajkot Corporation,13294,SWAMINARAYAN VIDHYALAY,GSHSEB,Gujarati,SR. KG,2022-23,13200.0
Rajkot Corporation,13294,SWAMINARAYAN VIDHYALAY,GSHSEB,Gujarati,SR. KG,2023-24,14520.0
Rajkot Corporation,13294,SWAMINARAYAN VIDHYALAY,GSHSEB,Gujarati,Pre-Primary,2024-25,15000.0
Rajkot Corporation,13294,SWAMINARAYAN VIDHYALAY,GSHSEB,Gujarati,Pre-Primary,2025-26,15750.0
Rajkot Corporation,13294,SWAMINARAYAN VIDHYALAY,GSHSEB,Gujarati,Pre-Primary,2026-27,16500.0
Rajkot Corporation,15905,THE LOTUS SCHOOL (SECONDARY),GSHSEB,Gujarati,9,2019-20,25000.0
Rajkot Corporation,15905,THE LOTUS SCHOOL (SECONDARY),GSHSEB,Gujarati,9,2020-21,18750.0
Rajkot Corporation,15905,THE LOTUS SCHOOL (SECONDARY),GSHSEB,Gujarati,9,2021-22,25000.0
Rajkot Corporation,15905,THE LOTUS SCHOOL (SECONDARY),GSHSEB,Gujarati,9,2022-23,25000.0
Rajkot Corporation,15905,THE LOTUS SCHOOL (SECONDARY),GSHSEB,Gujarati,9,2023-24,26000.0
Rajkot Corporation,15905,THE LOTUS SCHOOL (SECONDARY),GSHSEB,Gujarati,9,2024-25,26500.0
Rajkot Corporation,15905,THE LOTUS SCHOOL (SECONDARY),GSHSEB,Gujarati,9,2025-26,27800.0
Rajkot Corporation,15905,THE LOTUS SCHOOL (SECONDARY),GSHSEB,Gujarati,9,2026-27,29200.0
Rajkot Corporation,15905,THE LOTUS SCHOOL (SECONDARY),GSHSEB,Gujarati,10,2019-20,25000.0
Rajkot Corporation,15905,THE LOTUS SCHOOL (SECONDARY),GSHSEB,Gujarati,10,2020-21,18750.0
Rajkot Corporation,15905,THE LOTUS SCHOOL (SECONDARY),GSHSEB,Gujarati,10,2021-22,25000.0
Rajkot Corporation,15905,THE LOTUS SCHOOL (SECONDARY),GSHSEB,Gujarati,10,2022-23,25000.0
Rajkot Corporation,15905,THE LOTUS SCHOOL (SECONDARY),GSHSEB,Gujarati,10,2023-24,26750.0
Rajkot Corporation,15905,THE LOTUS SCHOOL (SECONDARY),GSHSEB,Gujarati,10,2024-25,28650.0
Rajkot Corporation,15905,THE LOTUS SCHOOL (SECONDARY),GSHSEB,Gujarati,10,2025-26,34500.0
Rajkot Corporation,15905,THE LOTUS SCHOOL (SECONDARY),GSHSEB,Gujarati,10,2026-27,36200.0
Rajkot Corporation,15905,THE LOTUS SCHOOL (SECONDARY),GSHSEB,Gujarati,General - 11,2019-20,25000.0
Rajkot Corporation,15905,THE LOTUS SCHOOL (SECONDARY),GSHSEB,Gujarati,General - 11,2020-21,18750.0
Rajkot Corporation,15905,THE LOTUS SCHOOL (SECONDARY),GSHSEB,Gujarati,General - 11,2021-22,25000.0
Rajkot Corporation,15905,THE LOTUS SCHOOL (SECONDARY),GSHSEB,Gujarati,General - 11,2022-23,25000.0
Rajkot Corporation,15905,THE LOTUS SCHOOL (SECONDARY),GSHSEB,Gujarati,General - 11,2023-24,26750.0
Rajkot Corporation,15905,THE LOTUS SCHOOL (SECONDARY),GSHSEB,Gujarati,General - 11,2024-25,28650.0
Rajkot Corporation,15905,THE LOTUS SCHOOL (SECONDARY),GSHSEB,Gujarati,General - 11,2025-26,36500.0
Rajkot Corporation,15905,THE LOTUS SCHOOL (SECONDARY),GSHSEB,Gujarati,General - 11,2026-27,38300.0
Rajkot Corporation,15905,THE LOTUS SCHOOL (SECONDARY),GSHSEB,Gujarati,General - 12,2019-20,25000.0
Rajkot Corporation,15905,THE LOTUS SCHOOL (SECONDARY),GSHSEB,Gujarati,General - 12,2020-21,18750.0
Rajkot Corporation,15905,THE LOTUS SCHOOL (SECONDARY),GSHSEB,Gujarati,General - 12,2021-22,25000.0
Rajkot Corporation,15905,THE LOTUS SCHOOL (SECONDARY),GSHSEB,Gujarati,General - 12,2022-23,25000.0
Rajkot Corporation,15905,THE LOTUS SCHOOL (SECONDARY),GSHSEB,Gujarati,General - 12,2023-24,26750.0
Rajkot Corporation,15905,THE LOTUS SCHOOL (SECONDARY),GSHSEB,Gujarati,General - 12,2024-25,28650.0
Rajkot Corporation,15905,THE LOTUS SCHOOL (SECONDARY),GSHSEB,Gujarati,General - 12,2025-26,36500.0
Rajkot Corporation,15905,THE LOTUS SCHOOL (SECONDARY),GSHSEB,Gujarati,General - 12,2026-27,38300.0
Rajkot Corporation,16019,THE SCHOOL OF SCIENCE (ENG. MED.),GSHSEB,English,Science - 11,2019-20,67000.0
Rajkot Corporation,16019,THE SCHOOL OF SCIENCE (ENG. MED.),GSHSEB,English,Science - 11,2020-21,50250.0
Rajkot Corporation,16019,THE SCHOOL OF SCIENCE (ENG. MED.),GSHSEB,English,Science - 11,2021-22,70000.0
Rajkot Corporation,16019,THE SCHOOL OF SCIENCE (ENG. MED.),GSHSEB,English,Science - 11,2022-23,75000.0
Rajkot Corporation,16019,THE SCHOOL OF SCIENCE (ENG. MED.),GSHSEB,English,Science - 11,2023-24,75000.0
Rajkot Corporation,16019,THE SCHOOL OF SCIENCE (ENG. MED.),GSHSEB,English,Science - 11,2024-25,80250.0
Rajkot Corporation,16019,THE SCHOOL OF SCIENCE (ENG. MED.),GSHSEB,English,Science - 11,2025-26,85880.0
Rajkot Corporation,16019,THE SCHOOL OF SCIENCE (ENG. MED.),GSHSEB,English,Science - 12,2019-20,67000.0
Rajkot Corporation,16019,THE SCHOOL OF SCIENCE (ENG. MED.),GSHSEB,English,Science - 12,2020-21,50250.0
Rajkot Corporation,16019,THE SCHOOL OF SCIENCE (ENG. MED.),GSHSEB,English,Science - 12,2021-22,70000.0
Rajkot Corporation,16019,THE SCHOOL OF SCIENCE (ENG. MED.),GSHSEB,English,Science - 12,2022-23,75000.0
Rajkot Corporation,16019,THE SCHOOL OF SCIENCE (ENG. MED.),GSHSEB,English,Science - 12,2023-24,75000.0
Rajkot Corporation,16019,THE SCHOOL OF SCIENCE (ENG. MED.),GSHSEB,English,Science - 12,2024-25,80250.0
Rajkot Corporation,16019,THE SCHOOL OF SCIENCE (ENG. MED.),GSHSEB,English,Science - 12,2025-26,85880.0
Rajkot Corporation,16018,THE SCHOOL OF SCIENCE (GUJ. MED.),GSHSEB,Gujarati,Science - 11,2019-20,67000.0
Rajkot Corporation,16018,THE SCHOOL OF SCIENCE (GUJ. MED.),GSHSEB,Gujarati,Science - 11,2020-21,50250.0
Rajkot Corporation,16018,THE SCHOOL OF SCIENCE (GUJ. MED.),GSHSEB,Gujarati,Science - 11,2021-22,70000.0
Rajkot Corporation,16018,THE SCHOOL OF SCIENCE (GUJ. MED.),GSHSEB,Gujarati,Science - 11,2022-23,75000.0
Rajkot Corporation,16018,THE SCHOOL OF SCIENCE (GUJ. MED.),GSHSEB,Gujarati,Science - 11,2023-24,75000.0
Rajkot Corporation,16018,THE SCHOOL OF SCIENCE (GUJ. MED.),GSHSEB,Gujarati,Science - 11,2024-25,80250.0
Rajkot Corporation,16018,THE SCHOOL OF SCIENCE (GUJ. MED.),GSHSEB,Gujarati,Science - 11,2025-26,85880.0
Rajkot Corporation,16018,THE SCHOOL OF SCIENCE (GUJ. MED.),GSHSEB,Gujarati,Science - 12,2019-20,67000.0
Rajkot Corporation,16018,THE SCHOOL OF SCIENCE (GUJ. MED.),GSHSEB,Gujarati,Science - 12,2020-21,50250.0
Rajkot Corporation,16018,THE SCHOOL OF SCIENCE (GUJ. MED.),GSHSEB,Gujarati,Science - 12,2021-22,70000.0
Rajkot Corporation,16018,THE SCHOOL OF SCIENCE (GUJ. MED.),GSHSEB,Gujarati,Science - 12,2022-23,75000.0
Rajkot Corporation,16018,THE SCHOOL OF SCIENCE (GUJ. MED.),GSHSEB,Gujarati,Science - 12,2023-24,75000.0
Rajkot Corporation,16018,THE SCHOOL OF SCIENCE (GUJ. MED.),GSHSEB,Gujarati,Science - 12,2024-25,80250.0
Rajkot Corporation,16018,THE SCHOOL OF SCIENCE (GUJ. MED.),GSHSEB,Gujarati,Science - 12,2025-26,85880.0
Rajkot Corporation,13845,UNNATI SCHOOL(ENGLISH),GSHSEB,Gujarati,1,2019-20,15000.0
Rajkot Corporation,13845,UNNATI SCHOOL(ENGLISH),GSHSEB,Gujarati,1,2020-21,11250.0
Rajkot Corporation,13845,UNNATI SCHOOL(ENGLISH),GSHSEB,Gujarati,1,2021-22,15000.0
Rajkot Corporation,13845,UNNATI SCHOOL(ENGLISH),GSHSEB,Gujarati,1,2022-23,15000.0
Rajkot Corporation,13845,UNNATI SCHOOL(ENGLISH),GSHSEB,Gujarati,1,2023-24,17500.0
Rajkot Corporation,13845,UNNATI SCHOOL(ENGLISH),GSHSEB,Gujarati,1,2024-25,18725.0
Rajkot Corporation,13845,UNNATI SCHOOL(ENGLISH),GSHSEB,Gujarati,1,2025-26,20050.0
Rajkot Corporation,13845,UNNATI SCHOOL(ENGLISH),GSHSEB,Gujarati,2,2019-20,15000.0
Rajkot Corporation,13845,UNNATI SCHOOL(ENGLISH),GSHSEB,Gujarati,2,2020-21,11250.0
Rajkot Corporation,13845,UNNATI SCHOOL(ENGLISH),GSHSEB,Gujarati,2,2021-22,15000.0
Rajkot Corporation,13845,UNNATI SCHOOL(ENGLISH),GSHSEB,Gujarati,2,2022-23,15000.0
Rajkot Corporation,13845,UNNATI SCHOOL(ENGLISH),GSHSEB,Gujarati,2,2023-24,17500.0
Rajkot Corporation,13845,UNNATI SCHOOL(ENGLISH),GSHSEB,Gujarati,2,2024-25,18725.0
Rajkot Corporation,13845,UNNATI SCHOOL(ENGLISH),GSHSEB,Gujarati,2,2025-26,20050.0
Rajkot Corporation,13845,UNNATI SCHOOL(ENGLISH),GSHSEB,Gujarati,3,2019-20,15000.0
Rajkot Corporation,13845,UNNATI SCHOOL(ENGLISH),GSHSEB,Gujarati,3,2020-21,11250.0
Rajkot Corporation,13845,UNNATI SCHOOL(ENGLISH),GSHSEB,Gujarati,3,2021-22,15000.0
Rajkot Corporation,13845,UNNATI SCHOOL(ENGLISH),GSHSEB,Gujarati,3,2022-23,15000.0
Rajkot Corporation,13845,UNNATI SCHOOL(ENGLISH),GSHSEB,Gujarati,3,2023-24,17500.0
Rajkot Corporation,13845,UNNATI SCHOOL(ENGLISH),GSHSEB,Gujarati,3,2024-25,18725.0
Rajkot Corporation,13845,UNNATI SCHOOL(ENGLISH),GSHSEB,Gujarati,3,2025-26,20050.0
Rajkot Corporation,13845,UNNATI SCHOOL(ENGLISH),GSHSEB,Gujarati,4,2019-20,15000.0
Rajkot Corporation,13845,UNNATI SCHOOL(ENGLISH),GSHSEB,Gujarati,4,2020-21,11250.0
Rajkot Corporation,13845,UNNATI SCHOOL(ENGLISH),GSHSEB,Gujarati,4,2021-22,15000.0
Rajkot Corporation,13845,UNNATI SCHOOL(ENGLISH),GSHSEB,Gujarati,4,2022-23,15000.0
Rajkot Corporation,13845,UNNATI SCHOOL(ENGLISH),GSHSEB,Gujarati,4,2023-24,17500.0
Rajkot Corporation,13845,UNNATI SCHOOL(ENGLISH),GSHSEB,Gujarati,4,2024-25,18725.0
Rajkot Corporation,13845,UNNATI SCHOOL(ENGLISH),GSHSEB,Gujarati,4,2025-26,20050.0
Rajkot Corporation,13845,UNNATI SCHOOL(ENGLISH),GSHSEB,Gujarati,5,2019-20,15000.0
Rajkot Corporation,13845,UNNATI SCHOOL(ENGLISH),GSHSEB,Gujarati,5,2020-21,11250.0
Rajkot Corporation,13845,UNNATI SCHOOL(ENGLISH),GSHSEB,Gujarati,5,2021-22,15000.0
Rajkot Corporation,13845,UNNATI SCHOOL(ENGLISH),GSHSEB,Gujarati,5,2022-23,15000.0
Rajkot Corporation,13845,UNNATI SCHOOL(ENGLISH),GSHSEB,Gujarati,5,2023-24,17500.0
Rajkot Corporation,13845,UNNATI SCHOOL(ENGLISH),GSHSEB,Gujarati,5,2024-25,18725.0
Rajkot Corporation,13845,UNNATI SCHOOL(ENGLISH),GSHSEB,Gujarati,5,2025-26,20050.0
Rajkot Corporation,13845,UNNATI SCHOOL(ENGLISH),GSHSEB,Gujarati,6,2019-20,15000.0
Rajkot Corporation,13845,UNNATI SCHOOL(ENGLISH),GSHSEB,Gujarati,6,2020-21,11250.0
Rajkot Corporation,13845,UNNATI SCHOOL(ENGLISH),GSHSEB,Gujarati,6,2021-22,15000.0
Rajkot Corporation,13845,UNNATI SCHOOL(ENGLISH),GSHSEB,Gujarati,6,2022-23,15000.0
Rajkot Corporation,13845,UNNATI SCHOOL(ENGLISH),GSHSEB,Gujarati,6,2023-24,17500.0
Rajkot Corporation,13845,UNNATI SCHOOL(ENGLISH),GSHSEB,Gujarati,6,2024-25,18725.0
Rajkot Corporation,13845,UNNATI SCHOOL(ENGLISH),GSHSEB,Gujarati,6,2025-26,20050.0
Rajkot Corporation,13845,UNNATI SCHOOL(ENGLISH),GSHSEB,Gujarati,7,2019-20,15000.0
Rajkot Corporation,13845,UNNATI SCHOOL(ENGLISH),GSHSEB,Gujarati,7,2020-21,11250.0
Rajkot Corporation,13845,UNNATI SCHOOL(ENGLISH),GSHSEB,Gujarati,7,2021-22,15000.0
Rajkot Corporation,13845,UNNATI SCHOOL(ENGLISH),GSHSEB,Gujarati,7,2022-23,15000.0
Rajkot Corporation,13845,UNNATI SCHOOL(ENGLISH),GSHSEB,Gujarati,7,2023-24,17500.0
Rajkot Corporation,13845,UNNATI SCHOOL(ENGLISH),GSHSEB,Gujarati,7,2024-25,18725.0
Rajkot Corporation,13845,UNNATI SCHOOL(ENGLISH),GSHSEB,Gujarati,7,2025-26,20050.0
Rajkot Corporation,13845,UNNATI SCHOOL(ENGLISH),GSHSEB,Gujarati,8,2019-20,15000.0
Rajkot Corporation,13845,UNNATI SCHOOL(ENGLISH),GSHSEB,Gujarati,8,2020-21,11250.0
Rajkot Corporation,13845,UNNATI SCHOOL(ENGLISH),GSHSEB,Gujarati,8,2021-22,15000.0
Rajkot Corporation,13845,UNNATI SCHOOL(ENGLISH),GSHSEB,Gujarati,8,2022-23,15000.0
Rajkot Corporation,13845,UNNATI SCHOOL(ENGLISH),GSHSEB,Gujarati,8,2023-24,17500.0
Rajkot Corporation,13845,UNNATI SCHOOL(ENGLISH),GSHSEB,Gujarati,8,2024-25,18725.0
Rajkot Corporation,13845,UNNATI SCHOOL(ENGLISH),GSHSEB,Gujarati,8,2025-26,20050.0
Rajkot Corporation,14557,UTKARSH SCHOOL OF EXCELLENCE,GSHSEB,English,General - 11,2021-22,66000.0
Rajkot Corporation,14557,UTKARSH SCHOOL OF EXCELLENCE,GSHSEB,English,General - 11,2022-23,70650.0
Rajkot Corporation,14557,UTKARSH SCHOOL OF EXCELLENCE,GSHSEB,English,General - 11,2023-24,75600.0
Rajkot Corporation,14557,UTKARSH SCHOOL OF EXCELLENCE,GSHSEB,English,General - 11,2024-25,75600.0
Rajkot Corporation,14557,UTKARSH SCHOOL OF EXCELLENCE,GSHSEB,English,General - 11,2025-26,79400.0
Rajkot Corporation,14557,UTKARSH SCHOOL OF EXCELLENCE,GSHSEB,English,General - 11,2026-27,83400.0
Rajkot Corporation,14557,UTKARSH SCHOOL OF EXCELLENCE,GSHSEB,English,General - 12,2021-22,66000.0
Rajkot Corporation,14557,UTKARSH SCHOOL OF EXCELLENCE,GSHSEB,English,General - 12,2022-23,70650.0
Rajkot Corporation,14557,UTKARSH SCHOOL OF EXCELLENCE,GSHSEB,English,General - 12,2023-24,75600.0
Rajkot Corporation,14557,UTKARSH SCHOOL OF EXCELLENCE,GSHSEB,English,General - 12,2024-25,75600.0
Rajkot Corporation,14557,UTKARSH SCHOOL OF EXCELLENCE,GSHSEB,English,General - 12,2025-26,79400.0
Rajkot Corporation,14557,UTKARSH SCHOOL OF EXCELLENCE,GSHSEB,English,General - 12,2026-27,83400.0
Rajkot Corporation,14557,UTKARSH SCHOOL OF EXCELLENCE,GSHSEB,English,Science - 11,2019-20,112000.0
Rajkot Corporation,14557,UTKARSH SCHOOL OF EXCELLENCE,GSHSEB,English,Science - 11,2020-21,84000.0
Rajkot Corporation,14557,UTKARSH SCHOOL OF EXCELLENCE,GSHSEB,English,Science - 11,2021-22,112000.0
Rajkot Corporation,14557,UTKARSH SCHOOL OF EXCELLENCE,GSHSEB,English,Science - 11,2022-23,119850.0
Rajkot Corporation,14557,UTKARSH SCHOOL OF EXCELLENCE,GSHSEB,English,Science - 11,2023-24,128250.0
Rajkot Corporation,14557,UTKARSH SCHOOL OF EXCELLENCE,GSHSEB,English,Science - 11,2024-25,128250.0
Rajkot Corporation,14557,UTKARSH SCHOOL OF EXCELLENCE,GSHSEB,English,Science - 11,2025-26,134700.0
Rajkot Corporation,14557,UTKARSH SCHOOL OF EXCELLENCE,GSHSEB,English,Science - 11,2026-27,141400.0
Rajkot Corporation,14557,UTKARSH SCHOOL OF EXCELLENCE,GSHSEB,English,Science - 12,2019-20,112000.0
Rajkot Corporation,14557,UTKARSH SCHOOL OF EXCELLENCE,GSHSEB,English,Science - 12,2020-21,84000.0
Rajkot Corporation,14557,UTKARSH SCHOOL OF EXCELLENCE,GSHSEB,English,Science - 12,2021-22,112000.0
Rajkot Corporation,14557,UTKARSH SCHOOL OF EXCELLENCE,GSHSEB,English,Science - 12,2022-23,119850.0
Rajkot Corporation,14557,UTKARSH SCHOOL OF EXCELLENCE,GSHSEB,English,Science - 12,2023-24,128250.0
Rajkot Corporation,14557,UTKARSH SCHOOL OF EXCELLENCE,GSHSEB,English,Science - 12,2024-25,128250.0
Rajkot Corporation,14557,UTKARSH SCHOOL OF EXCELLENCE,GSHSEB,English,Science - 12,2025-26,134700.0
Rajkot Corporation,14557,UTKARSH SCHOOL OF EXCELLENCE,GSHSEB,English,Science - 12,2026-27,141400.0
Rajkot Corporation,15917,VIDHYA NIKETAN HIGHER SECONDARY (ENG MED),GSHSEB,English,9,2019-20,40000.0
Rajkot Corporation,15917,VIDHYA NIKETAN HIGHER SECONDARY (ENG MED),GSHSEB,English,9,2020-21,30000.0
Rajkot Corporation,15917,VIDHYA NIKETAN HIGHER SECONDARY (ENG MED),GSHSEB,English,9,2021-22,40000.0
Rajkot Corporation,15917,VIDHYA NIKETAN HIGHER SECONDARY (ENG MED),GSHSEB,English,9,2022-23,42800.0
Rajkot Corporation,15917,VIDHYA NIKETAN HIGHER SECONDARY (ENG MED),GSHSEB,English,9,2023-24,45796.0
Rajkot Corporation,15917,VIDHYA NIKETAN HIGHER SECONDARY (ENG MED),GSHSEB,English,9,2024-25,48100.0
Rajkot Corporation,15917,VIDHYA NIKETAN HIGHER SECONDARY (ENG MED),GSHSEB,English,9,2025-26,50500.0
Rajkot Corporation,15917,VIDHYA NIKETAN HIGHER SECONDARY (ENG MED),GSHSEB,English,9,2026-27,54600.0
Rajkot Corporation,15917,VIDHYA NIKETAN HIGHER SECONDARY (ENG MED),GSHSEB,English,10,2019-20,40000.0
Rajkot Corporation,15917,VIDHYA NIKETAN HIGHER SECONDARY (ENG MED),GSHSEB,English,10,2020-21,30000.0
Rajkot Corporation,15917,VIDHYA NIKETAN HIGHER SECONDARY (ENG MED),GSHSEB,English,10,2021-22,40000.0
Rajkot Corporation,15917,VIDHYA NIKETAN HIGHER SECONDARY (ENG MED),GSHSEB,English,10,2022-23,42800.0
Rajkot Corporation,15917,VIDHYA NIKETAN HIGHER SECONDARY (ENG MED),GSHSEB,English,10,2023-24,45796.0
Rajkot Corporation,15917,VIDHYA NIKETAN HIGHER SECONDARY (ENG MED),GSHSEB,English,10,2024-25,48100.0
Rajkot Corporation,15917,VIDHYA NIKETAN HIGHER SECONDARY (ENG MED),GSHSEB,English,10,2025-26,50500.0
Rajkot Corporation,15917,VIDHYA NIKETAN HIGHER SECONDARY (ENG MED),GSHSEB,English,10,2026-27,54600.0
Rajkot Corporation,15917,VIDHYA NIKETAN HIGHER SECONDARY (ENG MED),GSHSEB,English,General - 11,2019-20,35000.0
Rajkot Corporation,15917,VIDHYA NIKETAN HIGHER SECONDARY (ENG MED),GSHSEB,English,General - 11,2020-21,26250.0
Rajkot Corporation,15917,VIDHYA NIKETAN HIGHER SECONDARY (ENG MED),GSHSEB,English,General - 11,2021-22,35000.0
Rajkot Corporation,15917,VIDHYA NIKETAN HIGHER SECONDARY (ENG MED),GSHSEB,English,General - 11,2022-23,37450.0
Rajkot Corporation,15917,VIDHYA NIKETAN HIGHER SECONDARY (ENG MED),GSHSEB,English,General - 11,2023-24,40072.0
Rajkot Corporation,15917,VIDHYA NIKETAN HIGHER SECONDARY (ENG MED),GSHSEB,English,General - 11,2024-25,42100.0
Rajkot Corporation,15917,VIDHYA NIKETAN HIGHER SECONDARY (ENG MED),GSHSEB,English,General - 11,2025-26,44200.0
Rajkot Corporation,15917,VIDHYA NIKETAN HIGHER SECONDARY (ENG MED),GSHSEB,English,General - 11,2026-27,47800.0
Rajkot Corporation,15917,VIDHYA NIKETAN HIGHER SECONDARY (ENG MED),GSHSEB,English,General - 12,2019-20,35000.0
Rajkot Corporation,15917,VIDHYA NIKETAN HIGHER SECONDARY (ENG MED),GSHSEB,English,General - 12,2020-21,26250.0
Rajkot Corporation,15917,VIDHYA NIKETAN HIGHER SECONDARY (ENG MED),GSHSEB,English,General - 12,2021-22,35000.0
Rajkot Corporation,15917,VIDHYA NIKETAN HIGHER SECONDARY (ENG MED),GSHSEB,English,General - 12,2022-23,37450.0
Rajkot Corporation,15917,VIDHYA NIKETAN HIGHER SECONDARY (ENG MED),GSHSEB,English,General - 12,2023-24,40072.0
Rajkot Corporation,15917,VIDHYA NIKETAN HIGHER SECONDARY (ENG MED),GSHSEB,English,General - 12,2024-25,42100.0
Rajkot Corporation,15917,VIDHYA NIKETAN HIGHER SECONDARY (ENG MED),GSHSEB,English,General - 12,2025-26,44200.0
Rajkot Corporation,15917,VIDHYA NIKETAN HIGHER SECONDARY (ENG MED),GSHSEB,English,General - 12,2026-27,47800.0
Rajkot Corporation,15917,VIDHYA NIKETAN HIGHER SECONDARY (ENG MED),GSHSEB,English,Science - 11,2019-20,39000.0
Rajkot Corporation,15917,VIDHYA NIKETAN HIGHER SECONDARY (ENG MED),GSHSEB,English,Science - 11,2020-21,29250.0
Rajkot Corporation,15917,VIDHYA NIKETAN HIGHER SECONDARY (ENG MED),GSHSEB,English,Science - 11,2021-22,39000.0
Rajkot Corporation,15917,VIDHYA NIKETAN HIGHER SECONDARY (ENG MED),GSHSEB,English,Science - 11,2022-23,41730.0
Rajkot Corporation,15917,VIDHYA NIKETAN HIGHER SECONDARY (ENG MED),GSHSEB,English,Science - 11,2023-24,44651.0
Rajkot Corporation,15917,VIDHYA NIKETAN HIGHER SECONDARY (ENG MED),GSHSEB,English,Science - 11,2024-25,46900.0
Rajkot Corporation,15917,VIDHYA NIKETAN HIGHER SECONDARY (ENG MED),GSHSEB,English,Science - 11,2025-26,49200.0
Rajkot Corporation,15917,VIDHYA NIKETAN HIGHER SECONDARY (ENG MED),GSHSEB,English,Science - 11,2026-27,53300.0
Rajkot Corporation,15917,VIDHYA NIKETAN HIGHER SECONDARY (ENG MED),GSHSEB,English,Science - 12,2019-20,39000.0
Rajkot Corporation,15917,VIDHYA NIKETAN HIGHER SECONDARY (ENG MED),GSHSEB,English,Science - 12,2020-21,29250.0
Rajkot Corporation,15917,VIDHYA NIKETAN HIGHER SECONDARY (ENG MED),GSHSEB,English,Science - 12,2021-22,39000.0
Rajkot Corporation,15917,VIDHYA NIKETAN HIGHER SECONDARY (ENG MED),GSHSEB,English,Science - 12,2022-23,41730.0
Rajkot Corporation,15917,VIDHYA NIKETAN HIGHER SECONDARY (ENG MED),GSHSEB,English,Science - 12,2023-24,44651.0
Rajkot Corporation,15917,VIDHYA NIKETAN HIGHER SECONDARY (ENG MED),GSHSEB,English,Science - 12,2024-25,46900.0
Rajkot Corporation,15917,VIDHYA NIKETAN HIGHER SECONDARY (ENG MED),GSHSEB,English,Science - 12,2025-26,49200.0
Rajkot Corporation,15917,VIDHYA NIKETAN HIGHER SECONDARY (ENG MED),GSHSEB,English,Science - 12,2026-27,53300.0
Rajkot Corporation,16520,VISION MADHYAMIK SHALA,GSHSEB,Gujarati,9,2019-20,22000.0
Rajkot Corporation,16520,VISION MADHYAMIK SHALA,GSHSEB,Gujarati,9,2020-21,16500.0
Rajkot Corporation,16520,VISION MADHYAMIK SHALA,GSHSEB,Gujarati,9,2021-22,22000.0
Rajkot Corporation,16520,VISION MADHYAMIK SHALA,GSHSEB,Gujarati,9,2022-23,22000.0
Rajkot Corporation,16520,VISION MADHYAMIK SHALA,GSHSEB,Gujarati,9,2023-24,22000.0
Rajkot Corporation,16520,VISION MADHYAMIK SHALA,GSHSEB,Gujarati,9,2025-26,25000.0
Rajkot Corporation,16520,VISION MADHYAMIK SHALA,GSHSEB,Gujarati,10,2019-20,22000.0
Rajkot Corporation,16520,VISION MADHYAMIK SHALA,GSHSEB,Gujarati,10,2020-21,16500.0
Rajkot Corporation,16520,VISION MADHYAMIK SHALA,GSHSEB,Gujarati,10,2021-22,22000.0
Rajkot Corporation,16520,VISION MADHYAMIK SHALA,GSHSEB,Gujarati,10,2022-23,22000.0
Rajkot Corporation,16520,VISION MADHYAMIK SHALA,GSHSEB,Gujarati,10,2023-24,22000.0
Rajkot Corporation,16520,VISION MADHYAMIK SHALA,GSHSEB,Gujarati,10,2025-26,25000.0
Rajkot Corporation,16520,VISION MADHYAMIK SHALA,GSHSEB,Gujarati,General - 11,2019-20,25000.0
Rajkot Corporation,16520,VISION MADHYAMIK SHALA,GSHSEB,Gujarati,General - 11,2020-21,18750.0
Rajkot Corporation,16520,VISION MADHYAMIK SHALA,GSHSEB,Gujarati,General - 11,2021-22,25000.0
Rajkot Corporation,16520,VISION MADHYAMIK SHALA,GSHSEB,Gujarati,General - 11,2022-23,25000.0
Rajkot Corporation,16520,VISION MADHYAMIK SHALA,GSHSEB,Gujarati,General - 11,2023-24,25000.0
Rajkot Corporation,16520,VISION MADHYAMIK SHALA,GSHSEB,Gujarati,General - 12,2019-20,25000.0
Rajkot Corporation,16520,VISION MADHYAMIK SHALA,GSHSEB,Gujarati,General - 12,2020-21,18750.0
Rajkot Corporation,16520,VISION MADHYAMIK SHALA,GSHSEB,Gujarati,General - 12,2021-22,25000.0
Rajkot Corporation,16520,VISION MADHYAMIK SHALA,GSHSEB,Gujarati,General - 12,2022-23,25000.0
Rajkot Corporation,16520,VISION MADHYAMIK SHALA,GSHSEB,Gujarati,General - 12,2023-24,25000.0
Rajkot Corporation,16521,VISION PRIMARY SCHOOL (ENG. MED.),GSHSEB,English,1,2019-20,15000.0
Rajkot Corporation,16521,VISION PRIMARY SCHOOL (ENG. MED.),GSHSEB,English,1,2020-21,11250.0
Rajkot Corporation,16521,VISION PRIMARY SCHOOL (ENG. MED.),GSHSEB,English,1,2021-22,15000.0
Rajkot Corporation,16521,VISION PRIMARY SCHOOL (ENG. MED.),GSHSEB,English,1,2022-23,15000.0
Rajkot Corporation,16521,VISION PRIMARY SCHOOL (ENG. MED.),GSHSEB,English,1,2023-24,15000.0
Rajkot Corporation,16521,VISION PRIMARY SCHOOL (ENG. MED.),GSHSEB,English,1,2025-26,15000.0
Rajkot Corporation,16521,VISION PRIMARY SCHOOL (ENG. MED.),GSHSEB,English,2,2019-20,15000.0
Rajkot Corporation,16521,VISION PRIMARY SCHOOL (ENG. MED.),GSHSEB,English,2,2020-21,11250.0
Rajkot Corporation,16521,VISION PRIMARY SCHOOL (ENG. MED.),GSHSEB,English,2,2021-22,15000.0
Rajkot Corporation,16521,VISION PRIMARY SCHOOL (ENG. MED.),GSHSEB,English,2,2022-23,15000.0
Rajkot Corporation,16521,VISION PRIMARY SCHOOL (ENG. MED.),GSHSEB,English,2,2023-24,15000.0
Rajkot Corporation,16521,VISION PRIMARY SCHOOL (ENG. MED.),GSHSEB,English,2,2025-26,15000.0
Rajkot Corporation,16521,VISION PRIMARY SCHOOL (ENG. MED.),GSHSEB,English,3,2019-20,15000.0
Rajkot Corporation,16521,VISION PRIMARY SCHOOL (ENG. MED.),GSHSEB,English,3,2020-21,11250.0
Rajkot Corporation,16521,VISION PRIMARY SCHOOL (ENG. MED.),GSHSEB,English,3,2021-22,15000.0
Rajkot Corporation,16521,VISION PRIMARY SCHOOL (ENG. MED.),GSHSEB,English,3,2022-23,15000.0
Rajkot Corporation,16521,VISION PRIMARY SCHOOL (ENG. MED.),GSHSEB,English,3,2023-24,15000.0
Rajkot Corporation,16521,VISION PRIMARY SCHOOL (ENG. MED.),GSHSEB,English,3,2025-26,15000.0
Rajkot Corporation,16521,VISION PRIMARY SCHOOL (ENG. MED.),GSHSEB,English,4,2019-20,15000.0
Rajkot Corporation,16521,VISION PRIMARY SCHOOL (ENG. MED.),GSHSEB,English,4,2020-21,11250.0
Rajkot Corporation,16521,VISION PRIMARY SCHOOL (ENG. MED.),GSHSEB,English,4,2021-22,15000.0
Rajkot Corporation,16521,VISION PRIMARY SCHOOL (ENG. MED.),GSHSEB,English,4,2022-23,15000.0
Rajkot Corporation,16521,VISION PRIMARY SCHOOL (ENG. MED.),GSHSEB,English,4,2023-24,15000.0
Rajkot Corporation,16521,VISION PRIMARY SCHOOL (ENG. MED.),GSHSEB,English,4,2025-26,15000.0
Rajkot Corporation,16521,VISION PRIMARY SCHOOL (ENG. MED.),GSHSEB,English,5,2019-20,15000.0
Rajkot Corporation,16521,VISION PRIMARY SCHOOL (ENG. MED.),GSHSEB,English,5,2020-21,11250.0
Rajkot Corporation,16521,VISION PRIMARY SCHOOL (ENG. MED.),GSHSEB,English,5,2021-22,15000.0
Rajkot Corporation,16521,VISION PRIMARY SCHOOL (ENG. MED.),GSHSEB,English,5,2022-23,15000.0
Rajkot Corporation,16521,VISION PRIMARY SCHOOL (ENG. MED.),GSHSEB,English,5,2023-24,15000.0
Rajkot Corporation,16521,VISION PRIMARY SCHOOL (ENG. MED.),GSHSEB,English,5,2025-26,15000.0
Rajkot Corporation,16521,VISION PRIMARY SCHOOL (ENG. MED.),GSHSEB,English,6,2019-20,15000.0
Rajkot Corporation,16521,VISION PRIMARY SCHOOL (ENG. MED.),GSHSEB,English,6,2020-21,11250.0
Rajkot Corporation,16521,VISION PRIMARY SCHOOL (ENG. MED.),GSHSEB,English,6,2021-22,15000.0
Rajkot Corporation,16521,VISION PRIMARY SCHOOL (ENG. MED.),GSHSEB,English,6,2022-23,15000.0
Rajkot Corporation,16521,VISION PRIMARY SCHOOL (ENG. MED.),GSHSEB,English,6,2023-24,15000.0
Rajkot Corporation,16521,VISION PRIMARY SCHOOL (ENG. MED.),GSHSEB,English,6,2025-26,15000.0
Rajkot Corporation,16521,VISION PRIMARY SCHOOL (ENG. MED.),GSHSEB,English,7,2019-20,15000.0
Rajkot Corporation,16521,VISION PRIMARY SCHOOL (ENG. MED.),GSHSEB,English,7,2020-21,11250.0
Rajkot Corporation,16521,VISION PRIMARY SCHOOL (ENG. MED.),GSHSEB,English,7,2021-22,15000.0
Rajkot Corporation,16521,VISION PRIMARY SCHOOL (ENG. MED.),GSHSEB,English,7,2022-23,15000.0
Rajkot Corporation,16521,VISION PRIMARY SCHOOL (ENG. MED.),GSHSEB,English,7,2023-24,15000.0
Rajkot Corporation,16521,VISION PRIMARY SCHOOL (ENG. MED.),GSHSEB,English,7,2025-26,15000.0
Rajkot Corporation,16521,VISION PRIMARY SCHOOL (ENG. MED.),GSHSEB,English,8,2019-20,15000.0
Rajkot Corporation,16521,VISION PRIMARY SCHOOL (ENG. MED.),GSHSEB,English,8,2020-21,11250.0
Rajkot Corporation,16521,VISION PRIMARY SCHOOL (ENG. MED.),GSHSEB,English,8,2021-22,15000.0
Rajkot Corporation,16521,VISION PRIMARY SCHOOL (ENG. MED.),GSHSEB,English,8,2022-23,15000.0
Rajkot Corporation,16521,VISION PRIMARY SCHOOL (ENG. MED.),GSHSEB,English,8,2023-24,15000.0
Rajkot Corporation,16521,VISION PRIMARY SCHOOL (ENG. MED.),GSHSEB,English,8,2025-26,15000.0
Rajkot Corporation,16519,VISION UCC. MADHYAMIK SHALA,GSHSEB,Gujarati,General - 11,2023-24,25000.0
Rajkot Corporation,16519,VISION UCC. MADHYAMIK SHALA,GSHSEB,Gujarati,General - 12,2023-24,25000.0
