state,period,code,index_value,imputation
All India,2025-12,01.1.1.1.1.01,101.81,N
All India,2025-12,01.1.1.2.1.01,106.57,N
All India,2025-12,01.1.4.8.1.01,114.04,N
All India,2025-12,01.1.6.1.1.01,97.95,N
All India,2025-12,01.1.7.2.1.01,128.87,N
All India,2025-12,01.1.7.2.1.03,115.29,N
All India,2025-12,01.1.7.4.1.01,71.08,N
All India,2025-12,01.1.7.5.1.01,80.87,N
All India,2025-12,01.1.7.6.1.01,74.08,N
All India,2025-12,01.1.7.6.1.02,95.28,N
All India,2025-12,01.1.7.6.1.05,98.53,N
All India,2025-12,01.1.8.1.1.01,105.11,N
All India,2025-12,01.1.8.1.1.02,106.01,N
All India,2025-11,01.1.1.1.1.01,101.93,N
All India,2025-11,01.1.1.2.1.01,106.46,N
All India,2025-11,01.1.4.8.1.01,107.42,N
All India,2025-11,01.1.6.1.1.01,99.34,N
All India,2025-11,01.1.7.2.1.01,118.93,N
All India,2025-11,01.1.7.2.1.03,122.97,N
All India,2025-11,01.1.7.4.1.01,68.7,N
All India,2025-11,01.1.7.5.1.01,85.85,N
All India,2025-11,01.1.7.6.1.01,74.03,N
All India,2025-11,01.1.7.6.1.02,95.77,N
All India,2025-11,01.1.7.6.1.05,99.09,N
All India,2025-11,01.1.8.1.1.01,105.1,N
All India,2025-11,01.1.8.1.1.02,106.44,N
All India,2025-10,01.1.1.1.1.01,102.08,N
All India,2025-10,01.1.1.2.1.01,106.16,N
All India,2025-10,01.1.4.8.1.01,102.53,N
All India,2025-10,01.1.6.1.1.01,101.44,N
All India,2025-10,01.1.7.2.1.01,96.87,N
All India,2025-10,01.1.7.2.1.03,114.29,N
All India,2025-10,01.1.7.4.1.01,67.09,N
All India,2025-10,01.1.7.5.1.01,82.21,N
All India,2025-10,01.1.7.6.1.01,73.88,N
All India,2025-10,01.1.7.6.1.02,95.47,N
All India,2025-10,01.1.7.6.1.05,99.03,N
All India,2025-10,01.1.8.1.1.01,105.09,N
All India,2025-10,01.1.8.1.1.02,106.19,N
All India,2025-09,01.1.1.1.1.01,102.33,N
All India,2025-09,01.1.1.2.1.01,106.41,N
All India,2025-09,01.1.4.8.1.01,101.89,N
All India,2025-09,01.1.6.1.1.01,104.98,N
All India,2025-09,01.1.7.2.1.01,105.22,N
All India,2025-09,01.1.7.2.1.03,111.69,N
All India,2025-09,01.1.7.4.1.01,69.47,N
All India,2025-09,01.1.7.5.1.01,81.67,N
All India,2025-09,01.1.7.6.1.01,75.31,N
All India,2025-09,01.1.7.6.1.02,95.88,N
All India,2025-09,01.1.7.6.1.05,99.87,N
All India,2025-09,01.1.8.1.1.01,104.76,N
All India,2025-09,01.1.8.1.1.02,106.19,N
All India,2025-08,01.1.1.1.1.01,102.47,N
All India,2025-08,01.1.1.2.1.01,106.3,N
All India,2025-08,01.1.4.8.1.01,100.1,N
All India,2025-08,01.1.6.1.1.01,108.28,N
All India,2025-08,01.1.7.2.1.01,138.15,N
All India,2025-08,01.1.7.2.1.03,110.33,N
All India,2025-08,01.1.7.4.1.01,71.75,N
All India,2025-08,01.1.7.5.1.01,82.49,N
All India,2025-08,01.1.7.6.1.01,76.34,N
All India,2025-08,01.1.7.6.1.02,96.02,N
All India,2025-08,01.1.7.6.1.05,99.77,N
All India,2025-08,01.1.8.1.1.01,104.6,N
All India,2025-08,01.1.8.1.1.02,105.77,N
All India,2025-07,01.1.1.1.1.01,102.26,N
All India,2025-07,01.1.1.2.1.01,106.06,N
All India,2025-07,01.1.4.8.1.01,102.4,N
All India,2025-07,01.1.6.1.1.01,107.94,N
All India,2025-07,01.1.7.2.1.01,110.27,N
All India,2025-07,01.1.7.2.1.03,117.71,N
All India,2025-07,01.1.7.4.1.01,71.8,N
All India,2025-07,01.1.7.5.1.01,84.25,N
All India,2025-07,01.1.7.6.1.01,77.49,N
All India,2025-07,01.1.7.6.1.02,96.25,N
All India,2025-07,01.1.7.6.1.05,98.82,N
All India,2025-07,01.1.8.1.1.01,103.98,N
All India,2025-07,01.1.8.1.1.02,104.97,N
All India,2025-06,01.1.1.1.1.01,102.51,N
All India,2025-06,01.1.1.2.1.01,106.25,N
All India,2025-06,01.1.4.8.1.01,101.11,N
All India,2025-06,01.1.6.1.1.01,106.71,N
All India,2025-06,01.1.7.2.1.01,83.95,N
All India,2025-06,01.1.7.2.1.03,100.54,N
All India,2025-06,01.1.7.4.1.01,67.63,N
All India,2025-06,01.1.7.5.1.01,81.85,N
All India,2025-06,01.1.7.6.1.01,79.09,N
All India,2025-06,01.1.7.6.1.02,96.35,N
All India,2025-06,01.1.7.6.1.05,98.93,N
All India,2025-06,01.1.8.1.1.01,103.85,N
All India,2025-06,01.1.8.1.1.02,104.45,N
All India,2025-05,01.1.1.1.1.01,102.88,N
All India,2025-05,01.1.1.2.1.01,106.37,N
All India,2025-05,01.1.4.8.1.01,98.06,N
All India,2025-05,01.1.6.1.1.01,105.84,N
All India,2025-05,01.1.7.2.1.01,60.77,N
All India,2025-05,01.1.7.2.1.03,88.03,N
All India,2025-05,01.1.7.4.1.01,65.28,N
All India,2025-05,01.1.7.5.1.01,79.52,N
All India,2025-05,01.1.7.6.1.01,81.25,N
All India,2025-05,01.1.7.6.1.02,96.8,N
All India,2025-05,01.1.7.6.1.05,99.72,N
All India,2025-05,01.1.8.1.1.01,103.81,N
All India,2025-05,01.1.8.1.1.02,103.54,N
All India,2025-04,01.1.1.1.1.01,103.26,N
All India,2025-04,01.1.1.2.1.01,106.73,N
All India,2025-04,01.1.4.8.1.01,94.93,N
All India,2025-04,01.1.6.1.1.01,106.6,N
All India,2025-04,01.1.7.2.1.01,54.08,N
All India,2025-04,01.1.7.2.1.03,83.61,N
All India,2025-04,01.1.7.4.1.01,74.77,N
All India,2025-04,01.1.7.5.1.01,75.61,N
All India,2025-04,01.1.7.6.1.01,83.77,N
All India,2025-04,01.1.7.6.1.02,97.1,N
All India,2025-04,01.1.7.6.1.05,100.59,N
All India,2025-04,01.1.8.1.1.01,103.44,N
All India,2025-04,01.1.8.1.1.02,102.53,N
All India,2025-03,01.1.1.1.1.01,103.12,N
All India,2025-03,01.1.1.2.1.01,107.04,N
All India,2025-03,01.1.4.8.1.01,96.64,N
All India,2025-03,01.1.6.1.1.01,107.24,N
All India,2025-03,01.1.7.2.1.01,51.33,N
All India,2025-03,01.1.7.2.1.03,80.29,N
All India,2025-03,01.1.7.4.1.01,90.69,N
All India,2025-03,01.1.7.5.1.01,75.08,N
All India,2025-03,01.1.7.6.1.01,86.94,N
All India,2025-03,01.1.7.6.1.02,97.31,N
All India,2025-03,01.1.7.6.1.05,102.43,N
All India,2025-03,01.1.8.1.1.01,102.9,N
All India,2025-03,01.1.8.1.1.02,102.39,N
All India,2025-02,01.1.1.1.1.01,102.9,N
All India,2025-02,01.1.1.2.1.01,106.49,N
All India,2025-02,01.1.4.8.1.01,101.18,N
All India,2025-02,01.1.6.1.1.01,104.34,N
All India,2025-02,01.1.7.2.1.01,56.77,N
All India,2025-02,01.1.7.2.1.03,79.27,N
All India,2025-02,01.1.7.4.1.01,98.92,N
All India,2025-02,01.1.7.5.1.01,79.98,N
All India,2025-02,01.1.7.6.1.01,90.78,N
All India,2025-02,01.1.7.6.1.02,97.51,N
All India,2025-02,01.1.7.6.1.05,105.06,N
All India,2025-02,01.1.8.1.1.01,101.91,N
All India,2025-02,01.1.8.1.1.02,102.16,N
All India,2025-01,01.1.1.1.1.01,102.56,N
All India,2025-01,01.1.1.2.1.01,105.75,N
All India,2025-01,01.1.4.8.1.01,106.4,N
All India,2025-01,01.1.6.1.1.01,101.0,N
All India,2025-01,01.1.7.2.1.01,69.73,N
All India,2025-01,01.1.7.2.1.03,87.37,N
All India,2025-01,01.1.7.4.1.01,104.31,N
All India,2025-01,01.1.7.5.1.01,97.75,N
All India,2025-01,01.1.7.6.1.01,97.5,N
All India,2025-01,01.1.7.6.1.02,98.26,N
All India,2025-01,01.1.7.6.1.05,107.78,N
All India,2025-01,01.1.8.1.1.01,100.27,N
All India,2025-01,01.1.8.1.1.02,101.93,N
Andaman And Nicobar Islands,2025-12,01.1.1.1.1.01,107.95,N
Andaman And Nicobar Islands,2025-12,01.1.1.2.1.01,103.05,N
Andaman And Nicobar Islands,2025-12,01.1.4.8.1.01,106.01,N
Andaman And Nicobar Islands,2025-12,01.1.6.1.1.01,81.25,N
Andaman And Nicobar Islands,2025-12,01.1.7.2.1.01,134.47,N
Andaman And Nicobar Islands,2025-12,01.1.7.2.1.03,137.9,N
Andaman And Nicobar Islands,2025-12,01.1.7.4.1.01,79.97,N
Andaman And Nicobar Islands,2025-12,01.1.7.5.1.01,91.63,N
Andaman And Nicobar Islands,2025-12,01.1.7.6.1.01,70.96,N
Andaman And Nicobar Islands,2025-12,01.1.7.6.1.02,87.05,N
Andaman And Nicobar Islands,2025-12,01.1.7.6.1.05,93.26,N
Andaman And Nicobar Islands,2025-12,01.1.8.1.1.01,101.26,N
Andaman And Nicobar Islands,2025-12,01.1.8.1.1.02,105.55,N
Andaman And Nicobar Islands,2025-11,01.1.1.1.1.01,107.91,N
Andaman And Nicobar Islands,2025-11,01.1.1.2.1.01,103.05,N
Andaman And Nicobar Islands,2025-11,01.1.4.8.1.01,101.72,N
Andaman And Nicobar Islands,2025-11,01.1.6.1.1.01,86.77,N
Andaman And Nicobar Islands,2025-11,01.1.7.2.1.01,121.92,N
Andaman And Nicobar Islands,2025-11,01.1.7.2.1.03,135.5,N
Andaman And Nicobar Islands,2025-11,01.1.7.4.1.01,77.57,N
Andaman And Nicobar Islands,2025-11,01.1.7.5.1.01,88.89,N
Andaman And Nicobar Islands,2025-11,01.1.7.6.1.01,72.78,N
Andaman And Nicobar Islands,2025-11,01.1.7.6.1.02,89.61,N
Andaman And Nicobar Islands,2025-11,01.1.7.6.1.05,95.7,N
Andaman And Nicobar Islands,2025-11,01.1.8.1.1.01,103.02,N
Andaman And Nicobar Islands,2025-11,01.1.8.1.1.02,105.55,N
Andaman And Nicobar Islands,2025-10,01.1.1.1.1.01,107.91,N
Andaman And Nicobar Islands,2025-10,01.1.1.2.1.01,103.05,N
Andaman And Nicobar Islands,2025-10,01.1.4.8.1.01,100.07,N
Andaman And Nicobar Islands,2025-10,01.1.6.1.1.01,92.64,N
Andaman And Nicobar Islands,2025-10,01.1.7.2.1.01,103.08,N
Andaman And Nicobar Islands,2025-10,01.1.7.2.1.03,133.0,N
Andaman And Nicobar Islands,2025-10,01.1.7.4.1.01,72.78,N
Andaman And Nicobar Islands,2025-10,01.1.7.5.1.01,83.4,N
Andaman And Nicobar Islands,2025-10,01.1.7.6.1.01,73.43,N
Andaman And Nicobar Islands,2025-10,01.1.7.6.1.02,91.59,N
Andaman And Nicobar Islands,2025-10,01.1.7.6.1.05,99.92,N
Andaman And Nicobar Islands,2025-10,01.1.8.1.1.01,103.81,N
Andaman And Nicobar Islands,2025-10,01.1.8.1.1.02,105.55,N
Andaman And Nicobar Islands,2025-09,01.1.1.1.1.01,107.25,N
Andaman And Nicobar Islands,2025-09,01.1.1.2.1.01,104.77,N
Andaman And Nicobar Islands,2025-09,01.1.4.8.1.01,101.77,N
Andaman And Nicobar Islands,2025-09,01.1.6.1.1.01,93.74,N
Andaman And Nicobar Islands,2025-09,01.1.7.2.1.01,91.06,N
Andaman And Nicobar Islands,2025-09,01.1.7.2.1.03,125.01,N
Andaman And Nicobar Islands,2025-09,01.1.7.4.1.01,74.7,N
Andaman And Nicobar Islands,2025-09,01.1.7.5.1.01,82.15,N
Andaman And Nicobar Islands,2025-09,01.1.7.6.1.01,72.87,N
Andaman And Nicobar Islands,2025-09,01.1.7.6.1.02,94.27,N
Andaman And Nicobar Islands,2025-09,01.1.7.6.1.05,100.01,N
Andaman And Nicobar Islands,2025-09,01.1.8.1.1.01,103.81,N
Andaman And Nicobar Islands,2025-09,01.1.8.1.1.02,107.0,N
Andaman And Nicobar Islands,2025-08,01.1.1.1.1.01,105.67,N
Andaman And Nicobar Islands,2025-08,01.1.1.2.1.01,104.77,N
Andaman And Nicobar Islands,2025-08,01.1.4.8.1.01,100.89,N
Andaman And Nicobar Islands,2025-08,01.1.6.1.1.01,96.8,N
Andaman And Nicobar Islands,2025-08,01.1.7.2.1.01,113.34,N
Andaman And Nicobar Islands,2025-08,01.1.7.2.1.03,121.52,N
Andaman And Nicobar Islands,2025-08,01.1.7.4.1.01,75.39,N
Andaman And Nicobar Islands,2025-08,01.1.7.5.1.01,83.4,N
Andaman And Nicobar Islands,2025-08,01.1.7.6.1.01,79.54,N
Andaman And Nicobar Islands,2025-08,01.1.7.6.1.02,94.67,N
Andaman And Nicobar Islands,2025-08,01.1.7.6.1.05,105.86,N
Andaman And Nicobar Islands,2025-08,01.1.8.1.1.01,103.56,N
Andaman And Nicobar Islands,2025-08,01.1.8.1.1.02,107.0,N
Andaman And Nicobar Islands,2025-07,01.1.1.1.1.01,104.29,N
Andaman And Nicobar Islands,2025-07,01.1.1.2.1.01,104.77,N
Andaman And Nicobar Islands,2025-07,01.1.4.8.1.01,100.89,N
Andaman And Nicobar Islands,2025-07,01.1.6.1.1.01,96.66,N
Andaman And Nicobar Islands,2025-07,01.1.7.2.1.01,90.06,N
Andaman And Nicobar Islands,2025-07,01.1.7.2.1.03,129.06,N
Andaman And Nicobar Islands,2025-07,01.1.7.4.1.01,79.62,N
Andaman And Nicobar Islands,2025-07,01.1.7.5.1.01,91.23,N
Andaman And Nicobar Islands,2025-07,01.1.7.6.1.01,79.54,N
Andaman And Nicobar Islands,2025-07,01.1.7.6.1.02,94.67,N
Andaman And Nicobar Islands,2025-07,01.1.7.6.1.05,105.86,N
Andaman And Nicobar Islands,2025-07,01.1.8.1.1.01,103.56,N
Andaman And Nicobar Islands,2025-07,01.1.8.1.1.02,107.0,N
Andaman And Nicobar Islands,2025-06,01.1.1.1.1.01,106.6,N
Andaman And Nicobar Islands,2025-06,01.1.1.2.1.01,104.77,N
Andaman And Nicobar Islands,2025-06,01.1.4.8.1.01,100.02,N
Andaman And Nicobar Islands,2025-06,01.1.6.1.1.01,97.54,N
Andaman And Nicobar Islands,2025-06,01.1.7.2.1.01,82.0,N
Andaman And Nicobar Islands,2025-06,01.1.7.2.1.03,111.26,N
Andaman And Nicobar Islands,2025-06,01.1.7.4.1.01,77.57,N
Andaman And Nicobar Islands,2025-06,01.1.7.5.1.01,91.23,N
Andaman And Nicobar Islands,2025-06,01.1.7.6.1.01,80.27,N
Andaman And Nicobar Islands,2025-06,01.1.7.6.1.02,93.93,N
Andaman And Nicobar Islands,2025-06,01.1.7.6.1.05,105.86,N
Andaman And Nicobar Islands,2025-06,01.1.8.1.1.01,102.28,N
Andaman And Nicobar Islands,2025-06,01.1.8.1.1.02,106.22,N
Andaman And Nicobar Islands,2025-05,01.1.1.1.1.01,105.73,N
Andaman And Nicobar Islands,2025-05,01.1.1.2.1.01,104.77,N
Andaman And Nicobar Islands,2025-05,01.1.4.8.1.01,95.83,N
Andaman And Nicobar Islands,2025-05,01.1.6.1.1.01,98.83,N
Andaman And Nicobar Islands,2025-05,01.1.7.2.1.01,75.53,N
Andaman And Nicobar Islands,2025-05,01.1.7.2.1.03,79.34,N
Andaman And Nicobar Islands,2025-05,01.1.7.4.1.01,79.62,N
Andaman And Nicobar Islands,2025-05,01.1.7.5.1.01,91.23,N
Andaman And Nicobar Islands,2025-05,01.1.7.6.1.01,80.38,N
Andaman And Nicobar Islands,2025-05,01.1.7.6.1.02,95.38,N
Andaman And Nicobar Islands,2025-05,01.1.7.6.1.05,109.66,N
Andaman And Nicobar Islands,2025-05,01.1.8.1.1.01,102.28,N
Andaman And Nicobar Islands,2025-05,01.1.8.1.1.02,106.22,N
Andaman And Nicobar Islands,2025-04,01.1.1.1.1.01,107.96,N
Andaman And Nicobar Islands,2025-04,01.1.1.2.1.01,104.77,N
Andaman And Nicobar Islands,2025-04,01.1.4.8.1.01,96.61,N
Andaman And Nicobar Islands,2025-04,01.1.6.1.1.01,103.66,N
Andaman And Nicobar Islands,2025-04,01.1.7.2.1.01,78.93,N
Andaman And Nicobar Islands,2025-04,01.1.7.2.1.03,64.41,N
Andaman And Nicobar Islands,2025-04,01.1.7.4.1.01,95.16,N
Andaman And Nicobar Islands,2025-04,01.1.7.5.1.01,93.1,N
Andaman And Nicobar Islands,2025-04,01.1.7.6.1.01,81.98,N
Andaman And Nicobar Islands,2025-04,01.1.7.6.1.02,96.08,N
Andaman And Nicobar Islands,2025-04,01.1.7.6.1.05,107.39,N
Andaman And Nicobar Islands,2025-04,01.1.8.1.1.01,100.45,N
Andaman And Nicobar Islands,2025-04,01.1.8.1.1.02,104.44,N
Andaman And Nicobar Islands,2025-03,01.1.1.1.1.01,107.95,N
Andaman And Nicobar Islands,2025-03,01.1.1.2.1.01,103.74,N
Andaman And Nicobar Islands,2025-03,01.1.4.8.1.01,98.13,N
Andaman And Nicobar Islands,2025-03,01.1.6.1.1.01,104.02,N
Andaman And Nicobar Islands,2025-03,01.1.7.2.1.01,71.12,N
Andaman And Nicobar Islands,2025-03,01.1.7.2.1.03,80.41,N
Andaman And Nicobar Islands,2025-03,01.1.7.4.1.01,98.4,N
Andaman And Nicobar Islands,2025-03,01.1.7.5.1.01,78.25,N
Andaman And Nicobar Islands,2025-03,01.1.7.6.1.01,87.43,N
Andaman And Nicobar Islands,2025-03,01.1.7.6.1.02,95.6,N
Andaman And Nicobar Islands,2025-03,01.1.7.6.1.05,105.05,N
Andaman And Nicobar Islands,2025-03,01.1.8.1.1.01,97.87,N
Andaman And Nicobar Islands,2025-03,01.1.8.1.1.02,103.75,N
Andaman And Nicobar Islands,2025-02,01.1.1.1.1.01,107.51,N
Andaman And Nicobar Islands,2025-02,01.1.1.2.1.01,103.13,N
Andaman And Nicobar Islands,2025-02,01.1.4.8.1.01,100.89,N
Andaman And Nicobar Islands,2025-02,01.1.6.1.1.01,100.87,N
Andaman And Nicobar Islands,2025-02,01.1.7.2.1.01,82.24,N
Andaman And Nicobar Islands,2025-02,01.1.7.2.1.03,86.0,N
Andaman And Nicobar Islands,2025-02,01.1.7.4.1.01,106.24,N
Andaman And Nicobar Islands,2025-02,01.1.7.5.1.01,101.25,N
Andaman And Nicobar Islands,2025-02,01.1.7.6.1.01,92.11,N
Andaman And Nicobar Islands,2025-02,01.1.7.6.1.02,96.66,N
Andaman And Nicobar Islands,2025-02,01.1.7.6.1.05,109.18,N
Andaman And Nicobar Islands,2025-02,01.1.8.1.1.01,96.87,N
Andaman And Nicobar Islands,2025-02,01.1.8.1.1.02,101.47,N
Andaman And Nicobar Islands,2025-01,01.1.1.1.1.01,104.39,N
Andaman And Nicobar Islands,2025-01,01.1.1.2.1.01,102.1,N
Andaman And Nicobar Islands,2025-01,01.1.4.8.1.01,100.79,N
Andaman And Nicobar Islands,2025-01,01.1.6.1.1.01,109.94,N
Andaman And Nicobar Islands,2025-01,01.1.7.2.1.01,86.79,N
Andaman And Nicobar Islands,2025-01,01.1.7.2.1.03,113.15,N
Andaman And Nicobar Islands,2025-01,01.1.7.4.1.01,112.82,N
Andaman And Nicobar Islands,2025-01,01.1.7.5.1.01,116.49,N
Andaman And Nicobar Islands,2025-01,01.1.7.6.1.01,97.53,N
Andaman And Nicobar Islands,2025-01,01.1.7.6.1.02,98.35,N
Andaman And Nicobar Islands,2025-01,01.1.7.6.1.05,106.16,N
Andaman And Nicobar Islands,2025-01,01.1.8.1.1.01,96.87,N
Andaman And Nicobar Islands,2025-01,01.1.8.1.1.02,101.47,N
Andhra Pradesh,2025-12,01.1.1.1.1.01,93.82,N
Andhra Pradesh,2025-12,01.1.1.2.1.01,104.64,N
Andhra Pradesh,2025-12,01.1.4.8.1.01,112.14,N
Andhra Pradesh,2025-12,01.1.6.1.1.01,105.31,N
Andhra Pradesh,2025-12,01.1.7.2.1.01,119.49,N
Andhra Pradesh,2025-12,01.1.7.2.1.03,112.91,N
Andhra Pradesh,2025-12,01.1.7.4.1.01,72.26,N
Andhra Pradesh,2025-12,01.1.7.5.1.01,85.93,N
Andhra Pradesh,2025-12,01.1.7.6.1.01,71.97,N
Andhra Pradesh,2025-12,01.1.7.6.1.02,94.96,N
Andhra Pradesh,2025-12,01.1.7.6.1.05,93.37,N
Andhra Pradesh,2025-12,01.1.8.1.1.01,106.55,N
Andhra Pradesh,2025-12,01.1.8.1.1.02,103.52,N
Andhra Pradesh,2025-11,01.1.1.1.1.01,94.3,N
Andhra Pradesh,2025-11,01.1.1.2.1.01,103.71,N
Andhra Pradesh,2025-11,01.1.4.8.1.01,104.74,N
Andhra Pradesh,2025-11,01.1.6.1.1.01,109.36,N
Andhra Pradesh,2025-11,01.1.7.2.1.01,117.7,N
Andhra Pradesh,2025-11,01.1.7.2.1.03,143.86,N
Andhra Pradesh,2025-11,01.1.7.4.1.01,71.44,N
Andhra Pradesh,2025-11,01.1.7.5.1.01,90.12,N
Andhra Pradesh,2025-11,01.1.7.6.1.01,71.39,N
Andhra Pradesh,2025-11,01.1.7.6.1.02,95.25,N
Andhra Pradesh,2025-11,01.1.7.6.1.05,93.02,N
Andhra Pradesh,2025-11,01.1.8.1.1.01,106.68,N
Andhra Pradesh,2025-11,01.1.8.1.1.02,103.32,N
Andhra Pradesh,2025-10,01.1.1.1.1.01,94.31,N
Andhra Pradesh,2025-10,01.1.1.2.1.01,103.28,N
Andhra Pradesh,2025-10,01.1.4.8.1.01,100.4,N
Andhra Pradesh,2025-10,01.1.6.1.1.01,109.21,N
Andhra Pradesh,2025-10,01.1.7.2.1.01,85.68,N
Andhra Pradesh,2025-10,01.1.7.2.1.03,113.85,N
Andhra Pradesh,2025-10,01.1.7.4.1.01,63.91,N
Andhra Pradesh,2025-10,01.1.7.5.1.01,85.2,N
Andhra Pradesh,2025-10,01.1.7.6.1.01,71.08,N
Andhra Pradesh,2025-10,01.1.7.6.1.02,94.95,N
Andhra Pradesh,2025-10,01.1.7.6.1.05,93.28,N
Andhra Pradesh,2025-10,01.1.8.1.1.01,106.63,N
Andhra Pradesh,2025-10,01.1.8.1.1.02,102.9,N
Andhra Pradesh,2025-09,01.1.1.1.1.01,94.54,N
Andhra Pradesh,2025-09,01.1.1.2.1.01,104.12,N
Andhra Pradesh,2025-09,01.1.4.8.1.01,99.51,N
Andhra Pradesh,2025-09,01.1.6.1.1.01,108.5,N
Andhra Pradesh,2025-09,01.1.7.2.1.01,88.74,N
Andhra Pradesh,2025-09,01.1.7.2.1.03,104.94,N
Andhra Pradesh,2025-09,01.1.7.4.1.01,68.68,N
Andhra Pradesh,2025-09,01.1.7.5.1.01,83.94,N
Andhra Pradesh,2025-09,01.1.7.6.1.01,72.55,N
Andhra Pradesh,2025-09,01.1.7.6.1.02,95.38,N
Andhra Pradesh,2025-09,01.1.7.6.1.05,95.05,N
Andhra Pradesh,2025-09,01.1.8.1.1.01,106.92,N
Andhra Pradesh,2025-09,01.1.8.1.1.02,103.8,N
Andhra Pradesh,2025-08,01.1.1.1.1.01,94.54,N
Andhra Pradesh,2025-08,01.1.1.2.1.01,103.62,N
Andhra Pradesh,2025-08,01.1.4.8.1.01,98.53,N
Andhra Pradesh,2025-08,01.1.6.1.1.01,108.86,N
Andhra Pradesh,2025-08,01.1.7.2.1.01,135.56,N
Andhra Pradesh,2025-08,01.1.7.2.1.03,99.23,N
Andhra Pradesh,2025-08,01.1.7.4.1.01,74.07,N
Andhra Pradesh,2025-08,01.1.7.5.1.01,89.44,N
Andhra Pradesh,2025-08,01.1.7.6.1.01,73.28,N
Andhra Pradesh,2025-08,01.1.7.6.1.02,95.84,N
Andhra Pradesh,2025-08,01.1.7.6.1.05,96.4,N
Andhra Pradesh,2025-08,01.1.8.1.1.01,106.54,N
Andhra Pradesh,2025-08,01.1.8.1.1.02,103.79,N
Andhra Pradesh,2025-07,01.1.1.1.1.01,94.59,N
Andhra Pradesh,2025-07,01.1.1.2.1.01,104.11,N
Andhra Pradesh,2025-07,01.1.4.8.1.01,101.68,N
Andhra Pradesh,2025-07,01.1.6.1.1.01,110.23,N
Andhra Pradesh,2025-07,01.1.7.2.1.01,106.11,N
Andhra Pradesh,2025-07,01.1.7.2.1.03,104.75,N
Andhra Pradesh,2025-07,01.1.7.4.1.01,75.3,N
Andhra Pradesh,2025-07,01.1.7.5.1.01,88.1,N
Andhra Pradesh,2025-07,01.1.7.6.1.01,74.25,N
Andhra Pradesh,2025-07,01.1.7.6.1.02,95.64,N
Andhra Pradesh,2025-07,01.1.7.6.1.05,94.84,N
Andhra Pradesh,2025-07,01.1.8.1.1.01,105.66,N
Andhra Pradesh,2025-07,01.1.8.1.1.02,103.25,N
Andhra Pradesh,2025-06,01.1.1.1.1.01,95.46,N
Andhra Pradesh,2025-06,01.1.1.2.1.01,104.71,N
Andhra Pradesh,2025-06,01.1.4.8.1.01,97.86,N
Andhra Pradesh,2025-06,01.1.6.1.1.01,107.6,N
Andhra Pradesh,2025-06,01.1.7.2.1.01,75.13,N
Andhra Pradesh,2025-06,01.1.7.2.1.03,93.67,N
Andhra Pradesh,2025-06,01.1.7.4.1.01,70.47,N
Andhra Pradesh,2025-06,01.1.7.5.1.01,84.94,N
Andhra Pradesh,2025-06,01.1.7.6.1.01,76.32,N
Andhra Pradesh,2025-06,01.1.7.6.1.02,97.18,N
Andhra Pradesh,2025-06,01.1.7.6.1.05,96.23,N
Andhra Pradesh,2025-06,01.1.8.1.1.01,105.42,N
Andhra Pradesh,2025-06,01.1.8.1.1.02,103.02,N
Andhra Pradesh,2025-05,01.1.1.1.1.01,95.45,N
Andhra Pradesh,2025-05,01.1.1.2.1.01,104.16,N
Andhra Pradesh,2025-05,01.1.4.8.1.01,94.25,N
Andhra Pradesh,2025-05,01.1.6.1.1.01,107.85,N
Andhra Pradesh,2025-05,01.1.7.2.1.01,56.48,N
Andhra Pradesh,2025-05,01.1.7.2.1.03,86.62,N
Andhra Pradesh,2025-05,01.1.7.4.1.01,65.4,N
Andhra Pradesh,2025-05,01.1.7.5.1.01,85.47,N
Andhra Pradesh,2025-05,01.1.7.6.1.01,78.38,N
Andhra Pradesh,2025-05,01.1.7.6.1.02,96.74,N
Andhra Pradesh,2025-05,01.1.7.6.1.05,96.94,N
Andhra Pradesh,2025-05,01.1.8.1.1.01,105.5,N
Andhra Pradesh,2025-05,01.1.8.1.1.02,102.27,N
Andhra Pradesh,2025-04,01.1.1.1.1.01,96.4,N
Andhra Pradesh,2025-04,01.1.1.2.1.01,104.56,N
Andhra Pradesh,2025-04,01.1.4.8.1.01,91.49,N
Andhra Pradesh,2025-04,01.1.6.1.1.01,105.7,N
Andhra Pradesh,2025-04,01.1.7.2.1.01,57.29,N
Andhra Pradesh,2025-04,01.1.7.2.1.03,78.1,N
Andhra Pradesh,2025-04,01.1.7.4.1.01,74.59,N
Andhra Pradesh,2025-04,01.1.7.5.1.01,83.53,N
Andhra Pradesh,2025-04,01.1.7.6.1.01,81.23,N
Andhra Pradesh,2025-04,01.1.7.6.1.02,97.67,N
Andhra Pradesh,2025-04,01.1.7.6.1.05,98.8,N
Andhra Pradesh,2025-04,01.1.8.1.1.01,104.95,N
Andhra Pradesh,2025-04,01.1.8.1.1.02,102.88,N
Andhra Pradesh,2025-03,01.1.1.1.1.01,97.92,N
Andhra Pradesh,2025-03,01.1.1.2.1.01,103.63,N
Andhra Pradesh,2025-03,01.1.4.8.1.01,91.22,N
Andhra Pradesh,2025-03,01.1.6.1.1.01,103.57,N
Andhra Pradesh,2025-03,01.1.7.2.1.01,50.11,N
Andhra Pradesh,2025-03,01.1.7.2.1.03,86.66,N
Andhra Pradesh,2025-03,01.1.7.4.1.01,94.0,N
Andhra Pradesh,2025-03,01.1.7.5.1.01,88.03,N
Andhra Pradesh,2025-03,01.1.7.6.1.01,84.96,N
Andhra Pradesh,2025-03,01.1.7.6.1.02,97.29,N
Andhra Pradesh,2025-03,01.1.7.6.1.05,101.41,N
Andhra Pradesh,2025-03,01.1.8.1.1.01,103.56,N
Andhra Pradesh,2025-03,01.1.8.1.1.02,102.47,N
Andhra Pradesh,2025-02,01.1.1.1.1.01,98.28,N
Andhra Pradesh,2025-02,01.1.1.2.1.01,103.15,N
Andhra Pradesh,2025-02,01.1.4.8.1.01,95.92,N
Andhra Pradesh,2025-02,01.1.6.1.1.01,100.37,N
Andhra Pradesh,2025-02,01.1.7.2.1.01,48.45,N
Andhra Pradesh,2025-02,01.1.7.2.1.03,79.9,N
Andhra Pradesh,2025-02,01.1.7.4.1.01,102.12,N
Andhra Pradesh,2025-02,01.1.7.5.1.01,89.53,N
Andhra Pradesh,2025-02,01.1.7.6.1.01,88.64,N
Andhra Pradesh,2025-02,01.1.7.6.1.02,97.35,N
Andhra Pradesh,2025-02,01.1.7.6.1.05,103.53,N
Andhra Pradesh,2025-02,01.1.8.1.1.01,102.63,N
Andhra Pradesh,2025-02,01.1.8.1.1.02,101.37,N
Andhra Pradesh,2025-01,01.1.1.1.1.01,98.59,N
Andhra Pradesh,2025-01,01.1.1.2.1.01,102.19,N
Andhra Pradesh,2025-01,01.1.4.8.1.01,102.55,N
Andhra Pradesh,2025-01,01.1.6.1.1.01,96.07,N
Andhra Pradesh,2025-01,01.1.7.2.1.01,57.51,N
Andhra Pradesh,2025-01,01.1.7.2.1.03,106.67,N
Andhra Pradesh,2025-01,01.1.7.4.1.01,112.15,N
Andhra Pradesh,2025-01,01.1.7.5.1.01,100.33,N
Andhra Pradesh,2025-01,01.1.7.6.1.01,97.23,N
Andhra Pradesh,2025-01,01.1.7.6.1.02,98.28,N
Andhra Pradesh,2025-01,01.1.7.6.1.05,107.26,N
Andhra Pradesh,2025-01,01.1.8.1.1.01,100.27,N
Andhra Pradesh,2025-01,01.1.8.1.1.02,101.17,N
Arunachal Pradesh,2025-12,01.1.1.1.1.01,104.08,N
Arunachal Pradesh,2025-12,01.1.1.2.1.01,105.11,N
Arunachal Pradesh,2025-12,01.1.4.8.1.01,97.77,N
Arunachal Pradesh,2025-12,01.1.6.1.1.01,99.9,N
Arunachal Pradesh,2025-12,01.1.7.2.1.01,107.22,N
Arunachal Pradesh,2025-12,01.1.7.2.1.03,117.29,N
Arunachal Pradesh,2025-12,01.1.7.4.1.01,72.59,N
Arunachal Pradesh,2025-12,01.1.7.5.1.01,76.52,N
Arunachal Pradesh,2025-12,01.1.7.6.1.01,99.91,N
Arunachal Pradesh,2025-12,01.1.7.6.1.02,99.18,N
Arunachal Pradesh,2025-12,01.1.7.6.1.05,103.97,N
Arunachal Pradesh,2025-12,01.1.8.1.1.01,109.79,N
Arunachal Pradesh,2025-12,01.1.8.1.1.02,106.91,N
Arunachal Pradesh,2025-11,01.1.1.1.1.01,104.08,N
Arunachal Pradesh,2025-11,01.1.1.2.1.01,104.7,N
Arunachal Pradesh,2025-11,01.1.4.8.1.01,93.83,N
Arunachal Pradesh,2025-11,01.1.6.1.1.01,98.77,N
Arunachal Pradesh,2025-11,01.1.7.2.1.01,110.15,N
Arunachal Pradesh,2025-11,01.1.7.2.1.03,111.95,N
Arunachal Pradesh,2025-11,01.1.7.4.1.01,73.75,N
Arunachal Pradesh,2025-11,01.1.7.5.1.01,80.03,N
Arunachal Pradesh,2025-11,01.1.7.6.1.01,99.91,N
Arunachal Pradesh,2025-11,01.1.7.6.1.02,100.13,N
Arunachal Pradesh,2025-11,01.1.7.6.1.05,106.71,N
Arunachal Pradesh,2025-11,01.1.8.1.1.01,109.79,N
Arunachal Pradesh,2025-11,01.1.8.1.1.02,106.79,N
Arunachal Pradesh,2025-10,01.1.1.1.1.01,104.08,N
Arunachal Pradesh,2025-10,01.1.1.2.1.01,104.7,N
Arunachal Pradesh,2025-10,01.1.4.8.1.01,90.98,N
Arunachal Pradesh,2025-10,01.1.6.1.1.01,97.64,N
Arunachal Pradesh,2025-10,01.1.7.2.1.01,96.58,N
Arunachal Pradesh,2025-10,01.1.7.2.1.03,109.51,N
Arunachal Pradesh,2025-10,01.1.7.4.1.01,76.63,N
Arunachal Pradesh,2025-10,01.1.7.5.1.01,76.74,N
Arunachal Pradesh,2025-10,01.1.7.6.1.01,101.65,N
Arunachal Pradesh,2025-10,01.1.7.6.1.02,100.81,N
Arunachal Pradesh,2025-10,01.1.7.6.1.05,106.71,N
Arunachal Pradesh,2025-10,01.1.8.1.1.01,107.78,N
Arunachal Pradesh,2025-10,01.1.8.1.1.02,107.59,N
Arunachal Pradesh,2025-09,01.1.1.1.1.01,104.63,N
Arunachal Pradesh,2025-09,01.1.1.2.1.01,106.53,N
Arunachal Pradesh,2025-09,01.1.4.8.1.01,91.75,N
Arunachal Pradesh,2025-09,01.1.6.1.1.01,100.91,N
Arunachal Pradesh,2025-09,01.1.7.2.1.01,97.82,N
Arunachal Pradesh,2025-09,01.1.7.2.1.03,105.22,N
Arunachal Pradesh,2025-09,01.1.7.4.1.01,78.22,N
Arunachal Pradesh,2025-09,01.1.7.5.1.01,79.87,N
Arunachal Pradesh,2025-09,01.1.7.6.1.01,104.59,N
Arunachal Pradesh,2025-09,01.1.7.6.1.02,100.94,N
Arunachal Pradesh,2025-09,01.1.7.6.1.05,108.85,N
Arunachal Pradesh,2025-09,01.1.8.1.1.01,110.54,N
Arunachal Pradesh,2025-09,01.1.8.1.1.02,107.42,N
Arunachal Pradesh,2025-08,01.1.1.1.1.01,103.79,N
Arunachal Pradesh,2025-08,01.1.1.2.1.01,106.05,N
Arunachal Pradesh,2025-08,01.1.4.8.1.01,91.75,N
Arunachal Pradesh,2025-08,01.1.6.1.1.01,101.97,N
Arunachal Pradesh,2025-08,01.1.7.2.1.01,92.96,N
Arunachal Pradesh,2025-08,01.1.7.2.1.03,106.32,N
Arunachal Pradesh,2025-08,01.1.7.4.1.01,77.37,N
Arunachal Pradesh,2025-08,01.1.7.5.1.01,81.36,N
Arunachal Pradesh,2025-08,01.1.7.6.1.01,106.51,N
Arunachal Pradesh,2025-08,01.1.7.6.1.02,102.82,N
Arunachal Pradesh,2025-08,01.1.7.6.1.05,109.31,N
Arunachal Pradesh,2025-08,01.1.8.1.1.01,111.23,N
Arunachal Pradesh,2025-08,01.1.8.1.1.02,107.25,N
Arunachal Pradesh,2025-07,01.1.1.1.1.01,103.6,N
Arunachal Pradesh,2025-07,01.1.1.2.1.01,106.05,N
Arunachal Pradesh,2025-07,01.1.4.8.1.01,94.58,N
Arunachal Pradesh,2025-07,01.1.6.1.1.01,102.49,N
Arunachal Pradesh,2025-07,01.1.7.2.1.01,86.67,N
Arunachal Pradesh,2025-07,01.1.7.2.1.03,94.53,N
Arunachal Pradesh,2025-07,01.1.7.4.1.01,77.94,N
Arunachal Pradesh,2025-07,01.1.7.5.1.01,80.47,N
Arunachal Pradesh,2025-07,01.1.7.6.1.01,106.02,N
Arunachal Pradesh,2025-07,01.1.7.6.1.02,102.59,N
Arunachal Pradesh,2025-07,01.1.7.6.1.05,109.25,N
Arunachal Pradesh,2025-07,01.1.8.1.1.01,111.4,N
Arunachal Pradesh,2025-07,01.1.8.1.1.02,107.25,N
Arunachal Pradesh,2025-06,01.1.1.1.1.01,103.89,N
Arunachal Pradesh,2025-06,01.1.1.2.1.01,105.97,N
Arunachal Pradesh,2025-06,01.1.4.8.1.01,95.53,N
Arunachal Pradesh,2025-06,01.1.6.1.1.01,106.71,N
Arunachal Pradesh,2025-06,01.1.7.2.1.01,84.2,N
Arunachal Pradesh,2025-06,01.1.7.2.1.03,88.28,N
Arunachal Pradesh,2025-06,01.1.7.4.1.01,82.89,N
Arunachal Pradesh,2025-06,01.1.7.5.1.01,81.69,N
Arunachal Pradesh,2025-06,01.1.7.6.1.01,109.15,N
Arunachal Pradesh,2025-06,01.1.7.6.1.02,102.19,N
Arunachal Pradesh,2025-06,01.1.7.6.1.05,109.31,N
Arunachal Pradesh,2025-06,01.1.8.1.1.01,108.11,N
Arunachal Pradesh,2025-06,01.1.8.1.1.02,107.25,N
Arunachal Pradesh,2025-05,01.1.1.1.1.01,104.15,N
Arunachal Pradesh,2025-05,01.1.1.2.1.01,106.63,N
Arunachal Pradesh,2025-05,01.1.4.8.1.01,98.02,N
Arunachal Pradesh,2025-05,01.1.6.1.1.01,100.48,N
Arunachal Pradesh,2025-05,01.1.7.2.1.01,66.86,N
Arunachal Pradesh,2025-05,01.1.7.2.1.03,88.31,N
Arunachal Pradesh,2025-05,01.1.7.4.1.01,77.01,N
Arunachal Pradesh,2025-05,01.1.7.5.1.01,80.44,N
Arunachal Pradesh,2025-05,01.1.7.6.1.01,109.66,N
Arunachal Pradesh,2025-05,01.1.7.6.1.02,103.29,N
Arunachal Pradesh,2025-05,01.1.7.6.1.05,110.74,N
Arunachal Pradesh,2025-05,01.1.8.1.1.01,108.11,N
Arunachal Pradesh,2025-05,01.1.8.1.1.02,107.25,N
Arunachal Pradesh,2025-04,01.1.1.1.1.01,103.75,N
Arunachal Pradesh,2025-04,01.1.1.2.1.01,104.5,N
Arunachal Pradesh,2025-04,01.1.4.8.1.01,99.55,N
Arunachal Pradesh,2025-04,01.1.6.1.1.01,94.93,N
Arunachal Pradesh,2025-04,01.1.7.2.1.01,66.73,N
Arunachal Pradesh,2025-04,01.1.7.2.1.03,82.88,N
Arunachal Pradesh,2025-04,01.1.7.4.1.01,85.57,N
Arunachal Pradesh,2025-04,01.1.7.5.1.01,78.9,N
Arunachal Pradesh,2025-04,01.1.7.6.1.01,108.65,N
Arunachal Pradesh,2025-04,01.1.7.6.1.02,103.29,N
Arunachal Pradesh,2025-04,01.1.7.6.1.05,108.57,N
Arunachal Pradesh,2025-04,01.1.8.1.1.01,106.32,N
Arunachal Pradesh,2025-04,01.1.8.1.1.02,106.12,N
Arunachal Pradesh,2025-03,01.1.1.1.1.01,103.15,N
Arunachal Pradesh,2025-03,01.1.1.2.1.01,103.57,N
Arunachal Pradesh,2025-03,01.1.4.8.1.01,97.78,N
Arunachal Pradesh,2025-03,01.1.6.1.1.01,92.79,N
Arunachal Pradesh,2025-03,01.1.7.2.1.01,77.93,N
Arunachal Pradesh,2025-03,01.1.7.2.1.03,83.27,N
Arunachal Pradesh,2025-03,01.1.7.4.1.01,97.59,N
Arunachal Pradesh,2025-03,01.1.7.5.1.01,87.46,N
Arunachal Pradesh,2025-03,01.1.7.6.1.01,107.09,N
Arunachal Pradesh,2025-03,01.1.7.6.1.02,102.7,N
Arunachal Pradesh,2025-03,01.1.7.6.1.05,107.16,N
Arunachal Pradesh,2025-03,01.1.8.1.1.01,105.66,N
Arunachal Pradesh,2025-03,01.1.8.1.1.02,106.12,N
Arunachal Pradesh,2025-02,01.1.1.1.1.01,103.1,N
Arunachal Pradesh,2025-02,01.1.1.2.1.01,103.57,N
Arunachal Pradesh,2025-02,01.1.4.8.1.01,97.78,N
Arunachal Pradesh,2025-02,01.1.6.1.1.01,92.17,N
Arunachal Pradesh,2025-02,01.1.7.2.1.01,86.15,N
Arunachal Pradesh,2025-02,01.1.7.2.1.03,84.43,N
Arunachal Pradesh,2025-02,01.1.7.4.1.01,100.17,N
Arunachal Pradesh,2025-02,01.1.7.5.1.01,96.76,N
Arunachal Pradesh,2025-02,01.1.7.6.1.01,108.97,N
Arunachal Pradesh,2025-02,01.1.7.6.1.02,103.34,N
Arunachal Pradesh,2025-02,01.1.7.6.1.05,108.63,N
Arunachal Pradesh,2025-02,01.1.8.1.1.01,106.48,N
Arunachal Pradesh,2025-02,01.1.8.1.1.02,106.12,N
Arunachal Pradesh,2025-01,01.1.1.1.1.01,103.03,N
Arunachal Pradesh,2025-01,01.1.1.2.1.01,102.25,N
Arunachal Pradesh,2025-01,01.1.4.8.1.01,97.68,N
Arunachal Pradesh,2025-01,01.1.6.1.1.01,92.55,N
Arunachal Pradesh,2025-01,01.1.7.2.1.01,101.25,N
Arunachal Pradesh,2025-01,01.1.7.2.1.03,94.36,N
Arunachal Pradesh,2025-01,01.1.7.4.1.01,114.71,N
Arunachal Pradesh,2025-01,01.1.7.5.1.01,111.35,N
Arunachal Pradesh,2025-01,01.1.7.6.1.01,108.91,N
Arunachal Pradesh,2025-01,01.1.7.6.1.02,103.34,N
Arunachal Pradesh,2025-01,01.1.7.6.1.05,107.96,N
Arunachal Pradesh,2025-01,01.1.8.1.1.01,107.84,N
Arunachal Pradesh,2025-01,01.1.8.1.1.02,107.09,N
Assam,2025-12,01.1.1.1.1.01,100.5,N
Assam,2025-12,01.1.1.2.1.01,108.51,N
Assam,2025-12,01.1.4.8.1.01,108.64,N
Assam,2025-12,01.1.6.1.1.01,117.99,N
Assam,2025-12,01.1.7.2.1.01,126.1,N
Assam,2025-12,01.1.7.2.1.03,107.04,N
Assam,2025-12,01.1.7.4.1.01,78.12,N
Assam,2025-12,01.1.7.5.1.01,79.01,N
Assam,2025-12,01.1.7.6.1.01,86.34,N
Assam,2025-12,01.1.7.6.1.02,94.26,N
Assam,2025-12,01.1.7.6.1.05,108.24,N
Assam,2025-12,01.1.8.1.1.01,102.61,N
Assam,2025-12,01.1.8.1.1.02,101.78,N
Assam,2025-11,01.1.1.1.1.01,101.08,N
Assam,2025-11,01.1.1.2.1.01,108.98,N
Assam,2025-11,01.1.4.8.1.01,104.53,N
Assam,2025-11,01.1.6.1.1.01,121.34,N
Assam,2025-11,01.1.7.2.1.01,132.18,N
Assam,2025-11,01.1.7.2.1.03,113.81,N
Assam,2025-11,01.1.7.4.1.01,73.94,N
Assam,2025-11,01.1.7.5.1.01,77.17,N
Assam,2025-11,01.1.7.6.1.01,88.09,N
Assam,2025-11,01.1.7.6.1.02,93.8,N
Assam,2025-11,01.1.7.6.1.05,108.86,N
Assam,2025-11,01.1.8.1.1.01,103.11,N
Assam,2025-11,01.1.8.1.1.02,102.54,N
Assam,2025-10,01.1.1.1.1.01,101.67,N
Assam,2025-10,01.1.1.2.1.01,108.57,N
Assam,2025-10,01.1.4.8.1.01,102.09,N
Assam,2025-10,01.1.6.1.1.01,112.0,N
Assam,2025-10,01.1.7.2.1.01,109.0,N
Assam,2025-10,01.1.7.2.1.03,113.6,N
Assam,2025-10,01.1.7.4.1.01,73.01,N
Assam,2025-10,01.1.7.5.1.01,73.71,N
Assam,2025-10,01.1.7.6.1.01,90.21,N
Assam,2025-10,01.1.7.6.1.02,95.82,N
Assam,2025-10,01.1.7.6.1.05,109.07,N
Assam,2025-10,01.1.8.1.1.01,102.45,N
Assam,2025-10,01.1.8.1.1.02,104.8,N
Assam,2025-09,01.1.1.1.1.01,102.37,N
Assam,2025-09,01.1.1.2.1.01,111.07,N
Assam,2025-09,01.1.4.8.1.01,101.44,N
Assam,2025-09,01.1.6.1.1.01,109.59,N
Assam,2025-09,01.1.7.2.1.01,112.22,N
Assam,2025-09,01.1.7.2.1.03,96.08,N
Assam,2025-09,01.1.7.4.1.01,79.37,N
Assam,2025-09,01.1.7.5.1.01,75.38,N
Assam,2025-09,01.1.7.6.1.01,94.05,N
Assam,2025-09,01.1.7.6.1.02,97.7,N
Assam,2025-09,01.1.7.6.1.05,111.4,N
Assam,2025-09,01.1.8.1.1.01,102.11,N
Assam,2025-09,01.1.8.1.1.02,103.03,N
Assam,2025-08,01.1.1.1.1.01,102.23,N
Assam,2025-08,01.1.1.2.1.01,109.85,N
Assam,2025-08,01.1.4.8.1.01,99.44,N
Assam,2025-08,01.1.6.1.1.01,109.81,N
Assam,2025-08,01.1.7.2.1.01,103.74,N
Assam,2025-08,01.1.7.2.1.03,91.55,N
Assam,2025-08,01.1.7.4.1.01,75.51,N
Assam,2025-08,01.1.7.5.1.01,75.72,N
Assam,2025-08,01.1.7.6.1.01,93.15,N
Assam,2025-08,01.1.7.6.1.02,98.46,N
Assam,2025-08,01.1.7.6.1.05,110.94,N
Assam,2025-08,01.1.8.1.1.01,101.87,N
Assam,2025-08,01.1.8.1.1.02,102.74,N
Assam,2025-07,01.1.1.1.1.01,101.67,N
Assam,2025-07,01.1.1.2.1.01,109.81,N
Assam,2025-07,01.1.4.8.1.01,98.67,N
Assam,2025-07,01.1.6.1.1.01,108.65,N
Assam,2025-07,01.1.7.2.1.01,94.77,N
Assam,2025-07,01.1.7.2.1.03,87.8,N
Assam,2025-07,01.1.7.4.1.01,77.21,N
Assam,2025-07,01.1.7.5.1.01,75.12,N
Assam,2025-07,01.1.7.6.1.01,93.32,N
Assam,2025-07,01.1.7.6.1.02,99.31,N
Assam,2025-07,01.1.7.6.1.05,111.07,N
Assam,2025-07,01.1.8.1.1.01,101.22,N
Assam,2025-07,01.1.8.1.1.02,100.31,N
Assam,2025-06,01.1.1.1.1.01,102.12,N
Assam,2025-06,01.1.1.2.1.01,108.62,N
Assam,2025-06,01.1.4.8.1.01,98.9,N
Assam,2025-06,01.1.6.1.1.01,104.05,N
Assam,2025-06,01.1.7.2.1.01,96.01,N
Assam,2025-06,01.1.7.2.1.03,99.67,N
Assam,2025-06,01.1.7.4.1.01,73.6,N
Assam,2025-06,01.1.7.5.1.01,80.9,N
Assam,2025-06,01.1.7.6.1.01,94.28,N
Assam,2025-06,01.1.7.6.1.02,99.41,N
Assam,2025-06,01.1.7.6.1.05,110.09,N
Assam,2025-06,01.1.8.1.1.01,100.87,N
Assam,2025-06,01.1.8.1.1.02,100.59,N
Assam,2025-05,01.1.1.1.1.01,102.03,N
Assam,2025-05,01.1.1.2.1.01,108.55,N
Assam,2025-05,01.1.4.8.1.01,96.66,N
Assam,2025-05,01.1.6.1.1.01,103.54,N
Assam,2025-05,01.1.7.2.1.01,80.35,N
Assam,2025-05,01.1.7.2.1.03,101.9,N
Assam,2025-05,01.1.7.4.1.01,72.23,N
Assam,2025-05,01.1.7.5.1.01,75.29,N
Assam,2025-05,01.1.7.6.1.01,97.05,N
Assam,2025-05,01.1.7.6.1.02,99.3,N
Assam,2025-05,01.1.7.6.1.05,108.88,N
Assam,2025-05,01.1.8.1.1.01,101.29,N
Assam,2025-05,01.1.8.1.1.02,100.25,N
Assam,2025-04,01.1.1.1.1.01,102.55,N
Assam,2025-04,01.1.1.2.1.01,107.18,N
Assam,2025-04,01.1.4.8.1.01,100.38,N
Assam,2025-04,01.1.6.1.1.01,103.67,N
Assam,2025-04,01.1.7.2.1.01,52.84,N
Assam,2025-04,01.1.7.2.1.03,82.52,N
Assam,2025-04,01.1.7.4.1.01,73.15,N
Assam,2025-04,01.1.7.5.1.01,68.15,N
Assam,2025-04,01.1.7.6.1.01,99.24,N
Assam,2025-04,01.1.7.6.1.02,98.5,N
Assam,2025-04,01.1.7.6.1.05,110.41,N
Assam,2025-04,01.1.8.1.1.01,101.45,N
Assam,2025-04,01.1.8.1.1.02,101.48,N
Assam,2025-03,01.1.1.1.1.01,103.59,N
Assam,2025-03,01.1.1.2.1.01,106.77,N
Assam,2025-03,01.1.4.8.1.01,102.62,N
Assam,2025-03,01.1.6.1.1.01,104.06,N
Assam,2025-03,01.1.7.2.1.01,52.05,N
Assam,2025-03,01.1.7.2.1.03,71.94,N
Assam,2025-03,01.1.7.4.1.01,83.27,N
Assam,2025-03,01.1.7.5.1.01,69.78,N
Assam,2025-03,01.1.7.6.1.01,99.26,N
Assam,2025-03,01.1.7.6.1.02,99.09,N
Assam,2025-03,01.1.7.6.1.05,108.76,N
Assam,2025-03,01.1.8.1.1.01,101.26,N
Assam,2025-03,01.1.8.1.1.02,101.49,N
Assam,2025-02,01.1.1.1.1.01,102.34,N
Assam,2025-02,01.1.1.2.1.01,104.84,N
Assam,2025-02,01.1.4.8.1.01,106.01,N
Assam,2025-02,01.1.6.1.1.01,102.33,N
Assam,2025-02,01.1.7.2.1.01,60.1,N
Assam,2025-02,01.1.7.2.1.03,64.73,N
Assam,2025-02,01.1.7.4.1.01,90.5,N
Assam,2025-02,01.1.7.5.1.01,72.07,N
Assam,2025-02,01.1.7.6.1.01,100.67,N
Assam,2025-02,01.1.7.6.1.02,98.73,N
Assam,2025-02,01.1.7.6.1.05,108.59,N
Assam,2025-02,01.1.8.1.1.01,101.45,N
Assam,2025-02,01.1.8.1.1.02,102.45,N
Assam,2025-01,01.1.1.1.1.01,103.76,N
Assam,2025-01,01.1.1.2.1.01,104.15,N
Assam,2025-01,01.1.4.8.1.01,106.99,N
Assam,2025-01,01.1.6.1.1.01,101.77,N
Assam,2025-01,01.1.7.2.1.01,90.67,N
Assam,2025-01,01.1.7.2.1.03,78.69,N
Assam,2025-01,01.1.7.4.1.01,99.2,N
Assam,2025-01,01.1.7.5.1.01,94.13,N
Assam,2025-01,01.1.7.6.1.01,102.27,N
Assam,2025-01,01.1.7.6.1.02,99.91,N
Assam,2025-01,01.1.7.6.1.05,110.07,N
Assam,2025-01,01.1.8.1.1.01,101.52,N
Assam,2025-01,01.1.8.1.1.02,102.9,N
Bihar,2025-12,01.1.1.1.1.01,107.12,N
Bihar,2025-12,01.1.1.2.1.01,101.31,N
Bihar,2025-12,01.1.4.8.1.01,106.81,N
Bihar,2025-12,01.1.6.1.1.01,94.0,N
Bihar,2025-12,01.1.7.2.1.01,134.31,N
Bihar,2025-12,01.1.7.2.1.03,124.26,N
Bihar,2025-12,01.1.7.4.1.01,60.62,N
Bihar,2025-12,01.1.7.5.1.01,69.06,N
Bihar,2025-12,01.1.7.6.1.01,73.69,N
Bihar,2025-12,01.1.7.6.1.02,94.55,N
Bihar,2025-12,01.1.7.6.1.05,94.41,N
Bihar,2025-12,01.1.8.1.1.01,104.13,N
Bihar,2025-12,01.1.8.1.1.02,109.44,N
Bihar,2025-11,01.1.1.1.1.01,107.02,N
Bihar,2025-11,01.1.1.2.1.01,101.17,N
Bihar,2025-11,01.1.4.8.1.01,103.89,N
Bihar,2025-11,01.1.6.1.1.01,100.47,N
Bihar,2025-11,01.1.7.2.1.01,129.3,N
Bihar,2025-11,01.1.7.2.1.03,126.71,N
Bihar,2025-11,01.1.7.4.1.01,60.66,N
Bihar,2025-11,01.1.7.5.1.01,76.52,N
Bihar,2025-11,01.1.7.6.1.01,73.9,N
Bihar,2025-11,01.1.7.6.1.02,95.98,N
Bihar,2025-11,01.1.7.6.1.05,95.41,N
Bihar,2025-11,01.1.8.1.1.01,104.29,N
Bihar,2025-11,01.1.8.1.1.02,111.38,N
Bihar,2025-10,01.1.1.1.1.01,106.57,N
Bihar,2025-10,01.1.1.2.1.01,100.35,N
Bihar,2025-10,01.1.4.8.1.01,98.38,N
Bihar,2025-10,01.1.6.1.1.01,104.72,N
Bihar,2025-10,01.1.7.2.1.01,112.03,N
Bihar,2025-10,01.1.7.2.1.03,124.32,N
Bihar,2025-10,01.1.7.4.1.01,61.56,N
Bihar,2025-10,01.1.7.5.1.01,77.03,N
Bihar,2025-10,01.1.7.6.1.01,74.81,N
Bihar,2025-10,01.1.7.6.1.02,94.97,N
Bihar,2025-10,01.1.7.6.1.05,94.91,N
Bihar,2025-10,01.1.8.1.1.01,103.57,N
Bihar,2025-10,01.1.8.1.1.02,108.84,N
Bihar,2025-09,01.1.1.1.1.01,106.73,N
Bihar,2025-09,01.1.1.2.1.01,101.2,N
Bihar,2025-09,01.1.4.8.1.01,98.38,N
Bihar,2025-09,01.1.6.1.1.01,106.39,N
Bihar,2025-09,01.1.7.2.1.01,125.22,N
Bihar,2025-09,01.1.7.2.1.03,105.13,N
Bihar,2025-09,01.1.7.4.1.01,63.77,N
Bihar,2025-09,01.1.7.5.1.01,75.4,N
Bihar,2025-09,01.1.7.6.1.01,77.41,N
Bihar,2025-09,01.1.7.6.1.02,96.56,N
Bihar,2025-09,01.1.7.6.1.05,97.04,N
Bihar,2025-09,01.1.8.1.1.01,103.92,N
Bihar,2025-09,01.1.8.1.1.02,108.68,N
Bihar,2025-08,01.1.1.1.1.01,106.65,N
Bihar,2025-08,01.1.1.2.1.01,101.44,N
Bihar,2025-08,01.1.4.8.1.01,98.39,N
Bihar,2025-08,01.1.6.1.1.01,108.37,N
Bihar,2025-08,01.1.7.2.1.01,157.2,N
Bihar,2025-08,01.1.7.2.1.03,128.6,N
Bihar,2025-08,01.1.7.4.1.01,66.13,N
Bihar,2025-08,01.1.7.5.1.01,77.59,N
Bihar,2025-08,01.1.7.6.1.01,77.31,N
Bihar,2025-08,01.1.7.6.1.02,95.46,N
Bihar,2025-08,01.1.7.6.1.05,95.47,N
Bihar,2025-08,01.1.8.1.1.01,103.01,N
Bihar,2025-08,01.1.8.1.1.02,107.22,N
Bihar,2025-07,01.1.1.1.1.01,105.88,N
Bihar,2025-07,01.1.1.2.1.01,105.95,N
Bihar,2025-07,01.1.4.8.1.01,97.37,N
Bihar,2025-07,01.1.6.1.1.01,109.97,N
Bihar,2025-07,01.1.7.2.1.01,123.19,N
Bihar,2025-07,01.1.7.2.1.03,106.98,N
Bihar,2025-07,01.1.7.4.1.01,64.8,N
Bihar,2025-07,01.1.7.5.1.01,77.44,N
Bihar,2025-07,01.1.7.6.1.01,78.86,N
Bihar,2025-07,01.1.7.6.1.02,96.58,N
Bihar,2025-07,01.1.7.6.1.05,94.61,N
Bihar,2025-07,01.1.8.1.1.01,104.13,N
Bihar,2025-07,01.1.8.1.1.02,105.27,N
Bihar,2025-06,01.1.1.1.1.01,104.89,N
Bihar,2025-06,01.1.1.2.1.01,106.13,N
Bihar,2025-06,01.1.4.8.1.01,98.71,N
Bihar,2025-06,01.1.6.1.1.01,109.28,N
Bihar,2025-06,01.1.7.2.1.01,83.68,N
Bihar,2025-06,01.1.7.2.1.03,86.55,N
Bihar,2025-06,01.1.7.4.1.01,59.01,N
Bihar,2025-06,01.1.7.5.1.01,73.89,N
Bihar,2025-06,01.1.7.6.1.01,79.67,N
Bihar,2025-06,01.1.7.6.1.02,96.06,N
Bihar,2025-06,01.1.7.6.1.05,94.85,N
Bihar,2025-06,01.1.8.1.1.01,103.82,N
Bihar,2025-06,01.1.8.1.1.02,104.38,N
Bihar,2025-05,01.1.1.1.1.01,105.5,N
Bihar,2025-05,01.1.1.2.1.01,106.01,N
Bihar,2025-05,01.1.4.8.1.01,96.55,N
Bihar,2025-05,01.1.6.1.1.01,107.02,N
Bihar,2025-05,01.1.7.2.1.01,51.1,N
Bihar,2025-05,01.1.7.2.1.03,81.1,N
Bihar,2025-05,01.1.7.4.1.01,59.02,N
Bihar,2025-05,01.1.7.5.1.01,71.0,N
Bihar,2025-05,01.1.7.6.1.01,81.93,N
Bihar,2025-05,01.1.7.6.1.02,96.97,N
Bihar,2025-05,01.1.7.6.1.05,95.76,N
Bihar,2025-05,01.1.8.1.1.01,103.27,N
Bihar,2025-05,01.1.8.1.1.02,102.51,N
Bihar,2025-04,01.1.1.1.1.01,104.94,N
Bihar,2025-04,01.1.1.2.1.01,106.9,N
Bihar,2025-04,01.1.4.8.1.01,99.41,N
Bihar,2025-04,01.1.6.1.1.01,108.27,N
Bihar,2025-04,01.1.7.2.1.01,39.86,N
Bihar,2025-04,01.1.7.2.1.03,70.96,N
Bihar,2025-04,01.1.7.4.1.01,69.15,N
Bihar,2025-04,01.1.7.5.1.01,67.25,N
Bihar,2025-04,01.1.7.6.1.01,84.72,N
Bihar,2025-04,01.1.7.6.1.02,97.41,N
Bihar,2025-04,01.1.7.6.1.05,98.0,N
Bihar,2025-04,01.1.8.1.1.01,102.89,N
Bihar,2025-04,01.1.8.1.1.02,100.19,N
Bihar,2025-03,01.1.1.1.1.01,103.66,N
Bihar,2025-03,01.1.1.2.1.01,106.18,N
Bihar,2025-03,01.1.4.8.1.01,102.35,N
Bihar,2025-03,01.1.6.1.1.01,103.0,N
Bihar,2025-03,01.1.7.2.1.01,42.62,N
Bihar,2025-03,01.1.7.2.1.03,67.14,N
Bihar,2025-03,01.1.7.4.1.01,85.31,N
Bihar,2025-03,01.1.7.5.1.01,66.77,N
Bihar,2025-03,01.1.7.6.1.01,88.45,N
Bihar,2025-03,01.1.7.6.1.02,97.06,N
Bihar,2025-03,01.1.7.6.1.05,102.06,N
Bihar,2025-03,01.1.8.1.1.01,101.93,N
Bihar,2025-03,01.1.8.1.1.02,99.7,N
Bihar,2025-02,01.1.1.1.1.01,103.66,N
Bihar,2025-02,01.1.1.2.1.01,106.07,N
Bihar,2025-02,01.1.4.8.1.01,104.21,N
Bihar,2025-02,01.1.6.1.1.01,95.29,N
Bihar,2025-02,01.1.7.2.1.01,49.15,N
Bihar,2025-02,01.1.7.2.1.03,57.43,N
Bihar,2025-02,01.1.7.4.1.01,90.52,N
Bihar,2025-02,01.1.7.5.1.01,73.53,N
Bihar,2025-02,01.1.7.6.1.01,94.07,N
Bihar,2025-02,01.1.7.6.1.02,97.65,N
Bihar,2025-02,01.1.7.6.1.05,107.49,N
Bihar,2025-02,01.1.8.1.1.01,100.92,N
Bihar,2025-02,01.1.8.1.1.02,101.6,N
Bihar,2025-01,01.1.1.1.1.01,103.62,N
Bihar,2025-01,01.1.1.2.1.01,105.52,N
Bihar,2025-01,01.1.4.8.1.01,108.43,N
Bihar,2025-01,01.1.6.1.1.01,92.32,N
Bihar,2025-01,01.1.7.2.1.01,64.23,N
Bihar,2025-01,01.1.7.2.1.03,70.26,N
Bihar,2025-01,01.1.7.4.1.01,90.95,N
Bihar,2025-01,01.1.7.5.1.01,94.2,N
Bihar,2025-01,01.1.7.6.1.01,98.22,N
Bihar,2025-01,01.1.7.6.1.02,99.31,N
Bihar,2025-01,01.1.7.6.1.05,108.87,N
Bihar,2025-01,01.1.8.1.1.01,99.41,N
Bihar,2025-01,01.1.8.1.1.02,100.7,N
Chandigarh,2025-12,01.1.1.1.1.01,100.48,N
Chandigarh,2025-12,01.1.1.2.1.01,113.01,N
Chandigarh,2025-12,01.1.4.8.1.01,116.79,N
Chandigarh,2025-12,01.1.6.1.1.01,104.11,N
Chandigarh,2025-12,01.1.7.2.1.01,123.68,N
Chandigarh,2025-12,01.1.7.2.1.03,111.19,N
Chandigarh,2025-12,01.1.7.4.1.01,81.13,N
Chandigarh,2025-12,01.1.7.5.1.01,101.89,N
Chandigarh,2025-12,01.1.7.6.1.01,75.87,N
Chandigarh,2025-12,01.1.7.6.1.02,100.42,N
Chandigarh,2025-12,01.1.7.6.1.05,91.49,N
Chandigarh,2025-12,01.1.8.1.1.01,106.84,N
Chandigarh,2025-12,01.1.8.1.1.02,111.9,N
Chandigarh,2025-11,01.1.1.1.1.01,100.69,N
Chandigarh,2025-11,01.1.1.2.1.01,112.22,N
Chandigarh,2025-11,01.1.4.8.1.01,103.65,N
Chandigarh,2025-11,01.1.6.1.1.01,106.31,N
Chandigarh,2025-11,01.1.7.2.1.01,111.78,N
Chandigarh,2025-11,01.1.7.2.1.03,106.72,N
Chandigarh,2025-11,01.1.7.4.1.01,78.94,N
Chandigarh,2025-11,01.1.7.5.1.01,100.69,N
Chandigarh,2025-11,01.1.7.6.1.01,74.86,N
Chandigarh,2025-11,01.1.7.6.1.02,98.99,N
Chandigarh,2025-11,01.1.7.6.1.05,92.31,N
Chandigarh,2025-11,01.1.8.1.1.01,106.43,N
Chandigarh,2025-11,01.1.8.1.1.02,111.16,N
Chandigarh,2025-10,01.1.1.1.1.01,100.75,N
Chandigarh,2025-10,01.1.1.2.1.01,110.91,N
Chandigarh,2025-10,01.1.4.8.1.01,100.56,N
Chandigarh,2025-10,01.1.6.1.1.01,109.38,N
Chandigarh,2025-10,01.1.7.2.1.01,101.37,N
Chandigarh,2025-10,01.1.7.2.1.03,114.2,N
Chandigarh,2025-10,01.1.7.4.1.01,78.0,N
Chandigarh,2025-10,01.1.7.5.1.01,104.05,N
Chandigarh,2025-10,01.1.7.6.1.01,73.63,N
Chandigarh,2025-10,01.1.7.6.1.02,98.63,N
Chandigarh,2025-10,01.1.7.6.1.05,92.43,N
Chandigarh,2025-10,01.1.8.1.1.01,106.46,N
Chandigarh,2025-10,01.1.8.1.1.02,109.93,N
Chandigarh,2025-09,01.1.1.1.1.01,100.97,N
Chandigarh,2025-09,01.1.1.2.1.01,111.16,N
Chandigarh,2025-09,01.1.4.8.1.01,96.04,N
Chandigarh,2025-09,01.1.6.1.1.01,110.62,N
Chandigarh,2025-09,01.1.7.2.1.01,128.82,N
Chandigarh,2025-09,01.1.7.2.1.03,118.83,N
Chandigarh,2025-09,01.1.7.4.1.01,81.52,N
Chandigarh,2025-09,01.1.7.5.1.01,107.78,N
Chandigarh,2025-09,01.1.7.6.1.01,76.84,N
Chandigarh,2025-09,01.1.7.6.1.02,100.0,N
Chandigarh,2025-09,01.1.7.6.1.05,93.81,N
Chandigarh,2025-09,01.1.8.1.1.01,105.11,N
Chandigarh,2025-09,01.1.8.1.1.02,109.63,N
Chandigarh,2025-08,01.1.1.1.1.01,100.32,N
Chandigarh,2025-08,01.1.1.2.1.01,111.16,N
Chandigarh,2025-08,01.1.4.8.1.01,95.02,N
Chandigarh,2025-08,01.1.6.1.1.01,111.89,N
Chandigarh,2025-08,01.1.7.2.1.01,167.55,N
Chandigarh,2025-08,01.1.7.2.1.03,115.98,N
Chandigarh,2025-08,01.1.7.4.1.01,74.23,N
Chandigarh,2025-08,01.1.7.5.1.01,98.55,N
Chandigarh,2025-08,01.1.7.6.1.01,76.57,N
Chandigarh,2025-08,01.1.7.6.1.02,98.2,N
Chandigarh,2025-08,01.1.7.6.1.05,92.8,N
Chandigarh,2025-08,01.1.8.1.1.01,105.39,N
Chandigarh,2025-08,01.1.8.1.1.02,107.21,N
Chandigarh,2025-07,01.1.1.1.1.01,100.85,N
Chandigarh,2025-07,01.1.1.2.1.01,110.92,N
Chandigarh,2025-07,01.1.4.8.1.01,90.29,N
Chandigarh,2025-07,01.1.6.1.1.01,110.68,N
Chandigarh,2025-07,01.1.7.2.1.01,127.21,N
Chandigarh,2025-07,01.1.7.2.1.03,117.34,N
Chandigarh,2025-07,01.1.7.4.1.01,71.96,N
Chandigarh,2025-07,01.1.7.5.1.01,94.46,N
Chandigarh,2025-07,01.1.7.6.1.01,79.45,N
Chandigarh,2025-07,01.1.7.6.1.02,97.08,N
Chandigarh,2025-07,01.1.7.6.1.05,91.46,N
Chandigarh,2025-07,01.1.8.1.1.01,104.27,N
Chandigarh,2025-07,01.1.8.1.1.02,104.03,N
Chandigarh,2025-06,01.1.1.1.1.01,101.33,N
Chandigarh,2025-06,01.1.1.2.1.01,111.79,N
Chandigarh,2025-06,01.1.4.8.1.01,93.11,N
Chandigarh,2025-06,01.1.6.1.1.01,113.88,N
Chandigarh,2025-06,01.1.7.2.1.01,86.49,N
Chandigarh,2025-06,01.1.7.2.1.03,104.39,N
Chandigarh,2025-06,01.1.7.4.1.01,69.15,N
Chandigarh,2025-06,01.1.7.5.1.01,86.07,N
Chandigarh,2025-06,01.1.7.6.1.01,81.48,N
Chandigarh,2025-06,01.1.7.6.1.02,97.74,N
Chandigarh,2025-06,01.1.7.6.1.05,92.5,N
Chandigarh,2025-06,01.1.8.1.1.01,103.43,N
Chandigarh,2025-06,01.1.8.1.1.02,104.17,N
Chandigarh,2025-05,01.1.1.1.1.01,101.54,N
Chandigarh,2025-05,01.1.1.2.1.01,111.58,N
Chandigarh,2025-05,01.1.4.8.1.01,91.37,N
Chandigarh,2025-05,01.1.6.1.1.01,106.3,N
Chandigarh,2025-05,01.1.7.2.1.01,66.51,N
Chandigarh,2025-05,01.1.7.2.1.03,92.1,N
Chandigarh,2025-05,01.1.7.4.1.01,66.4,N
Chandigarh,2025-05,01.1.7.5.1.01,76.21,N
Chandigarh,2025-05,01.1.7.6.1.01,85.96,N
Chandigarh,2025-05,01.1.7.6.1.02,97.13,N
Chandigarh,2025-05,01.1.7.6.1.05,91.6,N
Chandigarh,2025-05,01.1.8.1.1.01,103.04,N
Chandigarh,2025-05,01.1.8.1.1.02,103.27,N
Chandigarh,2025-04,01.1.1.1.1.01,101.25,N
Chandigarh,2025-04,01.1.1.2.1.01,111.21,N
Chandigarh,2025-04,01.1.4.8.1.01,92.78,N
Chandigarh,2025-04,01.1.6.1.1.01,111.76,N
Chandigarh,2025-04,01.1.7.2.1.01,58.66,N
Chandigarh,2025-04,01.1.7.2.1.03,82.17,N
Chandigarh,2025-04,01.1.7.4.1.01,64.91,N
Chandigarh,2025-04,01.1.7.5.1.01,60.54,N
Chandigarh,2025-04,01.1.7.6.1.01,89.74,N
Chandigarh,2025-04,01.1.7.6.1.02,96.84,N
Chandigarh,2025-04,01.1.7.6.1.05,93.78,N
Chandigarh,2025-04,01.1.8.1.1.01,102.05,N
Chandigarh,2025-04,01.1.8.1.1.02,103.17,N
Chandigarh,2025-03,01.1.1.1.1.01,100.9,N
Chandigarh,2025-03,01.1.1.2.1.01,110.95,N
Chandigarh,2025-03,01.1.4.8.1.01,96.04,N
Chandigarh,2025-03,01.1.6.1.1.01,101.47,N
Chandigarh,2025-03,01.1.7.2.1.01,63.36,N
Chandigarh,2025-03,01.1.7.2.1.03,89.23,N
Chandigarh,2025-03,01.1.7.4.1.01,95.42,N
Chandigarh,2025-03,01.1.7.5.1.01,63.43,N
Chandigarh,2025-03,01.1.7.6.1.01,93.15,N
Chandigarh,2025-03,01.1.7.6.1.02,96.96,N
Chandigarh,2025-03,01.1.7.6.1.05,96.12,N
Chandigarh,2025-03,01.1.8.1.1.01,101.29,N
Chandigarh,2025-03,01.1.8.1.1.02,102.98,N
Chandigarh,2025-02,01.1.1.1.1.01,101.75,N
Chandigarh,2025-02,01.1.1.2.1.01,109.16,N
Chandigarh,2025-02,01.1.4.8.1.01,99.73,N
Chandigarh,2025-02,01.1.6.1.1.01,105.89,N
Chandigarh,2025-02,01.1.7.2.1.01,70.45,N
Chandigarh,2025-02,01.1.7.2.1.03,98.18,N
Chandigarh,2025-02,01.1.7.4.1.01,100.97,N
Chandigarh,2025-02,01.1.7.5.1.01,73.81,N
Chandigarh,2025-02,01.1.7.6.1.01,94.59,N
Chandigarh,2025-02,01.1.7.6.1.02,99.47,N
Chandigarh,2025-02,01.1.7.6.1.05,102.69,N
Chandigarh,2025-02,01.1.8.1.1.01,100.03,N
Chandigarh,2025-02,01.1.8.1.1.02,101.13,N
Chandigarh,2025-01,01.1.1.1.1.01,101.78,N
Chandigarh,2025-01,01.1.1.2.1.01,107.5,N
Chandigarh,2025-01,01.1.4.8.1.01,109.36,N
Chandigarh,2025-01,01.1.6.1.1.01,97.27,N
Chandigarh,2025-01,01.1.7.2.1.01,87.22,N
Chandigarh,2025-01,01.1.7.2.1.03,98.94,N
Chandigarh,2025-01,01.1.7.4.1.01,114.55,N
Chandigarh,2025-01,01.1.7.5.1.01,104.7,N
Chandigarh,2025-01,01.1.7.6.1.01,99.73,N
Chandigarh,2025-01,01.1.7.6.1.02,99.25,N
Chandigarh,2025-01,01.1.7.6.1.05,106.71,N
Chandigarh,2025-01,01.1.8.1.1.01,98.61,N
Chandigarh,2025-01,01.1.8.1.1.02,101.62,N
Chhattisgarh,2025-12,01.1.1.1.1.01,101.22,N
Chhattisgarh,2025-12,01.1.1.2.1.01,109.25,N
Chhattisgarh,2025-12,01.1.4.8.1.01,116.25,N
Chhattisgarh,2025-12,01.1.6.1.1.01,97.73,N
Chhattisgarh,2025-12,01.1.7.2.1.01,168.82,N
Chhattisgarh,2025-12,01.1.7.2.1.03,105.81,N
Chhattisgarh,2025-12,01.1.7.4.1.01,67.02,N
Chhattisgarh,2025-12,01.1.7.5.1.01,84.87,N
Chhattisgarh,2025-12,01.1.7.6.1.01,70.4,N
Chhattisgarh,2025-12,01.1.7.6.1.02,92.28,N
Chhattisgarh,2025-12,01.1.7.6.1.05,95.31,N
Chhattisgarh,2025-12,01.1.8.1.1.01,103.83,N
Chhattisgarh,2025-12,01.1.8.1.1.02,105.09,N
Chhattisgarh,2025-11,01.1.1.1.1.01,100.12,N
Chhattisgarh,2025-11,01.1.1.2.1.01,109.01,N
Chhattisgarh,2025-11,01.1.4.8.1.01,108.65,N
Chhattisgarh,2025-11,01.1.6.1.1.01,100.44,N
Chhattisgarh,2025-11,01.1.7.2.1.01,165.14,N
Chhattisgarh,2025-11,01.1.7.2.1.03,118.9,N
Chhattisgarh,2025-11,01.1.7.4.1.01,68.93,N
Chhattisgarh,2025-11,01.1.7.5.1.01,83.71,N
Chhattisgarh,2025-11,01.1.7.6.1.01,71.17,N
Chhattisgarh,2025-11,01.1.7.6.1.02,90.71,N
Chhattisgarh,2025-11,01.1.7.6.1.05,95.98,N
Chhattisgarh,2025-11,01.1.8.1.1.01,103.91,N
Chhattisgarh,2025-11,01.1.8.1.1.02,104.77,N
Chhattisgarh,2025-10,01.1.1.1.1.01,99.98,N
Chhattisgarh,2025-10,01.1.1.2.1.01,108.65,N
Chhattisgarh,2025-10,01.1.4.8.1.01,101.96,N
Chhattisgarh,2025-10,01.1.6.1.1.01,102.67,N
Chhattisgarh,2025-10,01.1.7.2.1.01,120.59,N
Chhattisgarh,2025-10,01.1.7.2.1.03,111.41,N
Chhattisgarh,2025-10,01.1.7.4.1.01,66.01,N
Chhattisgarh,2025-10,01.1.7.5.1.01,76.57,N
Chhattisgarh,2025-10,01.1.7.6.1.01,71.68,N
Chhattisgarh,2025-10,01.1.7.6.1.02,92.11,N
Chhattisgarh,2025-10,01.1.7.6.1.05,95.8,N
Chhattisgarh,2025-10,01.1.8.1.1.01,104.27,N
Chhattisgarh,2025-10,01.1.8.1.1.02,104.81,N
Chhattisgarh,2025-09,01.1.1.1.1.01,101.28,N
Chhattisgarh,2025-09,01.1.1.2.1.01,109.49,N
Chhattisgarh,2025-09,01.1.4.8.1.01,100.29,N
Chhattisgarh,2025-09,01.1.6.1.1.01,102.53,N
Chhattisgarh,2025-09,01.1.7.2.1.01,147.85,N
Chhattisgarh,2025-09,01.1.7.2.1.03,112.54,N
Chhattisgarh,2025-09,01.1.7.4.1.01,67.52,N
Chhattisgarh,2025-09,01.1.7.5.1.01,78.6,N
Chhattisgarh,2025-09,01.1.7.6.1.01,74.75,N
Chhattisgarh,2025-09,01.1.7.6.1.02,93.45,N
Chhattisgarh,2025-09,01.1.7.6.1.05,95.58,N
Chhattisgarh,2025-09,01.1.8.1.1.01,104.41,N
Chhattisgarh,2025-09,01.1.8.1.1.02,105.44,N
Chhattisgarh,2025-08,01.1.1.1.1.01,101.04,N
Chhattisgarh,2025-08,01.1.1.2.1.01,109.54,N
Chhattisgarh,2025-08,01.1.4.8.1.01,99.78,N
Chhattisgarh,2025-08,01.1.6.1.1.01,105.94,N
Chhattisgarh,2025-08,01.1.7.2.1.01,177.17,N
Chhattisgarh,2025-08,01.1.7.2.1.03,107.61,N
Chhattisgarh,2025-08,01.1.7.4.1.01,69.09,N
Chhattisgarh,2025-08,01.1.7.5.1.01,83.06,N
Chhattisgarh,2025-08,01.1.7.6.1.01,75.7,N
Chhattisgarh,2025-08,01.1.7.6.1.02,94.73,N
Chhattisgarh,2025-08,01.1.7.6.1.05,96.8,N
Chhattisgarh,2025-08,01.1.8.1.1.01,104.89,N
Chhattisgarh,2025-08,01.1.8.1.1.02,104.88,N
Chhattisgarh,2025-07,01.1.1.1.1.01,102.65,N
Chhattisgarh,2025-07,01.1.1.2.1.01,110.11,N
Chhattisgarh,2025-07,01.1.4.8.1.01,100.44,N
Chhattisgarh,2025-07,01.1.6.1.1.01,103.48,N
Chhattisgarh,2025-07,01.1.7.2.1.01,146.12,N
Chhattisgarh,2025-07,01.1.7.2.1.03,113.32,N
Chhattisgarh,2025-07,01.1.7.4.1.01,72.09,N
Chhattisgarh,2025-07,01.1.7.5.1.01,88.0,N
Chhattisgarh,2025-07,01.1.7.6.1.01,78.26,N
Chhattisgarh,2025-07,01.1.7.6.1.02,95.04,N
Chhattisgarh,2025-07,01.1.7.6.1.05,98.59,N
Chhattisgarh,2025-07,01.1.8.1.1.01,105.17,N
Chhattisgarh,2025-07,01.1.8.1.1.02,104.54,N
Chhattisgarh,2025-06,01.1.1.1.1.01,102.02,N
Chhattisgarh,2025-06,01.1.1.2.1.01,110.09,N
Chhattisgarh,2025-06,01.1.4.8.1.01,98.55,N
Chhattisgarh,2025-06,01.1.6.1.1.01,102.87,N
Chhattisgarh,2025-06,01.1.7.2.1.01,100.34,N
Chhattisgarh,2025-06,01.1.7.2.1.03,89.42,N
Chhattisgarh,2025-06,01.1.7.4.1.01,66.8,N
Chhattisgarh,2025-06,01.1.7.5.1.01,82.82,N
Chhattisgarh,2025-06,01.1.7.6.1.01,81.12,N
Chhattisgarh,2025-06,01.1.7.6.1.02,94.62,N
Chhattisgarh,2025-06,01.1.7.6.1.05,99.37,N
Chhattisgarh,2025-06,01.1.8.1.1.01,104.1,N
Chhattisgarh,2025-06,01.1.8.1.1.02,103.3,N
Chhattisgarh,2025-05,01.1.1.1.1.01,102.54,N
Chhattisgarh,2025-05,01.1.1.2.1.01,109.51,N
Chhattisgarh,2025-05,01.1.4.8.1.01,95.47,N
Chhattisgarh,2025-05,01.1.6.1.1.01,105.35,N
Chhattisgarh,2025-05,01.1.7.2.1.01,76.55,N
Chhattisgarh,2025-05,01.1.7.2.1.03,82.88,N
Chhattisgarh,2025-05,01.1.7.4.1.01,68.51,N
Chhattisgarh,2025-05,01.1.7.5.1.01,79.11,N
Chhattisgarh,2025-05,01.1.7.6.1.01,83.18,N
Chhattisgarh,2025-05,01.1.7.6.1.02,96.07,N
Chhattisgarh,2025-05,01.1.7.6.1.05,98.85,N
Chhattisgarh,2025-05,01.1.8.1.1.01,103.4,N
Chhattisgarh,2025-05,01.1.8.1.1.02,102.23,N
Chhattisgarh,2025-04,01.1.1.1.1.01,102.64,N
Chhattisgarh,2025-04,01.1.1.2.1.01,109.33,N
Chhattisgarh,2025-04,01.1.4.8.1.01,97.16,N
Chhattisgarh,2025-04,01.1.6.1.1.01,101.77,N
Chhattisgarh,2025-04,01.1.7.2.1.01,49.57,N
Chhattisgarh,2025-04,01.1.7.2.1.03,79.8,N
Chhattisgarh,2025-04,01.1.7.4.1.01,78.35,N
Chhattisgarh,2025-04,01.1.7.5.1.01,78.86,N
Chhattisgarh,2025-04,01.1.7.6.1.01,86.19,N
Chhattisgarh,2025-04,01.1.7.6.1.02,96.36,N
Chhattisgarh,2025-04,01.1.7.6.1.05,99.78,N
Chhattisgarh,2025-04,01.1.8.1.1.01,103.32,N
Chhattisgarh,2025-04,01.1.8.1.1.02,102.61,N
Chhattisgarh,2025-03,01.1.1.1.1.01,103.84,N
Chhattisgarh,2025-03,01.1.1.2.1.01,107.6,N
Chhattisgarh,2025-03,01.1.4.8.1.01,101.04,N
Chhattisgarh,2025-03,01.1.6.1.1.01,103.71,N
Chhattisgarh,2025-03,01.1.7.2.1.01,38.22,N
Chhattisgarh,2025-03,01.1.7.2.1.03,71.44,N
Chhattisgarh,2025-03,01.1.7.4.1.01,92.12,N
Chhattisgarh,2025-03,01.1.7.5.1.01,79.96,N
Chhattisgarh,2025-03,01.1.7.6.1.01,91.22,N
Chhattisgarh,2025-03,01.1.7.6.1.02,97.46,N
Chhattisgarh,2025-03,01.1.7.6.1.05,105.76,N
Chhattisgarh,2025-03,01.1.8.1.1.01,103.55,N
Chhattisgarh,2025-03,01.1.8.1.1.02,102.62,N
Chhattisgarh,2025-02,01.1.1.1.1.01,103.0,N
Chhattisgarh,2025-02,01.1.1.2.1.01,107.06,N
Chhattisgarh,2025-02,01.1.4.8.1.01,105.63,N
Chhattisgarh,2025-02,01.1.6.1.1.01,97.21,N
Chhattisgarh,2025-02,01.1.7.2.1.01,39.33,N
Chhattisgarh,2025-02,01.1.7.2.1.03,62.18,N
Chhattisgarh,2025-02,01.1.7.4.1.01,93.13,N
Chhattisgarh,2025-02,01.1.7.5.1.01,75.59,N
Chhattisgarh,2025-02,01.1.7.6.1.01,95.88,N
Chhattisgarh,2025-02,01.1.7.6.1.02,98.2,N
Chhattisgarh,2025-02,01.1.7.6.1.05,107.89,N
Chhattisgarh,2025-02,01.1.8.1.1.01,103.18,N
Chhattisgarh,2025-02,01.1.8.1.1.02,103.65,N
Chhattisgarh,2025-01,01.1.1.1.1.01,103.74,N
Chhattisgarh,2025-01,01.1.1.2.1.01,106.06,N
Chhattisgarh,2025-01,01.1.4.8.1.01,111.06,N
Chhattisgarh,2025-01,01.1.6.1.1.01,98.19,N
Chhattisgarh,2025-01,01.1.7.2.1.01,66.4,N
Chhattisgarh,2025-01,01.1.7.2.1.03,76.22,N
Chhattisgarh,2025-01,01.1.7.4.1.01,102.29,N
Chhattisgarh,2025-01,01.1.7.5.1.01,97.6,N
Chhattisgarh,2025-01,01.1.7.6.1.01,101.79,N
Chhattisgarh,2025-01,01.1.7.6.1.02,99.41,N
Chhattisgarh,2025-01,01.1.7.6.1.05,111.75,N
Chhattisgarh,2025-01,01.1.8.1.1.01,102.75,N
Chhattisgarh,2025-01,01.1.8.1.1.02,104.35,N
Goa,2025-12,01.1.1.1.1.01,100.27,N
Goa,2025-12,01.1.1.2.1.01,108.13,N
Goa,2025-12,01.1.4.8.1.01,108.19,N
Goa,2025-12,01.1.6.1.1.01,113.69,N
Goa,2025-12,01.1.7.2.1.01,101.14,N
Goa,2025-12,01.1.7.2.1.03,100.76,N
Goa,2025-12,01.1.7.4.1.01,78.49,N
Goa,2025-12,01.1.7.5.1.01,84.01,N
Goa,2025-12,01.1.7.6.1.01,70.63,N
Goa,2025-12,01.1.7.6.1.02,88.38,N
Goa,2025-12,01.1.7.6.1.05,99.81,N
Goa,2025-12,01.1.8.1.1.01,104.63,N
Goa,2025-12,01.1.8.1.1.02,101.96,N
Goa,2025-11,01.1.1.1.1.01,101.0,N
Goa,2025-11,01.1.1.2.1.01,108.23,N
Goa,2025-11,01.1.4.8.1.01,103.04,N
Goa,2025-11,01.1.6.1.1.01,114.05,N
Goa,2025-11,01.1.7.2.1.01,77.47,N
Goa,2025-11,01.1.7.2.1.03,99.92,N
Goa,2025-11,01.1.7.4.1.01,75.31,N
Goa,2025-11,01.1.7.5.1.01,81.1,N
Goa,2025-11,01.1.7.6.1.01,76.4,N
Goa,2025-11,01.1.7.6.1.02,91.87,N
Goa,2025-11,01.1.7.6.1.05,106.18,N
Goa,2025-11,01.1.8.1.1.01,104.8,N
Goa,2025-11,01.1.8.1.1.02,101.82,N
Goa,2025-10,01.1.1.1.1.01,101.61,N
Goa,2025-10,01.1.1.2.1.01,107.96,N
Goa,2025-10,01.1.4.8.1.01,101.97,N
Goa,2025-10,01.1.6.1.1.01,113.41,N
Goa,2025-10,01.1.7.2.1.01,79.43,N
Goa,2025-10,01.1.7.2.1.03,97.6,N
Goa,2025-10,01.1.7.4.1.01,75.84,N
Goa,2025-10,01.1.7.5.1.01,80.29,N
Goa,2025-10,01.1.7.6.1.01,79.63,N
Goa,2025-10,01.1.7.6.1.02,91.99,N
Goa,2025-10,01.1.7.6.1.05,106.88,N
Goa,2025-10,01.1.8.1.1.01,104.62,N
Goa,2025-10,01.1.8.1.1.02,100.79,N
Goa,2025-09,01.1.1.1.1.01,102.87,N
Goa,2025-09,01.1.1.2.1.01,106.58,N
Goa,2025-09,01.1.4.8.1.01,101.99,N
Goa,2025-09,01.1.6.1.1.01,119.45,N
Goa,2025-09,01.1.7.2.1.01,83.15,N
Goa,2025-09,01.1.7.2.1.03,98.08,N
Goa,2025-09,01.1.7.4.1.01,74.63,N
Goa,2025-09,01.1.7.5.1.01,81.6,N
Goa,2025-09,01.1.7.6.1.01,80.95,N
Goa,2025-09,01.1.7.6.1.02,93.6,N
Goa,2025-09,01.1.7.6.1.05,107.88,N
Goa,2025-09,01.1.8.1.1.01,104.22,N
Goa,2025-09,01.1.8.1.1.02,101.64,N
Goa,2025-08,01.1.1.1.1.01,103.68,N
Goa,2025-08,01.1.1.2.1.01,106.76,N
Goa,2025-08,01.1.4.8.1.01,99.7,N
Goa,2025-08,01.1.6.1.1.01,118.2,N
Goa,2025-08,01.1.7.2.1.01,109.01,N
Goa,2025-08,01.1.7.2.1.03,96.49,N
Goa,2025-08,01.1.7.4.1.01,80.3,N
Goa,2025-08,01.1.7.5.1.01,83.91,N
Goa,2025-08,01.1.7.6.1.01,81.26,N
Goa,2025-08,01.1.7.6.1.02,92.66,N
Goa,2025-08,01.1.7.6.1.05,107.02,N
Goa,2025-08,01.1.8.1.1.01,105.57,N
Goa,2025-08,01.1.8.1.1.02,102.5,N
Goa,2025-07,01.1.1.1.1.01,102.3,N
Goa,2025-07,01.1.1.2.1.01,106.58,N
Goa,2025-07,01.1.4.8.1.01,101.74,N
Goa,2025-07,01.1.6.1.1.01,112.26,N
Goa,2025-07,01.1.7.2.1.01,87.98,N
Goa,2025-07,01.1.7.2.1.03,94.91,N
Goa,2025-07,01.1.7.4.1.01,82.57,N
Goa,2025-07,01.1.7.5.1.01,83.71,N
Goa,2025-07,01.1.7.6.1.01,82.99,N
Goa,2025-07,01.1.7.6.1.02,92.74,N
Goa,2025-07,01.1.7.6.1.05,106.88,N
Goa,2025-07,01.1.8.1.1.01,102.83,N
Goa,2025-07,01.1.8.1.1.02,102.38,N
Goa,2025-06,01.1.1.1.1.01,102.34,N
Goa,2025-06,01.1.1.2.1.01,106.58,N
Goa,2025-06,01.1.4.8.1.01,102.9,N
Goa,2025-06,01.1.6.1.1.01,110.06,N
Goa,2025-06,01.1.7.2.1.01,79.6,N
Goa,2025-06,01.1.7.2.1.03,88.57,N
Goa,2025-06,01.1.7.4.1.01,84.34,N
Goa,2025-06,01.1.7.5.1.01,86.28,N
Goa,2025-06,01.1.7.6.1.01,83.97,N
Goa,2025-06,01.1.7.6.1.02,92.82,N
Goa,2025-06,01.1.7.6.1.05,106.19,N
Goa,2025-06,01.1.8.1.1.01,102.85,N
Goa,2025-06,01.1.8.1.1.02,101.07,N
Goa,2025-05,01.1.1.1.1.01,103.66,N
Goa,2025-05,01.1.1.2.1.01,104.24,N
Goa,2025-05,01.1.4.8.1.01,100.48,N
Goa,2025-05,01.1.6.1.1.01,109.54,N
Goa,2025-05,01.1.7.2.1.01,81.26,N
Goa,2025-05,01.1.7.2.1.03,92.15,N
Goa,2025-05,01.1.7.4.1.01,84.3,N
Goa,2025-05,01.1.7.5.1.01,84.54,N
Goa,2025-05,01.1.7.6.1.01,89.62,N
Goa,2025-05,01.1.7.6.1.02,91.18,N
Goa,2025-05,01.1.7.6.1.05,107.7,N
Goa,2025-05,01.1.8.1.1.01,102.46,N
Goa,2025-05,01.1.8.1.1.02,101.24,N
Goa,2025-04,01.1.1.1.1.01,104.02,N
Goa,2025-04,01.1.1.2.1.01,104.63,N
Goa,2025-04,01.1.4.8.1.01,99.3,N
Goa,2025-04,01.1.6.1.1.01,108.01,N
Goa,2025-04,01.1.7.2.1.01,76.87,N
Goa,2025-04,01.1.7.2.1.03,92.05,N
Goa,2025-04,01.1.7.4.1.01,83.69,N
Goa,2025-04,01.1.7.5.1.01,87.55,N
Goa,2025-04,01.1.7.6.1.01,95.69,N
Goa,2025-04,01.1.7.6.1.02,92.31,N
Goa,2025-04,01.1.7.6.1.05,109.19,N
Goa,2025-04,01.1.8.1.1.01,100.87,N
Goa,2025-04,01.1.8.1.1.02,99.16,N
Goa,2025-03,01.1.1.1.1.01,103.68,N
Goa,2025-03,01.1.1.2.1.01,104.48,N
Goa,2025-03,01.1.4.8.1.01,102.83,N
Goa,2025-03,01.1.6.1.1.01,110.06,N
Goa,2025-03,01.1.7.2.1.01,78.27,N
Goa,2025-03,01.1.7.2.1.03,95.62,N
Goa,2025-03,01.1.7.4.1.01,86.56,N
Goa,2025-03,01.1.7.5.1.01,87.35,N
Goa,2025-03,01.1.7.6.1.01,97.0,N
Goa,2025-03,01.1.7.6.1.02,93.16,N
Goa,2025-03,01.1.7.6.1.05,109.84,N
Goa,2025-03,01.1.8.1.1.01,100.09,N
Goa,2025-03,01.1.8.1.1.02,99.86,N
Goa,2025-02,01.1.1.1.1.01,102.79,N
Goa,2025-02,01.1.1.2.1.01,103.51,N
Goa,2025-02,01.1.4.8.1.01,105.07,N
Goa,2025-02,01.1.6.1.1.01,103.84,N
Goa,2025-02,01.1.7.2.1.01,85.38,N
Goa,2025-02,01.1.7.2.1.03,97.83,N
Goa,2025-02,01.1.7.4.1.01,100.47,N
Goa,2025-02,01.1.7.5.1.01,93.48,N
Goa,2025-02,01.1.7.6.1.01,97.86,N
Goa,2025-02,01.1.7.6.1.02,93.59,N
Goa,2025-02,01.1.7.6.1.05,110.16,N
Goa,2025-02,01.1.8.1.1.01,100.65,N
Goa,2025-02,01.1.8.1.1.02,100.47,N
Goa,2025-01,01.1.1.1.1.01,102.3,N
Goa,2025-01,01.1.1.2.1.01,102.94,N
Goa,2025-01,01.1.4.8.1.01,106.62,N
Goa,2025-01,01.1.6.1.1.01,107.6,N
Goa,2025-01,01.1.7.2.1.01,94.08,N
Goa,2025-01,01.1.7.2.1.03,104.68,N
Goa,2025-01,01.1.7.4.1.01,114.14,N
Goa,2025-01,01.1.7.5.1.01,106.32,N
Goa,2025-01,01.1.7.6.1.01,100.95,N
Goa,2025-01,01.1.7.6.1.02,94.94,N
Goa,2025-01,01.1.7.6.1.05,111.61,N
Goa,2025-01,01.1.8.1.1.01,100.29,N
Goa,2025-01,01.1.8.1.1.02,101.08,N
Gujarat,2025-12,01.1.1.1.1.01,103.31,N
Gujarat,2025-12,01.1.1.2.1.01,106.87,N
Gujarat,2025-12,01.1.4.8.1.01,111.47,N
Gujarat,2025-12,01.1.6.1.1.01,99.28,N
Gujarat,2025-12,01.1.7.2.1.01,123.59,N
Gujarat,2025-12,01.1.7.2.1.03,142.34,N
Gujarat,2025-12,01.1.7.4.1.01,73.23,N
Gujarat,2025-12,01.1.7.5.1.01,93.96,N
Gujarat,2025-12,01.1.7.6.1.01,76.51,N
Gujarat,2025-12,01.1.7.6.1.02,93.63,N
Gujarat,2025-12,01.1.7.6.1.05,97.62,N
Gujarat,2025-12,01.1.8.1.1.01,104.77,N
Gujarat,2025-12,01.1.8.1.1.02,103.65,N
Gujarat,2025-11,01.1.1.1.1.01,103.38,N
Gujarat,2025-11,01.1.1.2.1.01,106.15,N
Gujarat,2025-11,01.1.4.8.1.01,107.5,N
Gujarat,2025-11,01.1.6.1.1.01,101.35,N
Gujarat,2025-11,01.1.7.2.1.01,116.67,N
Gujarat,2025-11,01.1.7.2.1.03,152.98,N
Gujarat,2025-11,01.1.7.4.1.01,75.93,N
Gujarat,2025-11,01.1.7.5.1.01,96.83,N
Gujarat,2025-11,01.1.7.6.1.01,76.15,N
Gujarat,2025-11,01.1.7.6.1.02,95.3,N
Gujarat,2025-11,01.1.7.6.1.05,97.72,N
Gujarat,2025-11,01.1.8.1.1.01,104.82,N
Gujarat,2025-11,01.1.8.1.1.02,104.18,N
Gujarat,2025-10,01.1.1.1.1.01,103.42,N
Gujarat,2025-10,01.1.1.2.1.01,106.67,N
Gujarat,2025-10,01.1.4.8.1.01,104.51,N
Gujarat,2025-10,01.1.6.1.1.01,102.1,N
Gujarat,2025-10,01.1.7.2.1.01,95.05,N
Gujarat,2025-10,01.1.7.2.1.03,115.51,N
Gujarat,2025-10,01.1.7.4.1.01,72.63,N
Gujarat,2025-10,01.1.7.5.1.01,87.45,N
Gujarat,2025-10,01.1.7.6.1.01,77.66,N
Gujarat,2025-10,01.1.7.6.1.02,95.48,N
Gujarat,2025-10,01.1.7.6.1.05,97.62,N
Gujarat,2025-10,01.1.8.1.1.01,104.62,N
Gujarat,2025-10,01.1.8.1.1.02,103.45,N
Gujarat,2025-09,01.1.1.1.1.01,104.54,N
Gujarat,2025-09,01.1.1.2.1.01,107.27,N
Gujarat,2025-09,01.1.4.8.1.01,103.4,N
Gujarat,2025-09,01.1.6.1.1.01,107.22,N
Gujarat,2025-09,01.1.7.2.1.01,107.83,N
Gujarat,2025-09,01.1.7.2.1.03,121.86,N
Gujarat,2025-09,01.1.7.4.1.01,71.38,N
Gujarat,2025-09,01.1.7.5.1.01,80.89,N
Gujarat,2025-09,01.1.7.6.1.01,78.66,N
Gujarat,2025-09,01.1.7.6.1.02,96.0,N
Gujarat,2025-09,01.1.7.6.1.05,98.38,N
Gujarat,2025-09,01.1.8.1.1.01,103.99,N
Gujarat,2025-09,01.1.8.1.1.02,102.93,N
Gujarat,2025-08,01.1.1.1.1.01,104.17,N
Gujarat,2025-08,01.1.1.2.1.01,106.48,N
Gujarat,2025-08,01.1.4.8.1.01,101.78,N
Gujarat,2025-08,01.1.6.1.1.01,110.26,N
Gujarat,2025-08,01.1.7.2.1.01,143.47,N
Gujarat,2025-08,01.1.7.2.1.03,104.46,N
Gujarat,2025-08,01.1.7.4.1.01,70.96,N
Gujarat,2025-08,01.1.7.5.1.01,79.28,N
Gujarat,2025-08,01.1.7.6.1.01,79.19,N
Gujarat,2025-08,01.1.7.6.1.02,95.68,N
Gujarat,2025-08,01.1.7.6.1.05,98.17,N
Gujarat,2025-08,01.1.8.1.1.01,104.17,N
Gujarat,2025-08,01.1.8.1.1.02,102.98,N
Gujarat,2025-07,01.1.1.1.1.01,104.16,N
Gujarat,2025-07,01.1.1.2.1.01,106.43,N
Gujarat,2025-07,01.1.4.8.1.01,102.03,N
Gujarat,2025-07,01.1.6.1.1.01,108.44,N
Gujarat,2025-07,01.1.7.2.1.01,117.21,N
Gujarat,2025-07,01.1.7.2.1.03,130.94,N
Gujarat,2025-07,01.1.7.4.1.01,74.75,N
Gujarat,2025-07,01.1.7.5.1.01,85.2,N
Gujarat,2025-07,01.1.7.6.1.01,80.35,N
Gujarat,2025-07,01.1.7.6.1.02,95.29,N
Gujarat,2025-07,01.1.7.6.1.05,97.56,N
Gujarat,2025-07,01.1.8.1.1.01,102.87,N
Gujarat,2025-07,01.1.8.1.1.02,102.42,N
Gujarat,2025-06,01.1.1.1.1.01,105.16,N
Gujarat,2025-06,01.1.1.2.1.01,106.35,N
Gujarat,2025-06,01.1.4.8.1.01,99.14,N
Gujarat,2025-06,01.1.6.1.1.01,106.99,N
Gujarat,2025-06,01.1.7.2.1.01,95.6,N
Gujarat,2025-06,01.1.7.2.1.03,106.95,N
Gujarat,2025-06,01.1.7.4.1.01,70.2,N
Gujarat,2025-06,01.1.7.5.1.01,80.71,N
Gujarat,2025-06,01.1.7.6.1.01,82.35,N
Gujarat,2025-06,01.1.7.6.1.02,95.62,N
Gujarat,2025-06,01.1.7.6.1.05,97.01,N
Gujarat,2025-06,01.1.8.1.1.01,102.72,N
Gujarat,2025-06,01.1.8.1.1.02,102.77,N
Gujarat,2025-05,01.1.1.1.1.01,104.56,N
Gujarat,2025-05,01.1.1.2.1.01,106.44,N
Gujarat,2025-05,01.1.4.8.1.01,96.49,N
Gujarat,2025-05,01.1.6.1.1.01,102.01,N
Gujarat,2025-05,01.1.7.2.1.01,74.19,N
Gujarat,2025-05,01.1.7.2.1.03,83.82,N
Gujarat,2025-05,01.1.7.4.1.01,67.01,N
Gujarat,2025-05,01.1.7.5.1.01,77.96,N
Gujarat,2025-05,01.1.7.6.1.01,84.54,N
Gujarat,2025-05,01.1.7.6.1.02,95.74,N
Gujarat,2025-05,01.1.7.6.1.05,97.61,N
Gujarat,2025-05,01.1.8.1.1.01,103.21,N
Gujarat,2025-05,01.1.8.1.1.02,102.54,N
Gujarat,2025-04,01.1.1.1.1.01,104.77,N
Gujarat,2025-04,01.1.1.2.1.01,106.62,N
Gujarat,2025-04,01.1.4.8.1.01,95.53,N
Gujarat,2025-04,01.1.6.1.1.01,106.27,N
Gujarat,2025-04,01.1.7.2.1.01,52.31,N
Gujarat,2025-04,01.1.7.2.1.03,73.39,N
Gujarat,2025-04,01.1.7.4.1.01,72.9,N
Gujarat,2025-04,01.1.7.5.1.01,74.3,N
Gujarat,2025-04,01.1.7.6.1.01,85.83,N
Gujarat,2025-04,01.1.7.6.1.02,96.62,N
Gujarat,2025-04,01.1.7.6.1.05,97.78,N
Gujarat,2025-04,01.1.8.1.1.01,102.71,N
Gujarat,2025-04,01.1.8.1.1.02,101.26,N
Gujarat,2025-03,01.1.1.1.1.01,105.56,N
Gujarat,2025-03,01.1.1.2.1.01,106.53,N
Gujarat,2025-03,01.1.4.8.1.01,98.31,N
Gujarat,2025-03,01.1.6.1.1.01,105.44,N
Gujarat,2025-03,01.1.7.2.1.01,49.24,N
Gujarat,2025-03,01.1.7.2.1.03,68.24,N
Gujarat,2025-03,01.1.7.4.1.01,87.87,N
Gujarat,2025-03,01.1.7.5.1.01,74.07,N
Gujarat,2025-03,01.1.7.6.1.01,88.61,N
Gujarat,2025-03,01.1.7.6.1.02,97.24,N
Gujarat,2025-03,01.1.7.6.1.05,100.46,N
Gujarat,2025-03,01.1.8.1.1.01,102.1,N
Gujarat,2025-03,01.1.8.1.1.02,101.83,N
Gujarat,2025-02,01.1.1.1.1.01,105.26,N
Gujarat,2025-02,01.1.1.2.1.01,106.62,N
Gujarat,2025-02,01.1.4.8.1.01,102.39,N
Gujarat,2025-02,01.1.6.1.1.01,101.8,N
Gujarat,2025-02,01.1.7.2.1.01,53.64,N
Gujarat,2025-02,01.1.7.2.1.03,74.97,N
Gujarat,2025-02,01.1.7.4.1.01,97.5,N
Gujarat,2025-02,01.1.7.5.1.01,84.31,N
Gujarat,2025-02,01.1.7.6.1.01,90.67,N
Gujarat,2025-02,01.1.7.6.1.02,95.82,N
Gujarat,2025-02,01.1.7.6.1.05,103.26,N
Gujarat,2025-02,01.1.8.1.1.01,101.09,N
Gujarat,2025-02,01.1.8.1.1.02,101.76,N
Gujarat,2025-01,01.1.1.1.1.01,104.94,N
Gujarat,2025-01,01.1.1.2.1.01,105.71,N
Gujarat,2025-01,01.1.4.8.1.01,106.79,N
Gujarat,2025-01,01.1.6.1.1.01,99.43,N
Gujarat,2025-01,01.1.7.2.1.01,73.11,N
Gujarat,2025-01,01.1.7.2.1.03,79.0,N
Gujarat,2025-01,01.1.7.4.1.01,98.6,N
Gujarat,2025-01,01.1.7.5.1.01,103.62,N
Gujarat,2025-01,01.1.7.6.1.01,96.23,N
Gujarat,2025-01,01.1.7.6.1.02,96.38,N
Gujarat,2025-01,01.1.7.6.1.05,107.22,N
Gujarat,2025-01,01.1.8.1.1.01,99.79,N
Gujarat,2025-01,01.1.8.1.1.02,101.37,N
Haryana,2025-12,01.1.1.1.1.01,104.34,N
Haryana,2025-12,01.1.1.2.1.01,107.92,N
Haryana,2025-12,01.1.4.8.1.01,106.3,N
Haryana,2025-12,01.1.6.1.1.01,92.34,N
Haryana,2025-12,01.1.7.2.1.01,129.69,N
Haryana,2025-12,01.1.7.2.1.03,93.37,N
Haryana,2025-12,01.1.7.4.1.01,68.52,N
Haryana,2025-12,01.1.7.5.1.01,85.97,N
Haryana,2025-12,01.1.7.6.1.01,83.51,N
Haryana,2025-12,01.1.7.6.1.02,96.12,N
Haryana,2025-12,01.1.7.6.1.05,97.4,N
Haryana,2025-12,01.1.8.1.1.01,102.77,N
Haryana,2025-12,01.1.8.1.1.02,104.64,N
Haryana,2025-11,01.1.1.1.1.01,104.86,N
Haryana,2025-11,01.1.1.2.1.01,108.79,N
Haryana,2025-11,01.1.4.8.1.01,102.82,N
Haryana,2025-11,01.1.6.1.1.01,97.71,N
Haryana,2025-11,01.1.7.2.1.01,124.64,N
Haryana,2025-11,01.1.7.2.1.03,96.0,N
Haryana,2025-11,01.1.7.4.1.01,69.04,N
Haryana,2025-11,01.1.7.5.1.01,94.7,N
Haryana,2025-11,01.1.7.6.1.01,85.12,N
Haryana,2025-11,01.1.7.6.1.02,96.99,N
Haryana,2025-11,01.1.7.6.1.05,97.83,N
Haryana,2025-11,01.1.8.1.1.01,103.3,N
Haryana,2025-11,01.1.8.1.1.02,104.42,N
Haryana,2025-10,01.1.1.1.1.01,105.57,N
Haryana,2025-10,01.1.1.2.1.01,108.5,N
Haryana,2025-10,01.1.4.8.1.01,99.65,N
Haryana,2025-10,01.1.6.1.1.01,96.36,N
Haryana,2025-10,01.1.7.2.1.01,104.66,N
Haryana,2025-10,01.1.7.2.1.03,102.62,N
Haryana,2025-10,01.1.7.4.1.01,71.52,N
Haryana,2025-10,01.1.7.5.1.01,95.4,N
Haryana,2025-10,01.1.7.6.1.01,85.86,N
Haryana,2025-10,01.1.7.6.1.02,97.47,N
Haryana,2025-10,01.1.7.6.1.05,98.54,N
Haryana,2025-10,01.1.8.1.1.01,103.22,N
Haryana,2025-10,01.1.8.1.1.02,104.58,N
Haryana,2025-09,01.1.1.1.1.01,106.97,N
Haryana,2025-09,01.1.1.2.1.01,108.88,N
Haryana,2025-09,01.1.4.8.1.01,98.11,N
Haryana,2025-09,01.1.6.1.1.01,98.39,N
Haryana,2025-09,01.1.7.2.1.01,108.65,N
Haryana,2025-09,01.1.7.2.1.03,110.56,N
Haryana,2025-09,01.1.7.4.1.01,71.93,N
Haryana,2025-09,01.1.7.5.1.01,96.35,N
Haryana,2025-09,01.1.7.6.1.01,86.85,N
Haryana,2025-09,01.1.7.6.1.02,97.72,N
Haryana,2025-09,01.1.7.6.1.05,99.28,N
Haryana,2025-09,01.1.8.1.1.01,102.85,N
Haryana,2025-09,01.1.8.1.1.02,104.29,N
Haryana,2025-08,01.1.1.1.1.01,106.13,N
Haryana,2025-08,01.1.1.2.1.01,107.93,N
Haryana,2025-08,01.1.4.8.1.01,97.49,N
Haryana,2025-08,01.1.6.1.1.01,110.69,N
Haryana,2025-08,01.1.7.2.1.01,155.61,N
Haryana,2025-08,01.1.7.2.1.03,101.36,N
Haryana,2025-08,01.1.7.4.1.01,73.43,N
Haryana,2025-08,01.1.7.5.1.01,92.16,N
Haryana,2025-08,01.1.7.6.1.01,87.46,N
Haryana,2025-08,01.1.7.6.1.02,98.15,N
Haryana,2025-08,01.1.7.6.1.05,100.08,N
Haryana,2025-08,01.1.8.1.1.01,102.92,N
Haryana,2025-08,01.1.8.1.1.02,104.38,N
Haryana,2025-07,01.1.1.1.1.01,106.08,N
Haryana,2025-07,01.1.1.2.1.01,108.94,N
Haryana,2025-07,01.1.4.8.1.01,97.43,N
Haryana,2025-07,01.1.6.1.1.01,106.25,N
Haryana,2025-07,01.1.7.2.1.01,114.46,N
Haryana,2025-07,01.1.7.2.1.03,112.04,N
Haryana,2025-07,01.1.7.4.1.01,72.99,N
Haryana,2025-07,01.1.7.5.1.01,95.6,N
Haryana,2025-07,01.1.7.6.1.01,91.87,N
Haryana,2025-07,01.1.7.6.1.02,97.3,N
Haryana,2025-07,01.1.7.6.1.05,98.88,N
Haryana,2025-07,01.1.8.1.1.01,103.34,N
Haryana,2025-07,01.1.8.1.1.02,104.25,N
Haryana,2025-06,01.1.1.1.1.01,106.16,N
Haryana,2025-06,01.1.1.2.1.01,108.01,N
Haryana,2025-06,01.1.4.8.1.01,99.51,N
Haryana,2025-06,01.1.6.1.1.01,102.29,N
Haryana,2025-06,01.1.7.2.1.01,82.15,N
Haryana,2025-06,01.1.7.2.1.03,78.1,N
Haryana,2025-06,01.1.7.4.1.01,68.57,N
Haryana,2025-06,01.1.7.5.1.01,89.37,N
Haryana,2025-06,01.1.7.6.1.01,94.51,N
Haryana,2025-06,01.1.7.6.1.02,98.14,N
Haryana,2025-06,01.1.7.6.1.05,101.01,N
Haryana,2025-06,01.1.8.1.1.01,104.09,N
Haryana,2025-06,01.1.8.1.1.02,103.43,N
Haryana,2025-05,01.1.1.1.1.01,106.55,N
Haryana,2025-05,01.1.1.2.1.01,107.7,N
Haryana,2025-05,01.1.4.8.1.01,99.83,N
Haryana,2025-05,01.1.6.1.1.01,99.01,N
Haryana,2025-05,01.1.7.2.1.01,55.63,N
Haryana,2025-05,01.1.7.2.1.03,83.95,N
Haryana,2025-05,01.1.7.4.1.01,62.17,N
Haryana,2025-05,01.1.7.5.1.01,84.81,N
Haryana,2025-05,01.1.7.6.1.01,96.33,N
Haryana,2025-05,01.1.7.6.1.02,98.92,N
Haryana,2025-05,01.1.7.6.1.05,102.11,N
Haryana,2025-05,01.1.8.1.1.01,104.11,N
Haryana,2025-05,01.1.8.1.1.02,103.37,N
Haryana,2025-04,01.1.1.1.1.01,105.09,N
Haryana,2025-04,01.1.1.2.1.01,107.82,N
Haryana,2025-04,01.1.4.8.1.01,100.53,N
Haryana,2025-04,01.1.6.1.1.01,101.12,N
Haryana,2025-04,01.1.7.2.1.01,57.9,N
Haryana,2025-04,01.1.7.2.1.03,86.74,N
Haryana,2025-04,01.1.7.4.1.01,68.27,N
Haryana,2025-04,01.1.7.5.1.01,76.71,N
Haryana,2025-04,01.1.7.6.1.01,96.53,N
Haryana,2025-04,01.1.7.6.1.02,98.75,N
Haryana,2025-04,01.1.7.6.1.05,102.09,N
Haryana,2025-04,01.1.8.1.1.01,103.91,N
Haryana,2025-04,01.1.8.1.1.02,104.12,N
Haryana,2025-03,01.1.1.1.1.01,105.31,N
Haryana,2025-03,01.1.1.2.1.01,108.24,N
Haryana,2025-03,01.1.4.8.1.01,104.24,N
Haryana,2025-03,01.1.6.1.1.01,97.84,N
Haryana,2025-03,01.1.7.2.1.01,58.73,N
Haryana,2025-03,01.1.7.2.1.03,92.08,N
Haryana,2025-03,01.1.7.4.1.01,89.03,N
Haryana,2025-03,01.1.7.5.1.01,77.44,N
Haryana,2025-03,01.1.7.6.1.01,100.48,N
Haryana,2025-03,01.1.7.6.1.02,100.45,N
Haryana,2025-03,01.1.7.6.1.05,105.15,N
Haryana,2025-03,01.1.8.1.1.01,103.71,N
Haryana,2025-03,01.1.8.1.1.02,103.61,N
Haryana,2025-02,01.1.1.1.1.01,104.62,N
Haryana,2025-02,01.1.1.2.1.01,106.05,N
Haryana,2025-02,01.1.4.8.1.01,105.92,N
Haryana,2025-02,01.1.6.1.1.01,95.38,N
Haryana,2025-02,01.1.7.2.1.01,63.59,N
Haryana,2025-02,01.1.7.2.1.03,102.02,N
Haryana,2025-02,01.1.7.4.1.01,99.44,N
Haryana,2025-02,01.1.7.5.1.01,86.64,N
Haryana,2025-02,01.1.7.6.1.01,102.47,N
Haryana,2025-02,01.1.7.6.1.02,100.64,N
Haryana,2025-02,01.1.7.6.1.05,106.27,N
Haryana,2025-02,01.1.8.1.1.01,103.48,N
Haryana,2025-02,01.1.8.1.1.02,103.72,N
Haryana,2025-01,01.1.1.1.1.01,104.25,N
Haryana,2025-01,01.1.1.2.1.01,105.17,N
Haryana,2025-01,01.1.4.8.1.01,105.89,N
Haryana,2025-01,01.1.6.1.1.01,93.71,N
Haryana,2025-01,01.1.7.2.1.01,78.54,N
Haryana,2025-01,01.1.7.2.1.03,99.2,N
Haryana,2025-01,01.1.7.4.1.01,98.9,N
Haryana,2025-01,01.1.7.5.1.01,106.69,N
Haryana,2025-01,01.1.7.6.1.01,101.95,N
Haryana,2025-01,01.1.7.6.1.02,101.88,N
Haryana,2025-01,01.1.7.6.1.05,105.71,N
Haryana,2025-01,01.1.8.1.1.01,102.19,N
Haryana,2025-01,01.1.8.1.1.02,103.77,N
Himachal Pradesh,2025-12,01.1.1.1.1.01,101.35,N
Himachal Pradesh,2025-12,01.1.1.2.1.01,109.77,N
Himachal Pradesh,2025-12,01.1.4.8.1.01,114.5,N
Himachal Pradesh,2025-12,01.1.6.1.1.01,102.81,N
Himachal Pradesh,2025-12,01.1.7.2.1.01,128.98,N
Himachal Pradesh,2025-12,01.1.7.2.1.03,108.53,N
Himachal Pradesh,2025-12,01.1.7.4.1.01,76.74,N
Himachal Pradesh,2025-12,01.1.7.5.1.01,80.14,N
Himachal Pradesh,2025-12,01.1.7.6.1.01,75.31,N
Himachal Pradesh,2025-12,01.1.7.6.1.02,99.01,N
Himachal Pradesh,2025-12,01.1.7.6.1.05,99.6,N
Himachal Pradesh,2025-12,01.1.8.1.1.01,103.47,N
Himachal Pradesh,2025-12,01.1.8.1.1.02,112.24,N
Himachal Pradesh,2025-11,01.1.1.1.1.01,102.22,N
Himachal Pradesh,2025-11,01.1.1.2.1.01,110.94,N
Himachal Pradesh,2025-11,01.1.4.8.1.01,106.76,N
Himachal Pradesh,2025-11,01.1.6.1.1.01,106.24,N
Himachal Pradesh,2025-11,01.1.7.2.1.01,116.98,N
Himachal Pradesh,2025-11,01.1.7.2.1.03,114.37,N
Himachal Pradesh,2025-11,01.1.7.4.1.01,78.5,N
Himachal Pradesh,2025-11,01.1.7.5.1.01,101.15,N
Himachal Pradesh,2025-11,01.1.7.6.1.01,78.23,N
Himachal Pradesh,2025-11,01.1.7.6.1.02,97.75,N
Himachal Pradesh,2025-11,01.1.7.6.1.05,101.64,N
Himachal Pradesh,2025-11,01.1.8.1.1.01,104.17,N
Himachal Pradesh,2025-11,01.1.8.1.1.02,108.84,N
Himachal Pradesh,2025-10,01.1.1.1.1.01,101.46,N
Himachal Pradesh,2025-10,01.1.1.2.1.01,110.07,N
Himachal Pradesh,2025-10,01.1.4.8.1.01,94.92,N
Himachal Pradesh,2025-10,01.1.6.1.1.01,108.52,N
Himachal Pradesh,2025-10,01.1.7.2.1.01,94.52,N
Himachal Pradesh,2025-10,01.1.7.2.1.03,112.26,N
Himachal Pradesh,2025-10,01.1.7.4.1.01,75.89,N
Himachal Pradesh,2025-10,01.1.7.5.1.01,94.79,N
Himachal Pradesh,2025-10,01.1.7.6.1.01,79.25,N
Himachal Pradesh,2025-10,01.1.7.6.1.02,97.02,N
Himachal Pradesh,2025-10,01.1.7.6.1.05,100.87,N
Himachal Pradesh,2025-10,01.1.8.1.1.01,103.83,N
Himachal Pradesh,2025-10,01.1.8.1.1.02,103.03,N
Himachal Pradesh,2025-09,01.1.1.1.1.01,101.9,N
Himachal Pradesh,2025-09,01.1.1.2.1.01,111.4,N
Himachal Pradesh,2025-09,01.1.4.8.1.01,98.05,N
Himachal Pradesh,2025-09,01.1.6.1.1.01,108.42,N
Himachal Pradesh,2025-09,01.1.7.2.1.01,123.11,N
Himachal Pradesh,2025-09,01.1.7.2.1.03,120.52,N
Himachal Pradesh,2025-09,01.1.7.4.1.01,83.42,N
Himachal Pradesh,2025-09,01.1.7.5.1.01,99.86,N
Himachal Pradesh,2025-09,01.1.7.6.1.01,81.81,N
Himachal Pradesh,2025-09,01.1.7.6.1.02,96.65,N
Himachal Pradesh,2025-09,01.1.7.6.1.05,99.92,N
Himachal Pradesh,2025-09,01.1.8.1.1.01,103.8,N
Himachal Pradesh,2025-09,01.1.8.1.1.02,104.95,N
Himachal Pradesh,2025-08,01.1.1.1.1.01,100.75,N
Himachal Pradesh,2025-08,01.1.1.2.1.01,111.35,N
Himachal Pradesh,2025-08,01.1.4.8.1.01,92.83,N
Himachal Pradesh,2025-08,01.1.6.1.1.01,104.03,N
Himachal Pradesh,2025-08,01.1.7.2.1.01,162.93,N
Himachal Pradesh,2025-08,01.1.7.2.1.03,114.37,N
Himachal Pradesh,2025-08,01.1.7.4.1.01,89.5,N
Himachal Pradesh,2025-08,01.1.7.5.1.01,100.74,N
Himachal Pradesh,2025-08,01.1.7.6.1.01,82.08,N
Himachal Pradesh,2025-08,01.1.7.6.1.02,97.65,N
Himachal Pradesh,2025-08,01.1.7.6.1.05,100.86,N
Himachal Pradesh,2025-08,01.1.8.1.1.01,105.49,N
Himachal Pradesh,2025-08,01.1.8.1.1.02,103.88,N
Himachal Pradesh,2025-07,01.1.1.1.1.01,100.39,N
Himachal Pradesh,2025-07,01.1.1.2.1.01,110.04,N
Himachal Pradesh,2025-07,01.1.4.8.1.01,92.52,N
Himachal Pradesh,2025-07,01.1.6.1.1.01,106.12,N
Himachal Pradesh,2025-07,01.1.7.2.1.01,101.33,N
Himachal Pradesh,2025-07,01.1.7.2.1.03,104.57,N
Himachal Pradesh,2025-07,01.1.7.4.1.01,78.05,N
Himachal Pradesh,2025-07,01.1.7.5.1.01,90.44,N
Himachal Pradesh,2025-07,01.1.7.6.1.01,83.34,N
Himachal Pradesh,2025-07,01.1.7.6.1.02,98.03,N
Himachal Pradesh,2025-07,01.1.7.6.1.05,98.71,N
Himachal Pradesh,2025-07,01.1.8.1.1.01,104.15,N
Himachal Pradesh,2025-07,01.1.8.1.1.02,103.19,N
Himachal Pradesh,2025-06,01.1.1.1.1.01,99.84,N
Himachal Pradesh,2025-06,01.1.1.2.1.01,111.36,N
Himachal Pradesh,2025-06,01.1.4.8.1.01,90.91,N
Himachal Pradesh,2025-06,01.1.6.1.1.01,100.64,N
Himachal Pradesh,2025-06,01.1.7.2.1.01,88.44,N
Himachal Pradesh,2025-06,01.1.7.2.1.03,85.94,N
Himachal Pradesh,2025-06,01.1.7.4.1.01,66.68,N
Himachal Pradesh,2025-06,01.1.7.5.1.01,77.87,N
Himachal Pradesh,2025-06,01.1.7.6.1.01,86.43,N
Himachal Pradesh,2025-06,01.1.7.6.1.02,99.73,N
Himachal Pradesh,2025-06,01.1.7.6.1.05,96.23,N
Himachal Pradesh,2025-06,01.1.8.1.1.01,102.92,N
Himachal Pradesh,2025-06,01.1.8.1.1.02,102.14,N
Himachal Pradesh,2025-05,01.1.1.1.1.01,100.51,N
Himachal Pradesh,2025-05,01.1.1.2.1.01,110.48,N
Himachal Pradesh,2025-05,01.1.4.8.1.01,92.24,N
Himachal Pradesh,2025-05,01.1.6.1.1.01,102.71,N
Himachal Pradesh,2025-05,01.1.7.2.1.01,57.12,N
Himachal Pradesh,2025-05,01.1.7.2.1.03,83.87,N
Himachal Pradesh,2025-05,01.1.7.4.1.01,61.12,N
Himachal Pradesh,2025-05,01.1.7.5.1.01,67.21,N
Himachal Pradesh,2025-05,01.1.7.6.1.01,84.56,N
Himachal Pradesh,2025-05,01.1.7.6.1.02,99.12,N
Himachal Pradesh,2025-05,01.1.7.6.1.05,96.57,N
Himachal Pradesh,2025-05,01.1.8.1.1.01,102.88,N
Himachal Pradesh,2025-05,01.1.8.1.1.02,103.86,N
Himachal Pradesh,2025-04,01.1.1.1.1.01,101.63,N
Himachal Pradesh,2025-04,01.1.1.2.1.01,109.89,N
Himachal Pradesh,2025-04,01.1.4.8.1.01,91.71,N
Himachal Pradesh,2025-04,01.1.6.1.1.01,101.06,N
Himachal Pradesh,2025-04,01.1.7.2.1.01,62.6,N
Himachal Pradesh,2025-04,01.1.7.2.1.03,83.08,N
Himachal Pradesh,2025-04,01.1.7.4.1.01,74.98,N
Himachal Pradesh,2025-04,01.1.7.5.1.01,67.64,N
Himachal Pradesh,2025-04,01.1.7.6.1.01,86.02,N
Himachal Pradesh,2025-04,01.1.7.6.1.02,99.05,N
Himachal Pradesh,2025-04,01.1.7.6.1.05,99.72,N
Himachal Pradesh,2025-04,01.1.8.1.1.01,102.73,N
Himachal Pradesh,2025-04,01.1.8.1.1.02,105.04,N
Himachal Pradesh,2025-03,01.1.1.1.1.01,101.28,N
Himachal Pradesh,2025-03,01.1.1.2.1.01,107.86,N
Himachal Pradesh,2025-03,01.1.4.8.1.01,97.39,N
Himachal Pradesh,2025-03,01.1.6.1.1.01,101.67,N
Himachal Pradesh,2025-03,01.1.7.2.1.01,59.09,N
Himachal Pradesh,2025-03,01.1.7.2.1.03,85.1,N
Himachal Pradesh,2025-03,01.1.7.4.1.01,92.85,N
Himachal Pradesh,2025-03,01.1.7.5.1.01,65.97,N
Himachal Pradesh,2025-03,01.1.7.6.1.01,90.78,N
Himachal Pradesh,2025-03,01.1.7.6.1.02,98.55,N
Himachal Pradesh,2025-03,01.1.7.6.1.05,101.07,N
Himachal Pradesh,2025-03,01.1.8.1.1.01,101.62,N
Himachal Pradesh,2025-03,01.1.8.1.1.02,100.75,N
Himachal Pradesh,2025-02,01.1.1.1.1.01,101.57,N
Himachal Pradesh,2025-02,01.1.1.2.1.01,107.31,N
Himachal Pradesh,2025-02,01.1.4.8.1.01,101.87,N
Himachal Pradesh,2025-02,01.1.6.1.1.01,96.8,N
Himachal Pradesh,2025-02,01.1.7.2.1.01,62.31,N
Himachal Pradesh,2025-02,01.1.7.2.1.03,85.1,N
Himachal Pradesh,2025-02,01.1.7.4.1.01,88.71,N
Himachal Pradesh,2025-02,01.1.7.5.1.01,71.11,N
Himachal Pradesh,2025-02,01.1.7.6.1.01,96.09,N
Himachal Pradesh,2025-02,01.1.7.6.1.02,99.22,N
Himachal Pradesh,2025-02,01.1.7.6.1.05,106.76,N
Himachal Pradesh,2025-02,01.1.8.1.1.01,102.67,N
Himachal Pradesh,2025-02,01.1.8.1.1.02,104.06,N
Himachal Pradesh,2025-01,01.1.1.1.1.01,101.38,N
Himachal Pradesh,2025-01,01.1.1.2.1.01,106.52,N
Himachal Pradesh,2025-01,01.1.4.8.1.01,105.94,N
Himachal Pradesh,2025-01,01.1.6.1.1.01,94.26,N
Himachal Pradesh,2025-01,01.1.7.2.1.01,71.34,N
Himachal Pradesh,2025-01,01.1.7.2.1.03,98.17,N
Himachal Pradesh,2025-01,01.1.7.4.1.01,97.71,N
Himachal Pradesh,2025-01,01.1.7.5.1.01,89.8,N
Himachal Pradesh,2025-01,01.1.7.6.1.01,98.27,N
Himachal Pradesh,2025-01,01.1.7.6.1.02,99.34,N
Himachal Pradesh,2025-01,01.1.7.6.1.05,107.92,N
Himachal Pradesh,2025-01,01.1.8.1.1.01,100.98,N
Himachal Pradesh,2025-01,01.1.8.1.1.02,104.65,N
Jammu And Kashmir,2025-12,01.1.1.1.1.01,100.91,N
Jammu And Kashmir,2025-12,01.1.1.2.1.01,106.39,N
Jammu And Kashmir,2025-12,01.1.4.8.1.01,119.85,N
Jammu And Kashmir,2025-12,01.1.6.1.1.01,94.6,N
Jammu And Kashmir,2025-12,01.1.7.2.1.01,107.77,N
Jammu And Kashmir,2025-12,01.1.7.2.1.03,98.91,N
Jammu And Kashmir,2025-12,01.1.7.4.1.01,70.28,N
Jammu And Kashmir,2025-12,01.1.7.5.1.01,89.51,N
Jammu And Kashmir,2025-12,01.1.7.6.1.01,88.35,N
Jammu And Kashmir,2025-12,01.1.7.6.1.02,94.03,N
Jammu And Kashmir,2025-12,01.1.7.6.1.05,96.1,N
Jammu And Kashmir,2025-12,01.1.8.1.1.01,104.45,N
Jammu And Kashmir,2025-12,01.1.8.1.1.02,105.29,N
Jammu And Kashmir,2025-11,01.1.1.1.1.01,100.22,N
Jammu And Kashmir,2025-11,01.1.1.2.1.01,106.09,N
Jammu And Kashmir,2025-11,01.1.4.8.1.01,110.99,N
Jammu And Kashmir,2025-11,01.1.6.1.1.01,96.4,N
Jammu And Kashmir,2025-11,01.1.7.2.1.01,108.06,N
Jammu And Kashmir,2025-11,01.1.7.2.1.03,106.59,N
Jammu And Kashmir,2025-11,01.1.7.4.1.01,73.7,N
Jammu And Kashmir,2025-11,01.1.7.5.1.01,98.72,N
Jammu And Kashmir,2025-11,01.1.7.6.1.01,90.23,N
Jammu And Kashmir,2025-11,01.1.7.6.1.02,92.82,N
Jammu And Kashmir,2025-11,01.1.7.6.1.05,97.18,N
Jammu And Kashmir,2025-11,01.1.8.1.1.01,103.72,N
Jammu And Kashmir,2025-11,01.1.8.1.1.02,106.68,N
Jammu And Kashmir,2025-10,01.1.1.1.1.01,101.33,N
Jammu And Kashmir,2025-10,01.1.1.2.1.01,105.92,N
Jammu And Kashmir,2025-10,01.1.4.8.1.01,103.92,N
Jammu And Kashmir,2025-10,01.1.6.1.1.01,101.52,N
Jammu And Kashmir,2025-10,01.1.7.2.1.01,93.76,N
Jammu And Kashmir,2025-10,01.1.7.2.1.03,108.66,N
Jammu And Kashmir,2025-10,01.1.7.4.1.01,74.58,N
Jammu And Kashmir,2025-10,01.1.7.5.1.01,90.4,N
Jammu And Kashmir,2025-10,01.1.7.6.1.01,91.13,N
Jammu And Kashmir,2025-10,01.1.7.6.1.02,93.56,N
Jammu And Kashmir,2025-10,01.1.7.6.1.05,98.4,N
Jammu And Kashmir,2025-10,01.1.8.1.1.01,103.36,N
Jammu And Kashmir,2025-10,01.1.8.1.1.02,105.29,N
Jammu And Kashmir,2025-09,01.1.1.1.1.01,103.24,N
Jammu And Kashmir,2025-09,01.1.1.2.1.01,106.89,N
Jammu And Kashmir,2025-09,01.1.4.8.1.01,101.55,N
Jammu And Kashmir,2025-09,01.1.6.1.1.01,102.77,N
Jammu And Kashmir,2025-09,01.1.7.2.1.01,104.42,N
Jammu And Kashmir,2025-09,01.1.7.2.1.03,109.04,N
Jammu And Kashmir,2025-09,01.1.7.4.1.01,79.7,N
Jammu And Kashmir,2025-09,01.1.7.5.1.01,99.58,N
Jammu And Kashmir,2025-09,01.1.7.6.1.01,95.68,N
Jammu And Kashmir,2025-09,01.1.7.6.1.02,95.11,N
Jammu And Kashmir,2025-09,01.1.7.6.1.05,101.94,N
Jammu And Kashmir,2025-09,01.1.8.1.1.01,102.22,N
Jammu And Kashmir,2025-09,01.1.8.1.1.02,105.29,N
Jammu And Kashmir,2025-08,01.1.1.1.1.01,103.5,N
Jammu And Kashmir,2025-08,01.1.1.2.1.01,107.63,N
Jammu And Kashmir,2025-08,01.1.4.8.1.01,93.81,N
Jammu And Kashmir,2025-08,01.1.6.1.1.01,99.93,N
Jammu And Kashmir,2025-08,01.1.7.2.1.01,109.47,N
Jammu And Kashmir,2025-08,01.1.7.2.1.03,99.29,N
Jammu And Kashmir,2025-08,01.1.7.4.1.01,74.11,N
Jammu And Kashmir,2025-08,01.1.7.5.1.01,93.63,N
Jammu And Kashmir,2025-08,01.1.7.6.1.01,95.57,N
Jammu And Kashmir,2025-08,01.1.7.6.1.02,95.31,N
Jammu And Kashmir,2025-08,01.1.7.6.1.05,101.15,N
Jammu And Kashmir,2025-08,01.1.8.1.1.01,102.6,N
Jammu And Kashmir,2025-08,01.1.8.1.1.02,104.84,N
Jammu And Kashmir,2025-07,01.1.1.1.1.01,102.63,N
Jammu And Kashmir,2025-07,01.1.1.2.1.01,105.98,N
Jammu And Kashmir,2025-07,01.1.4.8.1.01,92.43,N
Jammu And Kashmir,2025-07,01.1.6.1.1.01,100.73,N
Jammu And Kashmir,2025-07,01.1.7.2.1.01,99.15,N
Jammu And Kashmir,2025-07,01.1.7.2.1.03,109.1,N
Jammu And Kashmir,2025-07,01.1.7.4.1.01,71.62,N
Jammu And Kashmir,2025-07,01.1.7.5.1.01,91.02,N
Jammu And Kashmir,2025-07,01.1.7.6.1.01,96.39,N
Jammu And Kashmir,2025-07,01.1.7.6.1.02,95.8,N
Jammu And Kashmir,2025-07,01.1.7.6.1.05,99.14,N
Jammu And Kashmir,2025-07,01.1.8.1.1.01,102.94,N
Jammu And Kashmir,2025-07,01.1.8.1.1.02,103.38,N
Jammu And Kashmir,2025-06,01.1.1.1.1.01,103.15,N
Jammu And Kashmir,2025-06,01.1.1.2.1.01,107.35,N
Jammu And Kashmir,2025-06,01.1.4.8.1.01,93.39,N
Jammu And Kashmir,2025-06,01.1.6.1.1.01,102.06,N
Jammu And Kashmir,2025-06,01.1.7.2.1.01,83.29,N
Jammu And Kashmir,2025-06,01.1.7.2.1.03,107.99,N
Jammu And Kashmir,2025-06,01.1.7.4.1.01,72.55,N
Jammu And Kashmir,2025-06,01.1.7.5.1.01,88.59,N
Jammu And Kashmir,2025-06,01.1.7.6.1.01,96.03,N
Jammu And Kashmir,2025-06,01.1.7.6.1.02,95.65,N
Jammu And Kashmir,2025-06,01.1.7.6.1.05,98.85,N
Jammu And Kashmir,2025-06,01.1.8.1.1.01,102.48,N
Jammu And Kashmir,2025-06,01.1.8.1.1.02,102.99,N
Jammu And Kashmir,2025-05,01.1.1.1.1.01,102.45,N
Jammu And Kashmir,2025-05,01.1.1.2.1.01,106.24,N
Jammu And Kashmir,2025-05,01.1.4.8.1.01,93.23,N
Jammu And Kashmir,2025-05,01.1.6.1.1.01,101.2,N
Jammu And Kashmir,2025-05,01.1.7.2.1.01,71.37,N
Jammu And Kashmir,2025-05,01.1.7.2.1.03,96.94,N
Jammu And Kashmir,2025-05,01.1.7.4.1.01,73.76,N
Jammu And Kashmir,2025-05,01.1.7.5.1.01,82.94,N
Jammu And Kashmir,2025-05,01.1.7.6.1.01,99.03,N
Jammu And Kashmir,2025-05,01.1.7.6.1.02,95.58,N
Jammu And Kashmir,2025-05,01.1.7.6.1.05,98.39,N
Jammu And Kashmir,2025-05,01.1.8.1.1.01,103.19,N
Jammu And Kashmir,2025-05,01.1.8.1.1.02,102.75,N
Jammu And Kashmir,2025-04,01.1.1.1.1.01,102.28,N
Jammu And Kashmir,2025-04,01.1.1.2.1.01,106.44,N
Jammu And Kashmir,2025-04,01.1.4.8.1.01,91.78,N
Jammu And Kashmir,2025-04,01.1.6.1.1.01,100.72,N
Jammu And Kashmir,2025-04,01.1.7.2.1.01,76.28,N
Jammu And Kashmir,2025-04,01.1.7.2.1.03,93.47,N
Jammu And Kashmir,2025-04,01.1.7.4.1.01,81.37,N
Jammu And Kashmir,2025-04,01.1.7.5.1.01,86.58,N
Jammu And Kashmir,2025-04,01.1.7.6.1.01,102.14,N
Jammu And Kashmir,2025-04,01.1.7.6.1.02,96.07,N
Jammu And Kashmir,2025-04,01.1.7.6.1.05,99.63,N
Jammu And Kashmir,2025-04,01.1.8.1.1.01,103.89,N
Jammu And Kashmir,2025-04,01.1.8.1.1.02,102.89,N
Jammu And Kashmir,2025-03,01.1.1.1.1.01,103.14,N
Jammu And Kashmir,2025-03,01.1.1.2.1.01,107.81,N
Jammu And Kashmir,2025-03,01.1.4.8.1.01,98.97,N
Jammu And Kashmir,2025-03,01.1.6.1.1.01,103.99,N
Jammu And Kashmir,2025-03,01.1.7.2.1.01,75.12,N
Jammu And Kashmir,2025-03,01.1.7.2.1.03,90.53,N
Jammu And Kashmir,2025-03,01.1.7.4.1.01,91.78,N
Jammu And Kashmir,2025-03,01.1.7.5.1.01,91.5,N
Jammu And Kashmir,2025-03,01.1.7.6.1.01,103.75,N
Jammu And Kashmir,2025-03,01.1.7.6.1.02,97.34,N
Jammu And Kashmir,2025-03,01.1.7.6.1.05,101.42,N
Jammu And Kashmir,2025-03,01.1.8.1.1.01,103.19,N
Jammu And Kashmir,2025-03,01.1.8.1.1.02,102.57,N
Jammu And Kashmir,2025-02,01.1.1.1.1.01,102.2,N
Jammu And Kashmir,2025-02,01.1.1.2.1.01,107.66,N
Jammu And Kashmir,2025-02,01.1.4.8.1.01,106.11,N
Jammu And Kashmir,2025-02,01.1.6.1.1.01,101.79,N
Jammu And Kashmir,2025-02,01.1.7.2.1.01,80.72,N
Jammu And Kashmir,2025-02,01.1.7.2.1.03,91.89,N
Jammu And Kashmir,2025-02,01.1.7.4.1.01,95.3,N
Jammu And Kashmir,2025-02,01.1.7.5.1.01,94.88,N
Jammu And Kashmir,2025-02,01.1.7.6.1.01,105.57,N
Jammu And Kashmir,2025-02,01.1.7.6.1.02,96.85,N
Jammu And Kashmir,2025-02,01.1.7.6.1.05,104.5,N
Jammu And Kashmir,2025-02,01.1.8.1.1.01,103.11,N
Jammu And Kashmir,2025-02,01.1.8.1.1.02,103.65,N
Jammu And Kashmir,2025-01,01.1.1.1.1.01,101.99,N
Jammu And Kashmir,2025-01,01.1.1.2.1.01,106.84,N
Jammu And Kashmir,2025-01,01.1.4.8.1.01,110.61,N
Jammu And Kashmir,2025-01,01.1.6.1.1.01,99.6,N
Jammu And Kashmir,2025-01,01.1.7.2.1.01,90.76,N
Jammu And Kashmir,2025-01,01.1.7.2.1.03,95.46,N
Jammu And Kashmir,2025-01,01.1.7.4.1.01,103.7,N
Jammu And Kashmir,2025-01,01.1.7.5.1.01,103.69,N
Jammu And Kashmir,2025-01,01.1.7.6.1.01,105.69,N
Jammu And Kashmir,2025-01,01.1.7.6.1.02,98.48,N
Jammu And Kashmir,2025-01,01.1.7.6.1.05,103.83,N
Jammu And Kashmir,2025-01,01.1.8.1.1.01,101.99,N
Jammu And Kashmir,2025-01,01.1.8.1.1.02,100.69,N
Jharkhand,2025-12,01.1.1.1.1.01,107.12,N
Jharkhand,2025-12,01.1.1.2.1.01,105.67,N
Jharkhand,2025-12,01.1.4.8.1.01,116.38,N
Jharkhand,2025-12,01.1.6.1.1.01,91.77,N
Jharkhand,2025-12,01.1.7.2.1.01,142.01,N
Jharkhand,2025-12,01.1.7.2.1.03,122.52,N
Jharkhand,2025-12,01.1.7.4.1.01,64.99,N
Jharkhand,2025-12,01.1.7.5.1.01,72.23,N
Jharkhand,2025-12,01.1.7.6.1.01,71.86,N
Jharkhand,2025-12,01.1.7.6.1.02,93.99,N
Jharkhand,2025-12,01.1.7.6.1.05,98.65,N
Jharkhand,2025-12,01.1.8.1.1.01,105.02,N
Jharkhand,2025-12,01.1.8.1.1.02,105.89,N
Jharkhand,2025-11,01.1.1.1.1.01,107.27,N
Jharkhand,2025-11,01.1.1.2.1.01,105.68,N
Jharkhand,2025-11,01.1.4.8.1.01,109.58,N
Jharkhand,2025-11,01.1.6.1.1.01,98.13,N
Jharkhand,2025-11,01.1.7.2.1.01,119.44,N
Jharkhand,2025-11,01.1.7.2.1.03,128.69,N
Jharkhand,2025-11,01.1.7.4.1.01,67.56,N
Jharkhand,2025-11,01.1.7.5.1.01,76.73,N
Jharkhand,2025-11,01.1.7.6.1.01,74.16,N
Jharkhand,2025-11,01.1.7.6.1.02,97.22,N
Jharkhand,2025-11,01.1.7.6.1.05,100.84,N
Jharkhand,2025-11,01.1.8.1.1.01,105.28,N
Jharkhand,2025-11,01.1.8.1.1.02,107.16,N
Jharkhand,2025-10,01.1.1.1.1.01,106.06,N
Jharkhand,2025-10,01.1.1.2.1.01,105.43,N
Jharkhand,2025-10,01.1.4.8.1.01,105.31,N
Jharkhand,2025-10,01.1.6.1.1.01,104.5,N
Jharkhand,2025-10,01.1.7.2.1.01,119.71,N
Jharkhand,2025-10,01.1.7.2.1.03,143.83,N
Jharkhand,2025-10,01.1.7.4.1.01,68.01,N
Jharkhand,2025-10,01.1.7.5.1.01,73.27,N
Jharkhand,2025-10,01.1.7.6.1.01,72.08,N
Jharkhand,2025-10,01.1.7.6.1.02,94.61,N
Jharkhand,2025-10,01.1.7.6.1.05,98.19,N
Jharkhand,2025-10,01.1.8.1.1.01,104.79,N
Jharkhand,2025-10,01.1.8.1.1.02,104.54,N
Jharkhand,2025-09,01.1.1.1.1.01,105.82,N
Jharkhand,2025-09,01.1.1.2.1.01,105.6,N
Jharkhand,2025-09,01.1.4.8.1.01,103.54,N
Jharkhand,2025-09,01.1.6.1.1.01,102.88,N
Jharkhand,2025-09,01.1.7.2.1.01,131.82,N
Jharkhand,2025-09,01.1.7.2.1.03,133.09,N
Jharkhand,2025-09,01.1.7.4.1.01,69.63,N
Jharkhand,2025-09,01.1.7.5.1.01,76.5,N
Jharkhand,2025-09,01.1.7.6.1.01,71.37,N
Jharkhand,2025-09,01.1.7.6.1.02,94.96,N
Jharkhand,2025-09,01.1.7.6.1.05,96.68,N
Jharkhand,2025-09,01.1.8.1.1.01,105.11,N
Jharkhand,2025-09,01.1.8.1.1.02,104.11,N
Jharkhand,2025-08,01.1.1.1.1.01,106.15,N
Jharkhand,2025-08,01.1.1.2.1.01,104.24,N
Jharkhand,2025-08,01.1.4.8.1.01,100.95,N
Jharkhand,2025-08,01.1.6.1.1.01,105.7,N
Jharkhand,2025-08,01.1.7.2.1.01,172.59,N
Jharkhand,2025-08,01.1.7.2.1.03,146.16,N
Jharkhand,2025-08,01.1.7.4.1.01,69.86,N
Jharkhand,2025-08,01.1.7.5.1.01,80.8,N
Jharkhand,2025-08,01.1.7.6.1.01,74.81,N
Jharkhand,2025-08,01.1.7.6.1.02,94.57,N
Jharkhand,2025-08,01.1.7.6.1.05,98.81,N
Jharkhand,2025-08,01.1.8.1.1.01,105.22,N
Jharkhand,2025-08,01.1.8.1.1.02,104.82,N
Jharkhand,2025-07,01.1.1.1.1.01,105.07,N
Jharkhand,2025-07,01.1.1.2.1.01,104.34,N
Jharkhand,2025-07,01.1.4.8.1.01,99.49,N
Jharkhand,2025-07,01.1.6.1.1.01,110.36,N
Jharkhand,2025-07,01.1.7.2.1.01,143.1,N
Jharkhand,2025-07,01.1.7.2.1.03,151.63,N
Jharkhand,2025-07,01.1.7.4.1.01,76.55,N
Jharkhand,2025-07,01.1.7.5.1.01,86.93,N
Jharkhand,2025-07,01.1.7.6.1.01,76.26,N
Jharkhand,2025-07,01.1.7.6.1.02,97.77,N
Jharkhand,2025-07,01.1.7.6.1.05,97.26,N
Jharkhand,2025-07,01.1.8.1.1.01,104.96,N
Jharkhand,2025-07,01.1.8.1.1.02,105.42,N
Jharkhand,2025-06,01.1.1.1.1.01,105.03,N
Jharkhand,2025-06,01.1.1.2.1.01,104.3,N
Jharkhand,2025-06,01.1.4.8.1.01,100.92,N
Jharkhand,2025-06,01.1.6.1.1.01,104.62,N
Jharkhand,2025-06,01.1.7.2.1.01,74.64,N
Jharkhand,2025-06,01.1.7.2.1.03,92.81,N
Jharkhand,2025-06,01.1.7.4.1.01,64.11,N
Jharkhand,2025-06,01.1.7.5.1.01,76.63,N
Jharkhand,2025-06,01.1.7.6.1.01,77.11,N
Jharkhand,2025-06,01.1.7.6.1.02,96.8,N
Jharkhand,2025-06,01.1.7.6.1.05,97.09,N
Jharkhand,2025-06,01.1.8.1.1.01,103.58,N
Jharkhand,2025-06,01.1.8.1.1.02,104.13,N
Jharkhand,2025-05,01.1.1.1.1.01,103.28,N
Jharkhand,2025-05,01.1.1.2.1.01,104.46,N
Jharkhand,2025-05,01.1.4.8.1.01,97.87,N
Jharkhand,2025-05,01.1.6.1.1.01,108.88,N
Jharkhand,2025-05,01.1.7.2.1.01,57.97,N
Jharkhand,2025-05,01.1.7.2.1.03,82.07,N
Jharkhand,2025-05,01.1.7.4.1.01,64.89,N
Jharkhand,2025-05,01.1.7.5.1.01,72.5,N
Jharkhand,2025-05,01.1.7.6.1.01,79.09,N
Jharkhand,2025-05,01.1.7.6.1.02,97.88,N
Jharkhand,2025-05,01.1.7.6.1.05,101.13,N
Jharkhand,2025-05,01.1.8.1.1.01,103.53,N
Jharkhand,2025-05,01.1.8.1.1.02,104.76,N
Jharkhand,2025-04,01.1.1.1.1.01,103.27,N
Jharkhand,2025-04,01.1.1.2.1.01,104.22,N
Jharkhand,2025-04,01.1.4.8.1.01,97.32,N
Jharkhand,2025-04,01.1.6.1.1.01,105.65,N
Jharkhand,2025-04,01.1.7.2.1.01,41.66,N
Jharkhand,2025-04,01.1.7.2.1.03,79.54,N
Jharkhand,2025-04,01.1.7.4.1.01,78.63,N
Jharkhand,2025-04,01.1.7.5.1.01,71.56,N
Jharkhand,2025-04,01.1.7.6.1.01,83.88,N
Jharkhand,2025-04,01.1.7.6.1.02,98.52,N
Jharkhand,2025-04,01.1.7.6.1.05,103.2,N
Jharkhand,2025-04,01.1.8.1.1.01,103.85,N
Jharkhand,2025-04,01.1.8.1.1.02,101.43,N
Jharkhand,2025-03,01.1.1.1.1.01,103.0,N
Jharkhand,2025-03,01.1.1.2.1.01,104.95,N
Jharkhand,2025-03,01.1.4.8.1.01,98.75,N
Jharkhand,2025-03,01.1.6.1.1.01,105.44,N
Jharkhand,2025-03,01.1.7.2.1.01,31.82,N
Jharkhand,2025-03,01.1.7.2.1.03,70.06,N
Jharkhand,2025-03,01.1.7.4.1.01,93.87,N
Jharkhand,2025-03,01.1.7.5.1.01,70.6,N
Jharkhand,2025-03,01.1.7.6.1.01,86.1,N
Jharkhand,2025-03,01.1.7.6.1.02,98.97,N
Jharkhand,2025-03,01.1.7.6.1.05,103.41,N
Jharkhand,2025-03,01.1.8.1.1.01,102.68,N
Jharkhand,2025-03,01.1.8.1.1.02,100.56,N
Jharkhand,2025-02,01.1.1.1.1.01,103.43,N
Jharkhand,2025-02,01.1.1.2.1.01,104.15,N
Jharkhand,2025-02,01.1.4.8.1.01,103.11,N
Jharkhand,2025-02,01.1.6.1.1.01,93.52,N
Jharkhand,2025-02,01.1.7.2.1.01,39.47,N
Jharkhand,2025-02,01.1.7.2.1.03,64.93,N
Jharkhand,2025-02,01.1.7.4.1.01,90.96,N
Jharkhand,2025-02,01.1.7.5.1.01,75.7,N
Jharkhand,2025-02,01.1.7.6.1.01,88.3,N
Jharkhand,2025-02,01.1.7.6.1.02,98.1,N
Jharkhand,2025-02,01.1.7.6.1.05,105.59,N
Jharkhand,2025-02,01.1.8.1.1.01,100.87,N
Jharkhand,2025-02,01.1.8.1.1.02,100.01,N
Jharkhand,2025-01,01.1.1.1.1.01,101.96,N
Jharkhand,2025-01,01.1.1.2.1.01,104.18,N
Jharkhand,2025-01,01.1.4.8.1.01,110.48,N
Jharkhand,2025-01,01.1.6.1.1.01,94.92,N
Jharkhand,2025-01,01.1.7.2.1.01,55.71,N
Jharkhand,2025-01,01.1.7.2.1.03,69.3,N
Jharkhand,2025-01,01.1.7.4.1.01,93.79,N
Jharkhand,2025-01,01.1.7.5.1.01,90.89,N
Jharkhand,2025-01,01.1.7.6.1.01,97.97,N
Jharkhand,2025-01,01.1.7.6.1.02,97.44,N
Jharkhand,2025-01,01.1.7.6.1.05,106.9,N
Jharkhand,2025-01,01.1.8.1.1.01,101.07,N
Jharkhand,2025-01,01.1.8.1.1.02,101.32,N
Karnataka,2025-12,01.1.1.1.1.01,99.2,N
Karnataka,2025-12,01.1.1.2.1.01,108.11,N
Karnataka,2025-12,01.1.4.8.1.01,110.97,N
Karnataka,2025-12,01.1.6.1.1.01,103.71,N
Karnataka,2025-12,01.1.7.2.1.01,117.83,N
Karnataka,2025-12,01.1.7.2.1.03,101.05,N
Karnataka,2025-12,01.1.7.4.1.01,79.37,N
Karnataka,2025-12,01.1.7.5.1.01,92.58,N
Karnataka,2025-12,01.1.7.6.1.01,75.73,N
Karnataka,2025-12,01.1.7.6.1.02,95.09,N
Karnataka,2025-12,01.1.7.6.1.05,104.62,N
Karnataka,2025-12,01.1.8.1.1.01,107.69,N
Karnataka,2025-12,01.1.8.1.1.02,104.12,N
Karnataka,2025-11,01.1.1.1.1.01,99.29,N
Karnataka,2025-11,01.1.1.2.1.01,107.77,N
Karnataka,2025-11,01.1.4.8.1.01,107.71,N
Karnataka,2025-11,01.1.6.1.1.01,106.08,N
Karnataka,2025-11,01.1.7.2.1.01,100.23,N
Karnataka,2025-11,01.1.7.2.1.03,100.43,N
Karnataka,2025-11,01.1.7.4.1.01,71.08,N
Karnataka,2025-11,01.1.7.5.1.01,90.54,N
Karnataka,2025-11,01.1.7.6.1.01,76.05,N
Karnataka,2025-11,01.1.7.6.1.02,94.58,N
Karnataka,2025-11,01.1.7.6.1.05,105.45,N
Karnataka,2025-11,01.1.8.1.1.01,107.51,N
Karnataka,2025-11,01.1.8.1.1.02,104.57,N
Karnataka,2025-10,01.1.1.1.1.01,98.8,N
Karnataka,2025-10,01.1.1.2.1.01,107.46,N
Karnataka,2025-10,01.1.4.8.1.01,105.11,N
Karnataka,2025-10,01.1.6.1.1.01,110.54,N
Karnataka,2025-10,01.1.7.2.1.01,83.33,N
Karnataka,2025-10,01.1.7.2.1.03,95.97,N
Karnataka,2025-10,01.1.7.4.1.01,67.9,N
Karnataka,2025-10,01.1.7.5.1.01,85.77,N
Karnataka,2025-10,01.1.7.6.1.01,76.12,N
Karnataka,2025-10,01.1.7.6.1.02,94.84,N
Karnataka,2025-10,01.1.7.6.1.05,105.54,N
Karnataka,2025-10,01.1.8.1.1.01,107.44,N
Karnataka,2025-10,01.1.8.1.1.02,104.21,N
Karnataka,2025-09,01.1.1.1.1.01,99.53,N
Karnataka,2025-09,01.1.1.2.1.01,107.59,N
Karnataka,2025-09,01.1.4.8.1.01,103.79,N
Karnataka,2025-09,01.1.6.1.1.01,117.07,N
Karnataka,2025-09,01.1.7.2.1.01,89.5,N
Karnataka,2025-09,01.1.7.2.1.03,93.52,N
Karnataka,2025-09,01.1.7.4.1.01,74.92,N
Karnataka,2025-09,01.1.7.5.1.01,87.44,N
Karnataka,2025-09,01.1.7.6.1.01,78.07,N
Karnataka,2025-09,01.1.7.6.1.02,96.4,N
Karnataka,2025-09,01.1.7.6.1.05,105.14,N
Karnataka,2025-09,01.1.8.1.1.01,107.34,N
Karnataka,2025-09,01.1.8.1.1.02,104.87,N
Karnataka,2025-08,01.1.1.1.1.01,98.81,N
Karnataka,2025-08,01.1.1.2.1.01,106.97,N
Karnataka,2025-08,01.1.4.8.1.01,103.47,N
Karnataka,2025-08,01.1.6.1.1.01,119.65,N
Karnataka,2025-08,01.1.7.2.1.01,108.31,N
Karnataka,2025-08,01.1.7.2.1.03,93.66,N
Karnataka,2025-08,01.1.7.4.1.01,79.92,N
Karnataka,2025-08,01.1.7.5.1.01,89.99,N
Karnataka,2025-08,01.1.7.6.1.01,78.82,N
Karnataka,2025-08,01.1.7.6.1.02,95.48,N
Karnataka,2025-08,01.1.7.6.1.05,104.51,N
Karnataka,2025-08,01.1.8.1.1.01,106.81,N
Karnataka,2025-08,01.1.8.1.1.02,104.78,N
Karnataka,2025-07,01.1.1.1.1.01,98.84,N
Karnataka,2025-07,01.1.1.2.1.01,106.56,N
Karnataka,2025-07,01.1.4.8.1.01,107.74,N
Karnataka,2025-07,01.1.6.1.1.01,113.76,N
Karnataka,2025-07,01.1.7.2.1.01,84.19,N
Karnataka,2025-07,01.1.7.2.1.03,92.96,N
Karnataka,2025-07,01.1.7.4.1.01,78.36,N
Karnataka,2025-07,01.1.7.5.1.01,90.52,N
Karnataka,2025-07,01.1.7.6.1.01,79.18,N
Karnataka,2025-07,01.1.7.6.1.02,95.95,N
Karnataka,2025-07,01.1.7.6.1.05,103.23,N
Karnataka,2025-07,01.1.8.1.1.01,106.58,N
Karnataka,2025-07,01.1.8.1.1.02,103.71,N
Karnataka,2025-06,01.1.1.1.1.01,98.93,N
Karnataka,2025-06,01.1.1.2.1.01,105.91,N
Karnataka,2025-06,01.1.4.8.1.01,106.41,N
Karnataka,2025-06,01.1.6.1.1.01,107.83,N
Karnataka,2025-06,01.1.7.2.1.01,75.28,N
Karnataka,2025-06,01.1.7.2.1.03,91.75,N
Karnataka,2025-06,01.1.7.4.1.01,76.62,N
Karnataka,2025-06,01.1.7.5.1.01,90.84,N
Karnataka,2025-06,01.1.7.6.1.01,80.47,N
Karnataka,2025-06,01.1.7.6.1.02,94.88,N
Karnataka,2025-06,01.1.7.6.1.05,103.09,N
Karnataka,2025-06,01.1.8.1.1.01,105.46,N
Karnataka,2025-06,01.1.8.1.1.02,103.81,N
Karnataka,2025-05,01.1.1.1.1.01,99.59,N
Karnataka,2025-05,01.1.1.2.1.01,105.04,N
Karnataka,2025-05,01.1.4.8.1.01,101.84,N
Karnataka,2025-05,01.1.6.1.1.01,103.97,N
Karnataka,2025-05,01.1.7.2.1.01,64.72,N
Karnataka,2025-05,01.1.7.2.1.03,83.15,N
Karnataka,2025-05,01.1.7.4.1.01,74.85,N
Karnataka,2025-05,01.1.7.5.1.01,87.95,N
Karnataka,2025-05,01.1.7.6.1.01,84.13,N
Karnataka,2025-05,01.1.7.6.1.02,96.12,N
Karnataka,2025-05,01.1.7.6.1.05,104.51,N
Karnataka,2025-05,01.1.8.1.1.01,105.28,N
Karnataka,2025-05,01.1.8.1.1.02,104.06,N
Karnataka,2025-04,01.1.1.1.1.01,99.88,N
Karnataka,2025-04,01.1.1.2.1.01,104.49,N
Karnataka,2025-04,01.1.4.8.1.01,98.37,N
Karnataka,2025-04,01.1.6.1.1.01,108.35,N
Karnataka,2025-04,01.1.7.2.1.01,59.99,N
Karnataka,2025-04,01.1.7.2.1.03,82.79,N
Karnataka,2025-04,01.1.7.4.1.01,81.2,N
Karnataka,2025-04,01.1.7.5.1.01,87.16,N
Karnataka,2025-04,01.1.7.6.1.01,86.46,N
Karnataka,2025-04,01.1.7.6.1.02,96.07,N
Karnataka,2025-04,01.1.7.6.1.05,104.01,N
Karnataka,2025-04,01.1.8.1.1.01,104.07,N
Karnataka,2025-04,01.1.8.1.1.02,103.02,N
Karnataka,2025-03,01.1.1.1.1.01,100.2,N
Karnataka,2025-03,01.1.1.2.1.01,104.17,N
Karnataka,2025-03,01.1.4.8.1.01,96.55,N
Karnataka,2025-03,01.1.6.1.1.01,108.48,N
Karnataka,2025-03,01.1.7.2.1.01,57.63,N
Karnataka,2025-03,01.1.7.2.1.03,83.41,N
Karnataka,2025-03,01.1.7.4.1.01,98.21,N
Karnataka,2025-03,01.1.7.5.1.01,89.65,N
Karnataka,2025-03,01.1.7.6.1.01,90.01,N
Karnataka,2025-03,01.1.7.6.1.02,96.15,N
Karnataka,2025-03,01.1.7.6.1.05,104.19,N
Karnataka,2025-03,01.1.8.1.1.01,103.35,N
Karnataka,2025-03,01.1.8.1.1.02,102.03,N
Karnataka,2025-02,01.1.1.1.1.01,100.84,N
Karnataka,2025-02,01.1.1.2.1.01,103.32,N
Karnataka,2025-02,01.1.4.8.1.01,101.38,N
Karnataka,2025-02,01.1.6.1.1.01,105.13,N
Karnataka,2025-02,01.1.7.2.1.01,69.56,N
Karnataka,2025-02,01.1.7.2.1.03,92.3,N
Karnataka,2025-02,01.1.7.4.1.01,109.65,N
Karnataka,2025-02,01.1.7.5.1.01,96.87,N
Karnataka,2025-02,01.1.7.6.1.01,94.67,N
Karnataka,2025-02,01.1.7.6.1.02,96.09,N
Karnataka,2025-02,01.1.7.6.1.05,105.9,N
Karnataka,2025-02,01.1.8.1.1.01,102.69,N
Karnataka,2025-02,01.1.8.1.1.02,101.43,N
Karnataka,2025-01,01.1.1.1.1.01,101.18,N
Karnataka,2025-01,01.1.1.2.1.01,102.56,N
Karnataka,2025-01,01.1.4.8.1.01,103.3,N
Karnataka,2025-01,01.1.6.1.1.01,101.11,N
Karnataka,2025-01,01.1.7.2.1.01,76.78,N
Karnataka,2025-01,01.1.7.2.1.03,104.04,N
Karnataka,2025-01,01.1.7.4.1.01,119.31,N
Karnataka,2025-01,01.1.7.5.1.01,105.07,N
Karnataka,2025-01,01.1.7.6.1.01,101.35,N
Karnataka,2025-01,01.1.7.6.1.02,96.58,N
Karnataka,2025-01,01.1.7.6.1.05,107.76,N
Karnataka,2025-01,01.1.8.1.1.01,101.81,N
Karnataka,2025-01,01.1.8.1.1.02,101.83,N
Kerala,2025-12,01.1.1.1.1.01,101.77,N
Kerala,2025-12,01.1.1.2.1.01,107.7,N
Kerala,2025-12,01.1.4.8.1.01,116.58,N
Kerala,2025-12,01.1.6.1.1.01,91.04,N
Kerala,2025-12,01.1.7.2.1.01,143.43,N
Kerala,2025-12,01.1.7.2.1.03,97.68,N
Kerala,2025-12,01.1.7.4.1.01,74.79,N
Kerala,2025-12,01.1.7.5.1.01,91.79,N
Kerala,2025-12,01.1.7.6.1.01,75.66,N
Kerala,2025-12,01.1.7.6.1.02,95.9,N
Kerala,2025-12,01.1.7.6.1.05,97.65,N
Kerala,2025-12,01.1.8.1.1.01,106.58,N
Kerala,2025-12,01.1.8.1.1.02,103.03,N
Kerala,2025-11,01.1.1.1.1.01,100.91,N
Kerala,2025-11,01.1.1.2.1.01,107.67,N
Kerala,2025-11,01.1.4.8.1.01,107.14,N
Kerala,2025-11,01.1.6.1.1.01,92.18,N
Kerala,2025-11,01.1.7.2.1.01,108.43,N
Kerala,2025-11,01.1.7.2.1.03,119.86,N
Kerala,2025-11,01.1.7.4.1.01,69.81,N
Kerala,2025-11,01.1.7.5.1.01,96.57,N
Kerala,2025-11,01.1.7.6.1.01,75.5,N
Kerala,2025-11,01.1.7.6.1.02,96.01,N
Kerala,2025-11,01.1.7.6.1.05,99.01,N
Kerala,2025-11,01.1.8.1.1.01,106.39,N
Kerala,2025-11,01.1.8.1.1.02,104.41,N
Kerala,2025-10,01.1.1.1.1.01,101.07,N
Kerala,2025-10,01.1.1.2.1.01,107.45,N
Kerala,2025-10,01.1.4.8.1.01,101.49,N
Kerala,2025-10,01.1.6.1.1.01,92.26,N
Kerala,2025-10,01.1.7.2.1.01,84.47,N
Kerala,2025-10,01.1.7.2.1.03,101.74,N
Kerala,2025-10,01.1.7.4.1.01,63.35,N
Kerala,2025-10,01.1.7.5.1.01,87.31,N
Kerala,2025-10,01.1.7.6.1.01,74.26,N
Kerala,2025-10,01.1.7.6.1.02,95.5,N
Kerala,2025-10,01.1.7.6.1.05,98.06,N
Kerala,2025-10,01.1.8.1.1.01,106.77,N
Kerala,2025-10,01.1.8.1.1.02,103.34,N
Kerala,2025-09,01.1.1.1.1.01,101.01,N
Kerala,2025-09,01.1.1.2.1.01,107.34,N
Kerala,2025-09,01.1.4.8.1.01,101.56,N
Kerala,2025-09,01.1.6.1.1.01,101.76,N
Kerala,2025-09,01.1.7.2.1.01,94.13,N
Kerala,2025-09,01.1.7.2.1.03,102.05,N
Kerala,2025-09,01.1.7.4.1.01,64.89,N
Kerala,2025-09,01.1.7.5.1.01,84.26,N
Kerala,2025-09,01.1.7.6.1.01,77.65,N
Kerala,2025-09,01.1.7.6.1.02,95.28,N
Kerala,2025-09,01.1.7.6.1.05,99.45,N
Kerala,2025-09,01.1.8.1.1.01,106.27,N
Kerala,2025-09,01.1.8.1.1.02,104.43,N
Kerala,2025-08,01.1.1.1.1.01,101.18,N
Kerala,2025-08,01.1.1.2.1.01,107.27,N
Kerala,2025-08,01.1.4.8.1.01,100.78,N
Kerala,2025-08,01.1.6.1.1.01,107.04,N
Kerala,2025-08,01.1.7.2.1.01,114.23,N
Kerala,2025-08,01.1.7.2.1.03,96.62,N
Kerala,2025-08,01.1.7.4.1.01,70.13,N
Kerala,2025-08,01.1.7.5.1.01,87.48,N
Kerala,2025-08,01.1.7.6.1.01,79.64,N
Kerala,2025-08,01.1.7.6.1.02,94.6,N
Kerala,2025-08,01.1.7.6.1.05,99.56,N
Kerala,2025-08,01.1.8.1.1.01,105.76,N
Kerala,2025-08,01.1.8.1.1.02,104.13,N
Kerala,2025-07,01.1.1.1.1.01,101.16,N
Kerala,2025-07,01.1.1.2.1.01,106.98,N
Kerala,2025-07,01.1.4.8.1.01,108.18,N
Kerala,2025-07,01.1.6.1.1.01,108.14,N
Kerala,2025-07,01.1.7.2.1.01,91.03,N
Kerala,2025-07,01.1.7.2.1.03,94.05,N
Kerala,2025-07,01.1.7.4.1.01,70.47,N
Kerala,2025-07,01.1.7.5.1.01,87.7,N
Kerala,2025-07,01.1.7.6.1.01,81.42,N
Kerala,2025-07,01.1.7.6.1.02,95.16,N
Kerala,2025-07,01.1.7.6.1.05,99.51,N
Kerala,2025-07,01.1.8.1.1.01,105.29,N
Kerala,2025-07,01.1.8.1.1.02,104.82,N
Kerala,2025-06,01.1.1.1.1.01,101.06,N
Kerala,2025-06,01.1.1.2.1.01,107.22,N
Kerala,2025-06,01.1.4.8.1.01,107.94,N
Kerala,2025-06,01.1.6.1.1.01,106.48,N
Kerala,2025-06,01.1.7.2.1.01,77.69,N
Kerala,2025-06,01.1.7.2.1.03,93.14,N
Kerala,2025-06,01.1.7.4.1.01,71.32,N
Kerala,2025-06,01.1.7.5.1.01,88.33,N
Kerala,2025-06,01.1.7.6.1.01,81.81,N
Kerala,2025-06,01.1.7.6.1.02,95.07,N
Kerala,2025-06,01.1.7.6.1.05,100.48,N
Kerala,2025-06,01.1.8.1.1.01,104.94,N
Kerala,2025-06,01.1.8.1.1.02,107.41,N
Kerala,2025-05,01.1.1.1.1.01,101.39,N
Kerala,2025-05,01.1.1.2.1.01,106.32,N
Kerala,2025-05,01.1.4.8.1.01,102.86,N
Kerala,2025-05,01.1.6.1.1.01,113.31,N
Kerala,2025-05,01.1.7.2.1.01,68.56,N
Kerala,2025-05,01.1.7.2.1.03,90.2,N
Kerala,2025-05,01.1.7.4.1.01,63.11,N
Kerala,2025-05,01.1.7.5.1.01,85.97,N
Kerala,2025-05,01.1.7.6.1.01,84.15,N
Kerala,2025-05,01.1.7.6.1.02,94.24,N
Kerala,2025-05,01.1.7.6.1.05,102.21,N
Kerala,2025-05,01.1.8.1.1.01,104.51,N
Kerala,2025-05,01.1.8.1.1.02,105.53,N
Kerala,2025-04,01.1.1.1.1.01,101.21,N
Kerala,2025-04,01.1.1.2.1.01,106.38,N
Kerala,2025-04,01.1.4.8.1.01,94.16,N
Kerala,2025-04,01.1.6.1.1.01,117.98,N
Kerala,2025-04,01.1.7.2.1.01,64.55,N
Kerala,2025-04,01.1.7.2.1.03,93.53,N
Kerala,2025-04,01.1.7.4.1.01,71.11,N
Kerala,2025-04,01.1.7.5.1.01,81.97,N
Kerala,2025-04,01.1.7.6.1.01,87.88,N
Kerala,2025-04,01.1.7.6.1.02,95.21,N
Kerala,2025-04,01.1.7.6.1.05,103.48,N
Kerala,2025-04,01.1.8.1.1.01,103.83,N
Kerala,2025-04,01.1.8.1.1.02,105.23,N
Kerala,2025-03,01.1.1.1.1.01,101.18,N
Kerala,2025-03,01.1.1.2.1.01,104.43,N
Kerala,2025-03,01.1.4.8.1.01,94.16,N
Kerala,2025-03,01.1.6.1.1.01,116.34,N
Kerala,2025-03,01.1.7.2.1.01,64.28,N
Kerala,2025-03,01.1.7.2.1.03,83.44,N
Kerala,2025-03,01.1.7.4.1.01,88.61,N
Kerala,2025-03,01.1.7.5.1.01,85.98,N
Kerala,2025-03,01.1.7.6.1.01,91.28,N
Kerala,2025-03,01.1.7.6.1.02,94.13,N
Kerala,2025-03,01.1.7.6.1.05,104.09,N
Kerala,2025-03,01.1.8.1.1.01,103.32,N
Kerala,2025-03,01.1.8.1.1.02,100.23,N
Kerala,2025-02,01.1.1.1.1.01,101.01,N
Kerala,2025-02,01.1.1.2.1.01,103.82,N
Kerala,2025-02,01.1.4.8.1.01,98.41,N
Kerala,2025-02,01.1.6.1.1.01,121.59,N
Kerala,2025-02,01.1.7.2.1.01,76.94,N
Kerala,2025-02,01.1.7.2.1.03,88.28,N
Kerala,2025-02,01.1.7.4.1.01,105.75,N
Kerala,2025-02,01.1.7.5.1.01,89.08,N
Kerala,2025-02,01.1.7.6.1.01,96.31,N
Kerala,2025-02,01.1.7.6.1.02,94.03,N
Kerala,2025-02,01.1.7.6.1.05,106.57,N
Kerala,2025-02,01.1.8.1.1.01,101.56,N
Kerala,2025-02,01.1.8.1.1.02,100.36,N
Kerala,2025-01,01.1.1.1.1.01,100.42,N
Kerala,2025-01,01.1.1.2.1.01,103.3,N
Kerala,2025-01,01.1.4.8.1.01,102.31,N
Kerala,2025-01,01.1.6.1.1.01,117.78,N
Kerala,2025-01,01.1.7.2.1.01,78.44,N
Kerala,2025-01,01.1.7.2.1.03,101.28,N
Kerala,2025-01,01.1.7.4.1.01,111.04,N
Kerala,2025-01,01.1.7.5.1.01,105.39,N
Kerala,2025-01,01.1.7.6.1.01,99.37,N
Kerala,2025-01,01.1.7.6.1.02,92.5,N
Kerala,2025-01,01.1.7.6.1.05,106.36,N
Kerala,2025-01,01.1.8.1.1.01,99.77,N
Kerala,2025-01,01.1.8.1.1.02,101.0,N
Ladakh,2025-12,01.1.1.1.1.01,94.19,N
Ladakh,2025-12,01.1.1.2.1.01,99.65,N
Ladakh,2025-12,01.1.4.8.1.01,111.18,N
Ladakh,2025-12,01.1.6.1.1.01,105.17,N
Ladakh,2025-12,01.1.7.2.1.01,95.32,N
Ladakh,2025-12,01.1.7.2.1.03,94.58,N
Ladakh,2025-12,01.1.7.4.1.01,85.98,N
Ladakh,2025-12,01.1.7.5.1.01,109.63,N
Ladakh,2025-12,01.1.7.6.1.01,111.11,N
Ladakh,2025-12,01.1.7.6.1.02,110.02,N
Ladakh,2025-12,01.1.7.6.1.05,112.04,N
Ladakh,2025-12,01.1.8.1.1.01,94.31,N
Ladakh,2025-12,01.1.8.1.1.02,103.48,N
Ladakh,2025-11,01.1.1.1.1.01,94.18,N
Ladakh,2025-11,01.1.1.2.1.01,101.99,N
Ladakh,2025-11,01.1.4.8.1.01,105.2,N
Ladakh,2025-11,01.1.6.1.1.01,111.37,N
Ladakh,2025-11,01.1.7.2.1.01,95.32,N
Ladakh,2025-11,01.1.7.2.1.03,99.22,N
Ladakh,2025-11,01.1.7.4.1.01,85.09,N
Ladakh,2025-11,01.1.7.5.1.01,113.79,N
Ladakh,2025-11,01.1.7.6.1.01,108.95,N
Ladakh,2025-11,01.1.7.6.1.02,104.72,N
Ladakh,2025-11,01.1.7.6.1.05,115.18,N
Ladakh,2025-11,01.1.8.1.1.01,94.31,N
Ladakh,2025-11,01.1.8.1.1.02,98.98,N
Ladakh,2025-10,01.1.1.1.1.01,94.18,N
Ladakh,2025-10,01.1.1.2.1.01,100.96,N
Ladakh,2025-10,01.1.4.8.1.01,102.43,N
Ladakh,2025-10,01.1.6.1.1.01,109.06,N
Ladakh,2025-10,01.1.7.2.1.01,99.66,N
Ladakh,2025-10,01.1.7.2.1.03,95.85,N
Ladakh,2025-10,01.1.7.4.1.01,83.86,N
Ladakh,2025-10,01.1.7.5.1.01,111.81,N
Ladakh,2025-10,01.1.7.6.1.01,115.56,N
Ladakh,2025-10,01.1.7.6.1.02,104.72,N
Ladakh,2025-10,01.1.7.6.1.05,115.18,N
Ladakh,2025-10,01.1.8.1.1.01,94.31,N
Ladakh,2025-10,01.1.8.1.1.02,94.67,N
Ladakh,2025-09,01.1.1.1.1.01,94.45,N
Ladakh,2025-09,01.1.1.2.1.01,100.96,N
Ladakh,2025-09,01.1.4.8.1.01,101.6,N
Ladakh,2025-09,01.1.6.1.1.01,111.37,N
Ladakh,2025-09,01.1.7.2.1.01,106.54,N
Ladakh,2025-09,01.1.7.2.1.03,95.85,N
Ladakh,2025-09,01.1.7.4.1.01,86.57,N
Ladakh,2025-09,01.1.7.5.1.01,109.63,N
Ladakh,2025-09,01.1.7.6.1.01,117.85,N
Ladakh,2025-09,01.1.7.6.1.02,105.93,N
Ladakh,2025-09,01.1.7.6.1.05,112.15,N
Ladakh,2025-09,01.1.8.1.1.01,96.86,N
Ladakh,2025-09,01.1.8.1.1.02,92.58,N
Ladakh,2025-08,01.1.1.1.1.01,94.61,N
Ladakh,2025-08,01.1.1.2.1.01,99.51,N
Ladakh,2025-08,01.1.4.8.1.01,96.88,N
Ladakh,2025-08,01.1.6.1.1.01,109.06,N
Ladakh,2025-08,01.1.7.2.1.01,95.32,N
Ladakh,2025-08,01.1.7.2.1.03,90.87,N
Ladakh,2025-08,01.1.7.4.1.01,82.54,N
Ladakh,2025-08,01.1.7.5.1.01,111.81,N
Ladakh,2025-08,01.1.7.6.1.01,120.18,N
Ladakh,2025-08,01.1.7.6.1.02,107.25,N
Ladakh,2025-08,01.1.7.6.1.05,110.66,N
Ladakh,2025-08,01.1.8.1.1.01,101.87,N
Ladakh,2025-08,01.1.8.1.1.02,94.67,N
Ladakh,2025-07,01.1.1.1.1.01,96.02,N
Ladakh,2025-07,01.1.1.2.1.01,99.84,N
Ladakh,2025-07,01.1.4.8.1.01,96.05,N
Ladakh,2025-07,01.1.6.1.1.01,105.17,N
Ladakh,2025-07,01.1.7.2.1.01,81.99,N
Ladakh,2025-07,01.1.7.2.1.03,89.75,N
Ladakh,2025-07,01.1.7.4.1.01,87.71,N
Ladakh,2025-07,01.1.7.5.1.01,109.63,N
Ladakh,2025-07,01.1.7.6.1.01,127.63,N
Ladakh,2025-07,01.1.7.6.1.02,106.02,N
Ladakh,2025-07,01.1.7.6.1.05,109.2,N
Ladakh,2025-07,01.1.8.1.1.01,103.13,N
Ladakh,2025-07,01.1.8.1.1.02,94.67,N
Ladakh,2025-06,01.1.1.1.1.01,98.16,N
Ladakh,2025-06,01.1.1.2.1.01,100.19,N
Ladakh,2025-06,01.1.4.8.1.01,96.05,N
Ladakh,2025-06,01.1.6.1.1.01,105.17,N
Ladakh,2025-06,01.1.7.2.1.01,79.91,N
Ladakh,2025-06,01.1.7.2.1.03,95.66,N
Ladakh,2025-06,01.1.7.4.1.01,89.12,N
Ladakh,2025-06,01.1.7.5.1.01,111.81,N
Ladakh,2025-06,01.1.7.6.1.01,121.91,N
Ladakh,2025-06,01.1.7.6.1.02,107.97,N
Ladakh,2025-06,01.1.7.6.1.05,111.91,N
Ladakh,2025-06,01.1.8.1.1.01,103.13,N
Ladakh,2025-06,01.1.8.1.1.02,97.78,N
Ladakh,2025-05,01.1.1.1.1.01,99.74,N
Ladakh,2025-05,01.1.1.2.1.01,100.39,N
Ladakh,2025-05,01.1.4.8.1.01,96.88,N
Ladakh,2025-05,01.1.6.1.1.01,109.06,N
Ladakh,2025-05,01.1.7.2.1.01,90.86,N
Ladakh,2025-05,01.1.7.2.1.03,108.02,N
Ladakh,2025-05,01.1.7.4.1.01,100.16,N
Ladakh,2025-05,01.1.7.5.1.01,109.63,N
Ladakh,2025-05,01.1.7.6.1.01,117.7,N
Ladakh,2025-05,01.1.7.6.1.02,106.02,N
Ladakh,2025-05,01.1.7.6.1.05,119.27,N
Ladakh,2025-05,01.1.8.1.1.01,104.42,N
Ladakh,2025-05,01.1.8.1.1.02,97.78,N
Ladakh,2025-04,01.1.1.1.1.01,98.94,N
Ladakh,2025-04,01.1.1.2.1.01,100.62,N
Ladakh,2025-04,01.1.4.8.1.01,100.0,N
Ladakh,2025-04,01.1.6.1.1.01,112.04,N
Ladakh,2025-04,01.1.7.2.1.01,101.56,N
Ladakh,2025-04,01.1.7.2.1.03,122.23,N
Ladakh,2025-04,01.1.7.4.1.01,115.16,N
Ladakh,2025-04,01.1.7.5.1.01,113.6,N
Ladakh,2025-04,01.1.7.6.1.01,108.81,N
Ladakh,2025-04,01.1.7.6.1.02,108.67,N
Ladakh,2025-04,01.1.7.6.1.05,112.05,N
Ladakh,2025-04,01.1.8.1.1.01,104.42,N
Ladakh,2025-04,01.1.8.1.1.02,104.53,N
Ladakh,2025-03,01.1.1.1.1.01,102.96,N
Ladakh,2025-03,01.1.1.2.1.01,104.92,N
Ladakh,2025-03,01.1.4.8.1.01,116.67,N
Ladakh,2025-03,01.1.6.1.1.01,115.61,N
Ladakh,2025-03,01.1.7.2.1.01,123.31,N
Ladakh,2025-03,01.1.7.2.1.03,144.06,N
Ladakh,2025-03,01.1.7.4.1.01,131.72,N
Ladakh,2025-03,01.1.7.5.1.01,117.1,N
Ladakh,2025-03,01.1.7.6.1.01,104.35,N
Ladakh,2025-03,01.1.7.6.1.02,108.67,N
Ladakh,2025-03,01.1.7.6.1.05,109.32,N
Ladakh,2025-03,01.1.8.1.1.01,104.42,N
Ladakh,2025-03,01.1.8.1.1.02,106.89,N
Ladakh,2025-02,01.1.1.1.1.01,102.86,N
Ladakh,2025-02,01.1.1.2.1.01,104.59,N
Ladakh,2025-02,01.1.4.8.1.01,112.73,N
Ladakh,2025-02,01.1.6.1.1.01,117.44,N
Ladakh,2025-02,01.1.7.2.1.01,125.49,N
Ladakh,2025-02,01.1.7.2.1.03,134.28,N
Ladakh,2025-02,01.1.7.4.1.01,125.88,N
Ladakh,2025-02,01.1.7.5.1.01,115.61,N
Ladakh,2025-02,01.1.7.6.1.01,104.35,N
Ladakh,2025-02,01.1.7.6.1.02,107.34,N
Ladakh,2025-02,01.1.7.6.1.05,109.32,N
Ladakh,2025-02,01.1.8.1.1.01,104.42,N
Ladakh,2025-02,01.1.8.1.1.02,104.53,N
Ladakh,2025-01,01.1.1.1.1.01,102.58,N
Ladakh,2025-01,01.1.1.2.1.01,104.25,N
Ladakh,2025-01,01.1.4.8.1.01,107.93,N
Ladakh,2025-01,01.1.6.1.1.01,109.14,N
Ladakh,2025-01,01.1.7.2.1.01,122.31,N
Ladakh,2025-01,01.1.7.2.1.03,125.24,N
Ladakh,2025-01,01.1.7.4.1.01,125.88,N
Ladakh,2025-01,01.1.7.5.1.01,113.79,N
Ladakh,2025-01,01.1.7.6.1.01,108.53,N
Ladakh,2025-01,01.1.7.6.1.02,107.34,N
Ladakh,2025-01,01.1.7.6.1.05,109.32,N
Ladakh,2025-01,01.1.8.1.1.01,101.77,N
Ladakh,2025-01,01.1.8.1.1.02,109.0,N
Lakshadweep,2025-12,01.1.1.1.1.01,104.15,N
Lakshadweep,2025-12,01.1.1.2.1.01,104.84,N
Lakshadweep,2025-12,01.1.4.8.1.01,103.85,N
Lakshadweep,2025-12,01.1.6.1.1.01,93.05,N
Lakshadweep,2025-12,01.1.7.2.1.01,104.29,N
Lakshadweep,2025-12,01.1.7.2.1.03,97.56,N
Lakshadweep,2025-12,01.1.7.4.1.01,73.37,N
Lakshadweep,2025-12,01.1.7.5.1.01,102.57,N
Lakshadweep,2025-12,01.1.7.6.1.01,96.14,N
Lakshadweep,2025-12,01.1.7.6.1.02,97.55,N
Lakshadweep,2025-12,01.1.7.6.1.05,106.09,N
Lakshadweep,2025-12,01.1.8.1.1.01,101.29,N
Lakshadweep,2025-12,01.1.8.1.1.02,101.73,N
Lakshadweep,2025-11,01.1.1.1.1.01,105.84,N
Lakshadweep,2025-11,01.1.1.2.1.01,104.37,N
Lakshadweep,2025-11,01.1.4.8.1.01,101.08,N
Lakshadweep,2025-11,01.1.6.1.1.01,95.13,N
Lakshadweep,2025-11,01.1.7.2.1.01,98.28,N
Lakshadweep,2025-11,01.1.7.2.1.03,92.16,N
Lakshadweep,2025-11,01.1.7.4.1.01,71.72,N
Lakshadweep,2025-11,01.1.7.5.1.01,103.48,N
Lakshadweep,2025-11,01.1.7.6.1.01,97.34,N
Lakshadweep,2025-11,01.1.7.6.1.02,99.26,N
Lakshadweep,2025-11,01.1.7.6.1.05,105.88,N
Lakshadweep,2025-11,01.1.8.1.1.01,103.35,N
Lakshadweep,2025-11,01.1.8.1.1.02,101.73,N
Lakshadweep,2025-10,01.1.1.1.1.01,105.62,N
Lakshadweep,2025-10,01.1.1.2.1.01,104.37,N
Lakshadweep,2025-10,01.1.4.8.1.01,99.11,N
Lakshadweep,2025-10,01.1.6.1.1.01,99.54,N
Lakshadweep,2025-10,01.1.7.2.1.01,101.09,N
Lakshadweep,2025-10,01.1.7.2.1.03,96.45,N
Lakshadweep,2025-10,01.1.7.4.1.01,77.56,N
Lakshadweep,2025-10,01.1.7.5.1.01,109.01,N
Lakshadweep,2025-10,01.1.7.6.1.01,97.26,N
Lakshadweep,2025-10,01.1.7.6.1.02,99.37,N
Lakshadweep,2025-10,01.1.7.6.1.05,108.08,N
Lakshadweep,2025-10,01.1.8.1.1.01,100.75,N
Lakshadweep,2025-10,01.1.8.1.1.02,103.99,N
Lakshadweep,2025-09,01.1.1.1.1.01,104.96,N
Lakshadweep,2025-09,01.1.1.2.1.01,104.12,N
Lakshadweep,2025-09,01.1.4.8.1.01,106.34,N
Lakshadweep,2025-09,01.1.6.1.1.01,109.04,N
Lakshadweep,2025-09,01.1.7.2.1.01,112.9,N
Lakshadweep,2025-09,01.1.7.2.1.03,102.94,N
Lakshadweep,2025-09,01.1.7.4.1.01,88.22,N
Lakshadweep,2025-09,01.1.7.5.1.01,105.68,N
Lakshadweep,2025-09,01.1.7.6.1.01,97.26,N
Lakshadweep,2025-09,01.1.7.6.1.02,98.65,N
Lakshadweep,2025-09,01.1.7.6.1.05,108.08,N
Lakshadweep,2025-09,01.1.8.1.1.01,100.75,N
Lakshadweep,2025-09,01.1.8.1.1.02,105.41,N
Lakshadweep,2025-08,01.1.1.1.1.01,104.96,N
Lakshadweep,2025-08,01.1.1.2.1.01,103.64,N
Lakshadweep,2025-08,01.1.4.8.1.01,105.67,N
Lakshadweep,2025-08,01.1.6.1.1.01,109.61,N
Lakshadweep,2025-08,01.1.7.2.1.01,120.81,N
Lakshadweep,2025-08,01.1.7.2.1.03,101.9,N
Lakshadweep,2025-08,01.1.7.4.1.01,100.52,N
Lakshadweep,2025-08,01.1.7.5.1.01,107.22,N
Lakshadweep,2025-08,01.1.7.6.1.01,97.77,N
Lakshadweep,2025-08,01.1.7.6.1.02,99.66,N
Lakshadweep,2025-08,01.1.7.6.1.05,104.86,N
Lakshadweep,2025-08,01.1.8.1.1.01,100.74,N
Lakshadweep,2025-08,01.1.8.1.1.02,104.41,N
Lakshadweep,2025-07,01.1.1.1.1.01,104.13,N
Lakshadweep,2025-07,01.1.1.2.1.01,103.64,N
Lakshadweep,2025-07,01.1.4.8.1.01,105.67,N
Lakshadweep,2025-07,01.1.6.1.1.01,111.15,N
Lakshadweep,2025-07,01.1.7.2.1.01,112.19,N
Lakshadweep,2025-07,01.1.7.2.1.03,98.6,N
Lakshadweep,2025-07,01.1.7.4.1.01,94.03,N
Lakshadweep,2025-07,01.1.7.5.1.01,107.81,N
Lakshadweep,2025-07,01.1.7.6.1.01,97.77,N
Lakshadweep,2025-07,01.1.7.6.1.02,99.66,N
Lakshadweep,2025-07,01.1.7.6.1.05,104.86,N
Lakshadweep,2025-07,01.1.8.1.1.01,100.42,N
Lakshadweep,2025-07,01.1.8.1.1.02,102.38,N
Lakshadweep,2025-06,01.1.1.1.1.01,104.13,N
Lakshadweep,2025-06,01.1.1.2.1.01,103.4,N
Lakshadweep,2025-06,01.1.4.8.1.01,100.6,N
Lakshadweep,2025-06,01.1.6.1.1.01,111.04,N
Lakshadweep,2025-06,01.1.7.2.1.01,116.32,N
Lakshadweep,2025-06,01.1.7.2.1.03,96.43,N
Lakshadweep,2025-06,01.1.7.4.1.01,81.81,N
Lakshadweep,2025-06,01.1.7.5.1.01,99.61,N
Lakshadweep,2025-06,01.1.7.6.1.01,99.45,N
Lakshadweep,2025-06,01.1.7.6.1.02,98.99,N
Lakshadweep,2025-06,01.1.7.6.1.05,104.3,N
Lakshadweep,2025-06,01.1.8.1.1.01,99.76,N
Lakshadweep,2025-06,01.1.8.1.1.02,102.38,N
Lakshadweep,2025-05,01.1.1.1.1.01,103.11,N
Lakshadweep,2025-05,01.1.1.2.1.01,102.45,N
Lakshadweep,2025-05,01.1.4.8.1.01,94.77,N
Lakshadweep,2025-05,01.1.6.1.1.01,109.7,N
Lakshadweep,2025-05,01.1.7.2.1.01,81.44,N
Lakshadweep,2025-05,01.1.7.2.1.03,102.56,N
Lakshadweep,2025-05,01.1.7.4.1.01,83.02,N
Lakshadweep,2025-05,01.1.7.5.1.01,90.98,N
Lakshadweep,2025-05,01.1.7.6.1.01,98.9,N
Lakshadweep,2025-05,01.1.7.6.1.02,98.52,N
Lakshadweep,2025-05,01.1.7.6.1.05,105.02,N
Lakshadweep,2025-05,01.1.8.1.1.01,99.09,N
Lakshadweep,2025-05,01.1.8.1.1.02,101.6,N
Lakshadweep,2025-04,01.1.1.1.1.01,101.94,N
Lakshadweep,2025-04,01.1.1.2.1.01,101.73,N
Lakshadweep,2025-04,01.1.4.8.1.01,97.02,N
Lakshadweep,2025-04,01.1.6.1.1.01,110.26,N
Lakshadweep,2025-04,01.1.7.2.1.01,74.04,N
Lakshadweep,2025-04,01.1.7.2.1.03,95.22,N
Lakshadweep,2025-04,01.1.7.4.1.01,85.9,N
Lakshadweep,2025-04,01.1.7.5.1.01,89.81,N
Lakshadweep,2025-04,01.1.7.6.1.01,101.48,N
Lakshadweep,2025-04,01.1.7.6.1.02,99.32,N
Lakshadweep,2025-04,01.1.7.6.1.05,105.22,N
Lakshadweep,2025-04,01.1.8.1.1.01,99.09,N
Lakshadweep,2025-04,01.1.8.1.1.02,103.42,N
Lakshadweep,2025-03,01.1.1.1.1.01,101.94,N
Lakshadweep,2025-03,01.1.1.2.1.01,101.73,N
Lakshadweep,2025-03,01.1.4.8.1.01,100.15,N
Lakshadweep,2025-03,01.1.6.1.1.01,109.13,N
Lakshadweep,2025-03,01.1.7.2.1.01,81.16,N
Lakshadweep,2025-03,01.1.7.2.1.03,96.9,N
Lakshadweep,2025-03,01.1.7.4.1.01,98.13,N
Lakshadweep,2025-03,01.1.7.5.1.01,92.42,N
Lakshadweep,2025-03,01.1.7.6.1.01,100.86,N
Lakshadweep,2025-03,01.1.7.6.1.02,96.23,N
Lakshadweep,2025-03,01.1.7.6.1.05,105.96,N
Lakshadweep,2025-03,01.1.8.1.1.01,99.09,N
Lakshadweep,2025-03,01.1.8.1.1.02,101.41,N
Lakshadweep,2025-02,01.1.1.1.1.01,102.3,N
Lakshadweep,2025-02,01.1.1.2.1.01,101.26,N
Lakshadweep,2025-02,01.1.4.8.1.01,99.91,N
Lakshadweep,2025-02,01.1.6.1.1.01,112.76,N
Lakshadweep,2025-02,01.1.7.2.1.01,79.11,N
Lakshadweep,2025-02,01.1.7.2.1.03,97.95,N
Lakshadweep,2025-02,01.1.7.4.1.01,103.09,N
Lakshadweep,2025-02,01.1.7.5.1.01,103.0,N
Lakshadweep,2025-02,01.1.7.6.1.01,100.06,N
Lakshadweep,2025-02,01.1.7.6.1.02,99.73,N
Lakshadweep,2025-02,01.1.7.6.1.05,107.18,N
Lakshadweep,2025-02,01.1.8.1.1.01,100.67,N
Lakshadweep,2025-02,01.1.8.1.1.02,101.41,N
Lakshadweep,2025-01,01.1.1.1.1.01,99.12,N
Lakshadweep,2025-01,01.1.1.2.1.01,101.02,N
Lakshadweep,2025-01,01.1.4.8.1.01,103.2,N
Lakshadweep,2025-01,01.1.6.1.1.01,110.4,N
Lakshadweep,2025-01,01.1.7.2.1.01,95.38,N
Lakshadweep,2025-01,01.1.7.2.1.03,107.63,N
Lakshadweep,2025-01,01.1.7.4.1.01,117.69,N
Lakshadweep,2025-01,01.1.7.5.1.01,101.33,N
Lakshadweep,2025-01,01.1.7.6.1.01,100.06,N
Lakshadweep,2025-01,01.1.7.6.1.02,99.73,N
Lakshadweep,2025-01,01.1.7.6.1.05,107.18,N
Lakshadweep,2025-01,01.1.8.1.1.01,100.67,N
Lakshadweep,2025-01,01.1.8.1.1.02,99.38,N
Madhya Pradesh,2025-12,01.1.1.1.1.01,100.74,N
Madhya Pradesh,2025-12,01.1.1.2.1.01,103.72,N
Madhya Pradesh,2025-12,01.1.4.8.1.01,110.12,N
Madhya Pradesh,2025-12,01.1.6.1.1.01,83.38,N
Madhya Pradesh,2025-12,01.1.7.2.1.01,122.47,N
Madhya Pradesh,2025-12,01.1.7.2.1.03,107.41,N
Madhya Pradesh,2025-12,01.1.7.4.1.01,57.83,N
Madhya Pradesh,2025-12,01.1.7.5.1.01,75.27,N
Madhya Pradesh,2025-12,01.1.7.6.1.01,71.1,N
Madhya Pradesh,2025-12,01.1.7.6.1.02,92.09,N
Madhya Pradesh,2025-12,01.1.7.6.1.05,96.73,N
Madhya Pradesh,2025-12,01.1.8.1.1.01,104.08,N
Madhya Pradesh,2025-12,01.1.8.1.1.02,109.85,N
Madhya Pradesh,2025-11,01.1.1.1.1.01,100.78,N
Madhya Pradesh,2025-11,01.1.1.2.1.01,103.48,N
Madhya Pradesh,2025-11,01.1.4.8.1.01,104.94,N
Madhya Pradesh,2025-11,01.1.6.1.1.01,90.05,N
Madhya Pradesh,2025-11,01.1.7.2.1.01,120.04,N
Madhya Pradesh,2025-11,01.1.7.2.1.03,114.17,N
Madhya Pradesh,2025-11,01.1.7.4.1.01,59.66,N
Madhya Pradesh,2025-11,01.1.7.5.1.01,81.49,N
Madhya Pradesh,2025-11,01.1.7.6.1.01,70.18,N
Madhya Pradesh,2025-11,01.1.7.6.1.02,92.18,N
Madhya Pradesh,2025-11,01.1.7.6.1.05,97.55,N
Madhya Pradesh,2025-11,01.1.8.1.1.01,104.66,N
Madhya Pradesh,2025-11,01.1.8.1.1.02,111.78,N
Madhya Pradesh,2025-10,01.1.1.1.1.01,101.93,N
Madhya Pradesh,2025-10,01.1.1.2.1.01,103.6,N
Madhya Pradesh,2025-10,01.1.4.8.1.01,101.03,N
Madhya Pradesh,2025-10,01.1.6.1.1.01,92.87,N
Madhya Pradesh,2025-10,01.1.7.2.1.01,98.84,N
Madhya Pradesh,2025-10,01.1.7.2.1.03,104.51,N
Madhya Pradesh,2025-10,01.1.7.4.1.01,59.94,N
Madhya Pradesh,2025-10,01.1.7.5.1.01,77.43,N
Madhya Pradesh,2025-10,01.1.7.6.1.01,69.14,N
Madhya Pradesh,2025-10,01.1.7.6.1.02,92.05,N
Madhya Pradesh,2025-10,01.1.7.6.1.05,97.16,N
Madhya Pradesh,2025-10,01.1.8.1.1.01,104.22,N
Madhya Pradesh,2025-10,01.1.8.1.1.02,110.36,N
Madhya Pradesh,2025-09,01.1.1.1.1.01,103.0,N
Madhya Pradesh,2025-09,01.1.1.2.1.01,102.99,N
Madhya Pradesh,2025-09,01.1.4.8.1.01,101.24,N
Madhya Pradesh,2025-09,01.1.6.1.1.01,98.4,N
Madhya Pradesh,2025-09,01.1.7.2.1.01,108.24,N
Madhya Pradesh,2025-09,01.1.7.2.1.03,111.9,N
Madhya Pradesh,2025-09,01.1.7.4.1.01,63.08,N
Madhya Pradesh,2025-09,01.1.7.5.1.01,76.72,N
Madhya Pradesh,2025-09,01.1.7.6.1.01,70.96,N
Madhya Pradesh,2025-09,01.1.7.6.1.02,92.44,N
Madhya Pradesh,2025-09,01.1.7.6.1.05,98.16,N
Madhya Pradesh,2025-09,01.1.8.1.1.01,104.23,N
Madhya Pradesh,2025-09,01.1.8.1.1.02,109.0,N
Madhya Pradesh,2025-08,01.1.1.1.1.01,103.47,N
Madhya Pradesh,2025-08,01.1.1.2.1.01,102.79,N
Madhya Pradesh,2025-08,01.1.4.8.1.01,99.42,N
Madhya Pradesh,2025-08,01.1.6.1.1.01,108.47,N
Madhya Pradesh,2025-08,01.1.7.2.1.01,163.23,N
Madhya Pradesh,2025-08,01.1.7.2.1.03,107.93,N
Madhya Pradesh,2025-08,01.1.7.4.1.01,63.7,N
Madhya Pradesh,2025-08,01.1.7.5.1.01,80.7,N
Madhya Pradesh,2025-08,01.1.7.6.1.01,72.05,N
Madhya Pradesh,2025-08,01.1.7.6.1.02,93.78,N
Madhya Pradesh,2025-08,01.1.7.6.1.05,98.19,N
Madhya Pradesh,2025-08,01.1.8.1.1.01,104.42,N
Madhya Pradesh,2025-08,01.1.8.1.1.02,108.26,N
Madhya Pradesh,2025-07,01.1.1.1.1.01,103.64,N
Madhya Pradesh,2025-07,01.1.1.2.1.01,102.72,N
Madhya Pradesh,2025-07,01.1.4.8.1.01,100.44,N
Madhya Pradesh,2025-07,01.1.6.1.1.01,106.68,N
Madhya Pradesh,2025-07,01.1.7.2.1.01,124.35,N
Madhya Pradesh,2025-07,01.1.7.2.1.03,118.72,N
Madhya Pradesh,2025-07,01.1.7.4.1.01,62.81,N
Madhya Pradesh,2025-07,01.1.7.5.1.01,84.23,N
Madhya Pradesh,2025-07,01.1.7.6.1.01,73.25,N
Madhya Pradesh,2025-07,01.1.7.6.1.02,93.68,N
Madhya Pradesh,2025-07,01.1.7.6.1.05,97.69,N
Madhya Pradesh,2025-07,01.1.8.1.1.01,103.26,N
Madhya Pradesh,2025-07,01.1.8.1.1.02,106.14,N
Madhya Pradesh,2025-06,01.1.1.1.1.01,103.61,N
Madhya Pradesh,2025-06,01.1.1.2.1.01,104.27,N
Madhya Pradesh,2025-06,01.1.4.8.1.01,100.69,N
Madhya Pradesh,2025-06,01.1.6.1.1.01,108.33,N
Madhya Pradesh,2025-06,01.1.7.2.1.01,97.88,N
Madhya Pradesh,2025-06,01.1.7.2.1.03,94.77,N
Madhya Pradesh,2025-06,01.1.7.4.1.01,54.81,N
Madhya Pradesh,2025-06,01.1.7.5.1.01,84.16,N
Madhya Pradesh,2025-06,01.1.7.6.1.01,75.33,N
Madhya Pradesh,2025-06,01.1.7.6.1.02,93.88,N
Madhya Pradesh,2025-06,01.1.7.6.1.05,98.82,N
Madhya Pradesh,2025-06,01.1.8.1.1.01,103.53,N
Madhya Pradesh,2025-06,01.1.8.1.1.02,104.65,N
Madhya Pradesh,2025-05,01.1.1.1.1.01,103.22,N
Madhya Pradesh,2025-05,01.1.1.2.1.01,104.72,N
Madhya Pradesh,2025-05,01.1.4.8.1.01,98.67,N
Madhya Pradesh,2025-05,01.1.6.1.1.01,105.02,N
Madhya Pradesh,2025-05,01.1.7.2.1.01,53.59,N
Madhya Pradesh,2025-05,01.1.7.2.1.03,84.1,N
Madhya Pradesh,2025-05,01.1.7.4.1.01,57.91,N
Madhya Pradesh,2025-05,01.1.7.5.1.01,83.33,N
Madhya Pradesh,2025-05,01.1.7.6.1.01,77.45,N
Madhya Pradesh,2025-05,01.1.7.6.1.02,93.45,N
Madhya Pradesh,2025-05,01.1.7.6.1.05,98.23,N
Madhya Pradesh,2025-05,01.1.8.1.1.01,103.71,N
Madhya Pradesh,2025-05,01.1.8.1.1.02,103.76,N
Madhya Pradesh,2025-04,01.1.1.1.1.01,103.57,N
Madhya Pradesh,2025-04,01.1.1.2.1.01,105.75,N
Madhya Pradesh,2025-04,01.1.4.8.1.01,98.92,N
Madhya Pradesh,2025-04,01.1.6.1.1.01,107.14,N
Madhya Pradesh,2025-04,01.1.7.2.1.01,44.22,N
Madhya Pradesh,2025-04,01.1.7.2.1.03,84.09,N
Madhya Pradesh,2025-04,01.1.7.4.1.01,75.75,N
Madhya Pradesh,2025-04,01.1.7.5.1.01,74.43,N
Madhya Pradesh,2025-04,01.1.7.6.1.01,80.81,N
Madhya Pradesh,2025-04,01.1.7.6.1.02,95.44,N
Madhya Pradesh,2025-04,01.1.7.6.1.05,100.42,N
Madhya Pradesh,2025-04,01.1.8.1.1.01,103.47,N
Madhya Pradesh,2025-04,01.1.8.1.1.02,102.3,N
Madhya Pradesh,2025-03,01.1.1.1.1.01,104.17,N
Madhya Pradesh,2025-03,01.1.1.2.1.01,107.01,N
Madhya Pradesh,2025-03,01.1.4.8.1.01,101.8,N
Madhya Pradesh,2025-03,01.1.6.1.1.01,109.2,N
Madhya Pradesh,2025-03,01.1.7.2.1.01,39.09,N
Madhya Pradesh,2025-03,01.1.7.2.1.03,80.09,N
Madhya Pradesh,2025-03,01.1.7.4.1.01,88.97,N
Madhya Pradesh,2025-03,01.1.7.5.1.01,76.57,N
Madhya Pradesh,2025-03,01.1.7.6.1.01,84.81,N
Madhya Pradesh,2025-03,01.1.7.6.1.02,94.91,N
Madhya Pradesh,2025-03,01.1.7.6.1.05,101.4,N
Madhya Pradesh,2025-03,01.1.8.1.1.01,102.84,N
Madhya Pradesh,2025-03,01.1.8.1.1.02,101.75,N
Madhya Pradesh,2025-02,01.1.1.1.1.01,104.1,N
Madhya Pradesh,2025-02,01.1.1.2.1.01,106.11,N
Madhya Pradesh,2025-02,01.1.4.8.1.01,103.78,N
Madhya Pradesh,2025-02,01.1.6.1.1.01,99.64,N
Madhya Pradesh,2025-02,01.1.7.2.1.01,44.48,N
Madhya Pradesh,2025-02,01.1.7.2.1.03,74.48,N
Madhya Pradesh,2025-02,01.1.7.4.1.01,96.42,N
Madhya Pradesh,2025-02,01.1.7.5.1.01,79.35,N
Madhya Pradesh,2025-02,01.1.7.6.1.01,89.13,N
Madhya Pradesh,2025-02,01.1.7.6.1.02,96.09,N
Madhya Pradesh,2025-02,01.1.7.6.1.05,104.71,N
Madhya Pradesh,2025-02,01.1.8.1.1.01,101.05,N
Madhya Pradesh,2025-02,01.1.8.1.1.02,100.15,N
Madhya Pradesh,2025-01,01.1.1.1.1.01,103.83,N
Madhya Pradesh,2025-01,01.1.1.2.1.01,105.45,N
Madhya Pradesh,2025-01,01.1.4.8.1.01,106.7,N
Madhya Pradesh,2025-01,01.1.6.1.1.01,95.99,N
Madhya Pradesh,2025-01,01.1.7.2.1.01,59.66,N
Madhya Pradesh,2025-01,01.1.7.2.1.03,77.87,N
Madhya Pradesh,2025-01,01.1.7.4.1.01,96.65,N
Madhya Pradesh,2025-01,01.1.7.5.1.01,93.9,N
Madhya Pradesh,2025-01,01.1.7.6.1.01,95.94,N
Madhya Pradesh,2025-01,01.1.7.6.1.02,97.98,N
Madhya Pradesh,2025-01,01.1.7.6.1.05,107.93,N
Madhya Pradesh,2025-01,01.1.8.1.1.01,99.74,N
Madhya Pradesh,2025-01,01.1.8.1.1.02,100.42,N
Maharashtra,2025-12,01.1.1.1.1.01,102.54,N
Maharashtra,2025-12,01.1.1.2.1.01,107.63,N
Maharashtra,2025-12,01.1.4.8.1.01,116.07,N
Maharashtra,2025-12,01.1.6.1.1.01,98.71,N
Maharashtra,2025-12,01.1.7.2.1.01,129.29,N
Maharashtra,2025-12,01.1.7.2.1.03,131.06,N
Maharashtra,2025-12,01.1.7.4.1.01,72.53,N
Maharashtra,2025-12,01.1.7.5.1.01,83.21,N
Maharashtra,2025-12,01.1.7.6.1.01,73.57,N
Maharashtra,2025-12,01.1.7.6.1.02,95.06,N
Maharashtra,2025-12,01.1.7.6.1.05,98.27,N
Maharashtra,2025-12,01.1.8.1.1.01,105.02,N
Maharashtra,2025-12,01.1.8.1.1.02,105.07,N
Maharashtra,2025-11,01.1.1.1.1.01,102.5,N
Maharashtra,2025-11,01.1.1.2.1.01,107.61,N
Maharashtra,2025-11,01.1.4.8.1.01,109.43,N
Maharashtra,2025-11,01.1.6.1.1.01,99.8,N
Maharashtra,2025-11,01.1.7.2.1.01,114.63,N
Maharashtra,2025-11,01.1.7.2.1.03,131.63,N
Maharashtra,2025-11,01.1.7.4.1.01,70.7,N
Maharashtra,2025-11,01.1.7.5.1.01,86.68,N
Maharashtra,2025-11,01.1.7.6.1.01,72.83,N
Maharashtra,2025-11,01.1.7.6.1.02,95.35,N
Maharashtra,2025-11,01.1.7.6.1.05,99.24,N
Maharashtra,2025-11,01.1.8.1.1.01,105.37,N
Maharashtra,2025-11,01.1.8.1.1.02,105.15,N
Maharashtra,2025-10,01.1.1.1.1.01,102.2,N
Maharashtra,2025-10,01.1.1.2.1.01,107.0,N
Maharashtra,2025-10,01.1.4.8.1.01,103.41,N
Maharashtra,2025-10,01.1.6.1.1.01,103.33,N
Maharashtra,2025-10,01.1.7.2.1.01,92.89,N
Maharashtra,2025-10,01.1.7.2.1.03,115.11,N
Maharashtra,2025-10,01.1.7.4.1.01,69.25,N
Maharashtra,2025-10,01.1.7.5.1.01,82.87,N
Maharashtra,2025-10,01.1.7.6.1.01,71.84,N
Maharashtra,2025-10,01.1.7.6.1.02,94.47,N
Maharashtra,2025-10,01.1.7.6.1.05,99.01,N
Maharashtra,2025-10,01.1.8.1.1.01,105.66,N
Maharashtra,2025-10,01.1.8.1.1.02,104.86,N
Maharashtra,2025-09,01.1.1.1.1.01,101.67,N
Maharashtra,2025-09,01.1.1.2.1.01,107.32,N
Maharashtra,2025-09,01.1.4.8.1.01,102.95,N
Maharashtra,2025-09,01.1.6.1.1.01,107.46,N
Maharashtra,2025-09,01.1.7.2.1.01,100.82,N
Maharashtra,2025-09,01.1.7.2.1.03,106.53,N
Maharashtra,2025-09,01.1.7.4.1.01,71.13,N
Maharashtra,2025-09,01.1.7.5.1.01,82.94,N
Maharashtra,2025-09,01.1.7.6.1.01,72.92,N
Maharashtra,2025-09,01.1.7.6.1.02,95.22,N
Maharashtra,2025-09,01.1.7.6.1.05,100.23,N
Maharashtra,2025-09,01.1.8.1.1.01,105.62,N
Maharashtra,2025-09,01.1.8.1.1.02,104.68,N
Maharashtra,2025-08,01.1.1.1.1.01,101.45,N
Maharashtra,2025-08,01.1.1.2.1.01,107.66,N
Maharashtra,2025-08,01.1.4.8.1.01,100.81,N
Maharashtra,2025-08,01.1.6.1.1.01,108.04,N
Maharashtra,2025-08,01.1.7.2.1.01,130.98,N
Maharashtra,2025-08,01.1.7.2.1.03,103.4,N
Maharashtra,2025-08,01.1.7.4.1.01,71.09,N
Maharashtra,2025-08,01.1.7.5.1.01,85.21,N
Maharashtra,2025-08,01.1.7.6.1.01,74.06,N
Maharashtra,2025-08,01.1.7.6.1.02,95.45,N
Maharashtra,2025-08,01.1.7.6.1.05,100.28,N
Maharashtra,2025-08,01.1.8.1.1.01,104.81,N
Maharashtra,2025-08,01.1.8.1.1.02,104.7,N
Maharashtra,2025-07,01.1.1.1.1.01,101.24,N
Maharashtra,2025-07,01.1.1.2.1.01,107.32,N
Maharashtra,2025-07,01.1.4.8.1.01,103.9,N
Maharashtra,2025-07,01.1.6.1.1.01,106.06,N
Maharashtra,2025-07,01.1.7.2.1.01,105.99,N
Maharashtra,2025-07,01.1.7.2.1.03,122.96,N
Maharashtra,2025-07,01.1.7.4.1.01,72.31,N
Maharashtra,2025-07,01.1.7.5.1.01,88.31,N
Maharashtra,2025-07,01.1.7.6.1.01,75.21,N
Maharashtra,2025-07,01.1.7.6.1.02,95.32,N
Maharashtra,2025-07,01.1.7.6.1.05,98.06,N
Maharashtra,2025-07,01.1.8.1.1.01,103.81,N
Maharashtra,2025-07,01.1.8.1.1.02,104.18,N
Maharashtra,2025-06,01.1.1.1.1.01,101.54,N
Maharashtra,2025-06,01.1.1.2.1.01,107.97,N
Maharashtra,2025-06,01.1.4.8.1.01,101.82,N
Maharashtra,2025-06,01.1.6.1.1.01,105.59,N
Maharashtra,2025-06,01.1.7.2.1.01,96.76,N
Maharashtra,2025-06,01.1.7.2.1.03,111.7,N
Maharashtra,2025-06,01.1.7.4.1.01,70.72,N
Maharashtra,2025-06,01.1.7.5.1.01,89.33,N
Maharashtra,2025-06,01.1.7.6.1.01,76.51,N
Maharashtra,2025-06,01.1.7.6.1.02,95.81,N
Maharashtra,2025-06,01.1.7.6.1.05,97.82,N
Maharashtra,2025-06,01.1.8.1.1.01,103.46,N
Maharashtra,2025-06,01.1.8.1.1.02,103.74,N
Maharashtra,2025-05,01.1.1.1.1.01,102.09,N
Maharashtra,2025-05,01.1.1.2.1.01,107.58,N
Maharashtra,2025-05,01.1.4.8.1.01,96.79,N
Maharashtra,2025-05,01.1.6.1.1.01,103.72,N
Maharashtra,2025-05,01.1.7.2.1.01,73.64,N
Maharashtra,2025-05,01.1.7.2.1.03,91.78,N
Maharashtra,2025-05,01.1.7.4.1.01,68.97,N
Maharashtra,2025-05,01.1.7.5.1.01,87.5,N
Maharashtra,2025-05,01.1.7.6.1.01,78.93,N
Maharashtra,2025-05,01.1.7.6.1.02,96.57,N
Maharashtra,2025-05,01.1.7.6.1.05,98.44,N
Maharashtra,2025-05,01.1.8.1.1.01,103.93,N
Maharashtra,2025-05,01.1.8.1.1.02,102.21,N
Maharashtra,2025-04,01.1.1.1.1.01,102.14,N
Maharashtra,2025-04,01.1.1.2.1.01,107.5,N
Maharashtra,2025-04,01.1.4.8.1.01,93.96,N
Maharashtra,2025-04,01.1.6.1.1.01,103.53,N
Maharashtra,2025-04,01.1.7.2.1.01,62.08,N
Maharashtra,2025-04,01.1.7.2.1.03,86.98,N
Maharashtra,2025-04,01.1.7.4.1.01,76.82,N
Maharashtra,2025-04,01.1.7.5.1.01,85.99,N
Maharashtra,2025-04,01.1.7.6.1.01,81.05,N
Maharashtra,2025-04,01.1.7.6.1.02,96.63,N
Maharashtra,2025-04,01.1.7.6.1.05,98.87,N
Maharashtra,2025-04,01.1.8.1.1.01,103.45,N
Maharashtra,2025-04,01.1.8.1.1.02,101.41,N
Maharashtra,2025-03,01.1.1.1.1.01,102.28,N
Maharashtra,2025-03,01.1.1.2.1.01,106.98,N
Maharashtra,2025-03,01.1.4.8.1.01,96.51,N
Maharashtra,2025-03,01.1.6.1.1.01,105.04,N
Maharashtra,2025-03,01.1.7.2.1.01,59.64,N
Maharashtra,2025-03,01.1.7.2.1.03,85.46,N
Maharashtra,2025-03,01.1.7.4.1.01,91.83,N
Maharashtra,2025-03,01.1.7.5.1.01,89.27,N
Maharashtra,2025-03,01.1.7.6.1.01,83.19,N
Maharashtra,2025-03,01.1.7.6.1.02,96.5,N
Maharashtra,2025-03,01.1.7.6.1.05,100.51,N
Maharashtra,2025-03,01.1.8.1.1.01,102.88,N
Maharashtra,2025-03,01.1.8.1.1.02,101.05,N
Maharashtra,2025-02,01.1.1.1.1.01,102.52,N
Maharashtra,2025-02,01.1.1.2.1.01,106.68,N
Maharashtra,2025-02,01.1.4.8.1.01,101.37,N
Maharashtra,2025-02,01.1.6.1.1.01,101.94,N
Maharashtra,2025-02,01.1.7.2.1.01,60.97,N
Maharashtra,2025-02,01.1.7.2.1.03,87.64,N
Maharashtra,2025-02,01.1.7.4.1.01,100.73,N
Maharashtra,2025-02,01.1.7.5.1.01,95.96,N
Maharashtra,2025-02,01.1.7.6.1.01,87.64,N
Maharashtra,2025-02,01.1.7.6.1.02,97.2,N
Maharashtra,2025-02,01.1.7.6.1.05,103.75,N
Maharashtra,2025-02,01.1.8.1.1.01,101.56,N
Maharashtra,2025-02,01.1.8.1.1.02,100.57,N
Maharashtra,2025-01,01.1.1.1.1.01,102.82,N
Maharashtra,2025-01,01.1.1.2.1.01,106.04,N
Maharashtra,2025-01,01.1.4.8.1.01,106.76,N
Maharashtra,2025-01,01.1.6.1.1.01,99.4,N
Maharashtra,2025-01,01.1.7.2.1.01,73.69,N
Maharashtra,2025-01,01.1.7.2.1.03,92.39,N
Maharashtra,2025-01,01.1.7.4.1.01,105.62,N
Maharashtra,2025-01,01.1.7.5.1.01,101.77,N
Maharashtra,2025-01,01.1.7.6.1.01,95.43,N
Maharashtra,2025-01,01.1.7.6.1.02,98.3,N
Maharashtra,2025-01,01.1.7.6.1.05,107.37,N
Maharashtra,2025-01,01.1.8.1.1.01,99.17,N
Maharashtra,2025-01,01.1.8.1.1.02,101.1,N
Manipur,2025-12,01.1.1.1.1.01,103.02,N
Manipur,2025-12,01.1.1.2.1.01,97.82,N
Manipur,2025-12,01.1.4.8.1.01,105.29,N
Manipur,2025-12,01.1.6.1.1.01,124.59,N
Manipur,2025-12,01.1.7.2.1.01,104.89,N
Manipur,2025-12,01.1.7.2.1.03,117.84,N
Manipur,2025-12,01.1.7.4.1.01,75.26,N
Manipur,2025-12,01.1.7.5.1.01,79.81,N
Manipur,2025-12,01.1.7.6.1.01,96.52,N
Manipur,2025-12,01.1.7.6.1.02,97.1,N
Manipur,2025-12,01.1.7.6.1.05,102.41,N
Manipur,2025-12,01.1.8.1.1.01,109.74,N
Manipur,2025-12,01.1.8.1.1.02,112.66,N
Manipur,2025-11,01.1.1.1.1.01,107.31,N
Manipur,2025-11,01.1.1.2.1.01,97.64,N
Manipur,2025-11,01.1.4.8.1.01,102.94,N
Manipur,2025-11,01.1.6.1.1.01,130.56,N
Manipur,2025-11,01.1.7.2.1.01,103.98,N
Manipur,2025-11,01.1.7.2.1.03,116.72,N
Manipur,2025-11,01.1.7.4.1.01,70.04,N
Manipur,2025-11,01.1.7.5.1.01,85.85,N
Manipur,2025-11,01.1.7.6.1.01,100.23,N
Manipur,2025-11,01.1.7.6.1.02,98.17,N
Manipur,2025-11,01.1.7.6.1.05,105.07,N
Manipur,2025-11,01.1.8.1.1.01,111.18,N
Manipur,2025-11,01.1.8.1.1.02,112.66,N
Manipur,2025-10,01.1.1.1.1.01,106.66,N
Manipur,2025-10,01.1.1.2.1.01,97.64,N
Manipur,2025-10,01.1.4.8.1.01,99.19,N
Manipur,2025-10,01.1.6.1.1.01,139.91,N
Manipur,2025-10,01.1.7.2.1.01,112.6,N
Manipur,2025-10,01.1.7.2.1.03,116.9,N
Manipur,2025-10,01.1.7.4.1.01,75.04,N
Manipur,2025-10,01.1.7.5.1.01,83.81,N
Manipur,2025-10,01.1.7.6.1.01,101.69,N
Manipur,2025-10,01.1.7.6.1.02,99.15,N
Manipur,2025-10,01.1.7.6.1.05,112.42,N
Manipur,2025-10,01.1.8.1.1.01,99.48,N
Manipur,2025-10,01.1.8.1.1.02,109.29,N
Manipur,2025-09,01.1.1.1.1.01,105.31,N
Manipur,2025-09,01.1.1.2.1.01,96.86,N
Manipur,2025-09,01.1.4.8.1.01,98.76,N
Manipur,2025-09,01.1.6.1.1.01,127.08,N
Manipur,2025-09,01.1.7.2.1.01,124.78,N
Manipur,2025-09,01.1.7.2.1.03,117.84,N
Manipur,2025-09,01.1.7.4.1.01,79.9,N
Manipur,2025-09,01.1.7.5.1.01,86.68,N
Manipur,2025-09,01.1.7.6.1.01,102.66,N
Manipur,2025-09,01.1.7.6.1.02,99.93,N
Manipur,2025-09,01.1.7.6.1.05,112.42,N
Manipur,2025-09,01.1.8.1.1.01,99.09,N
Manipur,2025-09,01.1.8.1.1.02,108.75,N
Manipur,2025-08,01.1.1.1.1.01,104.81,N
Manipur,2025-08,01.1.1.2.1.01,97.57,N
Manipur,2025-08,01.1.4.8.1.01,96.59,N
Manipur,2025-08,01.1.6.1.1.01,122.0,N
Manipur,2025-08,01.1.7.2.1.01,103.27,N
Manipur,2025-08,01.1.7.2.1.03,115.08,N
Manipur,2025-08,01.1.7.4.1.01,83.11,N
Manipur,2025-08,01.1.7.5.1.01,90.63,N
Manipur,2025-08,01.1.7.6.1.01,103.88,N
Manipur,2025-08,01.1.7.6.1.02,98.77,N
Manipur,2025-08,01.1.7.6.1.05,113.82,N
Manipur,2025-08,01.1.8.1.1.01,95.7,N
Manipur,2025-08,01.1.8.1.1.02,108.45,N
Manipur,2025-07,01.1.1.1.1.01,104.1,N
Manipur,2025-07,01.1.1.2.1.01,98.84,N
Manipur,2025-07,01.1.4.8.1.01,93.01,N
Manipur,2025-07,01.1.6.1.1.01,122.7,N
Manipur,2025-07,01.1.7.2.1.01,85.49,N
Manipur,2025-07,01.1.7.2.1.03,108.48,N
Manipur,2025-07,01.1.7.4.1.01,84.27,N
Manipur,2025-07,01.1.7.5.1.01,85.88,N
Manipur,2025-07,01.1.7.6.1.01,102.75,N
Manipur,2025-07,01.1.7.6.1.02,100.19,N
Manipur,2025-07,01.1.7.6.1.05,110.71,N
Manipur,2025-07,01.1.8.1.1.01,93.76,N
Manipur,2025-07,01.1.8.1.1.02,107.61,N
Manipur,2025-06,01.1.1.1.1.01,105.51,N
Manipur,2025-06,01.1.1.2.1.01,98.84,N
Manipur,2025-06,01.1.4.8.1.01,88.95,N
Manipur,2025-06,01.1.6.1.1.01,117.19,N
Manipur,2025-06,01.1.7.2.1.01,78.73,N
Manipur,2025-06,01.1.7.2.1.03,106.62,N
Manipur,2025-06,01.1.7.4.1.01,82.92,N
Manipur,2025-06,01.1.7.5.1.01,80.46,N
Manipur,2025-06,01.1.7.6.1.01,107.04,N
Manipur,2025-06,01.1.7.6.1.02,100.39,N
Manipur,2025-06,01.1.7.6.1.05,111.42,N
Manipur,2025-06,01.1.8.1.1.01,93.76,N
Manipur,2025-06,01.1.8.1.1.02,105.52,N
Manipur,2025-05,01.1.1.1.1.01,104.97,N
Manipur,2025-05,01.1.1.2.1.01,98.47,N
Manipur,2025-05,01.1.4.8.1.01,90.51,N
Manipur,2025-05,01.1.6.1.1.01,107.71,N
Manipur,2025-05,01.1.7.2.1.01,48.97,N
Manipur,2025-05,01.1.7.2.1.03,97.98,N
Manipur,2025-05,01.1.7.4.1.01,76.67,N
Manipur,2025-05,01.1.7.5.1.01,69.4,N
Manipur,2025-05,01.1.7.6.1.01,107.86,N
Manipur,2025-05,01.1.7.6.1.02,100.12,N
Manipur,2025-05,01.1.7.6.1.05,110.71,N
Manipur,2025-05,01.1.8.1.1.01,91.41,N
Manipur,2025-05,01.1.8.1.1.02,105.52,N
Manipur,2025-04,01.1.1.1.1.01,105.5,N
Manipur,2025-04,01.1.1.2.1.01,99.21,N
Manipur,2025-04,01.1.4.8.1.01,92.02,N
Manipur,2025-04,01.1.6.1.1.01,106.61,N
Manipur,2025-04,01.1.7.2.1.01,61.03,N
Manipur,2025-04,01.1.7.2.1.03,100.21,N
Manipur,2025-04,01.1.7.4.1.01,78.56,N
Manipur,2025-04,01.1.7.5.1.01,64.64,N
Manipur,2025-04,01.1.7.6.1.01,107.9,N
Manipur,2025-04,01.1.7.6.1.02,100.01,N
Manipur,2025-04,01.1.7.6.1.05,108.38,N
Manipur,2025-04,01.1.8.1.1.01,92.61,N
Manipur,2025-04,01.1.8.1.1.02,104.35,N
Manipur,2025-03,01.1.1.1.1.01,103.48,N
Manipur,2025-03,01.1.1.2.1.01,99.83,N
Manipur,2025-03,01.1.4.8.1.01,98.6,N
Manipur,2025-03,01.1.6.1.1.01,102.55,N
Manipur,2025-03,01.1.7.2.1.01,67.92,N
Manipur,2025-03,01.1.7.2.1.03,96.73,N
Manipur,2025-03,01.1.7.4.1.01,80.5,N
Manipur,2025-03,01.1.7.5.1.01,67.53,N
Manipur,2025-03,01.1.7.6.1.01,108.97,N
Manipur,2025-03,01.1.7.6.1.02,100.55,N
Manipur,2025-03,01.1.7.6.1.05,107.58,N
Manipur,2025-03,01.1.8.1.1.01,94.35,N
Manipur,2025-03,01.1.8.1.1.02,104.4,N
Manipur,2025-02,01.1.1.1.1.01,103.3,N
Manipur,2025-02,01.1.1.2.1.01,100.05,N
Manipur,2025-02,01.1.4.8.1.01,99.94,N
Manipur,2025-02,01.1.6.1.1.01,105.39,N
Manipur,2025-02,01.1.7.2.1.01,87.05,N
Manipur,2025-02,01.1.7.2.1.03,100.99,N
Manipur,2025-02,01.1.7.4.1.01,91.47,N
Manipur,2025-02,01.1.7.5.1.01,82.97,N
Manipur,2025-02,01.1.7.6.1.01,108.91,N
Manipur,2025-02,01.1.7.6.1.02,101.11,N
Manipur,2025-02,01.1.7.6.1.05,109.6,N
Manipur,2025-02,01.1.8.1.1.01,93.71,N
Manipur,2025-02,01.1.8.1.1.02,102.96,N
Manipur,2025-01,01.1.1.1.1.01,104.56,N
Manipur,2025-01,01.1.1.2.1.01,100.46,N
Manipur,2025-01,01.1.4.8.1.01,100.93,N
Manipur,2025-01,01.1.6.1.1.01,105.5,N
Manipur,2025-01,01.1.7.2.1.01,125.68,N
Manipur,2025-01,01.1.7.2.1.03,121.48,N
Manipur,2025-01,01.1.7.4.1.01,108.48,N
Manipur,2025-01,01.1.7.5.1.01,111.15,N
Manipur,2025-01,01.1.7.6.1.01,99.56,N
Manipur,2025-01,01.1.7.6.1.02,99.63,N
Manipur,2025-01,01.1.7.6.1.05,107.58,N
Manipur,2025-01,01.1.8.1.1.01,95.92,N
Manipur,2025-01,01.1.8.1.1.02,102.96,N
Meghalaya,2025-12,01.1.1.1.1.01,100.05,N
Meghalaya,2025-12,01.1.1.2.1.01,114.57,N
Meghalaya,2025-12,01.1.4.8.1.01,104.68,N
Meghalaya,2025-12,01.1.6.1.1.01,100.53,N
Meghalaya,2025-12,01.1.7.2.1.01,110.95,N
Meghalaya,2025-12,01.1.7.2.1.03,111.77,N
Meghalaya,2025-12,01.1.7.4.1.01,80.58,N
Meghalaya,2025-12,01.1.7.5.1.01,85.84,N
Meghalaya,2025-12,01.1.7.6.1.01,110.13,N
Meghalaya,2025-12,01.1.7.6.1.02,103.28,N
Meghalaya,2025-12,01.1.7.6.1.05,105.56,N
Meghalaya,2025-12,01.1.8.1.1.01,103.49,N
Meghalaya,2025-12,01.1.8.1.1.02,94.79,N
Meghalaya,2025-11,01.1.1.1.1.01,101.36,N
Meghalaya,2025-11,01.1.1.2.1.01,114.57,N
Meghalaya,2025-11,01.1.4.8.1.01,101.54,N
Meghalaya,2025-11,01.1.6.1.1.01,103.8,N
Meghalaya,2025-11,01.1.7.2.1.01,99.96,N
Meghalaya,2025-11,01.1.7.2.1.03,110.97,N
Meghalaya,2025-11,01.1.7.4.1.01,77.28,N
Meghalaya,2025-11,01.1.7.5.1.01,91.71,N
Meghalaya,2025-11,01.1.7.6.1.01,111.38,N
Meghalaya,2025-11,01.1.7.6.1.02,105.98,N
Meghalaya,2025-11,01.1.7.6.1.05,106.87,N
Meghalaya,2025-11,01.1.8.1.1.01,102.87,N
Meghalaya,2025-11,01.1.8.1.1.02,94.79,N
Meghalaya,2025-10,01.1.1.1.1.01,101.7,N
Meghalaya,2025-10,01.1.1.2.1.01,113.16,N
Meghalaya,2025-10,01.1.4.8.1.01,99.96,N
Meghalaya,2025-10,01.1.6.1.1.01,103.68,N
Meghalaya,2025-10,01.1.7.2.1.01,96.33,N
Meghalaya,2025-10,01.1.7.2.1.03,111.46,N
Meghalaya,2025-10,01.1.7.4.1.01,81.59,N
Meghalaya,2025-10,01.1.7.5.1.01,86.41,N
Meghalaya,2025-10,01.1.7.6.1.01,110.82,N
Meghalaya,2025-10,01.1.7.6.1.02,106.5,N
Meghalaya,2025-10,01.1.7.6.1.05,106.46,N
Meghalaya,2025-10,01.1.8.1.1.01,102.26,N
Meghalaya,2025-10,01.1.8.1.1.02,102.68,N
Meghalaya,2025-09,01.1.1.1.1.01,102.34,N
Meghalaya,2025-09,01.1.1.2.1.01,113.96,N
Meghalaya,2025-09,01.1.4.8.1.01,98.3,N
Meghalaya,2025-09,01.1.6.1.1.01,105.5,N
Meghalaya,2025-09,01.1.7.2.1.01,107.41,N
Meghalaya,2025-09,01.1.7.2.1.03,106.66,N
Meghalaya,2025-09,01.1.7.4.1.01,86.85,N
Meghalaya,2025-09,01.1.7.5.1.01,91.34,N
Meghalaya,2025-09,01.1.7.6.1.01,110.95,N
Meghalaya,2025-09,01.1.7.6.1.02,105.89,N
Meghalaya,2025-09,01.1.7.6.1.05,107.26,N
Meghalaya,2025-09,01.1.8.1.1.01,102.35,N
Meghalaya,2025-09,01.1.8.1.1.02,102.68,N
Meghalaya,2025-08,01.1.1.1.1.01,101.11,N
Meghalaya,2025-08,01.1.1.2.1.01,113.77,N
Meghalaya,2025-08,01.1.4.8.1.01,102.49,N
Meghalaya,2025-08,01.1.6.1.1.01,104.49,N
Meghalaya,2025-08,01.1.7.2.1.01,99.78,N
Meghalaya,2025-08,01.1.7.2.1.03,95.22,N
Meghalaya,2025-08,01.1.7.4.1.01,86.66,N
Meghalaya,2025-08,01.1.7.5.1.01,96.95,N
Meghalaya,2025-08,01.1.7.6.1.01,111.08,N
Meghalaya,2025-08,01.1.7.6.1.02,106.56,N
Meghalaya,2025-08,01.1.7.6.1.05,107.63,N
Meghalaya,2025-08,01.1.8.1.1.01,102.56,N
Meghalaya,2025-08,01.1.8.1.1.02,101.42,N
Meghalaya,2025-07,01.1.1.1.1.01,101.05,N
Meghalaya,2025-07,01.1.1.2.1.01,114.79,N
Meghalaya,2025-07,01.1.4.8.1.01,101.64,N
Meghalaya,2025-07,01.1.6.1.1.01,108.95,N
Meghalaya,2025-07,01.1.7.2.1.01,90.47,N
Meghalaya,2025-07,01.1.7.2.1.03,92.9,N
Meghalaya,2025-07,01.1.7.4.1.01,87.38,N
Meghalaya,2025-07,01.1.7.5.1.01,88.83,N
Meghalaya,2025-07,01.1.7.6.1.01,111.72,N
Meghalaya,2025-07,01.1.7.6.1.02,106.07,N
Meghalaya,2025-07,01.1.7.6.1.05,107.63,N
Meghalaya,2025-07,01.1.8.1.1.01,102.87,N
Meghalaya,2025-07,01.1.8.1.1.02,101.42,N
Meghalaya,2025-06,01.1.1.1.1.01,100.28,N
Meghalaya,2025-06,01.1.1.2.1.01,113.52,N
Meghalaya,2025-06,01.1.4.8.1.01,101.64,N
Meghalaya,2025-06,01.1.6.1.1.01,107.85,N
Meghalaya,2025-06,01.1.7.2.1.01,90.56,N
Meghalaya,2025-06,01.1.7.2.1.03,88.22,N
Meghalaya,2025-06,01.1.7.4.1.01,81.51,N
Meghalaya,2025-06,01.1.7.5.1.01,85.73,N
Meghalaya,2025-06,01.1.7.6.1.01,111.34,N
Meghalaya,2025-06,01.1.7.6.1.02,105.13,N
Meghalaya,2025-06,01.1.7.6.1.05,108.05,N
Meghalaya,2025-06,01.1.8.1.1.01,102.48,N
Meghalaya,2025-06,01.1.8.1.1.02,101.42,N
Meghalaya,2025-05,01.1.1.1.1.01,101.07,N
Meghalaya,2025-05,01.1.1.2.1.01,113.34,N
Meghalaya,2025-05,01.1.4.8.1.01,99.96,N
Meghalaya,2025-05,01.1.6.1.1.01,109.24,N
Meghalaya,2025-05,01.1.7.2.1.01,76.95,N
Meghalaya,2025-05,01.1.7.2.1.03,98.99,N
Meghalaya,2025-05,01.1.7.4.1.01,76.76,N
Meghalaya,2025-05,01.1.7.5.1.01,72.92,N
Meghalaya,2025-05,01.1.7.6.1.01,109.9,N
Meghalaya,2025-05,01.1.7.6.1.02,105.13,N
Meghalaya,2025-05,01.1.7.6.1.05,107.91,N
Meghalaya,2025-05,01.1.8.1.1.01,101.27,N
Meghalaya,2025-05,01.1.8.1.1.02,102.43,N
Meghalaya,2025-04,01.1.1.1.1.01,99.85,N
Meghalaya,2025-04,01.1.1.2.1.01,113.17,N
Meghalaya,2025-04,01.1.4.8.1.01,99.21,N
Meghalaya,2025-04,01.1.6.1.1.01,114.64,N
Meghalaya,2025-04,01.1.7.2.1.01,66.87,N
Meghalaya,2025-04,01.1.7.2.1.03,93.68,N
Meghalaya,2025-04,01.1.7.4.1.01,85.61,N
Meghalaya,2025-04,01.1.7.5.1.01,74.98,N
Meghalaya,2025-04,01.1.7.6.1.01,108.3,N
Meghalaya,2025-04,01.1.7.6.1.02,104.66,N
Meghalaya,2025-04,01.1.7.6.1.05,109.66,N
Meghalaya,2025-04,01.1.8.1.1.01,101.01,N
Meghalaya,2025-04,01.1.8.1.1.02,102.43,N
Meghalaya,2025-03,01.1.1.1.1.01,99.63,N
Meghalaya,2025-03,01.1.1.2.1.01,109.98,N
Meghalaya,2025-03,01.1.4.8.1.01,103.15,N
Meghalaya,2025-03,01.1.6.1.1.01,107.44,N
Meghalaya,2025-03,01.1.7.2.1.01,62.02,N
Meghalaya,2025-03,01.1.7.2.1.03,83.02,N
Meghalaya,2025-03,01.1.7.4.1.01,85.42,N
Meghalaya,2025-03,01.1.7.5.1.01,72.33,N
Meghalaya,2025-03,01.1.7.6.1.01,110.66,N
Meghalaya,2025-03,01.1.7.6.1.02,104.35,N
Meghalaya,2025-03,01.1.7.6.1.05,109.61,N
Meghalaya,2025-03,01.1.8.1.1.01,101.2,N
Meghalaya,2025-03,01.1.8.1.1.02,102.43,N
Meghalaya,2025-02,01.1.1.1.1.01,99.01,N
Meghalaya,2025-02,01.1.1.2.1.01,108.75,N
Meghalaya,2025-02,01.1.4.8.1.01,106.15,N
Meghalaya,2025-02,01.1.6.1.1.01,103.69,N
Meghalaya,2025-02,01.1.7.2.1.01,71.38,N
Meghalaya,2025-02,01.1.7.2.1.03,88.95,N
Meghalaya,2025-02,01.1.7.4.1.01,95.2,N
Meghalaya,2025-02,01.1.7.5.1.01,81.71,N
Meghalaya,2025-02,01.1.7.6.1.01,109.62,N
Meghalaya,2025-02,01.1.7.6.1.02,104.62,N
Meghalaya,2025-02,01.1.7.6.1.05,109.43,N
Meghalaya,2025-02,01.1.8.1.1.01,103.09,N
Meghalaya,2025-02,01.1.8.1.1.02,103.8,N
Meghalaya,2025-01,01.1.1.1.1.01,99.78,N
Meghalaya,2025-01,01.1.1.2.1.01,109.76,N
Meghalaya,2025-01,01.1.4.8.1.01,109.71,N
Meghalaya,2025-01,01.1.6.1.1.01,104.76,N
Meghalaya,2025-01,01.1.7.2.1.01,99.81,N
Meghalaya,2025-01,01.1.7.2.1.03,101.43,N
Meghalaya,2025-01,01.1.7.4.1.01,109.25,N
Meghalaya,2025-01,01.1.7.5.1.01,110.71,N
Meghalaya,2025-01,01.1.7.6.1.01,109.62,N
Meghalaya,2025-01,01.1.7.6.1.02,105.62,N
Meghalaya,2025-01,01.1.7.6.1.05,107.74,N
Meghalaya,2025-01,01.1.8.1.1.01,102.83,N
Meghalaya,2025-01,01.1.8.1.1.02,102.52,N
Mizoram,2025-12,01.1.1.1.1.01,100.9,N
Mizoram,2025-12,01.1.1.2.1.01,98.6,N
Mizoram,2025-12,01.1.4.8.1.01,114.75,N
Mizoram,2025-12,01.1.6.1.1.01,101.18,N
Mizoram,2025-12,01.1.7.2.1.01,102.2,N
Mizoram,2025-12,01.1.7.2.1.03,92.54,N
Mizoram,2025-12,01.1.7.4.1.01,85.95,N
Mizoram,2025-12,01.1.7.5.1.01,93.34,N
Mizoram,2025-12,01.1.7.6.1.02,98.38,N
Mizoram,2025-12,01.1.8.1.1.01,100.0,N
Mizoram,2025-12,01.1.8.1.1.02,101.84,N
Mizoram,2025-11,01.1.1.1.1.01,100.9,N
Mizoram,2025-11,01.1.1.2.1.01,98.6,N
Mizoram,2025-11,01.1.4.8.1.01,113.9,N
Mizoram,2025-11,01.1.6.1.1.01,100.29,N
Mizoram,2025-11,01.1.7.2.1.01,97.71,N
Mizoram,2025-11,01.1.7.2.1.03,91.56,N
Mizoram,2025-11,01.1.7.4.1.01,85.95,N
Mizoram,2025-11,01.1.7.5.1.01,92.49,N
Mizoram,2025-11,01.1.7.6.1.02,98.38,N
Mizoram,2025-11,01.1.8.1.1.01,100.0,N
Mizoram,2025-11,01.1.8.1.1.02,101.84,N
Mizoram,2025-10,01.1.1.1.1.01,100.9,N
Mizoram,2025-10,01.1.1.2.1.01,98.6,N
Mizoram,2025-10,01.1.4.8.1.01,110.13,N
Mizoram,2025-10,01.1.6.1.1.01,97.97,N
Mizoram,2025-10,01.1.7.2.1.01,97.48,N
Mizoram,2025-10,01.1.7.2.1.03,97.57,N
Mizoram,2025-10,01.1.7.4.1.01,86.93,N
Mizoram,2025-10,01.1.7.5.1.01,91.44,N
Mizoram,2025-10,01.1.7.6.1.02,98.38,N
Mizoram,2025-10,01.1.8.1.1.01,100.0,N
Mizoram,2025-10,01.1.8.1.1.02,101.84,N
Mizoram,2025-09,01.1.1.1.1.01,100.9,N
Mizoram,2025-09,01.1.1.2.1.01,98.6,N
Mizoram,2025-09,01.1.4.8.1.01,107.74,N
Mizoram,2025-09,01.1.6.1.1.01,101.62,N
Mizoram,2025-09,01.1.7.2.1.01,102.02,N
Mizoram,2025-09,01.1.7.2.1.03,101.32,N
Mizoram,2025-09,01.1.7.4.1.01,87.31,N
Mizoram,2025-09,01.1.7.5.1.01,88.93,N
Mizoram,2025-09,01.1.7.6.1.02,98.38,N
Mizoram,2025-09,01.1.8.1.1.01,100.0,N
Mizoram,2025-09,01.1.8.1.1.02,101.84,N
Mizoram,2025-08,01.1.1.1.1.01,100.9,N
Mizoram,2025-08,01.1.1.2.1.01,98.6,N
Mizoram,2025-08,01.1.4.8.1.01,112.57,N
Mizoram,2025-08,01.1.6.1.1.01,101.85,N
Mizoram,2025-08,01.1.7.2.1.01,106.16,N
Mizoram,2025-08,01.1.7.2.1.03,106.52,N
Mizoram,2025-08,01.1.7.4.1.01,88.94,N
Mizoram,2025-08,01.1.7.5.1.01,94.62,N
Mizoram,2025-08,01.1.7.6.1.02,98.38,N
Mizoram,2025-08,01.1.8.1.1.01,100.0,N
Mizoram,2025-08,01.1.8.1.1.02,101.84,N
Mizoram,2025-07,01.1.1.1.1.01,100.9,N
Mizoram,2025-07,01.1.1.2.1.01,98.6,N
Mizoram,2025-07,01.1.4.8.1.01,114.15,N
Mizoram,2025-07,01.1.6.1.1.01,103.43,N
Mizoram,2025-07,01.1.7.2.1.01,102.64,N
Mizoram,2025-07,01.1.7.2.1.03,113.63,N
Mizoram,2025-07,01.1.7.4.1.01,93.89,N
Mizoram,2025-07,01.1.7.5.1.01,93.55,N
Mizoram,2025-07,01.1.7.6.1.02,98.38,N
Mizoram,2025-07,01.1.8.1.1.01,100.0,N
Mizoram,2025-07,01.1.8.1.1.02,101.84,N
Mizoram,2025-06,01.1.1.1.1.01,100.9,N
Mizoram,2025-06,01.1.1.2.1.01,98.6,N
Mizoram,2025-06,01.1.4.8.1.01,112.57,N
Mizoram,2025-06,01.1.6.1.1.01,103.91,N
Mizoram,2025-06,01.1.7.2.1.01,101.31,N
Mizoram,2025-06,01.1.7.2.1.03,103.59,N
Mizoram,2025-06,01.1.7.4.1.01,93.25,N
Mizoram,2025-06,01.1.7.5.1.01,93.18,N
Mizoram,2025-06,01.1.7.6.1.02,98.38,N
Mizoram,2025-06,01.1.8.1.1.01,100.0,N
Mizoram,2025-06,01.1.8.1.1.02,101.84,N
Mizoram,2025-05,01.1.1.1.1.01,100.9,N
Mizoram,2025-05,01.1.1.2.1.01,98.6,N
Mizoram,2025-05,01.1.4.8.1.01,113.42,N
Mizoram,2025-05,01.1.6.1.1.01,103.33,N
Mizoram,2025-05,01.1.7.2.1.01,96.69,N
Mizoram,2025-05,01.1.7.2.1.03,98.07,N
Mizoram,2025-05,01.1.7.4.1.01,98.49,N
Mizoram,2025-05,01.1.7.5.1.01,98.31,N
Mizoram,2025-05,01.1.7.6.1.02,98.38,N
Mizoram,2025-05,01.1.8.1.1.01,100.0,N
Mizoram,2025-05,01.1.8.1.1.02,101.84,N
Mizoram,2025-04,01.1.1.1.1.01,100.32,N
Mizoram,2025-04,01.1.1.2.1.01,100.2,N
Mizoram,2025-04,01.1.4.8.1.01,115.01,N
Mizoram,2025-04,01.1.6.1.1.01,104.15,N
Mizoram,2025-04,01.1.7.2.1.01,102.97,N
Mizoram,2025-04,01.1.7.2.1.03,92.24,N
Mizoram,2025-04,01.1.7.4.1.01,100.72,N
Mizoram,2025-04,01.1.7.5.1.01,98.66,N
Mizoram,2025-04,01.1.7.6.1.02,98.38,N
Mizoram,2025-04,01.1.8.1.1.01,100.0,N
Mizoram,2025-04,01.1.8.1.1.02,101.84,N
Mizoram,2025-03,01.1.1.1.1.01,100.32,N
Mizoram,2025-03,01.1.1.2.1.01,100.2,N
Mizoram,2025-03,01.1.4.8.1.01,115.01,N
Mizoram,2025-03,01.1.6.1.1.01,103.32,N
Mizoram,2025-03,01.1.7.2.1.01,105.07,N
Mizoram,2025-03,01.1.7.2.1.03,93.61,N
Mizoram,2025-03,01.1.7.4.1.01,104.17,N
Mizoram,2025-03,01.1.7.5.1.01,102.04,N
Mizoram,2025-03,01.1.7.6.1.02,98.38,N
Mizoram,2025-03,01.1.8.1.1.01,100.0,N
Mizoram,2025-03,01.1.8.1.1.02,101.84,N
Mizoram,2025-02,01.1.1.1.1.01,100.32,N
Mizoram,2025-02,01.1.1.2.1.01,100.2,N
Mizoram,2025-02,01.1.4.8.1.01,115.01,N
Mizoram,2025-02,01.1.6.1.1.01,104.59,N
Mizoram,2025-02,01.1.7.2.1.01,108.28,N
Mizoram,2025-02,01.1.7.2.1.03,97.8,N
Mizoram,2025-02,01.1.7.4.1.01,110.77,N
Mizoram,2025-02,01.1.7.5.1.01,113.15,N
Mizoram,2025-02,01.1.7.6.1.02,98.38,N
Mizoram,2025-02,01.1.8.1.1.01,100.0,N
Mizoram,2025-02,01.1.8.1.1.02,100.93,N
Mizoram,2025-01,01.1.1.1.1.01,101.79,N
Mizoram,2025-01,01.1.1.2.1.01,98.7,N
Mizoram,2025-01,01.1.4.8.1.01,112.67,N
Mizoram,2025-01,01.1.6.1.1.01,100.29,N
Mizoram,2025-01,01.1.7.2.1.01,114.76,N
Mizoram,2025-01,01.1.7.2.1.03,102.4,N
Mizoram,2025-01,01.1.7.4.1.01,111.0,N
Mizoram,2025-01,01.1.7.5.1.01,117.51,N
Mizoram,2025-01,01.1.7.6.1.02,98.38,N
Mizoram,2025-01,01.1.8.1.1.01,100.0,N
Mizoram,2025-01,01.1.8.1.1.02,101.84,N
Nagaland,2025-12,01.1.1.1.1.01,98.62,N
Nagaland,2025-12,01.1.1.2.1.01,94.53,N
Nagaland,2025-12,01.1.4.8.1.01,108.95,N
Nagaland,2025-12,01.1.6.1.1.01,150.4,N
Nagaland,2025-12,01.1.7.2.1.01,128.53,N
Nagaland,2025-12,01.1.7.2.1.03,115.34,N
Nagaland,2025-12,01.1.7.4.1.01,85.88,N
Nagaland,2025-12,01.1.7.5.1.01,83.04,N
Nagaland,2025-12,01.1.7.6.1.01,98.97,N
Nagaland,2025-12,01.1.7.6.1.02,106.69,N
Nagaland,2025-12,01.1.7.6.1.05,109.38,N
Nagaland,2025-12,01.1.8.1.1.01,92.29,N
Nagaland,2025-12,01.1.8.1.1.02,81.14,N
Nagaland,2025-11,01.1.1.1.1.01,98.91,N
Nagaland,2025-11,01.1.1.2.1.01,94.53,N
Nagaland,2025-11,01.1.4.8.1.01,104.13,N
Nagaland,2025-11,01.1.6.1.1.01,128.21,N
Nagaland,2025-11,01.1.7.2.1.01,115.12,N
Nagaland,2025-11,01.1.7.2.1.03,102.89,N
Nagaland,2025-11,01.1.7.4.1.01,84.55,N
Nagaland,2025-11,01.1.7.5.1.01,81.98,N
Nagaland,2025-11,01.1.7.6.1.01,99.7,N
Nagaland,2025-11,01.1.7.6.1.02,107.25,N
Nagaland,2025-11,01.1.7.6.1.05,109.31,N
Nagaland,2025-11,01.1.8.1.1.01,90.95,N
Nagaland,2025-11,01.1.8.1.1.02,96.21,N
Nagaland,2025-10,01.1.1.1.1.01,99.86,N
Nagaland,2025-10,01.1.1.2.1.01,95.61,N
Nagaland,2025-10,01.1.4.8.1.01,98.19,N
Nagaland,2025-10,01.1.6.1.1.01,129.4,N
Nagaland,2025-10,01.1.7.2.1.01,101.03,N
Nagaland,2025-10,01.1.7.2.1.03,99.47,N
Nagaland,2025-10,01.1.7.4.1.01,79.36,N
Nagaland,2025-10,01.1.7.5.1.01,85.77,N
Nagaland,2025-10,01.1.7.6.1.01,105.62,N
Nagaland,2025-10,01.1.7.6.1.02,104.23,N
Nagaland,2025-10,01.1.7.6.1.05,109.44,N
Nagaland,2025-10,01.1.8.1.1.01,87.53,N
Nagaland,2025-10,01.1.8.1.1.02,96.21,N
Nagaland,2025-09,01.1.1.1.1.01,100.09,N
Nagaland,2025-09,01.1.1.2.1.01,95.33,N
Nagaland,2025-09,01.1.4.8.1.01,98.32,N
Nagaland,2025-09,01.1.6.1.1.01,133.98,N
Nagaland,2025-09,01.1.7.2.1.01,110.25,N
Nagaland,2025-09,01.1.7.2.1.03,99.23,N
Nagaland,2025-09,01.1.7.4.1.01,82.74,N
Nagaland,2025-09,01.1.7.5.1.01,84.31,N
Nagaland,2025-09,01.1.7.6.1.01,109.33,N
Nagaland,2025-09,01.1.7.6.1.02,108.42,N
Nagaland,2025-09,01.1.7.6.1.05,109.99,N
Nagaland,2025-09,01.1.8.1.1.01,94.09,N
Nagaland,2025-09,01.1.8.1.1.02,96.21,N
Nagaland,2025-08,01.1.1.1.1.01,100.85,N
Nagaland,2025-08,01.1.1.2.1.01,95.72,N
Nagaland,2025-08,01.1.4.8.1.01,96.64,N
Nagaland,2025-08,01.1.6.1.1.01,137.97,N
Nagaland,2025-08,01.1.7.2.1.01,105.9,N
Nagaland,2025-08,01.1.7.2.1.03,101.94,N
Nagaland,2025-08,01.1.7.4.1.01,80.64,N
Nagaland,2025-08,01.1.7.5.1.01,79.07,N
Nagaland,2025-08,01.1.7.6.1.01,107.22,N
Nagaland,2025-08,01.1.7.6.1.02,110.88,N
Nagaland,2025-08,01.1.7.6.1.05,108.31,N
Nagaland,2025-08,01.1.8.1.1.01,94.09,N
Nagaland,2025-08,01.1.8.1.1.02,101.96,N
Nagaland,2025-07,01.1.1.1.1.01,102.93,N
Nagaland,2025-07,01.1.1.2.1.01,94.96,N
Nagaland,2025-07,01.1.4.8.1.01,94.9,N
Nagaland,2025-07,01.1.6.1.1.01,144.84,N
Nagaland,2025-07,01.1.7.2.1.01,89.35,N
Nagaland,2025-07,01.1.7.2.1.03,96.85,N
Nagaland,2025-07,01.1.7.4.1.01,82.13,N
Nagaland,2025-07,01.1.7.5.1.01,76.88,N
Nagaland,2025-07,01.1.7.6.1.01,111.91,N
Nagaland,2025-07,01.1.7.6.1.02,103.4,N
Nagaland,2025-07,01.1.7.6.1.05,108.31,N
Nagaland,2025-07,01.1.8.1.1.01,94.78,N
Nagaland,2025-07,01.1.8.1.1.02,101.96,N
Nagaland,2025-06,01.1.1.1.1.01,102.93,N
Nagaland,2025-06,01.1.1.2.1.01,94.96,N
Nagaland,2025-06,01.1.4.8.1.01,94.17,N
Nagaland,2025-06,01.1.6.1.1.01,143.05,N
Nagaland,2025-06,01.1.7.2.1.01,89.27,N
Nagaland,2025-06,01.1.7.2.1.03,107.18,N
Nagaland,2025-06,01.1.7.4.1.01,81.73,N
Nagaland,2025-06,01.1.7.5.1.01,80.84,N
Nagaland,2025-06,01.1.7.6.1.01,113.37,N
Nagaland,2025-06,01.1.7.6.1.02,104.17,N
Nagaland,2025-06,01.1.7.6.1.05,107.53,N
Nagaland,2025-06,01.1.8.1.1.01,94.78,N
Nagaland,2025-06,01.1.8.1.1.02,101.96,N
Nagaland,2025-05,01.1.1.1.1.01,102.52,N
Nagaland,2025-05,01.1.1.2.1.01,94.96,N
Nagaland,2025-05,01.1.4.8.1.01,99.77,N
Nagaland,2025-05,01.1.6.1.1.01,134.11,N
Nagaland,2025-05,01.1.7.2.1.01,67.17,N
Nagaland,2025-05,01.1.7.2.1.03,106.05,N
Nagaland,2025-05,01.1.7.4.1.01,71.71,N
Nagaland,2025-05,01.1.7.5.1.01,80.36,N
Nagaland,2025-05,01.1.7.6.1.01,114.76,N
Nagaland,2025-05,01.1.7.6.1.02,104.82,N
Nagaland,2025-05,01.1.7.6.1.05,104.51,N
Nagaland,2025-05,01.1.8.1.1.01,93.4,N
Nagaland,2025-05,01.1.8.1.1.02,101.96,N
Nagaland,2025-04,01.1.1.1.1.01,100.98,N
Nagaland,2025-04,01.1.1.2.1.01,94.86,N
Nagaland,2025-04,01.1.4.8.1.01,99.0,N
Nagaland,2025-04,01.1.6.1.1.01,130.92,N
Nagaland,2025-04,01.1.7.2.1.01,55.43,N
Nagaland,2025-04,01.1.7.2.1.03,99.92,N
Nagaland,2025-04,01.1.7.4.1.01,75.5,N
Nagaland,2025-04,01.1.7.5.1.01,74.12,N
Nagaland,2025-04,01.1.7.6.1.01,114.76,N
Nagaland,2025-04,01.1.7.6.1.02,105.52,N
Nagaland,2025-04,01.1.7.6.1.05,103.66,N
Nagaland,2025-04,01.1.8.1.1.01,93.4,N
Nagaland,2025-04,01.1.8.1.1.02,101.96,N
Nagaland,2025-03,01.1.1.1.1.01,101.35,N
Nagaland,2025-03,01.1.1.2.1.01,94.87,N
Nagaland,2025-03,01.1.4.8.1.01,99.29,N
Nagaland,2025-03,01.1.6.1.1.01,106.84,N
Nagaland,2025-03,01.1.7.2.1.01,74.02,N
Nagaland,2025-03,01.1.7.2.1.03,104.1,N
Nagaland,2025-03,01.1.7.4.1.01,92.3,N
Nagaland,2025-03,01.1.7.5.1.01,83.63,N
Nagaland,2025-03,01.1.7.6.1.01,113.44,N
Nagaland,2025-03,01.1.7.6.1.02,107.0,N
Nagaland,2025-03,01.1.7.6.1.05,102.66,N
Nagaland,2025-03,01.1.8.1.1.01,94.72,N
Nagaland,2025-03,01.1.8.1.1.02,101.96,N
Nagaland,2025-02,01.1.1.1.1.01,101.35,N
Nagaland,2025-02,01.1.1.2.1.01,96.25,N
Nagaland,2025-02,01.1.4.8.1.01,100.09,N
Nagaland,2025-02,01.1.6.1.1.01,106.95,N
Nagaland,2025-02,01.1.7.2.1.01,82.24,N
Nagaland,2025-02,01.1.7.2.1.03,105.19,N
Nagaland,2025-02,01.1.7.4.1.01,97.78,N
Nagaland,2025-02,01.1.7.5.1.01,95.87,N
Nagaland,2025-02,01.1.7.6.1.01,112.11,N
Nagaland,2025-02,01.1.7.6.1.02,107.66,N
Nagaland,2025-02,01.1.7.6.1.05,99.8,N
Nagaland,2025-02,01.1.8.1.1.01,94.72,N
Nagaland,2025-02,01.1.8.1.1.02,101.96,N
Nagaland,2025-01,01.1.1.1.1.01,101.03,N
Nagaland,2025-01,01.1.1.2.1.01,93.35,N
Nagaland,2025-01,01.1.4.8.1.01,100.33,N
Nagaland,2025-01,01.1.6.1.1.01,107.54,N
Nagaland,2025-01,01.1.7.2.1.01,112.58,N
Nagaland,2025-01,01.1.7.2.1.03,114.34,N
Nagaland,2025-01,01.1.7.4.1.01,111.97,N
Nagaland,2025-01,01.1.7.5.1.01,114.92,N
Nagaland,2025-01,01.1.7.6.1.01,112.11,N
Nagaland,2025-01,01.1.7.6.1.02,105.68,N
Nagaland,2025-01,01.1.7.6.1.05,101.35,N
Nagaland,2025-01,01.1.8.1.1.01,96.06,N
Nagaland,2025-01,01.1.8.1.1.02,100.19,N
NCT of Delhi,2025-12,01.1.1.1.1.01,102.05,N
NCT of Delhi,2025-12,01.1.1.2.1.01,108.76,N
NCT of Delhi,2025-12,01.1.4.8.1.01,104.01,N
NCT of Delhi,2025-12,01.1.6.1.1.01,97.96,N
NCT of Delhi,2025-12,01.1.7.2.1.01,117.66,N
NCT of Delhi,2025-12,01.1.7.2.1.03,117.78,N
NCT of Delhi,2025-12,01.1.7.4.1.01,71.84,N
NCT of Delhi,2025-12,01.1.7.5.1.01,86.8,N
NCT of Delhi,2025-12,01.1.7.6.1.01,78.33,N
NCT of Delhi,2025-12,01.1.7.6.1.02,99.58,N
NCT of Delhi,2025-12,01.1.7.6.1.05,100.31,N
NCT of Delhi,2025-12,01.1.8.1.1.01,108.05,N
NCT of Delhi,2025-12,01.1.8.1.1.02,112.65,N
NCT of Delhi,2025-11,01.1.1.1.1.01,102.6,N
NCT of Delhi,2025-11,01.1.1.2.1.01,108.43,N
NCT of Delhi,2025-11,01.1.4.8.1.01,103.35,N
NCT of Delhi,2025-11,01.1.6.1.1.01,99.99,N
NCT of Delhi,2025-11,01.1.7.2.1.01,107.87,N
NCT of Delhi,2025-11,01.1.7.2.1.03,104.9,N
NCT of Delhi,2025-11,01.1.7.4.1.01,71.65,N
NCT of Delhi,2025-11,01.1.7.5.1.01,91.24,N
NCT of Delhi,2025-11,01.1.7.6.1.01,78.03,N
NCT of Delhi,2025-11,01.1.7.6.1.02,100.0,N
NCT of Delhi,2025-11,01.1.7.6.1.05,100.36,N
NCT of Delhi,2025-11,01.1.8.1.1.01,107.83,N
NCT of Delhi,2025-11,01.1.8.1.1.02,114.69,N
NCT of Delhi,2025-10,01.1.1.1.1.01,102.29,N
NCT of Delhi,2025-10,01.1.1.2.1.01,108.03,N
NCT of Delhi,2025-10,01.1.4.8.1.01,103.59,N
NCT of Delhi,2025-10,01.1.6.1.1.01,106.22,N
NCT of Delhi,2025-10,01.1.7.2.1.01,102.05,N
NCT of Delhi,2025-10,01.1.7.2.1.03,103.36,N
NCT of Delhi,2025-10,01.1.7.4.1.01,74.08,N
NCT of Delhi,2025-10,01.1.7.5.1.01,90.35,N
NCT of Delhi,2025-10,01.1.7.6.1.01,78.2,N
NCT of Delhi,2025-10,01.1.7.6.1.02,99.36,N
NCT of Delhi,2025-10,01.1.7.6.1.05,99.57,N
NCT of Delhi,2025-10,01.1.8.1.1.01,107.78,N
NCT of Delhi,2025-10,01.1.8.1.1.02,113.11,N
NCT of Delhi,2025-09,01.1.1.1.1.01,103.09,N
NCT of Delhi,2025-09,01.1.1.2.1.01,108.13,N
NCT of Delhi,2025-09,01.1.4.8.1.01,103.03,N
NCT of Delhi,2025-09,01.1.6.1.1.01,106.49,N
NCT of Delhi,2025-09,01.1.7.2.1.01,107.12,N
NCT of Delhi,2025-09,01.1.7.2.1.03,111.31,N
NCT of Delhi,2025-09,01.1.7.4.1.01,75.58,N
NCT of Delhi,2025-09,01.1.7.5.1.01,89.38,N
NCT of Delhi,2025-09,01.1.7.6.1.01,79.7,N
NCT of Delhi,2025-09,01.1.7.6.1.02,98.75,N
NCT of Delhi,2025-09,01.1.7.6.1.05,100.24,N
NCT of Delhi,2025-09,01.1.8.1.1.01,106.58,N
NCT of Delhi,2025-09,01.1.8.1.1.02,113.07,N
NCT of Delhi,2025-08,01.1.1.1.1.01,104.92,N
NCT of Delhi,2025-08,01.1.1.2.1.01,108.29,N
NCT of Delhi,2025-08,01.1.4.8.1.01,102.55,N
NCT of Delhi,2025-08,01.1.6.1.1.01,107.48,N
NCT of Delhi,2025-08,01.1.7.2.1.01,120.29,N
NCT of Delhi,2025-08,01.1.7.2.1.03,109.15,N
NCT of Delhi,2025-08,01.1.7.4.1.01,80.68,N
NCT of Delhi,2025-08,01.1.7.5.1.01,89.04,N
NCT of Delhi,2025-08,01.1.7.6.1.01,83.38,N
NCT of Delhi,2025-08,01.1.7.6.1.02,98.44,N
NCT of Delhi,2025-08,01.1.7.6.1.05,100.95,N
NCT of Delhi,2025-08,01.1.8.1.1.01,107.59,N
NCT of Delhi,2025-08,01.1.8.1.1.02,112.83,N
NCT of Delhi,2025-07,01.1.1.1.1.01,104.23,N
NCT of Delhi,2025-07,01.1.1.2.1.01,107.3,N
NCT of Delhi,2025-07,01.1.4.8.1.01,100.95,N
NCT of Delhi,2025-07,01.1.6.1.1.01,105.09,N
NCT of Delhi,2025-07,01.1.7.2.1.01,100.44,N
NCT of Delhi,2025-07,01.1.7.2.1.03,99.08,N
NCT of Delhi,2025-07,01.1.7.4.1.01,80.82,N
NCT of Delhi,2025-07,01.1.7.5.1.01,89.61,N
NCT of Delhi,2025-07,01.1.7.6.1.01,86.28,N
NCT of Delhi,2025-07,01.1.7.6.1.02,98.96,N
NCT of Delhi,2025-07,01.1.7.6.1.05,103.99,N
NCT of Delhi,2025-07,01.1.8.1.1.01,105.88,N
NCT of Delhi,2025-07,01.1.8.1.1.02,112.54,N
NCT of Delhi,2025-06,01.1.1.1.1.01,103.66,N
NCT of Delhi,2025-06,01.1.1.2.1.01,107.37,N
NCT of Delhi,2025-06,01.1.4.8.1.01,101.93,N
NCT of Delhi,2025-06,01.1.6.1.1.01,101.29,N
NCT of Delhi,2025-06,01.1.7.2.1.01,78.01,N
NCT of Delhi,2025-06,01.1.7.2.1.03,85.06,N
NCT of Delhi,2025-06,01.1.7.4.1.01,64.84,N
NCT of Delhi,2025-06,01.1.7.5.1.01,77.54,N
NCT of Delhi,2025-06,01.1.7.6.1.01,87.38,N
NCT of Delhi,2025-06,01.1.7.6.1.02,99.43,N
NCT of Delhi,2025-06,01.1.7.6.1.05,104.68,N
NCT of Delhi,2025-06,01.1.8.1.1.01,105.5,N
NCT of Delhi,2025-06,01.1.8.1.1.02,110.53,N
NCT of Delhi,2025-05,01.1.1.1.1.01,103.07,N
NCT of Delhi,2025-05,01.1.1.2.1.01,107.03,N
NCT of Delhi,2025-05,01.1.4.8.1.01,101.71,N
NCT of Delhi,2025-05,01.1.6.1.1.01,99.41,N
NCT of Delhi,2025-05,01.1.7.2.1.01,54.09,N
NCT of Delhi,2025-05,01.1.7.2.1.03,85.63,N
NCT of Delhi,2025-05,01.1.7.4.1.01,61.97,N
NCT of Delhi,2025-05,01.1.7.5.1.01,77.78,N
NCT of Delhi,2025-05,01.1.7.6.1.01,89.08,N
NCT of Delhi,2025-05,01.1.7.6.1.02,100.05,N
NCT of Delhi,2025-05,01.1.7.6.1.05,105.84,N
NCT of Delhi,2025-05,01.1.8.1.1.01,104.84,N
NCT of Delhi,2025-05,01.1.8.1.1.02,109.67,N
NCT of Delhi,2025-04,01.1.1.1.1.01,103.49,N
NCT of Delhi,2025-04,01.1.1.2.1.01,106.23,N
NCT of Delhi,2025-04,01.1.4.8.1.01,98.88,N
NCT of Delhi,2025-04,01.1.6.1.1.01,102.15,N
NCT of Delhi,2025-04,01.1.7.2.1.01,57.43,N
NCT of Delhi,2025-04,01.1.7.2.1.03,92.95,N
NCT of Delhi,2025-04,01.1.7.4.1.01,72.93,N
NCT of Delhi,2025-04,01.1.7.5.1.01,70.71,N
NCT of Delhi,2025-04,01.1.7.6.1.01,93.09,N
NCT of Delhi,2025-04,01.1.7.6.1.02,101.63,N
NCT of Delhi,2025-04,01.1.7.6.1.05,107.77,N
NCT of Delhi,2025-04,01.1.8.1.1.01,104.1,N
NCT of Delhi,2025-04,01.1.8.1.1.02,109.65,N
NCT of Delhi,2025-03,01.1.1.1.1.01,103.33,N
NCT of Delhi,2025-03,01.1.1.2.1.01,105.41,N
NCT of Delhi,2025-03,01.1.4.8.1.01,105.14,N
NCT of Delhi,2025-03,01.1.6.1.1.01,103.68,N
NCT of Delhi,2025-03,01.1.7.2.1.01,64.81,N
NCT of Delhi,2025-03,01.1.7.2.1.03,98.55,N
NCT of Delhi,2025-03,01.1.7.4.1.01,101.95,N
NCT of Delhi,2025-03,01.1.7.5.1.01,77.18,N
NCT of Delhi,2025-03,01.1.7.6.1.01,96.91,N
NCT of Delhi,2025-03,01.1.7.6.1.02,102.67,N
NCT of Delhi,2025-03,01.1.7.6.1.05,109.91,N
NCT of Delhi,2025-03,01.1.8.1.1.01,103.86,N
NCT of Delhi,2025-03,01.1.8.1.1.02,109.46,N
NCT of Delhi,2025-02,01.1.1.1.1.01,102.37,N
NCT of Delhi,2025-02,01.1.1.2.1.01,104.05,N
NCT of Delhi,2025-02,01.1.4.8.1.01,107.79,N
NCT of Delhi,2025-02,01.1.6.1.1.01,100.91,N
NCT of Delhi,2025-02,01.1.7.2.1.01,56.72,N
NCT of Delhi,2025-02,01.1.7.2.1.03,90.26,N
NCT of Delhi,2025-02,01.1.7.4.1.01,98.28,N
NCT of Delhi,2025-02,01.1.7.5.1.01,75.05,N
NCT of Delhi,2025-02,01.1.7.6.1.01,99.43,N
NCT of Delhi,2025-02,01.1.7.6.1.02,102.89,N
NCT of Delhi,2025-02,01.1.7.6.1.05,110.97,N
NCT of Delhi,2025-02,01.1.8.1.1.01,103.95,N
NCT of Delhi,2025-02,01.1.8.1.1.02,108.44,N
NCT of Delhi,2025-01,01.1.1.1.1.01,102.15,N
NCT of Delhi,2025-01,01.1.1.2.1.01,103.44,N
NCT of Delhi,2025-01,01.1.4.8.1.01,110.8,N
NCT of Delhi,2025-01,01.1.6.1.1.01,97.47,N
NCT of Delhi,2025-01,01.1.7.2.1.01,64.99,N
NCT of Delhi,2025-01,01.1.7.2.1.03,91.12,N
NCT of Delhi,2025-01,01.1.7.4.1.01,99.41,N
NCT of Delhi,2025-01,01.1.7.5.1.01,83.05,N
NCT of Delhi,2025-01,01.1.7.6.1.01,100.95,N
NCT of Delhi,2025-01,01.1.7.6.1.02,101.9,N
NCT of Delhi,2025-01,01.1.7.6.1.05,110.97,N
NCT of Delhi,2025-01,01.1.8.1.1.01,102.85,N
NCT of Delhi,2025-01,01.1.8.1.1.02,108.15,N
Odisha,2025-12,01.1.1.1.1.01,101.59,N
Odisha,2025-12,01.1.1.2.1.01,109.51,N
Odisha,2025-12,01.1.4.8.1.01,115.19,N
Odisha,2025-12,01.1.6.1.1.01,99.71,N
Odisha,2025-12,01.1.7.2.1.01,130.84,N
Odisha,2025-12,01.1.7.2.1.03,126.26,N
Odisha,2025-12,01.1.7.4.1.01,66.92,N
Odisha,2025-12,01.1.7.5.1.01,69.54,N
Odisha,2025-12,01.1.7.6.1.01,69.34,N
Odisha,2025-12,01.1.7.6.1.02,90.78,N
Odisha,2025-12,01.1.7.6.1.05,95.77,N
Odisha,2025-12,01.1.8.1.1.01,105.56,N
Odisha,2025-12,01.1.8.1.1.02,105.22,N
Odisha,2025-11,01.1.1.1.1.01,102.53,N
Odisha,2025-11,01.1.1.2.1.01,109.49,N
Odisha,2025-11,01.1.4.8.1.01,104.23,N
Odisha,2025-11,01.1.6.1.1.01,100.83,N
Odisha,2025-11,01.1.7.2.1.01,119.84,N
Odisha,2025-11,01.1.7.2.1.03,139.53,N
Odisha,2025-11,01.1.7.4.1.01,66.24,N
Odisha,2025-11,01.1.7.5.1.01,70.03,N
Odisha,2025-11,01.1.7.6.1.01,69.19,N
Odisha,2025-11,01.1.7.6.1.02,91.59,N
Odisha,2025-11,01.1.7.6.1.05,97.37,N
Odisha,2025-11,01.1.8.1.1.01,105.24,N
Odisha,2025-11,01.1.8.1.1.02,105.38,N
Odisha,2025-10,01.1.1.1.1.01,102.01,N
Odisha,2025-10,01.1.1.2.1.01,109.75,N
Odisha,2025-10,01.1.4.8.1.01,101.25,N
Odisha,2025-10,01.1.6.1.1.01,99.08,N
Odisha,2025-10,01.1.7.2.1.01,108.86,N
Odisha,2025-10,01.1.7.2.1.03,134.5,N
Odisha,2025-10,01.1.7.4.1.01,68.82,N
Odisha,2025-10,01.1.7.5.1.01,71.44,N
Odisha,2025-10,01.1.7.6.1.01,68.81,N
Odisha,2025-10,01.1.7.6.1.02,91.33,N
Odisha,2025-10,01.1.7.6.1.05,97.09,N
Odisha,2025-10,01.1.8.1.1.01,104.03,N
Odisha,2025-10,01.1.8.1.1.02,104.32,N
Odisha,2025-09,01.1.1.1.1.01,102.0,N
Odisha,2025-09,01.1.1.2.1.01,110.15,N
Odisha,2025-09,01.1.4.8.1.01,102.46,N
Odisha,2025-09,01.1.6.1.1.01,103.19,N
Odisha,2025-09,01.1.7.2.1.01,123.51,N
Odisha,2025-09,01.1.7.2.1.03,134.34,N
Odisha,2025-09,01.1.7.4.1.01,71.53,N
Odisha,2025-09,01.1.7.5.1.01,70.58,N
Odisha,2025-09,01.1.7.6.1.01,70.84,N
Odisha,2025-09,01.1.7.6.1.02,89.47,N
Odisha,2025-09,01.1.7.6.1.05,97.77,N
Odisha,2025-09,01.1.8.1.1.01,104.7,N
Odisha,2025-09,01.1.8.1.1.02,105.5,N
Odisha,2025-08,01.1.1.1.1.01,102.33,N
Odisha,2025-08,01.1.1.2.1.01,110.04,N
Odisha,2025-08,01.1.4.8.1.01,98.35,N
Odisha,2025-08,01.1.6.1.1.01,101.33,N
Odisha,2025-08,01.1.7.2.1.01,155.38,N
Odisha,2025-08,01.1.7.2.1.03,143.34,N
Odisha,2025-08,01.1.7.4.1.01,71.33,N
Odisha,2025-08,01.1.7.5.1.01,70.24,N
Odisha,2025-08,01.1.7.6.1.01,70.88,N
Odisha,2025-08,01.1.7.6.1.02,88.9,N
Odisha,2025-08,01.1.7.6.1.05,96.37,N
Odisha,2025-08,01.1.8.1.1.01,104.24,N
Odisha,2025-08,01.1.8.1.1.02,103.36,N
Odisha,2025-07,01.1.1.1.1.01,102.59,N
Odisha,2025-07,01.1.1.2.1.01,109.49,N
Odisha,2025-07,01.1.4.8.1.01,96.61,N
Odisha,2025-07,01.1.6.1.1.01,105.54,N
Odisha,2025-07,01.1.7.2.1.01,107.19,N
Odisha,2025-07,01.1.7.2.1.03,150.91,N
Odisha,2025-07,01.1.7.4.1.01,68.97,N
Odisha,2025-07,01.1.7.5.1.01,72.27,N
Odisha,2025-07,01.1.7.6.1.01,73.3,N
Odisha,2025-07,01.1.7.6.1.02,92.74,N
Odisha,2025-07,01.1.7.6.1.05,96.33,N
Odisha,2025-07,01.1.8.1.1.01,104.1,N
Odisha,2025-07,01.1.8.1.1.02,102.71,N
Odisha,2025-06,01.1.1.1.1.01,102.62,N
Odisha,2025-06,01.1.1.2.1.01,109.4,N
Odisha,2025-06,01.1.4.8.1.01,96.4,N
Odisha,2025-06,01.1.6.1.1.01,107.57,N
Odisha,2025-06,01.1.7.2.1.01,75.06,N
Odisha,2025-06,01.1.7.2.1.03,104.42,N
Odisha,2025-06,01.1.7.4.1.01,66.25,N
Odisha,2025-06,01.1.7.5.1.01,71.35,N
Odisha,2025-06,01.1.7.6.1.01,76.01,N
Odisha,2025-06,01.1.7.6.1.02,92.37,N
Odisha,2025-06,01.1.7.6.1.05,95.58,N
Odisha,2025-06,01.1.8.1.1.01,103.66,N
Odisha,2025-06,01.1.8.1.1.02,103.49,N
Odisha,2025-05,01.1.1.1.1.01,104.24,N
Odisha,2025-05,01.1.1.2.1.01,109.69,N
Odisha,2025-05,01.1.4.8.1.01,97.16,N
Odisha,2025-05,01.1.6.1.1.01,110.51,N
Odisha,2025-05,01.1.7.2.1.01,59.63,N
Odisha,2025-05,01.1.7.2.1.03,90.27,N
Odisha,2025-05,01.1.7.4.1.01,67.27,N
Odisha,2025-05,01.1.7.5.1.01,69.2,N
Odisha,2025-05,01.1.7.6.1.01,78.02,N
Odisha,2025-05,01.1.7.6.1.02,92.66,N
Odisha,2025-05,01.1.7.6.1.05,97.37,N
Odisha,2025-05,01.1.8.1.1.01,104.04,N
Odisha,2025-05,01.1.8.1.1.02,102.98,N
Odisha,2025-04,01.1.1.1.1.01,104.97,N
Odisha,2025-04,01.1.1.2.1.01,108.9,N
Odisha,2025-04,01.1.4.8.1.01,98.92,N
Odisha,2025-04,01.1.6.1.1.01,108.92,N
Odisha,2025-04,01.1.7.2.1.01,53.69,N
Odisha,2025-04,01.1.7.2.1.03,84.54,N
Odisha,2025-04,01.1.7.4.1.01,79.15,N
Odisha,2025-04,01.1.7.5.1.01,72.34,N
Odisha,2025-04,01.1.7.6.1.01,79.71,N
Odisha,2025-04,01.1.7.6.1.02,94.0,N
Odisha,2025-04,01.1.7.6.1.05,99.59,N
Odisha,2025-04,01.1.8.1.1.01,104.46,N
Odisha,2025-04,01.1.8.1.1.02,102.14,N
Odisha,2025-03,01.1.1.1.1.01,105.04,N
Odisha,2025-03,01.1.1.2.1.01,107.86,N
Odisha,2025-03,01.1.4.8.1.01,102.0,N
Odisha,2025-03,01.1.6.1.1.01,101.93,N
Odisha,2025-03,01.1.7.2.1.01,46.58,N
Odisha,2025-03,01.1.7.2.1.03,76.51,N
Odisha,2025-03,01.1.7.4.1.01,89.6,N
Odisha,2025-03,01.1.7.5.1.01,69.66,N
Odisha,2025-03,01.1.7.6.1.01,83.63,N
Odisha,2025-03,01.1.7.6.1.02,95.79,N
Odisha,2025-03,01.1.7.6.1.05,107.21,N
Odisha,2025-03,01.1.8.1.1.01,101.78,N
Odisha,2025-03,01.1.8.1.1.02,104.48,N
Odisha,2025-02,01.1.1.1.1.01,104.94,N
Odisha,2025-02,01.1.1.2.1.01,105.6,N
Odisha,2025-02,01.1.4.8.1.01,103.72,N
Odisha,2025-02,01.1.6.1.1.01,98.94,N
Odisha,2025-02,01.1.7.2.1.01,38.54,N
Odisha,2025-02,01.1.7.2.1.03,66.85,N
Odisha,2025-02,01.1.7.4.1.01,90.54,N
Odisha,2025-02,01.1.7.5.1.01,83.06,N
Odisha,2025-02,01.1.7.6.1.01,86.87,N
Odisha,2025-02,01.1.7.6.1.02,96.27,N
Odisha,2025-02,01.1.7.6.1.05,109.35,N
Odisha,2025-02,01.1.8.1.1.01,100.51,N
Odisha,2025-02,01.1.8.1.1.02,102.8,N
Odisha,2025-01,01.1.1.1.1.01,104.93,N
Odisha,2025-01,01.1.1.2.1.01,106.2,N
Odisha,2025-01,01.1.4.8.1.01,108.64,N
Odisha,2025-01,01.1.6.1.1.01,100.51,N
Odisha,2025-01,01.1.7.2.1.01,63.98,N
Odisha,2025-01,01.1.7.2.1.03,82.74,N
Odisha,2025-01,01.1.7.4.1.01,102.02,N
Odisha,2025-01,01.1.7.5.1.01,111.14,N
Odisha,2025-01,01.1.7.6.1.01,95.11,N
Odisha,2025-01,01.1.7.6.1.02,98.65,N
Odisha,2025-01,01.1.7.6.1.05,110.76,N
Odisha,2025-01,01.1.8.1.1.01,100.53,N
Odisha,2025-01,01.1.8.1.1.02,105.04,N
Puducherry,2025-12,01.1.1.1.1.01,101.87,N
Puducherry,2025-12,01.1.1.2.1.01,105.88,N
Puducherry,2025-12,01.1.4.8.1.01,117.06,N
Puducherry,2025-12,01.1.6.1.1.01,100.89,N
Puducherry,2025-12,01.1.7.2.1.01,125.84,N
Puducherry,2025-12,01.1.7.2.1.03,122.41,N
Puducherry,2025-12,01.1.7.4.1.01,89.18,N
Puducherry,2025-12,01.1.7.5.1.01,96.92,N
Puducherry,2025-12,01.1.7.6.1.01,68.28,N
Puducherry,2025-12,01.1.7.6.1.02,96.7,N
Puducherry,2025-12,01.1.7.6.1.05,95.12,N
Puducherry,2025-12,01.1.8.1.1.01,108.45,N
Puducherry,2025-12,01.1.8.1.1.02,103.77,N
Puducherry,2025-11,01.1.1.1.1.01,100.15,N
Puducherry,2025-11,01.1.1.2.1.01,105.88,N
Puducherry,2025-11,01.1.4.8.1.01,110.63,N
Puducherry,2025-11,01.1.6.1.1.01,102.94,N
Puducherry,2025-11,01.1.7.2.1.01,125.26,N
Puducherry,2025-11,01.1.7.2.1.03,140.0,N
Puducherry,2025-11,01.1.7.4.1.01,82.45,N
Puducherry,2025-11,01.1.7.5.1.01,98.85,N
Puducherry,2025-11,01.1.7.6.1.01,68.84,N
Puducherry,2025-11,01.1.7.6.1.02,95.04,N
Puducherry,2025-11,01.1.7.6.1.05,95.5,N
Puducherry,2025-11,01.1.8.1.1.01,109.25,N
Puducherry,2025-11,01.1.8.1.1.02,103.47,N
Puducherry,2025-10,01.1.1.1.1.01,98.77,N
Puducherry,2025-10,01.1.1.2.1.01,105.62,N
Puducherry,2025-10,01.1.4.8.1.01,103.95,N
Puducherry,2025-10,01.1.6.1.1.01,103.6,N
Puducherry,2025-10,01.1.7.2.1.01,96.52,N
Puducherry,2025-10,01.1.7.2.1.03,128.1,N
Puducherry,2025-10,01.1.7.4.1.01,70.26,N
Puducherry,2025-10,01.1.7.5.1.01,87.12,N
Puducherry,2025-10,01.1.7.6.1.01,67.5,N
Puducherry,2025-10,01.1.7.6.1.02,94.47,N
Puducherry,2025-10,01.1.7.6.1.05,95.57,N
Puducherry,2025-10,01.1.8.1.1.01,107.61,N
Puducherry,2025-10,01.1.8.1.1.02,102.48,N
Puducherry,2025-09,01.1.1.1.1.01,98.75,N
Puducherry,2025-09,01.1.1.2.1.01,106.82,N
Puducherry,2025-09,01.1.4.8.1.01,102.5,N
Puducherry,2025-09,01.1.6.1.1.01,102.58,N
Puducherry,2025-09,01.1.7.2.1.01,91.05,N
Puducherry,2025-09,01.1.7.2.1.03,104.14,N
Puducherry,2025-09,01.1.7.4.1.01,70.46,N
Puducherry,2025-09,01.1.7.5.1.01,81.42,N
Puducherry,2025-09,01.1.7.6.1.01,68.61,N
Puducherry,2025-09,01.1.7.6.1.02,95.65,N
Puducherry,2025-09,01.1.7.6.1.05,96.95,N
Puducherry,2025-09,01.1.8.1.1.01,108.61,N
Puducherry,2025-09,01.1.8.1.1.02,103.23,N
Puducherry,2025-08,01.1.1.1.1.01,99.42,N
Puducherry,2025-08,01.1.1.2.1.01,106.18,N
Puducherry,2025-08,01.1.4.8.1.01,100.88,N
Puducherry,2025-08,01.1.6.1.1.01,101.28,N
Puducherry,2025-08,01.1.7.2.1.01,114.27,N
Puducherry,2025-08,01.1.7.2.1.03,105.16,N
Puducherry,2025-08,01.1.7.4.1.01,78.63,N
Puducherry,2025-08,01.1.7.5.1.01,85.17,N
Puducherry,2025-08,01.1.7.6.1.01,71.34,N
Puducherry,2025-08,01.1.7.6.1.02,95.95,N
Puducherry,2025-08,01.1.7.6.1.05,97.57,N
Puducherry,2025-08,01.1.8.1.1.01,106.76,N
Puducherry,2025-08,01.1.8.1.1.02,102.15,N
Puducherry,2025-07,01.1.1.1.1.01,100.85,N
Puducherry,2025-07,01.1.1.2.1.01,106.03,N
Puducherry,2025-07,01.1.4.8.1.01,107.79,N
Puducherry,2025-07,01.1.6.1.1.01,112.76,N
Puducherry,2025-07,01.1.7.2.1.01,92.46,N
Puducherry,2025-07,01.1.7.2.1.03,100.89,N
Puducherry,2025-07,01.1.7.4.1.01,77.74,N
Puducherry,2025-07,01.1.7.5.1.01,85.62,N
Puducherry,2025-07,01.1.7.6.1.01,73.23,N
Puducherry,2025-07,01.1.7.6.1.02,95.96,N
Puducherry,2025-07,01.1.7.6.1.05,96.71,N
Puducherry,2025-07,01.1.8.1.1.01,105.92,N
Puducherry,2025-07,01.1.8.1.1.02,101.2,N
Puducherry,2025-06,01.1.1.1.1.01,100.48,N
Puducherry,2025-06,01.1.1.2.1.01,106.03,N
Puducherry,2025-06,01.1.4.8.1.01,105.17,N
Puducherry,2025-06,01.1.6.1.1.01,109.67,N
Puducherry,2025-06,01.1.7.2.1.01,68.71,N
Puducherry,2025-06,01.1.7.2.1.03,87.07,N
Puducherry,2025-06,01.1.7.4.1.01,79.12,N
Puducherry,2025-06,01.1.7.5.1.01,83.44,N
Puducherry,2025-06,01.1.7.6.1.01,74.35,N
Puducherry,2025-06,01.1.7.6.1.02,94.92,N
Puducherry,2025-06,01.1.7.6.1.05,98.48,N
Puducherry,2025-06,01.1.8.1.1.01,106.26,N
Puducherry,2025-06,01.1.8.1.1.02,102.96,N
Puducherry,2025-05,01.1.1.1.1.01,101.44,N
Puducherry,2025-05,01.1.1.2.1.01,106.03,N
Puducherry,2025-05,01.1.4.8.1.01,96.21,N
Puducherry,2025-05,01.1.6.1.1.01,102.17,N
Puducherry,2025-05,01.1.7.2.1.01,53.9,N
Puducherry,2025-05,01.1.7.2.1.03,75.25,N
Puducherry,2025-05,01.1.7.4.1.01,67.65,N
Puducherry,2025-05,01.1.7.5.1.01,83.34,N
Puducherry,2025-05,01.1.7.6.1.01,75.43,N
Puducherry,2025-05,01.1.7.6.1.02,96.72,N
Puducherry,2025-05,01.1.7.6.1.05,100.17,N
Puducherry,2025-05,01.1.8.1.1.01,104.79,N
Puducherry,2025-05,01.1.8.1.1.02,101.0,N
Puducherry,2025-04,01.1.1.1.1.01,102.15,N
Puducherry,2025-04,01.1.1.2.1.01,105.76,N
Puducherry,2025-04,01.1.4.8.1.01,92.83,N
Puducherry,2025-04,01.1.6.1.1.01,106.42,N
Puducherry,2025-04,01.1.7.2.1.01,58.45,N
Puducherry,2025-04,01.1.7.2.1.03,69.46,N
Puducherry,2025-04,01.1.7.4.1.01,75.9,N
Puducherry,2025-04,01.1.7.5.1.01,70.37,N
Puducherry,2025-04,01.1.7.6.1.01,77.89,N
Puducherry,2025-04,01.1.7.6.1.02,98.46,N
Puducherry,2025-04,01.1.7.6.1.05,100.75,N
Puducherry,2025-04,01.1.8.1.1.01,104.51,N
Puducherry,2025-04,01.1.8.1.1.02,101.53,N
Puducherry,2025-03,01.1.1.1.1.01,103.71,N
Puducherry,2025-03,01.1.1.2.1.01,104.97,N
Puducherry,2025-03,01.1.4.8.1.01,89.04,N
Puducherry,2025-03,01.1.6.1.1.01,103.37,N
Puducherry,2025-03,01.1.7.2.1.01,54.75,N
Puducherry,2025-03,01.1.7.2.1.03,82.93,N
Puducherry,2025-03,01.1.7.4.1.01,92.26,N
Puducherry,2025-03,01.1.7.5.1.01,79.15,N
Puducherry,2025-03,01.1.7.6.1.01,81.64,N
Puducherry,2025-03,01.1.7.6.1.02,100.96,N
Puducherry,2025-03,01.1.7.6.1.05,105.94,N
Puducherry,2025-03,01.1.8.1.1.01,104.41,N
Puducherry,2025-03,01.1.8.1.1.02,101.45,N
Puducherry,2025-02,01.1.1.1.1.01,103.45,N
Puducherry,2025-02,01.1.1.2.1.01,103.5,N
Puducherry,2025-02,01.1.4.8.1.01,95.98,N
Puducherry,2025-02,01.1.6.1.1.01,101.57,N
Puducherry,2025-02,01.1.7.2.1.01,64.17,N
Puducherry,2025-02,01.1.7.2.1.03,90.48,N
Puducherry,2025-02,01.1.7.4.1.01,99.31,N
Puducherry,2025-02,01.1.7.5.1.01,86.85,N
Puducherry,2025-02,01.1.7.6.1.01,89.89,N
Puducherry,2025-02,01.1.7.6.1.02,101.76,N
Puducherry,2025-02,01.1.7.6.1.05,105.46,N
Puducherry,2025-02,01.1.8.1.1.01,103.98,N
Puducherry,2025-02,01.1.8.1.1.02,101.4,N
Puducherry,2025-01,01.1.1.1.1.01,102.8,N
Puducherry,2025-01,01.1.1.2.1.01,102.71,N
Puducherry,2025-01,01.1.4.8.1.01,104.0,N
Puducherry,2025-01,01.1.6.1.1.01,101.13,N
Puducherry,2025-01,01.1.7.2.1.01,72.21,N
Puducherry,2025-01,01.1.7.2.1.03,115.95,N
Puducherry,2025-01,01.1.7.4.1.01,114.32,N
Puducherry,2025-01,01.1.7.5.1.01,104.66,N
Puducherry,2025-01,01.1.7.6.1.01,97.33,N
Puducherry,2025-01,01.1.7.6.1.02,101.94,N
Puducherry,2025-01,01.1.7.6.1.05,107.29,N
Puducherry,2025-01,01.1.8.1.1.01,102.17,N
Puducherry,2025-01,01.1.8.1.1.02,100.44,N
Punjab,2025-12,01.1.1.1.1.01,103.4,N
Punjab,2025-12,01.1.1.2.1.01,112.59,N
Punjab,2025-12,01.1.4.8.1.01,115.54,N
Punjab,2025-12,01.1.6.1.1.01,97.15,N
Punjab,2025-12,01.1.7.2.1.01,112.78,N
Punjab,2025-12,01.1.7.2.1.03,96.05,N
Punjab,2025-12,01.1.7.4.1.01,70.22,N
Punjab,2025-12,01.1.7.5.1.01,78.75,N
Punjab,2025-12,01.1.7.6.1.01,76.27,N
Punjab,2025-12,01.1.7.6.1.02,92.55,N
Punjab,2025-12,01.1.7.6.1.05,96.19,N
Punjab,2025-12,01.1.8.1.1.01,104.57,N
Punjab,2025-12,01.1.8.1.1.02,106.61,N
Punjab,2025-11,01.1.1.1.1.01,104.1,N
Punjab,2025-11,01.1.1.2.1.01,111.49,N
Punjab,2025-11,01.1.4.8.1.01,106.59,N
Punjab,2025-11,01.1.6.1.1.01,99.07,N
Punjab,2025-11,01.1.7.2.1.01,120.56,N
Punjab,2025-11,01.1.7.2.1.03,101.63,N
Punjab,2025-11,01.1.7.4.1.01,64.6,N
Punjab,2025-11,01.1.7.5.1.01,91.45,N
Punjab,2025-11,01.1.7.6.1.01,78.04,N
Punjab,2025-11,01.1.7.6.1.02,92.32,N
Punjab,2025-11,01.1.7.6.1.05,96.24,N
Punjab,2025-11,01.1.8.1.1.01,105.06,N
Punjab,2025-11,01.1.8.1.1.02,106.67,N
Punjab,2025-10,01.1.1.1.1.01,104.42,N
Punjab,2025-10,01.1.1.2.1.01,110.33,N
Punjab,2025-10,01.1.4.8.1.01,106.67,N
Punjab,2025-10,01.1.6.1.1.01,96.93,N
Punjab,2025-10,01.1.7.2.1.01,94.83,N
Punjab,2025-10,01.1.7.2.1.03,112.02,N
Punjab,2025-10,01.1.7.4.1.01,64.03,N
Punjab,2025-10,01.1.7.5.1.01,88.18,N
Punjab,2025-10,01.1.7.6.1.01,79.44,N
Punjab,2025-10,01.1.7.6.1.02,92.16,N
Punjab,2025-10,01.1.7.6.1.05,97.64,N
Punjab,2025-10,01.1.8.1.1.01,105.04,N
Punjab,2025-10,01.1.8.1.1.02,105.05,N
Punjab,2025-09,01.1.1.1.1.01,103.6,N
Punjab,2025-09,01.1.1.2.1.01,110.33,N
Punjab,2025-09,01.1.4.8.1.01,104.56,N
Punjab,2025-09,01.1.6.1.1.01,98.34,N
Punjab,2025-09,01.1.7.2.1.01,113.41,N
Punjab,2025-09,01.1.7.2.1.03,116.11,N
Punjab,2025-09,01.1.7.4.1.01,67.9,N
Punjab,2025-09,01.1.7.5.1.01,89.89,N
Punjab,2025-09,01.1.7.6.1.01,82.37,N
Punjab,2025-09,01.1.7.6.1.02,93.7,N
Punjab,2025-09,01.1.7.6.1.05,98.52,N
Punjab,2025-09,01.1.8.1.1.01,103.58,N
Punjab,2025-09,01.1.8.1.1.02,107.04,N
Punjab,2025-08,01.1.1.1.1.01,103.12,N
Punjab,2025-08,01.1.1.2.1.01,110.23,N
Punjab,2025-08,01.1.4.8.1.01,103.36,N
Punjab,2025-08,01.1.6.1.1.01,100.23,N
Punjab,2025-08,01.1.7.2.1.01,153.31,N
Punjab,2025-08,01.1.7.2.1.03,105.33,N
Punjab,2025-08,01.1.7.4.1.01,71.25,N
Punjab,2025-08,01.1.7.5.1.01,86.57,N
Punjab,2025-08,01.1.7.6.1.01,83.59,N
Punjab,2025-08,01.1.7.6.1.02,94.88,N
Punjab,2025-08,01.1.7.6.1.05,98.76,N
Punjab,2025-08,01.1.8.1.1.01,103.86,N
Punjab,2025-08,01.1.8.1.1.02,106.21,N
Punjab,2025-07,01.1.1.1.1.01,103.5,N
Punjab,2025-07,01.1.1.2.1.01,109.41,N
Punjab,2025-07,01.1.4.8.1.01,98.73,N
Punjab,2025-07,01.1.6.1.1.01,104.26,N
Punjab,2025-07,01.1.7.2.1.01,113.22,N
Punjab,2025-07,01.1.7.2.1.03,124.38,N
Punjab,2025-07,01.1.7.4.1.01,67.08,N
Punjab,2025-07,01.1.7.5.1.01,90.36,N
Punjab,2025-07,01.1.7.6.1.01,85.97,N
Punjab,2025-07,01.1.7.6.1.02,95.88,N
Punjab,2025-07,01.1.7.6.1.05,97.42,N
Punjab,2025-07,01.1.8.1.1.01,103.94,N
Punjab,2025-07,01.1.8.1.1.02,105.2,N
Punjab,2025-06,01.1.1.1.1.01,104.32,N
Punjab,2025-06,01.1.1.2.1.01,109.27,N
Punjab,2025-06,01.1.4.8.1.01,95.38,N
Punjab,2025-06,01.1.6.1.1.01,104.52,N
Punjab,2025-06,01.1.7.2.1.01,78.35,N
Punjab,2025-06,01.1.7.2.1.03,93.89,N
Punjab,2025-06,01.1.7.4.1.01,64.54,N
Punjab,2025-06,01.1.7.5.1.01,86.27,N
Punjab,2025-06,01.1.7.6.1.01,88.87,N
Punjab,2025-06,01.1.7.6.1.02,95.85,N
Punjab,2025-06,01.1.7.6.1.05,98.65,N
Punjab,2025-06,01.1.8.1.1.01,103.9,N
Punjab,2025-06,01.1.8.1.1.02,102.45,N
Punjab,2025-05,01.1.1.1.1.01,103.88,N
Punjab,2025-05,01.1.1.2.1.01,110.21,N
Punjab,2025-05,01.1.4.8.1.01,95.33,N
Punjab,2025-05,01.1.6.1.1.01,101.54,N
Punjab,2025-05,01.1.7.2.1.01,60.74,N
Punjab,2025-05,01.1.7.2.1.03,79.37,N
Punjab,2025-05,01.1.7.4.1.01,60.11,N
Punjab,2025-05,01.1.7.5.1.01,78.97,N
Punjab,2025-05,01.1.7.6.1.01,89.36,N
Punjab,2025-05,01.1.7.6.1.02,96.99,N
Punjab,2025-05,01.1.7.6.1.05,99.68,N
Punjab,2025-05,01.1.8.1.1.01,103.66,N
Punjab,2025-05,01.1.8.1.1.02,103.41,N
Punjab,2025-04,01.1.1.1.1.01,102.85,N
Punjab,2025-04,01.1.1.2.1.01,110.46,N
Punjab,2025-04,01.1.4.8.1.01,96.82,N
Punjab,2025-04,01.1.6.1.1.01,103.18,N
Punjab,2025-04,01.1.7.2.1.01,60.9,N
Punjab,2025-04,01.1.7.2.1.03,84.52,N
Punjab,2025-04,01.1.7.4.1.01,69.24,N
Punjab,2025-04,01.1.7.5.1.01,71.93,N
Punjab,2025-04,01.1.7.6.1.01,92.3,N
Punjab,2025-04,01.1.7.6.1.02,95.63,N
Punjab,2025-04,01.1.7.6.1.05,100.57,N
Punjab,2025-04,01.1.8.1.1.01,103.36,N
Punjab,2025-04,01.1.8.1.1.02,103.47,N
Punjab,2025-03,01.1.1.1.1.01,102.25,N
Punjab,2025-03,01.1.1.2.1.01,110.54,N
Punjab,2025-03,01.1.4.8.1.01,101.99,N
Punjab,2025-03,01.1.6.1.1.01,100.38,N
Punjab,2025-03,01.1.7.2.1.01,59.51,N
Punjab,2025-03,01.1.7.2.1.03,88.79,N
Punjab,2025-03,01.1.7.4.1.01,91.04,N
Punjab,2025-03,01.1.7.5.1.01,75.9,N
Punjab,2025-03,01.1.7.6.1.01,96.3,N
Punjab,2025-03,01.1.7.6.1.02,96.26,N
Punjab,2025-03,01.1.7.6.1.05,100.38,N
Punjab,2025-03,01.1.8.1.1.01,103.08,N
Punjab,2025-03,01.1.8.1.1.02,105.75,N
Punjab,2025-02,01.1.1.1.1.01,102.04,N
Punjab,2025-02,01.1.1.2.1.01,109.87,N
Punjab,2025-02,01.1.4.8.1.01,103.33,N
Punjab,2025-02,01.1.6.1.1.01,102.7,N
Punjab,2025-02,01.1.7.2.1.01,59.55,N
Punjab,2025-02,01.1.7.2.1.03,85.64,N
Punjab,2025-02,01.1.7.4.1.01,94.63,N
Punjab,2025-02,01.1.7.5.1.01,76.32,N
Punjab,2025-02,01.1.7.6.1.01,99.46,N
Punjab,2025-02,01.1.7.6.1.02,97.85,N
Punjab,2025-02,01.1.7.6.1.05,103.24,N
Punjab,2025-02,01.1.8.1.1.01,102.13,N
Punjab,2025-02,01.1.8.1.1.02,105.68,N
Punjab,2025-01,01.1.1.1.1.01,102.5,N
Punjab,2025-01,01.1.1.2.1.01,109.31,N
Punjab,2025-01,01.1.4.8.1.01,107.94,N
Punjab,2025-01,01.1.6.1.1.01,97.74,N
Punjab,2025-01,01.1.7.2.1.01,81.32,N
Punjab,2025-01,01.1.7.2.1.03,99.97,N
Punjab,2025-01,01.1.7.4.1.01,97.23,N
Punjab,2025-01,01.1.7.5.1.01,94.67,N
Punjab,2025-01,01.1.7.6.1.01,100.47,N
Punjab,2025-01,01.1.7.6.1.02,98.32,N
Punjab,2025-01,01.1.7.6.1.05,106.23,N
Punjab,2025-01,01.1.8.1.1.01,100.33,N
Punjab,2025-01,01.1.8.1.1.02,104.58,N
Rajasthan,2025-12,01.1.1.1.1.01,97.98,N
Rajasthan,2025-12,01.1.1.2.1.01,104.01,N
Rajasthan,2025-12,01.1.4.8.1.01,111.01,N
Rajasthan,2025-12,01.1.6.1.1.01,80.93,N
Rajasthan,2025-12,01.1.7.2.1.01,126.12,N
Rajasthan,2025-12,01.1.7.2.1.03,107.85,N
Rajasthan,2025-12,01.1.7.4.1.01,65.47,N
Rajasthan,2025-12,01.1.7.5.1.01,77.13,N
Rajasthan,2025-12,01.1.7.6.1.01,71.52,N
Rajasthan,2025-12,01.1.7.6.1.02,93.35,N
Rajasthan,2025-12,01.1.7.6.1.05,91.92,N
Rajasthan,2025-12,01.1.8.1.1.01,104.23,N
Rajasthan,2025-12,01.1.8.1.1.02,104.09,N
Rajasthan,2025-11,01.1.1.1.1.01,98.37,N
Rajasthan,2025-11,01.1.1.2.1.01,104.39,N
Rajasthan,2025-11,01.1.4.8.1.01,102.76,N
Rajasthan,2025-11,01.1.6.1.1.01,78.08,N
Rajasthan,2025-11,01.1.7.2.1.01,124.34,N
Rajasthan,2025-11,01.1.7.2.1.03,120.4,N
Rajasthan,2025-11,01.1.7.4.1.01,62.44,N
Rajasthan,2025-11,01.1.7.5.1.01,84.94,N
Rajasthan,2025-11,01.1.7.6.1.01,72.45,N
Rajasthan,2025-11,01.1.7.6.1.02,94.06,N
Rajasthan,2025-11,01.1.7.6.1.05,93.58,N
Rajasthan,2025-11,01.1.8.1.1.01,103.91,N
Rajasthan,2025-11,01.1.8.1.1.02,105.35,N
Rajasthan,2025-10,01.1.1.1.1.01,98.63,N
Rajasthan,2025-10,01.1.1.2.1.01,104.06,N
Rajasthan,2025-10,01.1.4.8.1.01,98.77,N
Rajasthan,2025-10,01.1.6.1.1.01,84.76,N
Rajasthan,2025-10,01.1.7.2.1.01,103.47,N
Rajasthan,2025-10,01.1.7.2.1.03,113.41,N
Rajasthan,2025-10,01.1.7.4.1.01,63.82,N
Rajasthan,2025-10,01.1.7.5.1.01,75.81,N
Rajasthan,2025-10,01.1.7.6.1.01,71.54,N
Rajasthan,2025-10,01.1.7.6.1.02,93.41,N
Rajasthan,2025-10,01.1.7.6.1.05,92.57,N
Rajasthan,2025-10,01.1.8.1.1.01,104.5,N
Rajasthan,2025-10,01.1.8.1.1.02,107.79,N
Rajasthan,2025-09,01.1.1.1.1.01,99.22,N
Rajasthan,2025-09,01.1.1.2.1.01,104.55,N
Rajasthan,2025-09,01.1.4.8.1.01,95.94,N
Rajasthan,2025-09,01.1.6.1.1.01,89.85,N
Rajasthan,2025-09,01.1.7.2.1.01,112.47,N
Rajasthan,2025-09,01.1.7.2.1.03,124.82,N
Rajasthan,2025-09,01.1.7.4.1.01,69.12,N
Rajasthan,2025-09,01.1.7.5.1.01,76.05,N
Rajasthan,2025-09,01.1.7.6.1.01,71.8,N
Rajasthan,2025-09,01.1.7.6.1.02,92.67,N
Rajasthan,2025-09,01.1.7.6.1.05,94.26,N
Rajasthan,2025-09,01.1.8.1.1.01,104.18,N
Rajasthan,2025-09,01.1.8.1.1.02,107.3,N
Rajasthan,2025-08,01.1.1.1.1.01,99.95,N
Rajasthan,2025-08,01.1.1.2.1.01,104.52,N
Rajasthan,2025-08,01.1.4.8.1.01,94.78,N
Rajasthan,2025-08,01.1.6.1.1.01,97.85,N
Rajasthan,2025-08,01.1.7.2.1.01,164.6,N
Rajasthan,2025-08,01.1.7.2.1.03,108.5,N
Rajasthan,2025-08,01.1.7.4.1.01,65.23,N
Rajasthan,2025-08,01.1.7.5.1.01,77.48,N
Rajasthan,2025-08,01.1.7.6.1.01,73.14,N
Rajasthan,2025-08,01.1.7.6.1.02,93.7,N
Rajasthan,2025-08,01.1.7.6.1.05,94.2,N
Rajasthan,2025-08,01.1.8.1.1.01,103.96,N
Rajasthan,2025-08,01.1.8.1.1.02,106.03,N
Rajasthan,2025-07,01.1.1.1.1.01,99.7,N
Rajasthan,2025-07,01.1.1.2.1.01,103.32,N
Rajasthan,2025-07,01.1.4.8.1.01,94.74,N
Rajasthan,2025-07,01.1.6.1.1.01,99.35,N
Rajasthan,2025-07,01.1.7.2.1.01,134.5,N
Rajasthan,2025-07,01.1.7.2.1.03,115.94,N
Rajasthan,2025-07,01.1.7.4.1.01,64.83,N
Rajasthan,2025-07,01.1.7.5.1.01,81.52,N
Rajasthan,2025-07,01.1.7.6.1.01,74.48,N
Rajasthan,2025-07,01.1.7.6.1.02,94.92,N
Rajasthan,2025-07,01.1.7.6.1.05,92.19,N
Rajasthan,2025-07,01.1.8.1.1.01,103.8,N
Rajasthan,2025-07,01.1.8.1.1.02,104.81,N
Rajasthan,2025-06,01.1.1.1.1.01,99.6,N
Rajasthan,2025-06,01.1.1.2.1.01,103.05,N
Rajasthan,2025-06,01.1.4.8.1.01,94.12,N
Rajasthan,2025-06,01.1.6.1.1.01,101.9,N
Rajasthan,2025-06,01.1.7.2.1.01,97.13,N
Rajasthan,2025-06,01.1.7.2.1.03,98.84,N
Rajasthan,2025-06,01.1.7.4.1.01,57.7,N
Rajasthan,2025-06,01.1.7.5.1.01,79.27,N
Rajasthan,2025-06,01.1.7.6.1.01,76.44,N
Rajasthan,2025-06,01.1.7.6.1.02,96.15,N
Rajasthan,2025-06,01.1.7.6.1.05,91.5,N
Rajasthan,2025-06,01.1.8.1.1.01,104.47,N
Rajasthan,2025-06,01.1.8.1.1.02,104.02,N
Rajasthan,2025-05,01.1.1.1.1.01,100.02,N
Rajasthan,2025-05,01.1.1.2.1.01,104.19,N
Rajasthan,2025-05,01.1.4.8.1.01,92.11,N
Rajasthan,2025-05,01.1.6.1.1.01,107.26,N
Rajasthan,2025-05,01.1.7.2.1.01,61.31,N
Rajasthan,2025-05,01.1.7.2.1.03,88.95,N
Rajasthan,2025-05,01.1.7.4.1.01,60.37,N
Rajasthan,2025-05,01.1.7.5.1.01,78.56,N
Rajasthan,2025-05,01.1.7.6.1.01,78.37,N
Rajasthan,2025-05,01.1.7.6.1.02,96.37,N
Rajasthan,2025-05,01.1.7.6.1.05,92.74,N
Rajasthan,2025-05,01.1.8.1.1.01,103.96,N
Rajasthan,2025-05,01.1.8.1.1.02,100.89,N
Rajasthan,2025-04,01.1.1.1.1.01,99.95,N
Rajasthan,2025-04,01.1.1.2.1.01,104.77,N
Rajasthan,2025-04,01.1.4.8.1.01,93.39,N
Rajasthan,2025-04,01.1.6.1.1.01,92.94,N
Rajasthan,2025-04,01.1.7.2.1.01,50.93,N
Rajasthan,2025-04,01.1.7.2.1.03,86.24,N
Rajasthan,2025-04,01.1.7.4.1.01,68.2,N
Rajasthan,2025-04,01.1.7.5.1.01,75.05,N
Rajasthan,2025-04,01.1.7.6.1.01,80.9,N
Rajasthan,2025-04,01.1.7.6.1.02,95.51,N
Rajasthan,2025-04,01.1.7.6.1.05,93.46,N
Rajasthan,2025-04,01.1.8.1.1.01,103.46,N
Rajasthan,2025-04,01.1.8.1.1.02,98.82,N
Rajasthan,2025-03,01.1.1.1.1.01,100.61,N
Rajasthan,2025-03,01.1.1.2.1.01,108.65,N
Rajasthan,2025-03,01.1.4.8.1.01,97.23,N
Rajasthan,2025-03,01.1.6.1.1.01,102.3,N
Rajasthan,2025-03,01.1.7.2.1.01,45.55,N
Rajasthan,2025-03,01.1.7.2.1.03,78.57,N
Rajasthan,2025-03,01.1.7.4.1.01,84.42,N
Rajasthan,2025-03,01.1.7.5.1.01,72.94,N
Rajasthan,2025-03,01.1.7.6.1.01,82.63,N
Rajasthan,2025-03,01.1.7.6.1.02,94.95,N
Rajasthan,2025-03,01.1.7.6.1.05,95.04,N
Rajasthan,2025-03,01.1.8.1.1.01,103.04,N
Rajasthan,2025-03,01.1.8.1.1.02,98.8,N
Rajasthan,2025-02,01.1.1.1.1.01,101.35,N
Rajasthan,2025-02,01.1.1.2.1.01,109.08,N
Rajasthan,2025-02,01.1.4.8.1.01,101.41,N
Rajasthan,2025-02,01.1.6.1.1.01,91.4,N
Rajasthan,2025-02,01.1.7.2.1.01,55.68,N
Rajasthan,2025-02,01.1.7.2.1.03,80.01,N
Rajasthan,2025-02,01.1.7.4.1.01,95.48,N
Rajasthan,2025-02,01.1.7.5.1.01,77.83,N
Rajasthan,2025-02,01.1.7.6.1.01,86.14,N
Rajasthan,2025-02,01.1.7.6.1.02,95.66,N
Rajasthan,2025-02,01.1.7.6.1.05,99.68,N
Rajasthan,2025-02,01.1.8.1.1.01,101.6,N
Rajasthan,2025-02,01.1.8.1.1.02,99.28,N
Rajasthan,2025-01,01.1.1.1.1.01,100.66,N
Rajasthan,2025-01,01.1.1.2.1.01,107.93,N
Rajasthan,2025-01,01.1.4.8.1.01,106.27,N
Rajasthan,2025-01,01.1.6.1.1.01,94.03,N
Rajasthan,2025-01,01.1.7.2.1.01,65.91,N
Rajasthan,2025-01,01.1.7.2.1.03,79.6,N
Rajasthan,2025-01,01.1.7.4.1.01,91.02,N
Rajasthan,2025-01,01.1.7.5.1.01,93.3,N
Rajasthan,2025-01,01.1.7.6.1.01,91.82,N
Rajasthan,2025-01,01.1.7.6.1.02,96.35,N
Rajasthan,2025-01,01.1.7.6.1.05,103.93,N
Rajasthan,2025-01,01.1.8.1.1.01,99.45,N
Rajasthan,2025-01,01.1.8.1.1.02,99.0,N
Sikkim,2025-12,01.1.1.1.1.01,104.73,N
Sikkim,2025-12,01.1.1.2.1.01,111.2,N
Sikkim,2025-12,01.1.4.8.1.01,114.35,N
Sikkim,2025-12,01.1.6.1.1.01,105.0,N
Sikkim,2025-12,01.1.7.2.1.01,113.0,N
Sikkim,2025-12,01.1.7.2.1.03,117.98,N
Sikkim,2025-12,01.1.7.4.1.01,83.95,N
Sikkim,2025-12,01.1.7.5.1.01,91.32,N
Sikkim,2025-12,01.1.7.6.1.01,94.61,N
Sikkim,2025-12,01.1.7.6.1.02,99.78,N
Sikkim,2025-12,01.1.7.6.1.05,104.54,N
Sikkim,2025-12,01.1.8.1.1.01,104.24,N
Sikkim,2025-12,01.1.8.1.1.02,101.68,N
Sikkim,2025-11,01.1.1.1.1.01,104.46,N
Sikkim,2025-11,01.1.1.2.1.01,112.27,N
Sikkim,2025-11,01.1.4.8.1.01,108.09,N
Sikkim,2025-11,01.1.6.1.1.01,105.43,N
Sikkim,2025-11,01.1.7.2.1.01,109.3,N
Sikkim,2025-11,01.1.7.2.1.03,118.4,N
Sikkim,2025-11,01.1.7.4.1.01,80.8,N
Sikkim,2025-11,01.1.7.5.1.01,89.16,N
Sikkim,2025-11,01.1.7.6.1.01,95.15,N
Sikkim,2025-11,01.1.7.6.1.02,100.08,N
Sikkim,2025-11,01.1.7.6.1.05,106.22,N
Sikkim,2025-11,01.1.8.1.1.01,101.86,N
Sikkim,2025-11,01.1.8.1.1.02,98.96,N
Sikkim,2025-10,01.1.1.1.1.01,104.57,N
Sikkim,2025-10,01.1.1.2.1.01,112.27,N
Sikkim,2025-10,01.1.4.8.1.01,105.99,N
Sikkim,2025-10,01.1.6.1.1.01,102.71,N
Sikkim,2025-10,01.1.7.2.1.01,103.22,N
Sikkim,2025-10,01.1.7.2.1.03,113.44,N
Sikkim,2025-10,01.1.7.4.1.01,79.48,N
Sikkim,2025-10,01.1.7.5.1.01,87.66,N
Sikkim,2025-10,01.1.7.6.1.01,94.91,N
Sikkim,2025-10,01.1.7.6.1.02,100.65,N
Sikkim,2025-10,01.1.7.6.1.05,105.37,N
Sikkim,2025-10,01.1.8.1.1.01,101.86,N
Sikkim,2025-10,01.1.8.1.1.02,99.23,N
Sikkim,2025-09,01.1.1.1.1.01,104.74,N
Sikkim,2025-09,01.1.1.2.1.01,112.27,N
Sikkim,2025-09,01.1.4.8.1.01,104.95,N
Sikkim,2025-09,01.1.6.1.1.01,100.07,N
Sikkim,2025-09,01.1.7.2.1.01,117.41,N
Sikkim,2025-09,01.1.7.2.1.03,110.68,N
Sikkim,2025-09,01.1.7.4.1.01,79.59,N
Sikkim,2025-09,01.1.7.5.1.01,89.88,N
Sikkim,2025-09,01.1.7.6.1.01,93.45,N
Sikkim,2025-09,01.1.7.6.1.02,101.0,N
Sikkim,2025-09,01.1.7.6.1.05,106.22,N
Sikkim,2025-09,01.1.8.1.1.01,100.98,N
Sikkim,2025-09,01.1.8.1.1.02,99.23,N
Sikkim,2025-08,01.1.1.1.1.01,104.79,N
Sikkim,2025-08,01.1.1.2.1.01,112.27,N
Sikkim,2025-08,01.1.4.8.1.01,105.48,N
Sikkim,2025-08,01.1.6.1.1.01,98.81,N
Sikkim,2025-08,01.1.7.2.1.01,122.89,N
Sikkim,2025-08,01.1.7.2.1.03,112.13,N
Sikkim,2025-08,01.1.7.4.1.01,82.13,N
Sikkim,2025-08,01.1.7.5.1.01,85.93,N
Sikkim,2025-08,01.1.7.6.1.01,95.85,N
Sikkim,2025-08,01.1.7.6.1.02,100.34,N
Sikkim,2025-08,01.1.7.6.1.05,102.88,N
Sikkim,2025-08,01.1.8.1.1.01,102.59,N
Sikkim,2025-08,01.1.8.1.1.02,98.26,N
Sikkim,2025-07,01.1.1.1.1.01,104.54,N
Sikkim,2025-07,01.1.1.2.1.01,112.27,N
Sikkim,2025-07,01.1.4.8.1.01,101.91,N
Sikkim,2025-07,01.1.6.1.1.01,100.93,N
Sikkim,2025-07,01.1.7.2.1.01,100.64,N
Sikkim,2025-07,01.1.7.2.1.03,108.22,N
Sikkim,2025-07,01.1.7.4.1.01,78.81,N
Sikkim,2025-07,01.1.7.5.1.01,87.39,N
Sikkim,2025-07,01.1.7.6.1.01,98.3,N
Sikkim,2025-07,01.1.7.6.1.02,101.1,N
Sikkim,2025-07,01.1.7.6.1.05,104.45,N
Sikkim,2025-07,01.1.8.1.1.01,100.25,N
Sikkim,2025-07,01.1.8.1.1.02,97.01,N
Sikkim,2025-06,01.1.1.1.1.01,104.06,N
Sikkim,2025-06,01.1.1.2.1.01,111.09,N
Sikkim,2025-06,01.1.4.8.1.01,100.91,N
Sikkim,2025-06,01.1.6.1.1.01,100.24,N
Sikkim,2025-06,01.1.7.2.1.01,81.83,N
Sikkim,2025-06,01.1.7.2.1.03,102.23,N
Sikkim,2025-06,01.1.7.4.1.01,78.6,N
Sikkim,2025-06,01.1.7.5.1.01,88.85,N
Sikkim,2025-06,01.1.7.6.1.01,99.19,N
Sikkim,2025-06,01.1.7.6.1.02,99.2,N
Sikkim,2025-06,01.1.7.6.1.05,107.06,N
Sikkim,2025-06,01.1.8.1.1.01,101.2,N
Sikkim,2025-06,01.1.8.1.1.02,95.94,N
Sikkim,2025-05,01.1.1.1.1.01,104.6,N
Sikkim,2025-05,01.1.1.2.1.01,109.92,N
Sikkim,2025-05,01.1.4.8.1.01,102.56,N
Sikkim,2025-05,01.1.6.1.1.01,97.22,N
Sikkim,2025-05,01.1.7.2.1.01,63.59,N
Sikkim,2025-05,01.1.7.2.1.03,102.43,N
Sikkim,2025-05,01.1.7.4.1.01,76.74,N
Sikkim,2025-05,01.1.7.5.1.01,92.87,N
Sikkim,2025-05,01.1.7.6.1.01,100.43,N
Sikkim,2025-05,01.1.7.6.1.02,100.43,N
Sikkim,2025-05,01.1.7.6.1.05,104.7,N
Sikkim,2025-05,01.1.8.1.1.01,99.81,N
Sikkim,2025-05,01.1.8.1.1.02,97.74,N
Sikkim,2025-04,01.1.1.1.1.01,104.6,N
Sikkim,2025-04,01.1.1.2.1.01,110.51,N
Sikkim,2025-04,01.1.4.8.1.01,100.91,N
Sikkim,2025-04,01.1.6.1.1.01,97.53,N
Sikkim,2025-04,01.1.7.2.1.01,53.99,N
Sikkim,2025-04,01.1.7.2.1.03,95.08,N
Sikkim,2025-04,01.1.7.4.1.01,74.19,N
Sikkim,2025-04,01.1.7.5.1.01,92.75,N
Sikkim,2025-04,01.1.7.6.1.01,104.97,N
Sikkim,2025-04,01.1.7.6.1.02,100.37,N
Sikkim,2025-04,01.1.7.6.1.05,107.62,N
Sikkim,2025-04,01.1.8.1.1.01,99.46,N
Sikkim,2025-04,01.1.8.1.1.02,97.61,N
Sikkim,2025-03,01.1.1.1.1.01,104.95,N
Sikkim,2025-03,01.1.1.2.1.01,110.83,N
Sikkim,2025-03,01.1.4.8.1.01,99.84,N
Sikkim,2025-03,01.1.6.1.1.01,99.65,N
Sikkim,2025-03,01.1.7.2.1.01,54.94,N
Sikkim,2025-03,01.1.7.2.1.03,94.21,N
Sikkim,2025-03,01.1.7.4.1.01,77.18,N
Sikkim,2025-03,01.1.7.5.1.01,88.49,N
Sikkim,2025-03,01.1.7.6.1.01,104.94,N
Sikkim,2025-03,01.1.7.6.1.02,102.21,N
Sikkim,2025-03,01.1.7.6.1.05,110.61,N
Sikkim,2025-03,01.1.8.1.1.01,100.32,N
Sikkim,2025-03,01.1.8.1.1.02,96.24,N
Sikkim,2025-02,01.1.1.1.1.01,104.26,N
Sikkim,2025-02,01.1.1.2.1.01,110.68,N
Sikkim,2025-02,01.1.4.8.1.01,101.41,N
Sikkim,2025-02,01.1.6.1.1.01,103.2,N
Sikkim,2025-02,01.1.7.2.1.01,67.55,N
Sikkim,2025-02,01.1.7.2.1.03,92.41,N
Sikkim,2025-02,01.1.7.4.1.01,89.38,N
Sikkim,2025-02,01.1.7.5.1.01,99.89,N
Sikkim,2025-02,01.1.7.6.1.01,105.78,N
Sikkim,2025-02,01.1.7.6.1.02,102.53,N
Sikkim,2025-02,01.1.7.6.1.05,108.01,N
Sikkim,2025-02,01.1.8.1.1.01,96.98,N
Sikkim,2025-02,01.1.8.1.1.02,96.56,N
Sikkim,2025-01,01.1.1.1.1.01,104.09,N
Sikkim,2025-01,01.1.1.2.1.01,108.02,N
Sikkim,2025-01,01.1.4.8.1.01,101.97,N
Sikkim,2025-01,01.1.6.1.1.01,100.39,N
Sikkim,2025-01,01.1.7.2.1.01,90.37,N
Sikkim,2025-01,01.1.7.2.1.03,108.56,N
Sikkim,2025-01,01.1.7.4.1.01,101.67,N
Sikkim,2025-01,01.1.7.5.1.01,114.73,N
Sikkim,2025-01,01.1.7.6.1.01,105.83,N
Sikkim,2025-01,01.1.7.6.1.02,102.36,N
Sikkim,2025-01,01.1.7.6.1.05,111.42,N
Sikkim,2025-01,01.1.8.1.1.01,97.09,N
Sikkim,2025-01,01.1.8.1.1.02,97.28,N
Tamil Nadu,2025-12,01.1.1.1.1.01,99.32,N
Tamil Nadu,2025-12,01.1.1.2.1.01,104.45,N
Tamil Nadu,2025-12,01.1.4.8.1.01,115.18,N
Tamil Nadu,2025-12,01.1.6.1.1.01,108.28,N
Tamil Nadu,2025-12,01.1.7.2.1.01,145.65,N
Tamil Nadu,2025-12,01.1.7.2.1.03,107.45,N
Tamil Nadu,2025-12,01.1.7.4.1.01,81.32,N
Tamil Nadu,2025-12,01.1.7.5.1.01,98.55,N
Tamil Nadu,2025-12,01.1.7.6.1.01,73.65,N
Tamil Nadu,2025-12,01.1.7.6.1.02,94.57,N
Tamil Nadu,2025-12,01.1.7.6.1.05,100.66,N
Tamil Nadu,2025-12,01.1.8.1.1.01,108.23,N
Tamil Nadu,2025-12,01.1.8.1.1.02,107.66,N
Tamil Nadu,2025-11,01.1.1.1.1.01,100.14,N
Tamil Nadu,2025-11,01.1.1.2.1.01,104.45,N
Tamil Nadu,2025-11,01.1.4.8.1.01,108.52,N
Tamil Nadu,2025-11,01.1.6.1.1.01,106.71,N
Tamil Nadu,2025-11,01.1.7.2.1.01,119.48,N
Tamil Nadu,2025-11,01.1.7.2.1.03,107.7,N
Tamil Nadu,2025-11,01.1.7.4.1.01,76.83,N
Tamil Nadu,2025-11,01.1.7.5.1.01,97.55,N
Tamil Nadu,2025-11,01.1.7.6.1.01,73.16,N
Tamil Nadu,2025-11,01.1.7.6.1.02,94.99,N
Tamil Nadu,2025-11,01.1.7.6.1.05,100.87,N
Tamil Nadu,2025-11,01.1.8.1.1.01,108.2,N
Tamil Nadu,2025-11,01.1.8.1.1.02,107.12,N
Tamil Nadu,2025-10,01.1.1.1.1.01,100.49,N
Tamil Nadu,2025-10,01.1.1.2.1.01,104.25,N
Tamil Nadu,2025-10,01.1.4.8.1.01,101.89,N
Tamil Nadu,2025-10,01.1.6.1.1.01,107.93,N
Tamil Nadu,2025-10,01.1.7.2.1.01,89.23,N
Tamil Nadu,2025-10,01.1.7.2.1.03,102.49,N
Tamil Nadu,2025-10,01.1.7.4.1.01,68.66,N
Tamil Nadu,2025-10,01.1.7.5.1.01,89.21,N
Tamil Nadu,2025-10,01.1.7.6.1.01,72.55,N
Tamil Nadu,2025-10,01.1.7.6.1.02,94.6,N
Tamil Nadu,2025-10,01.1.7.6.1.05,100.15,N
Tamil Nadu,2025-10,01.1.8.1.1.01,107.66,N
Tamil Nadu,2025-10,01.1.8.1.1.02,106.37,N
Tamil Nadu,2025-09,01.1.1.1.1.01,100.25,N
Tamil Nadu,2025-09,01.1.1.2.1.01,104.59,N
Tamil Nadu,2025-09,01.1.4.8.1.01,102.07,N
Tamil Nadu,2025-09,01.1.6.1.1.01,109.02,N
Tamil Nadu,2025-09,01.1.7.2.1.01,90.11,N
Tamil Nadu,2025-09,01.1.7.2.1.03,94.93,N
Tamil Nadu,2025-09,01.1.7.4.1.01,68.39,N
Tamil Nadu,2025-09,01.1.7.5.1.01,86.51,N
Tamil Nadu,2025-09,01.1.7.6.1.01,73.28,N
Tamil Nadu,2025-09,01.1.7.6.1.02,94.12,N
Tamil Nadu,2025-09,01.1.7.6.1.05,100.94,N
Tamil Nadu,2025-09,01.1.8.1.1.01,107.34,N
Tamil Nadu,2025-09,01.1.8.1.1.02,106.05,N
Tamil Nadu,2025-08,01.1.1.1.1.01,101.24,N
Tamil Nadu,2025-08,01.1.1.2.1.01,105.23,N
Tamil Nadu,2025-08,01.1.4.8.1.01,99.18,N
Tamil Nadu,2025-08,01.1.6.1.1.01,110.01,N
Tamil Nadu,2025-08,01.1.7.2.1.01,121.08,N
Tamil Nadu,2025-08,01.1.7.2.1.03,99.97,N
Tamil Nadu,2025-08,01.1.7.4.1.01,72.47,N
Tamil Nadu,2025-08,01.1.7.5.1.01,89.27,N
Tamil Nadu,2025-08,01.1.7.6.1.01,74.66,N
Tamil Nadu,2025-08,01.1.7.6.1.02,95.16,N
Tamil Nadu,2025-08,01.1.7.6.1.05,101.17,N
Tamil Nadu,2025-08,01.1.8.1.1.01,106.87,N
Tamil Nadu,2025-08,01.1.8.1.1.02,105.68,N
Tamil Nadu,2025-07,01.1.1.1.1.01,101.3,N
Tamil Nadu,2025-07,01.1.1.2.1.01,105.12,N
Tamil Nadu,2025-07,01.1.4.8.1.01,107.36,N
Tamil Nadu,2025-07,01.1.6.1.1.01,110.9,N
Tamil Nadu,2025-07,01.1.7.2.1.01,96.09,N
Tamil Nadu,2025-07,01.1.7.2.1.03,102.56,N
Tamil Nadu,2025-07,01.1.7.4.1.01,73.53,N
Tamil Nadu,2025-07,01.1.7.5.1.01,88.43,N
Tamil Nadu,2025-07,01.1.7.6.1.01,75.14,N
Tamil Nadu,2025-07,01.1.7.6.1.02,95.04,N
Tamil Nadu,2025-07,01.1.7.6.1.05,99.74,N
Tamil Nadu,2025-07,01.1.8.1.1.01,106.45,N
Tamil Nadu,2025-07,01.1.8.1.1.02,105.11,N
Tamil Nadu,2025-06,01.1.1.1.1.01,102.14,N
Tamil Nadu,2025-06,01.1.1.2.1.01,104.67,N
Tamil Nadu,2025-06,01.1.4.8.1.01,106.25,N
Tamil Nadu,2025-06,01.1.6.1.1.01,110.25,N
Tamil Nadu,2025-06,01.1.7.2.1.01,68.08,N
Tamil Nadu,2025-06,01.1.7.2.1.03,98.23,N
Tamil Nadu,2025-06,01.1.7.4.1.01,72.59,N
Tamil Nadu,2025-06,01.1.7.5.1.01,88.57,N
Tamil Nadu,2025-06,01.1.7.6.1.01,76.11,N
Tamil Nadu,2025-06,01.1.7.6.1.02,95.11,N
Tamil Nadu,2025-06,01.1.7.6.1.05,99.31,N
Tamil Nadu,2025-06,01.1.8.1.1.01,105.81,N
Tamil Nadu,2025-06,01.1.8.1.1.02,104.94,N
Tamil Nadu,2025-05,01.1.1.1.1.01,102.67,N
Tamil Nadu,2025-05,01.1.1.2.1.01,103.94,N
Tamil Nadu,2025-05,01.1.4.8.1.01,100.28,N
Tamil Nadu,2025-05,01.1.6.1.1.01,108.79,N
Tamil Nadu,2025-05,01.1.7.2.1.01,53.17,N
Tamil Nadu,2025-05,01.1.7.2.1.03,81.96,N
Tamil Nadu,2025-05,01.1.7.4.1.01,66.91,N
Tamil Nadu,2025-05,01.1.7.5.1.01,83.89,N
Tamil Nadu,2025-05,01.1.7.6.1.01,78.17,N
Tamil Nadu,2025-05,01.1.7.6.1.02,95.36,N
Tamil Nadu,2025-05,01.1.7.6.1.05,100.06,N
Tamil Nadu,2025-05,01.1.8.1.1.01,105.49,N
Tamil Nadu,2025-05,01.1.8.1.1.02,104.91,N
Tamil Nadu,2025-04,01.1.1.1.1.01,102.89,N
Tamil Nadu,2025-04,01.1.1.2.1.01,103.81,N
Tamil Nadu,2025-04,01.1.4.8.1.01,90.49,N
Tamil Nadu,2025-04,01.1.6.1.1.01,109.48,N
Tamil Nadu,2025-04,01.1.7.2.1.01,54.71,N
Tamil Nadu,2025-04,01.1.7.2.1.03,80.52,N
Tamil Nadu,2025-04,01.1.7.4.1.01,75.04,N
Tamil Nadu,2025-04,01.1.7.5.1.01,78.91,N
Tamil Nadu,2025-04,01.1.7.6.1.01,79.91,N
Tamil Nadu,2025-04,01.1.7.6.1.02,96.09,N
Tamil Nadu,2025-04,01.1.7.6.1.05,100.16,N
Tamil Nadu,2025-04,01.1.8.1.1.01,104.45,N
Tamil Nadu,2025-04,01.1.8.1.1.02,102.84,N
Tamil Nadu,2025-03,01.1.1.1.1.01,102.52,N
Tamil Nadu,2025-03,01.1.1.2.1.01,103.78,N
Tamil Nadu,2025-03,01.1.4.8.1.01,88.81,N
Tamil Nadu,2025-03,01.1.6.1.1.01,114.34,N
Tamil Nadu,2025-03,01.1.7.2.1.01,50.55,N
Tamil Nadu,2025-03,01.1.7.2.1.03,75.16,N
Tamil Nadu,2025-03,01.1.7.4.1.01,87.95,N
Tamil Nadu,2025-03,01.1.7.5.1.01,80.6,N
Tamil Nadu,2025-03,01.1.7.6.1.01,82.19,N
Tamil Nadu,2025-03,01.1.7.6.1.02,95.82,N
Tamil Nadu,2025-03,01.1.7.6.1.05,101.02,N
Tamil Nadu,2025-03,01.1.8.1.1.01,103.71,N
Tamil Nadu,2025-03,01.1.8.1.1.02,103.33,N
Tamil Nadu,2025-02,01.1.1.1.1.01,101.92,N
Tamil Nadu,2025-02,01.1.1.2.1.01,103.01,N
Tamil Nadu,2025-02,01.1.4.8.1.01,97.75,N
Tamil Nadu,2025-02,01.1.6.1.1.01,113.65,N
Tamil Nadu,2025-02,01.1.7.2.1.01,65.8,N
Tamil Nadu,2025-02,01.1.7.2.1.03,93.74,N
Tamil Nadu,2025-02,01.1.7.4.1.01,102.46,N
Tamil Nadu,2025-02,01.1.7.5.1.01,91.77,N
Tamil Nadu,2025-02,01.1.7.6.1.01,85.82,N
Tamil Nadu,2025-02,01.1.7.6.1.02,96.73,N
Tamil Nadu,2025-02,01.1.7.6.1.05,104.23,N
Tamil Nadu,2025-02,01.1.8.1.1.01,102.59,N
Tamil Nadu,2025-02,01.1.8.1.1.02,103.3,N
Tamil Nadu,2025-01,01.1.1.1.1.01,102.27,N
Tamil Nadu,2025-01,01.1.1.2.1.01,102.06,N
Tamil Nadu,2025-01,01.1.4.8.1.01,102.9,N
Tamil Nadu,2025-01,01.1.6.1.1.01,108.07,N
Tamil Nadu,2025-01,01.1.7.2.1.01,69.97,N
Tamil Nadu,2025-01,01.1.7.2.1.03,114.84,N
Tamil Nadu,2025-01,01.1.7.4.1.01,119.89,N
Tamil Nadu,2025-01,01.1.7.5.1.01,107.93,N
Tamil Nadu,2025-01,01.1.7.6.1.01,95.91,N
Tamil Nadu,2025-01,01.1.7.6.1.02,97.16,N
Tamil Nadu,2025-01,01.1.7.6.1.05,108.13,N
Tamil Nadu,2025-01,01.1.8.1.1.01,101.31,N
Tamil Nadu,2025-01,01.1.8.1.1.02,102.56,N
Telangana,2025-12,01.1.1.1.1.01,96.68,N
Telangana,2025-12,01.1.1.2.1.01,106.62,N
Telangana,2025-12,01.1.4.8.1.01,116.29,N
Telangana,2025-12,01.1.6.1.1.01,110.07,N
Telangana,2025-12,01.1.7.2.1.01,123.64,N
Telangana,2025-12,01.1.7.2.1.03,118.54,N
Telangana,2025-12,01.1.7.4.1.01,75.8,N
Telangana,2025-12,01.1.7.5.1.01,100.97,N
Telangana,2025-12,01.1.7.6.1.01,78.35,N
Telangana,2025-12,01.1.7.6.1.02,96.61,N
Telangana,2025-12,01.1.7.6.1.05,103.92,N
Telangana,2025-12,01.1.8.1.1.01,105.73,N
Telangana,2025-12,01.1.8.1.1.02,109.8,N
Telangana,2025-11,01.1.1.1.1.01,96.16,N
Telangana,2025-11,01.1.1.2.1.01,106.14,N
Telangana,2025-11,01.1.4.8.1.01,105.19,N
Telangana,2025-11,01.1.6.1.1.01,111.68,N
Telangana,2025-11,01.1.7.2.1.01,125.02,N
Telangana,2025-11,01.1.7.2.1.03,130.29,N
Telangana,2025-11,01.1.7.4.1.01,68.97,N
Telangana,2025-11,01.1.7.5.1.01,109.66,N
Telangana,2025-11,01.1.7.6.1.01,79.65,N
Telangana,2025-11,01.1.7.6.1.02,98.29,N
Telangana,2025-11,01.1.7.6.1.05,105.35,N
Telangana,2025-11,01.1.8.1.1.01,106.3,N
Telangana,2025-11,01.1.8.1.1.02,110.86,N
Telangana,2025-10,01.1.1.1.1.01,96.87,N
Telangana,2025-10,01.1.1.2.1.01,106.81,N
Telangana,2025-10,01.1.4.8.1.01,98.43,N
Telangana,2025-10,01.1.6.1.1.01,108.61,N
Telangana,2025-10,01.1.7.2.1.01,93.86,N
Telangana,2025-10,01.1.7.2.1.03,113.12,N
Telangana,2025-10,01.1.7.4.1.01,66.32,N
Telangana,2025-10,01.1.7.5.1.01,95.25,N
Telangana,2025-10,01.1.7.6.1.01,80.29,N
Telangana,2025-10,01.1.7.6.1.02,97.44,N
Telangana,2025-10,01.1.7.6.1.05,104.99,N
Telangana,2025-10,01.1.8.1.1.01,105.73,N
Telangana,2025-10,01.1.8.1.1.02,111.42,N
Telangana,2025-09,01.1.1.1.1.01,98.08,N
Telangana,2025-09,01.1.1.2.1.01,107.73,N
Telangana,2025-09,01.1.4.8.1.01,97.0,N
Telangana,2025-09,01.1.6.1.1.01,108.62,N
Telangana,2025-09,01.1.7.2.1.01,98.27,N
Telangana,2025-09,01.1.7.2.1.03,105.57,N
Telangana,2025-09,01.1.7.4.1.01,68.61,N
Telangana,2025-09,01.1.7.5.1.01,96.95,N
Telangana,2025-09,01.1.7.6.1.01,81.8,N
Telangana,2025-09,01.1.7.6.1.02,98.63,N
Telangana,2025-09,01.1.7.6.1.05,105.59,N
Telangana,2025-09,01.1.8.1.1.01,106.13,N
Telangana,2025-09,01.1.8.1.1.02,109.65,N
Telangana,2025-08,01.1.1.1.1.01,99.46,N
Telangana,2025-08,01.1.1.2.1.01,108.58,N
Telangana,2025-08,01.1.4.8.1.01,97.22,N
Telangana,2025-08,01.1.6.1.1.01,112.61,N
Telangana,2025-08,01.1.7.2.1.01,119.09,N
Telangana,2025-08,01.1.7.2.1.03,104.84,N
Telangana,2025-08,01.1.7.4.1.01,73.97,N
Telangana,2025-08,01.1.7.5.1.01,98.73,N
Telangana,2025-08,01.1.7.6.1.01,82.05,N
Telangana,2025-08,01.1.7.6.1.02,99.07,N
Telangana,2025-08,01.1.7.6.1.05,104.54,N
Telangana,2025-08,01.1.8.1.1.01,105.4,N
Telangana,2025-08,01.1.8.1.1.02,109.7,N
Telangana,2025-07,01.1.1.1.1.01,99.1,N
Telangana,2025-07,01.1.1.2.1.01,107.68,N
Telangana,2025-07,01.1.4.8.1.01,101.23,N
Telangana,2025-07,01.1.6.1.1.01,111.64,N
Telangana,2025-07,01.1.7.2.1.01,98.15,N
Telangana,2025-07,01.1.7.2.1.03,102.05,N
Telangana,2025-07,01.1.7.4.1.01,78.47,N
Telangana,2025-07,01.1.7.5.1.01,96.33,N
Telangana,2025-07,01.1.7.6.1.01,83.17,N
Telangana,2025-07,01.1.7.6.1.02,99.8,N
Telangana,2025-07,01.1.7.6.1.05,104.27,N
Telangana,2025-07,01.1.8.1.1.01,104.01,N
Telangana,2025-07,01.1.8.1.1.02,109.1,N
Telangana,2025-06,01.1.1.1.1.01,99.84,N
Telangana,2025-06,01.1.1.2.1.01,106.92,N
Telangana,2025-06,01.1.4.8.1.01,97.58,N
Telangana,2025-06,01.1.6.1.1.01,109.59,N
Telangana,2025-06,01.1.7.2.1.01,73.88,N
Telangana,2025-06,01.1.7.2.1.03,92.88,N
Telangana,2025-06,01.1.7.4.1.01,71.12,N
Telangana,2025-06,01.1.7.5.1.01,94.33,N
Telangana,2025-06,01.1.7.6.1.01,83.4,N
Telangana,2025-06,01.1.7.6.1.02,99.29,N
Telangana,2025-06,01.1.7.6.1.05,104.25,N
Telangana,2025-06,01.1.8.1.1.01,103.15,N
Telangana,2025-06,01.1.8.1.1.02,108.6,N
Telangana,2025-05,01.1.1.1.1.01,100.41,N
Telangana,2025-05,01.1.1.2.1.01,107.61,N
Telangana,2025-05,01.1.4.8.1.01,92.78,N
Telangana,2025-05,01.1.6.1.1.01,105.49,N
Telangana,2025-05,01.1.7.2.1.01,52.68,N
Telangana,2025-05,01.1.7.2.1.03,91.7,N
Telangana,2025-05,01.1.7.4.1.01,63.41,N
Telangana,2025-05,01.1.7.5.1.01,91.76,N
Telangana,2025-05,01.1.7.6.1.01,83.97,N
Telangana,2025-05,01.1.7.6.1.02,99.96,N
Telangana,2025-05,01.1.7.6.1.05,103.11,N
Telangana,2025-05,01.1.8.1.1.01,102.53,N
Telangana,2025-05,01.1.8.1.1.02,106.47,N
Telangana,2025-04,01.1.1.1.1.01,102.3,N
Telangana,2025-04,01.1.1.2.1.01,106.68,N
Telangana,2025-04,01.1.4.8.1.01,88.51,N
Telangana,2025-04,01.1.6.1.1.01,103.72,N
Telangana,2025-04,01.1.7.2.1.01,54.37,N
Telangana,2025-04,01.1.7.2.1.03,86.67,N
Telangana,2025-04,01.1.7.4.1.01,73.9,N
Telangana,2025-04,01.1.7.5.1.01,92.87,N
Telangana,2025-04,01.1.7.6.1.01,86.8,N
Telangana,2025-04,01.1.7.6.1.02,100.36,N
Telangana,2025-04,01.1.7.6.1.05,104.38,N
Telangana,2025-04,01.1.8.1.1.01,102.1,N
Telangana,2025-04,01.1.8.1.1.02,105.9,N
Telangana,2025-03,01.1.1.1.1.01,102.14,N
Telangana,2025-03,01.1.1.2.1.01,105.57,N
Telangana,2025-03,01.1.4.8.1.01,90.83,N
Telangana,2025-03,01.1.6.1.1.01,105.15,N
Telangana,2025-03,01.1.7.2.1.01,52.81,N
Telangana,2025-03,01.1.7.2.1.03,93.01,N
Telangana,2025-03,01.1.7.4.1.01,95.08,N
Telangana,2025-03,01.1.7.5.1.01,94.38,N
Telangana,2025-03,01.1.7.6.1.01,90.41,N
Telangana,2025-03,01.1.7.6.1.02,100.17,N
Telangana,2025-03,01.1.7.6.1.05,106.14,N
Telangana,2025-03,01.1.8.1.1.01,101.86,N
Telangana,2025-03,01.1.8.1.1.02,106.5,N
Telangana,2025-02,01.1.1.1.1.01,103.12,N
Telangana,2025-02,01.1.1.2.1.01,105.2,N
Telangana,2025-02,01.1.4.8.1.01,95.19,N
Telangana,2025-02,01.1.6.1.1.01,103.85,N
Telangana,2025-02,01.1.7.2.1.01,53.04,N
Telangana,2025-02,01.1.7.2.1.03,94.92,N
Telangana,2025-02,01.1.7.4.1.01,105.85,N
Telangana,2025-02,01.1.7.5.1.01,101.52,N
Telangana,2025-02,01.1.7.6.1.01,97.24,N
Telangana,2025-02,01.1.7.6.1.02,99.71,N
Telangana,2025-02,01.1.7.6.1.05,106.77,N
Telangana,2025-02,01.1.8.1.1.01,101.5,N
Telangana,2025-02,01.1.8.1.1.02,106.16,N
Telangana,2025-01,01.1.1.1.1.01,103.74,N
Telangana,2025-01,01.1.1.2.1.01,103.79,N
Telangana,2025-01,01.1.4.8.1.01,104.25,N
Telangana,2025-01,01.1.6.1.1.01,100.43,N
Telangana,2025-01,01.1.7.2.1.01,62.81,N
Telangana,2025-01,01.1.7.2.1.03,93.25,N
Telangana,2025-01,01.1.7.4.1.01,110.65,N
Telangana,2025-01,01.1.7.5.1.01,105.3,N
Telangana,2025-01,01.1.7.6.1.01,100.79,N
Telangana,2025-01,01.1.7.6.1.02,101.55,N
Telangana,2025-01,01.1.7.6.1.05,109.23,N
Telangana,2025-01,01.1.8.1.1.01,101.12,N
Telangana,2025-01,01.1.8.1.1.02,103.14,N
The Dadra And Nagar Haveli And Daman And Diu,2025-12,01.1.1.1.1.01,101.27,N
The Dadra And Nagar Haveli And Daman And Diu,2025-12,01.1.1.2.1.01,104.76,N
The Dadra And Nagar Haveli And Daman And Diu,2025-12,01.1.4.8.1.01,114.16,N
The Dadra And Nagar Haveli And Daman And Diu,2025-12,01.1.6.1.1.01,106.79,N
The Dadra And Nagar Haveli And Daman And Diu,2025-12,01.1.7.2.1.01,125.47,N
The Dadra And Nagar Haveli And Daman And Diu,2025-12,01.1.7.2.1.03,153.82,N
The Dadra And Nagar Haveli And Daman And Diu,2025-12,01.1.7.4.1.01,69.39,N
The Dadra And Nagar Haveli And Daman And Diu,2025-12,01.1.7.5.1.01,86.97,N
The Dadra And Nagar Haveli And Daman And Diu,2025-12,01.1.7.6.1.01,74.43,N
The Dadra And Nagar Haveli And Daman And Diu,2025-12,01.1.7.6.1.02,95.47,N
The Dadra And Nagar Haveli And Daman And Diu,2025-12,01.1.7.6.1.05,98.18,N
The Dadra And Nagar Haveli And Daman And Diu,2025-12,01.1.8.1.1.01,104.7,N
The Dadra And Nagar Haveli And Daman And Diu,2025-12,01.1.8.1.1.02,102.8,N
The Dadra And Nagar Haveli And Daman And Diu,2025-11,01.1.1.1.1.01,100.52,N
The Dadra And Nagar Haveli And Daman And Diu,2025-11,01.1.1.2.1.01,105.83,N
The Dadra And Nagar Haveli And Daman And Diu,2025-11,01.1.4.8.1.01,108.02,N
The Dadra And Nagar Haveli And Daman And Diu,2025-11,01.1.6.1.1.01,107.98,N
The Dadra And Nagar Haveli And Daman And Diu,2025-11,01.1.7.2.1.01,101.44,N
The Dadra And Nagar Haveli And Daman And Diu,2025-11,01.1.7.2.1.03,159.02,N
The Dadra And Nagar Haveli And Daman And Diu,2025-11,01.1.7.4.1.01,65.96,N
The Dadra And Nagar Haveli And Daman And Diu,2025-11,01.1.7.5.1.01,90.01,N
The Dadra And Nagar Haveli And Daman And Diu,2025-11,01.1.7.6.1.01,74.78,N
The Dadra And Nagar Haveli And Daman And Diu,2025-11,01.1.7.6.1.02,98.37,N
The Dadra And Nagar Haveli And Daman And Diu,2025-11,01.1.7.6.1.05,97.2,N
The Dadra And Nagar Haveli And Daman And Diu,2025-11,01.1.8.1.1.01,104.3,N
The Dadra And Nagar Haveli And Daman And Diu,2025-11,01.1.8.1.1.02,101.47,N
The Dadra And Nagar Haveli And Daman And Diu,2025-10,01.1.1.1.1.01,99.29,N
The Dadra And Nagar Haveli And Daman And Diu,2025-10,01.1.1.2.1.01,101.68,N
The Dadra And Nagar Haveli And Daman And Diu,2025-10,01.1.4.8.1.01,101.85,N
The Dadra And Nagar Haveli And Daman And Diu,2025-10,01.1.6.1.1.01,108.95,N
The Dadra And Nagar Haveli And Daman And Diu,2025-10,01.1.7.2.1.01,88.49,N
The Dadra And Nagar Haveli And Daman And Diu,2025-10,01.1.7.2.1.03,112.71,N
The Dadra And Nagar Haveli And Daman And Diu,2025-10,01.1.7.4.1.01,60.82,N
The Dadra And Nagar Haveli And Daman And Diu,2025-10,01.1.7.5.1.01,79.09,N
The Dadra And Nagar Haveli And Daman And Diu,2025-10,01.1.7.6.1.01,74.64,N
The Dadra And Nagar Haveli And Daman And Diu,2025-10,01.1.7.6.1.02,95.08,N
The Dadra And Nagar Haveli And Daman And Diu,2025-10,01.1.7.6.1.05,99.09,N
The Dadra And Nagar Haveli And Daman And Diu,2025-10,01.1.8.1.1.01,104.21,N
The Dadra And Nagar Haveli And Daman And Diu,2025-10,01.1.8.1.1.02,101.93,N
The Dadra And Nagar Haveli And Daman And Diu,2025-09,01.1.1.1.1.01,99.97,N
The Dadra And Nagar Haveli And Daman And Diu,2025-09,01.1.1.2.1.01,103.06,N
The Dadra And Nagar Haveli And Daman And Diu,2025-09,01.1.4.8.1.01,101.76,N
The Dadra And Nagar Haveli And Daman And Diu,2025-09,01.1.6.1.1.01,114.57,N
The Dadra And Nagar Haveli And Daman And Diu,2025-09,01.1.7.2.1.01,94.77,N
The Dadra And Nagar Haveli And Daman And Diu,2025-09,01.1.7.2.1.03,127.39,N
The Dadra And Nagar Haveli And Daman And Diu,2025-09,01.1.7.4.1.01,62.9,N
The Dadra And Nagar Haveli And Daman And Diu,2025-09,01.1.7.5.1.01,71.88,N
The Dadra And Nagar Haveli And Daman And Diu,2025-09,01.1.7.6.1.01,76.08,N
The Dadra And Nagar Haveli And Daman And Diu,2025-09,01.1.7.6.1.02,94.89,N
The Dadra And Nagar Haveli And Daman And Diu,2025-09,01.1.7.6.1.05,98.84,N
The Dadra And Nagar Haveli And Daman And Diu,2025-09,01.1.8.1.1.01,104.44,N
The Dadra And Nagar Haveli And Daman And Diu,2025-09,01.1.8.1.1.02,99.46,N
The Dadra And Nagar Haveli And Daman And Diu,2025-08,01.1.1.1.1.01,99.42,N
The Dadra And Nagar Haveli And Daman And Diu,2025-08,01.1.1.2.1.01,104.13,N
The Dadra And Nagar Haveli And Daman And Diu,2025-08,01.1.4.8.1.01,98.94,N
The Dadra And Nagar Haveli And Daman And Diu,2025-08,01.1.6.1.1.01,109.1,N
The Dadra And Nagar Haveli And Daman And Diu,2025-08,01.1.7.2.1.01,144.8,N
The Dadra And Nagar Haveli And Daman And Diu,2025-08,01.1.7.2.1.03,104.11,N
The Dadra And Nagar Haveli And Daman And Diu,2025-08,01.1.7.4.1.01,68.23,N
The Dadra And Nagar Haveli And Daman And Diu,2025-08,01.1.7.5.1.01,74.81,N
The Dadra And Nagar Haveli And Daman And Diu,2025-08,01.1.7.6.1.01,79.46,N
The Dadra And Nagar Haveli And Daman And Diu,2025-08,01.1.7.6.1.02,94.05,N
The Dadra And Nagar Haveli And Daman And Diu,2025-08,01.1.7.6.1.05,99.27,N
The Dadra And Nagar Haveli And Daman And Diu,2025-08,01.1.8.1.1.01,103.46,N
The Dadra And Nagar Haveli And Daman And Diu,2025-08,01.1.8.1.1.02,98.0,N
The Dadra And Nagar Haveli And Daman And Diu,2025-07,01.1.1.1.1.01,99.56,N
The Dadra And Nagar Haveli And Daman And Diu,2025-07,01.1.1.2.1.01,103.1,N
The Dadra And Nagar Haveli And Daman And Diu,2025-07,01.1.4.8.1.01,100.98,N
The Dadra And Nagar Haveli And Daman And Diu,2025-07,01.1.6.1.1.01,107.59,N
The Dadra And Nagar Haveli And Daman And Diu,2025-07,01.1.7.2.1.01,106.59,N
The Dadra And Nagar Haveli And Daman And Diu,2025-07,01.1.7.2.1.03,173.39,N
The Dadra And Nagar Haveli And Daman And Diu,2025-07,01.1.7.4.1.01,72.05,N
The Dadra And Nagar Haveli And Daman And Diu,2025-07,01.1.7.5.1.01,79.04,N
The Dadra And Nagar Haveli And Daman And Diu,2025-07,01.1.7.6.1.01,79.49,N
The Dadra And Nagar Haveli And Daman And Diu,2025-07,01.1.7.6.1.02,95.25,N
The Dadra And Nagar Haveli And Daman And Diu,2025-07,01.1.7.6.1.05,97.04,N
The Dadra And Nagar Haveli And Daman And Diu,2025-07,01.1.8.1.1.01,103.22,N
The Dadra And Nagar Haveli And Daman And Diu,2025-07,01.1.8.1.1.02,98.0,N
The Dadra And Nagar Haveli And Daman And Diu,2025-06,01.1.1.1.1.01,99.98,N
The Dadra And Nagar Haveli And Daman And Diu,2025-06,01.1.1.2.1.01,100.41,N
The Dadra And Nagar Haveli And Daman And Diu,2025-06,01.1.4.8.1.01,95.63,N
The Dadra And Nagar Haveli And Daman And Diu,2025-06,01.1.6.1.1.01,108.77,N
The Dadra And Nagar Haveli And Daman And Diu,2025-06,01.1.7.2.1.01,88.36,N
The Dadra And Nagar Haveli And Daman And Diu,2025-06,01.1.7.2.1.03,124.17,N
The Dadra And Nagar Haveli And Daman And Diu,2025-06,01.1.7.4.1.01,69.41,N
The Dadra And Nagar Haveli And Daman And Diu,2025-06,01.1.7.5.1.01,78.48,N
The Dadra And Nagar Haveli And Daman And Diu,2025-06,01.1.7.6.1.01,81.29,N
The Dadra And Nagar Haveli And Daman And Diu,2025-06,01.1.7.6.1.02,95.68,N
The Dadra And Nagar Haveli And Daman And Diu,2025-06,01.1.7.6.1.05,95.05,N
The Dadra And Nagar Haveli And Daman And Diu,2025-06,01.1.8.1.1.01,103.46,N
The Dadra And Nagar Haveli And Daman And Diu,2025-06,01.1.8.1.1.02,95.94,N
The Dadra And Nagar Haveli And Daman And Diu,2025-05,01.1.1.1.1.01,98.83,N
The Dadra And Nagar Haveli And Daman And Diu,2025-05,01.1.1.2.1.01,102.01,N
The Dadra And Nagar Haveli And Daman And Diu,2025-05,01.1.4.8.1.01,96.15,N
The Dadra And Nagar Haveli And Daman And Diu,2025-05,01.1.6.1.1.01,101.66,N
The Dadra And Nagar Haveli And Daman And Diu,2025-05,01.1.7.2.1.01,73.65,N
The Dadra And Nagar Haveli And Daman And Diu,2025-05,01.1.7.2.1.03,95.55,N
The Dadra And Nagar Haveli And Daman And Diu,2025-05,01.1.7.4.1.01,65.48,N
The Dadra And Nagar Haveli And Daman And Diu,2025-05,01.1.7.5.1.01,71.88,N
The Dadra And Nagar Haveli And Daman And Diu,2025-05,01.1.7.6.1.01,83.08,N
The Dadra And Nagar Haveli And Daman And Diu,2025-05,01.1.7.6.1.02,97.29,N
The Dadra And Nagar Haveli And Daman And Diu,2025-05,01.1.7.6.1.05,97.29,N
The Dadra And Nagar Haveli And Daman And Diu,2025-05,01.1.8.1.1.01,102.81,N
The Dadra And Nagar Haveli And Daman And Diu,2025-05,01.1.8.1.1.02,96.07,N
The Dadra And Nagar Haveli And Daman And Diu,2025-04,01.1.1.1.1.01,99.14,N
The Dadra And Nagar Haveli And Daman And Diu,2025-04,01.1.1.2.1.01,104.48,N
The Dadra And Nagar Haveli And Daman And Diu,2025-04,01.1.4.8.1.01,94.84,N
The Dadra And Nagar Haveli And Daman And Diu,2025-04,01.1.6.1.1.01,105.71,N
The Dadra And Nagar Haveli And Daman And Diu,2025-04,01.1.7.2.1.01,59.11,N
The Dadra And Nagar Haveli And Daman And Diu,2025-04,01.1.7.2.1.03,80.69,N
The Dadra And Nagar Haveli And Daman And Diu,2025-04,01.1.7.4.1.01,74.71,N
The Dadra And Nagar Haveli And Daman And Diu,2025-04,01.1.7.5.1.01,67.64,N
The Dadra And Nagar Haveli And Daman And Diu,2025-04,01.1.7.6.1.01,85.75,N
The Dadra And Nagar Haveli And Daman And Diu,2025-04,01.1.7.6.1.02,97.79,N
The Dadra And Nagar Haveli And Daman And Diu,2025-04,01.1.7.6.1.05,100.98,N
The Dadra And Nagar Haveli And Daman And Diu,2025-04,01.1.8.1.1.01,101.98,N
The Dadra And Nagar Haveli And Daman And Diu,2025-04,01.1.8.1.1.02,97.0,N
The Dadra And Nagar Haveli And Daman And Diu,2025-03,01.1.1.1.1.01,100.25,N
The Dadra And Nagar Haveli And Daman And Diu,2025-03,01.1.1.2.1.01,104.69,N
The Dadra And Nagar Haveli And Daman And Diu,2025-03,01.1.4.8.1.01,99.2,N
The Dadra And Nagar Haveli And Daman And Diu,2025-03,01.1.6.1.1.01,106.79,N
The Dadra And Nagar Haveli And Daman And Diu,2025-03,01.1.7.2.1.01,58.94,N
The Dadra And Nagar Haveli And Daman And Diu,2025-03,01.1.7.2.1.03,77.08,N
The Dadra And Nagar Haveli And Daman And Diu,2025-03,01.1.7.4.1.01,90.83,N
The Dadra And Nagar Haveli And Daman And Diu,2025-03,01.1.7.5.1.01,70.54,N
The Dadra And Nagar Haveli And Daman And Diu,2025-03,01.1.7.6.1.01,89.16,N
The Dadra And Nagar Haveli And Daman And Diu,2025-03,01.1.7.6.1.02,98.07,N
The Dadra And Nagar Haveli And Daman And Diu,2025-03,01.1.7.6.1.05,104.1,N
The Dadra And Nagar Haveli And Daman And Diu,2025-03,01.1.8.1.1.01,101.39,N
The Dadra And Nagar Haveli And Daman And Diu,2025-03,01.1.8.1.1.02,98.46,N
The Dadra And Nagar Haveli And Daman And Diu,2025-02,01.1.1.1.1.01,100.2,N
The Dadra And Nagar Haveli And Daman And Diu,2025-02,01.1.1.2.1.01,104.6,N
The Dadra And Nagar Haveli And Daman And Diu,2025-02,01.1.4.8.1.01,105.2,N
The Dadra And Nagar Haveli And Daman And Diu,2025-02,01.1.6.1.1.01,103.7,N
The Dadra And Nagar Haveli And Daman And Diu,2025-02,01.1.7.2.1.01,58.74,N
The Dadra And Nagar Haveli And Daman And Diu,2025-02,01.1.7.2.1.03,88.27,N
The Dadra And Nagar Haveli And Daman And Diu,2025-02,01.1.7.4.1.01,94.42,N
The Dadra And Nagar Haveli And Daman And Diu,2025-02,01.1.7.5.1.01,74.03,N
The Dadra And Nagar Haveli And Daman And Diu,2025-02,01.1.7.6.1.01,91.06,N
The Dadra And Nagar Haveli And Daman And Diu,2025-02,01.1.7.6.1.02,97.68,N
The Dadra And Nagar Haveli And Daman And Diu,2025-02,01.1.7.6.1.05,109.45,N
The Dadra And Nagar Haveli And Daman And Diu,2025-02,01.1.8.1.1.01,101.78,N
The Dadra And Nagar Haveli And Daman And Diu,2025-02,01.1.8.1.1.02,98.08,N
The Dadra And Nagar Haveli And Daman And Diu,2025-01,01.1.1.1.1.01,100.83,N
The Dadra And Nagar Haveli And Daman And Diu,2025-01,01.1.1.2.1.01,104.06,N
The Dadra And Nagar Haveli And Daman And Diu,2025-01,01.1.4.8.1.01,116.63,N
The Dadra And Nagar Haveli And Daman And Diu,2025-01,01.1.6.1.1.01,101.63,N
The Dadra And Nagar Haveli And Daman And Diu,2025-01,01.1.7.2.1.01,88.18,N
The Dadra And Nagar Haveli And Daman And Diu,2025-01,01.1.7.2.1.03,85.23,N
The Dadra And Nagar Haveli And Daman And Diu,2025-01,01.1.7.4.1.01,102.54,N
The Dadra And Nagar Haveli And Daman And Diu,2025-01,01.1.7.5.1.01,102.07,N
The Dadra And Nagar Haveli And Daman And Diu,2025-01,01.1.7.6.1.01,97.44,N
The Dadra And Nagar Haveli And Daman And Diu,2025-01,01.1.7.6.1.02,97.34,N
The Dadra And Nagar Haveli And Daman And Diu,2025-01,01.1.7.6.1.05,109.15,N
The Dadra And Nagar Haveli And Daman And Diu,2025-01,01.1.8.1.1.01,100.11,N
The Dadra And Nagar Haveli And Daman And Diu,2025-01,01.1.8.1.1.02,100.44,N
Tripura,2025-12,01.1.1.1.1.01,95.35,N
Tripura,2025-12,01.1.1.2.1.01,103.19,N
Tripura,2025-12,01.1.4.8.1.01,111.47,N
Tripura,2025-12,01.1.6.1.1.01,124.05,N
Tripura,2025-12,01.1.7.2.1.01,113.04,N
Tripura,2025-12,01.1.7.2.1.03,118.32,N
Tripura,2025-12,01.1.7.4.1.01,67.92,N
Tripura,2025-12,01.1.7.5.1.01,80.04,N
Tripura,2025-12,01.1.7.6.1.01,89.8,N
Tripura,2025-12,01.1.7.6.1.02,99.91,N
Tripura,2025-12,01.1.7.6.1.05,97.83,N
Tripura,2025-12,01.1.8.1.1.01,104.37,N
Tripura,2025-12,01.1.8.1.1.02,109.34,N
Tripura,2025-11,01.1.1.1.1.01,94.62,N
Tripura,2025-11,01.1.1.2.1.01,103.14,N
Tripura,2025-11,01.1.4.8.1.01,104.81,N
Tripura,2025-11,01.1.6.1.1.01,113.61,N
Tripura,2025-11,01.1.7.2.1.01,108.38,N
Tripura,2025-11,01.1.7.2.1.03,116.52,N
Tripura,2025-11,01.1.7.4.1.01,67.56,N
Tripura,2025-11,01.1.7.5.1.01,78.29,N
Tripura,2025-11,01.1.7.6.1.01,89.8,N
Tripura,2025-11,01.1.7.6.1.02,100.58,N
Tripura,2025-11,01.1.7.6.1.05,98.72,N
Tripura,2025-11,01.1.8.1.1.01,101.85,N
Tripura,2025-11,01.1.8.1.1.02,109.34,N
Tripura,2025-10,01.1.1.1.1.01,96.06,N
Tripura,2025-10,01.1.1.2.1.01,105.07,N
Tripura,2025-10,01.1.4.8.1.01,101.85,N
Tripura,2025-10,01.1.6.1.1.01,109.59,N
Tripura,2025-10,01.1.7.2.1.01,107.85,N
Tripura,2025-10,01.1.7.2.1.03,127.59,N
Tripura,2025-10,01.1.7.4.1.01,66.77,N
Tripura,2025-10,01.1.7.5.1.01,78.96,N
Tripura,2025-10,01.1.7.6.1.01,89.57,N
Tripura,2025-10,01.1.7.6.1.02,100.84,N
Tripura,2025-10,01.1.7.6.1.05,97.49,N
Tripura,2025-10,01.1.8.1.1.01,101.85,N
Tripura,2025-10,01.1.8.1.1.02,109.34,N
Tripura,2025-09,01.1.1.1.1.01,97.25,N
Tripura,2025-09,01.1.1.2.1.01,104.12,N
Tripura,2025-09,01.1.4.8.1.01,101.34,N
Tripura,2025-09,01.1.6.1.1.01,111.47,N
Tripura,2025-09,01.1.7.2.1.01,109.03,N
Tripura,2025-09,01.1.7.2.1.03,103.6,N
Tripura,2025-09,01.1.7.4.1.01,67.86,N
Tripura,2025-09,01.1.7.5.1.01,75.65,N
Tripura,2025-09,01.1.7.6.1.01,91.64,N
Tripura,2025-09,01.1.7.6.1.02,100.24,N
Tripura,2025-09,01.1.7.6.1.05,99.89,N
Tripura,2025-09,01.1.8.1.1.01,102.22,N
Tripura,2025-09,01.1.8.1.1.02,106.78,N
Tripura,2025-08,01.1.1.1.1.01,96.98,N
Tripura,2025-08,01.1.1.2.1.01,104.7,N
Tripura,2025-08,01.1.4.8.1.01,98.37,N
Tripura,2025-08,01.1.6.1.1.01,112.3,N
Tripura,2025-08,01.1.7.2.1.01,113.59,N
Tripura,2025-08,01.1.7.2.1.03,83.12,N
Tripura,2025-08,01.1.7.4.1.01,63.26,N
Tripura,2025-08,01.1.7.5.1.01,74.67,N
Tripura,2025-08,01.1.7.6.1.01,94.41,N
Tripura,2025-08,01.1.7.6.1.02,99.57,N
Tripura,2025-08,01.1.7.6.1.05,101.35,N
Tripura,2025-08,01.1.8.1.1.01,100.61,N
Tripura,2025-08,01.1.8.1.1.02,107.61,N
Tripura,2025-07,01.1.1.1.1.01,96.26,N
Tripura,2025-07,01.1.1.2.1.01,105.88,N
Tripura,2025-07,01.1.4.8.1.01,100.54,N
Tripura,2025-07,01.1.6.1.1.01,107.39,N
Tripura,2025-07,01.1.7.2.1.01,115.21,N
Tripura,2025-07,01.1.7.2.1.03,89.81,N
Tripura,2025-07,01.1.7.4.1.01,65.06,N
Tripura,2025-07,01.1.7.5.1.01,79.82,N
Tripura,2025-07,01.1.7.6.1.01,96.06,N
Tripura,2025-07,01.1.7.6.1.02,98.18,N
Tripura,2025-07,01.1.7.6.1.05,99.62,N
Tripura,2025-07,01.1.8.1.1.01,100.61,N
Tripura,2025-07,01.1.8.1.1.02,106.95,N
Tripura,2025-06,01.1.1.1.1.01,96.08,N
Tripura,2025-06,01.1.1.2.1.01,107.82,N
Tripura,2025-06,01.1.4.8.1.01,94.78,N
Tripura,2025-06,01.1.6.1.1.01,97.02,N
Tripura,2025-06,01.1.7.2.1.01,114.96,N
Tripura,2025-06,01.1.7.2.1.03,81.23,N
Tripura,2025-06,01.1.7.4.1.01,63.81,N
Tripura,2025-06,01.1.7.5.1.01,76.85,N
Tripura,2025-06,01.1.7.6.1.01,96.0,N
Tripura,2025-06,01.1.7.6.1.02,96.44,N
Tripura,2025-06,01.1.7.6.1.05,100.54,N
Tripura,2025-06,01.1.8.1.1.01,100.61,N
Tripura,2025-06,01.1.8.1.1.02,104.44,N
Tripura,2025-05,01.1.1.1.1.01,96.42,N
Tripura,2025-05,01.1.1.2.1.01,109.49,N
Tripura,2025-05,01.1.4.8.1.01,93.78,N
Tripura,2025-05,01.1.6.1.1.01,101.92,N
Tripura,2025-05,01.1.7.2.1.01,64.43,N
Tripura,2025-05,01.1.7.2.1.03,71.75,N
Tripura,2025-05,01.1.7.4.1.01,66.62,N
Tripura,2025-05,01.1.7.5.1.01,68.82,N
Tripura,2025-05,01.1.7.6.1.01,97.94,N
Tripura,2025-05,01.1.7.6.1.02,98.17,N
Tripura,2025-05,01.1.7.6.1.05,100.8,N
Tripura,2025-05,01.1.8.1.1.01,100.61,N
Tripura,2025-05,01.1.8.1.1.02,104.44,N
Tripura,2025-04,01.1.1.1.1.01,95.32,N
Tripura,2025-04,01.1.1.2.1.01,109.91,N
Tripura,2025-04,01.1.4.8.1.01,93.18,N
Tripura,2025-04,01.1.6.1.1.01,104.23,N
Tripura,2025-04,01.1.7.2.1.01,40.6,N
Tripura,2025-04,01.1.7.2.1.03,72.42,N
Tripura,2025-04,01.1.7.4.1.01,69.33,N
Tripura,2025-04,01.1.7.5.1.01,69.33,N
Tripura,2025-04,01.1.7.6.1.01,101.08,N
Tripura,2025-04,01.1.7.6.1.02,98.05,N
Tripura,2025-04,01.1.7.6.1.05,98.86,N
Tripura,2025-04,01.1.8.1.1.01,99.13,N
Tripura,2025-04,01.1.8.1.1.02,100.12,N
Tripura,2025-03,01.1.1.1.1.01,97.27,N
Tripura,2025-03,01.1.1.2.1.01,110.47,N
Tripura,2025-03,01.1.4.8.1.01,97.81,N
Tripura,2025-03,01.1.6.1.1.01,113.69,N
Tripura,2025-03,01.1.7.2.1.01,32.8,N
Tripura,2025-03,01.1.7.2.1.03,50.32,N
Tripura,2025-03,01.1.7.4.1.01,78.27,N
Tripura,2025-03,01.1.7.5.1.01,68.61,N
Tripura,2025-03,01.1.7.6.1.01,101.85,N
Tripura,2025-03,01.1.7.6.1.02,99.18,N
Tripura,2025-03,01.1.7.6.1.05,103.33,N
Tripura,2025-03,01.1.8.1.1.01,98.19,N
Tripura,2025-03,01.1.8.1.1.02,98.21,N
Tripura,2025-02,01.1.1.1.1.01,97.97,N
Tripura,2025-02,01.1.1.2.1.01,107.99,N
Tripura,2025-02,01.1.4.8.1.01,104.03,N
Tripura,2025-02,01.1.6.1.1.01,111.84,N
Tripura,2025-02,01.1.7.2.1.01,52.09,N
Tripura,2025-02,01.1.7.2.1.03,46.51,N
Tripura,2025-02,01.1.7.4.1.01,90.65,N
Tripura,2025-02,01.1.7.5.1.01,78.3,N
Tripura,2025-02,01.1.7.6.1.01,106.5,N
Tripura,2025-02,01.1.7.6.1.02,99.84,N
Tripura,2025-02,01.1.7.6.1.05,106.78,N
Tripura,2025-02,01.1.8.1.1.01,97.94,N
Tripura,2025-02,01.1.8.1.1.02,96.96,N
Tripura,2025-01,01.1.1.1.1.01,100.88,N
Tripura,2025-01,01.1.1.2.1.01,106.23,N
Tripura,2025-01,01.1.4.8.1.01,110.14,N
Tripura,2025-01,01.1.6.1.1.01,106.6,N
Tripura,2025-01,01.1.7.2.1.01,83.09,N
Tripura,2025-01,01.1.7.2.1.03,71.41,N
Tripura,2025-01,01.1.7.4.1.01,95.65,N
Tripura,2025-01,01.1.7.5.1.01,102.68,N
Tripura,2025-01,01.1.7.6.1.01,109.01,N
Tripura,2025-01,01.1.7.6.1.02,99.26,N
Tripura,2025-01,01.1.7.6.1.05,110.0,N
Tripura,2025-01,01.1.8.1.1.01,99.34,N
Tripura,2025-01,01.1.8.1.1.02,100.31,N
Uttar Pradesh,2025-12,01.1.1.1.1.01,103.88,N
Uttar Pradesh,2025-12,01.1.1.2.1.01,106.15,N
Uttar Pradesh,2025-12,01.1.4.8.1.01,114.06,N
Uttar Pradesh,2025-12,01.1.6.1.1.01,84.42,N
Uttar Pradesh,2025-12,01.1.7.2.1.01,125.61,N
Uttar Pradesh,2025-12,01.1.7.2.1.03,96.96,N
Uttar Pradesh,2025-12,01.1.7.4.1.01,60.04,N
Uttar Pradesh,2025-12,01.1.7.5.1.01,74.83,N
Uttar Pradesh,2025-12,01.1.7.6.1.01,73.31,N
Uttar Pradesh,2025-12,01.1.7.6.1.02,97.74,N
Uttar Pradesh,2025-12,01.1.7.6.1.05,96.64,N
Uttar Pradesh,2025-12,01.1.8.1.1.01,104.21,N
Uttar Pradesh,2025-12,01.1.8.1.1.02,108.79,N
Uttar Pradesh,2025-11,01.1.1.1.1.01,103.89,N
Uttar Pradesh,2025-11,01.1.1.2.1.01,106.5,N
Uttar Pradesh,2025-11,01.1.4.8.1.01,108.98,N
Uttar Pradesh,2025-11,01.1.6.1.1.01,82.61,N
Uttar Pradesh,2025-11,01.1.7.2.1.01,125.87,N
Uttar Pradesh,2025-11,01.1.7.2.1.03,99.22,N
Uttar Pradesh,2025-11,01.1.7.4.1.01,58.91,N
Uttar Pradesh,2025-11,01.1.7.5.1.01,83.94,N
Uttar Pradesh,2025-11,01.1.7.6.1.01,73.64,N
Uttar Pradesh,2025-11,01.1.7.6.1.02,97.6,N
Uttar Pradesh,2025-11,01.1.7.6.1.05,96.26,N
Uttar Pradesh,2025-11,01.1.8.1.1.01,103.44,N
Uttar Pradesh,2025-11,01.1.8.1.1.02,108.63,N
Uttar Pradesh,2025-10,01.1.1.1.1.01,104.31,N
Uttar Pradesh,2025-10,01.1.1.2.1.01,106.17,N
Uttar Pradesh,2025-10,01.1.4.8.1.01,103.79,N
Uttar Pradesh,2025-10,01.1.6.1.1.01,88.71,N
Uttar Pradesh,2025-10,01.1.7.2.1.01,102.0,N
Uttar Pradesh,2025-10,01.1.7.2.1.03,100.55,N
Uttar Pradesh,2025-10,01.1.7.4.1.01,62.05,N
Uttar Pradesh,2025-10,01.1.7.5.1.01,81.63,N
Uttar Pradesh,2025-10,01.1.7.6.1.01,73.8,N
Uttar Pradesh,2025-10,01.1.7.6.1.02,97.34,N
Uttar Pradesh,2025-10,01.1.7.6.1.05,96.9,N
Uttar Pradesh,2025-10,01.1.8.1.1.01,103.7,N
Uttar Pradesh,2025-10,01.1.8.1.1.02,110.17,N
Uttar Pradesh,2025-09,01.1.1.1.1.01,104.43,N
Uttar Pradesh,2025-09,01.1.1.2.1.01,106.25,N
Uttar Pradesh,2025-09,01.1.4.8.1.01,101.72,N
Uttar Pradesh,2025-09,01.1.6.1.1.01,97.1,N
Uttar Pradesh,2025-09,01.1.7.2.1.01,114.66,N
Uttar Pradesh,2025-09,01.1.7.2.1.03,98.32,N
Uttar Pradesh,2025-09,01.1.7.4.1.01,65.26,N
Uttar Pradesh,2025-09,01.1.7.5.1.01,82.4,N
Uttar Pradesh,2025-09,01.1.7.6.1.01,74.86,N
Uttar Pradesh,2025-09,01.1.7.6.1.02,97.78,N
Uttar Pradesh,2025-09,01.1.7.6.1.05,97.21,N
Uttar Pradesh,2025-09,01.1.8.1.1.01,103.12,N
Uttar Pradesh,2025-09,01.1.8.1.1.02,110.4,N
Uttar Pradesh,2025-08,01.1.1.1.1.01,103.88,N
Uttar Pradesh,2025-08,01.1.1.2.1.01,106.14,N
Uttar Pradesh,2025-08,01.1.4.8.1.01,99.74,N
Uttar Pradesh,2025-08,01.1.6.1.1.01,106.25,N
Uttar Pradesh,2025-08,01.1.7.2.1.01,153.71,N
Uttar Pradesh,2025-08,01.1.7.2.1.03,102.16,N
Uttar Pradesh,2025-08,01.1.7.4.1.01,68.24,N
Uttar Pradesh,2025-08,01.1.7.5.1.01,82.91,N
Uttar Pradesh,2025-08,01.1.7.6.1.01,75.59,N
Uttar Pradesh,2025-08,01.1.7.6.1.02,97.86,N
Uttar Pradesh,2025-08,01.1.7.6.1.05,96.86,N
Uttar Pradesh,2025-08,01.1.8.1.1.01,103.12,N
Uttar Pradesh,2025-08,01.1.8.1.1.02,108.93,N
Uttar Pradesh,2025-07,01.1.1.1.1.01,103.47,N
Uttar Pradesh,2025-07,01.1.1.2.1.01,105.28,N
Uttar Pradesh,2025-07,01.1.4.8.1.01,98.94,N
Uttar Pradesh,2025-07,01.1.6.1.1.01,108.71,N
Uttar Pradesh,2025-07,01.1.7.2.1.01,127.51,N
Uttar Pradesh,2025-07,01.1.7.2.1.03,101.17,N
Uttar Pradesh,2025-07,01.1.7.4.1.01,67.2,N
Uttar Pradesh,2025-07,01.1.7.5.1.01,85.17,N
Uttar Pradesh,2025-07,01.1.7.6.1.01,76.06,N
Uttar Pradesh,2025-07,01.1.7.6.1.02,97.23,N
Uttar Pradesh,2025-07,01.1.7.6.1.05,96.97,N
Uttar Pradesh,2025-07,01.1.8.1.1.01,102.67,N
Uttar Pradesh,2025-07,01.1.8.1.1.02,107.59,N
Uttar Pradesh,2025-06,01.1.1.1.1.01,103.39,N
Uttar Pradesh,2025-06,01.1.1.2.1.01,105.69,N
Uttar Pradesh,2025-06,01.1.4.8.1.01,98.43,N
Uttar Pradesh,2025-06,01.1.6.1.1.01,108.49,N
Uttar Pradesh,2025-06,01.1.7.2.1.01,81.87,N
Uttar Pradesh,2025-06,01.1.7.2.1.03,86.62,N
Uttar Pradesh,2025-06,01.1.7.4.1.01,61.54,N
Uttar Pradesh,2025-06,01.1.7.5.1.01,82.9,N
Uttar Pradesh,2025-06,01.1.7.6.1.01,78.46,N
Uttar Pradesh,2025-06,01.1.7.6.1.02,97.15,N
Uttar Pradesh,2025-06,01.1.7.6.1.05,97.76,N
Uttar Pradesh,2025-06,01.1.8.1.1.01,103.1,N
Uttar Pradesh,2025-06,01.1.8.1.1.02,105.82,N
Uttar Pradesh,2025-05,01.1.1.1.1.01,102.91,N
Uttar Pradesh,2025-05,01.1.1.2.1.01,105.89,N
Uttar Pradesh,2025-05,01.1.4.8.1.01,100.12,N
Uttar Pradesh,2025-05,01.1.6.1.1.01,109.51,N
Uttar Pradesh,2025-05,01.1.7.2.1.01,45.99,N
Uttar Pradesh,2025-05,01.1.7.2.1.03,80.83,N
Uttar Pradesh,2025-05,01.1.7.4.1.01,61.61,N
Uttar Pradesh,2025-05,01.1.7.5.1.01,78.85,N
Uttar Pradesh,2025-05,01.1.7.6.1.01,80.31,N
Uttar Pradesh,2025-05,01.1.7.6.1.02,97.69,N
Uttar Pradesh,2025-05,01.1.7.6.1.05,98.56,N
Uttar Pradesh,2025-05,01.1.8.1.1.01,102.92,N
Uttar Pradesh,2025-05,01.1.8.1.1.02,103.18,N
Uttar Pradesh,2025-04,01.1.1.1.1.01,102.81,N
Uttar Pradesh,2025-04,01.1.1.2.1.01,107.54,N
Uttar Pradesh,2025-04,01.1.4.8.1.01,101.44,N
Uttar Pradesh,2025-04,01.1.6.1.1.01,110.68,N
Uttar Pradesh,2025-04,01.1.7.2.1.01,43.88,N
Uttar Pradesh,2025-04,01.1.7.2.1.03,76.98,N
Uttar Pradesh,2025-04,01.1.7.4.1.01,76.72,N
Uttar Pradesh,2025-04,01.1.7.5.1.01,76.87,N
Uttar Pradesh,2025-04,01.1.7.6.1.01,82.98,N
Uttar Pradesh,2025-04,01.1.7.6.1.02,97.42,N
Uttar Pradesh,2025-04,01.1.7.6.1.05,100.47,N
Uttar Pradesh,2025-04,01.1.8.1.1.01,103.31,N
Uttar Pradesh,2025-04,01.1.8.1.1.02,101.83,N
Uttar Pradesh,2025-03,01.1.1.1.1.01,102.96,N
Uttar Pradesh,2025-03,01.1.1.2.1.01,107.62,N
Uttar Pradesh,2025-03,01.1.4.8.1.01,104.48,N
Uttar Pradesh,2025-03,01.1.6.1.1.01,111.09,N
Uttar Pradesh,2025-03,01.1.7.2.1.01,43.24,N
Uttar Pradesh,2025-03,01.1.7.2.1.03,74.03,N
Uttar Pradesh,2025-03,01.1.7.4.1.01,90.88,N
Uttar Pradesh,2025-03,01.1.7.5.1.01,73.2,N
Uttar Pradesh,2025-03,01.1.7.6.1.01,86.18,N
Uttar Pradesh,2025-03,01.1.7.6.1.02,98.3,N
Uttar Pradesh,2025-03,01.1.7.6.1.05,103.19,N
Uttar Pradesh,2025-03,01.1.8.1.1.01,102.84,N
Uttar Pradesh,2025-03,01.1.8.1.1.02,102.15,N
Uttar Pradesh,2025-02,01.1.1.1.1.01,102.87,N
Uttar Pradesh,2025-02,01.1.1.2.1.01,106.74,N
Uttar Pradesh,2025-02,01.1.4.8.1.01,109.25,N
Uttar Pradesh,2025-02,01.1.6.1.1.01,104.76,N
Uttar Pradesh,2025-02,01.1.7.2.1.01,49.01,N
Uttar Pradesh,2025-02,01.1.7.2.1.03,72.75,N
Uttar Pradesh,2025-02,01.1.7.4.1.01,96.69,N
Uttar Pradesh,2025-02,01.1.7.5.1.01,75.12,N
Uttar Pradesh,2025-02,01.1.7.6.1.01,88.85,N
Uttar Pradesh,2025-02,01.1.7.6.1.02,97.94,N
Uttar Pradesh,2025-02,01.1.7.6.1.05,104.73,N
Uttar Pradesh,2025-02,01.1.8.1.1.01,101.96,N
Uttar Pradesh,2025-02,01.1.8.1.1.02,102.41,N
Uttar Pradesh,2025-01,01.1.1.1.1.01,103.23,N
Uttar Pradesh,2025-01,01.1.1.2.1.01,105.8,N
Uttar Pradesh,2025-01,01.1.4.8.1.01,113.22,N
Uttar Pradesh,2025-01,01.1.6.1.1.01,98.26,N
Uttar Pradesh,2025-01,01.1.7.2.1.01,65.24,N
Uttar Pradesh,2025-01,01.1.7.2.1.03,81.93,N
Uttar Pradesh,2025-01,01.1.7.4.1.01,99.01,N
Uttar Pradesh,2025-01,01.1.7.5.1.01,95.01,N
Uttar Pradesh,2025-01,01.1.7.6.1.01,96.43,N
Uttar Pradesh,2025-01,01.1.7.6.1.02,99.5,N
Uttar Pradesh,2025-01,01.1.7.6.1.05,107.89,N
Uttar Pradesh,2025-01,01.1.8.1.1.01,99.51,N
Uttar Pradesh,2025-01,01.1.8.1.1.02,101.9,N
Uttarakhand,2025-12,01.1.1.1.1.01,102.05,N
Uttarakhand,2025-12,01.1.1.2.1.01,106.23,N
Uttarakhand,2025-12,01.1.4.8.1.01,101.22,N
Uttarakhand,2025-12,01.1.6.1.1.01,97.13,N
Uttarakhand,2025-12,01.1.7.2.1.01,110.2,N
Uttarakhand,2025-12,01.1.7.2.1.03,98.24,N
Uttarakhand,2025-12,01.1.7.4.1.01,73.26,N
Uttarakhand,2025-12,01.1.7.5.1.01,79.76,N
Uttarakhand,2025-12,01.1.7.6.1.01,78.3,N
Uttarakhand,2025-12,01.1.7.6.1.02,94.5,N
Uttarakhand,2025-12,01.1.7.6.1.05,102.97,N
Uttarakhand,2025-12,01.1.8.1.1.01,103.31,N
Uttarakhand,2025-12,01.1.8.1.1.02,111.03,N
Uttarakhand,2025-11,01.1.1.1.1.01,101.91,N
Uttarakhand,2025-11,01.1.1.2.1.01,105.47,N
Uttarakhand,2025-11,01.1.4.8.1.01,105.1,N
Uttarakhand,2025-11,01.1.6.1.1.01,95.88,N
Uttarakhand,2025-11,01.1.7.2.1.01,108.29,N
Uttarakhand,2025-11,01.1.7.2.1.03,101.71,N
Uttarakhand,2025-11,01.1.7.4.1.01,68.11,N
Uttarakhand,2025-11,01.1.7.5.1.01,86.27,N
Uttarakhand,2025-11,01.1.7.6.1.01,78.03,N
Uttarakhand,2025-11,01.1.7.6.1.02,93.46,N
Uttarakhand,2025-11,01.1.7.6.1.05,102.61,N
Uttarakhand,2025-11,01.1.8.1.1.01,103.15,N
Uttarakhand,2025-11,01.1.8.1.1.02,111.39,N
Uttarakhand,2025-10,01.1.1.1.1.01,101.3,N
Uttarakhand,2025-10,01.1.1.2.1.01,105.27,N
Uttarakhand,2025-10,01.1.4.8.1.01,97.62,N
Uttarakhand,2025-10,01.1.6.1.1.01,99.07,N
Uttarakhand,2025-10,01.1.7.2.1.01,85.08,N
Uttarakhand,2025-10,01.1.7.2.1.03,93.86,N
Uttarakhand,2025-10,01.1.7.4.1.01,70.59,N
Uttarakhand,2025-10,01.1.7.5.1.01,86.69,N
Uttarakhand,2025-10,01.1.7.6.1.01,79.28,N
Uttarakhand,2025-10,01.1.7.6.1.02,92.59,N
Uttarakhand,2025-10,01.1.7.6.1.05,102.29,N
Uttarakhand,2025-10,01.1.8.1.1.01,103.13,N
Uttarakhand,2025-10,01.1.8.1.1.02,113.18,N
Uttarakhand,2025-09,01.1.1.1.1.01,101.94,N
Uttarakhand,2025-09,01.1.1.2.1.01,104.46,N
Uttarakhand,2025-09,01.1.4.8.1.01,94.89,N
Uttarakhand,2025-09,01.1.6.1.1.01,104.72,N
Uttarakhand,2025-09,01.1.7.2.1.01,100.61,N
Uttarakhand,2025-09,01.1.7.2.1.03,96.88,N
Uttarakhand,2025-09,01.1.7.4.1.01,73.76,N
Uttarakhand,2025-09,01.1.7.5.1.01,83.66,N
Uttarakhand,2025-09,01.1.7.6.1.01,81.29,N
Uttarakhand,2025-09,01.1.7.6.1.02,94.8,N
Uttarakhand,2025-09,01.1.7.6.1.05,104.12,N
Uttarakhand,2025-09,01.1.8.1.1.01,102.57,N
Uttarakhand,2025-09,01.1.8.1.1.02,111.54,N
Uttarakhand,2025-08,01.1.1.1.1.01,102.18,N
Uttarakhand,2025-08,01.1.1.2.1.01,106.94,N
Uttarakhand,2025-08,01.1.4.8.1.01,95.46,N
Uttarakhand,2025-08,01.1.6.1.1.01,106.99,N
Uttarakhand,2025-08,01.1.7.2.1.01,138.39,N
Uttarakhand,2025-08,01.1.7.2.1.03,91.95,N
Uttarakhand,2025-08,01.1.7.4.1.01,82.8,N
Uttarakhand,2025-08,01.1.7.5.1.01,90.55,N
Uttarakhand,2025-08,01.1.7.6.1.01,83.13,N
Uttarakhand,2025-08,01.1.7.6.1.02,94.63,N
Uttarakhand,2025-08,01.1.7.6.1.05,102.99,N
Uttarakhand,2025-08,01.1.8.1.1.01,103.74,N
Uttarakhand,2025-08,01.1.8.1.1.02,109.75,N
Uttarakhand,2025-07,01.1.1.1.1.01,102.36,N
Uttarakhand,2025-07,01.1.1.2.1.01,107.47,N
Uttarakhand,2025-07,01.1.4.8.1.01,91.18,N
Uttarakhand,2025-07,01.1.6.1.1.01,106.69,N
Uttarakhand,2025-07,01.1.7.2.1.01,103.47,N
Uttarakhand,2025-07,01.1.7.2.1.03,91.11,N
Uttarakhand,2025-07,01.1.7.4.1.01,77.38,N
Uttarakhand,2025-07,01.1.7.5.1.01,86.56,N
Uttarakhand,2025-07,01.1.7.6.1.01,85.3,N
Uttarakhand,2025-07,01.1.7.6.1.02,93.79,N
Uttarakhand,2025-07,01.1.7.6.1.05,104.19,N
Uttarakhand,2025-07,01.1.8.1.1.01,102.83,N
Uttarakhand,2025-07,01.1.8.1.1.02,107.87,N
Uttarakhand,2025-06,01.1.1.1.1.01,102.02,N
Uttarakhand,2025-06,01.1.1.2.1.01,107.18,N
Uttarakhand,2025-06,01.1.4.8.1.01,91.02,N
Uttarakhand,2025-06,01.1.6.1.1.01,110.09,N
Uttarakhand,2025-06,01.1.7.2.1.01,73.56,N
Uttarakhand,2025-06,01.1.7.2.1.03,89.49,N
Uttarakhand,2025-06,01.1.7.4.1.01,66.22,N
Uttarakhand,2025-06,01.1.7.5.1.01,79.32,N
Uttarakhand,2025-06,01.1.7.6.1.01,85.82,N
Uttarakhand,2025-06,01.1.7.6.1.02,94.85,N
Uttarakhand,2025-06,01.1.7.6.1.05,103.21,N
Uttarakhand,2025-06,01.1.8.1.1.01,102.41,N
Uttarakhand,2025-06,01.1.8.1.1.02,104.51,N
Uttarakhand,2025-05,01.1.1.1.1.01,101.97,N
Uttarakhand,2025-05,01.1.1.2.1.01,107.69,N
Uttarakhand,2025-05,01.1.4.8.1.01,90.54,N
Uttarakhand,2025-05,01.1.6.1.1.01,109.72,N
Uttarakhand,2025-05,01.1.7.2.1.01,57.42,N
Uttarakhand,2025-05,01.1.7.2.1.03,92.07,N
Uttarakhand,2025-05,01.1.7.4.1.01,74.11,N
Uttarakhand,2025-05,01.1.7.5.1.01,71.46,N
Uttarakhand,2025-05,01.1.7.6.1.01,88.57,N
Uttarakhand,2025-05,01.1.7.6.1.02,96.77,N
Uttarakhand,2025-05,01.1.7.6.1.05,105.7,N
Uttarakhand,2025-05,01.1.8.1.1.01,102.19,N
Uttarakhand,2025-05,01.1.8.1.1.02,105.12,N
Uttarakhand,2025-04,01.1.1.1.1.01,102.91,N
Uttarakhand,2025-04,01.1.1.2.1.01,107.39,N
Uttarakhand,2025-04,01.1.4.8.1.01,93.9,N
Uttarakhand,2025-04,01.1.6.1.1.01,108.17,N
Uttarakhand,2025-04,01.1.7.2.1.01,58.87,N
Uttarakhand,2025-04,01.1.7.2.1.03,86.35,N
Uttarakhand,2025-04,01.1.7.4.1.01,77.6,N
Uttarakhand,2025-04,01.1.7.5.1.01,70.74,N
Uttarakhand,2025-04,01.1.7.6.1.01,90.73,N
Uttarakhand,2025-04,01.1.7.6.1.02,96.27,N
Uttarakhand,2025-04,01.1.7.6.1.05,106.43,N
Uttarakhand,2025-04,01.1.8.1.1.01,101.9,N
Uttarakhand,2025-04,01.1.8.1.1.02,104.6,N
Uttarakhand,2025-03,01.1.1.1.1.01,102.96,N
Uttarakhand,2025-03,01.1.1.2.1.01,106.99,N
Uttarakhand,2025-03,01.1.4.8.1.01,101.09,N
Uttarakhand,2025-03,01.1.6.1.1.01,108.44,N
Uttarakhand,2025-03,01.1.7.2.1.01,51.79,N
Uttarakhand,2025-03,01.1.7.2.1.03,84.11,N
Uttarakhand,2025-03,01.1.7.4.1.01,89.14,N
Uttarakhand,2025-03,01.1.7.5.1.01,74.87,N
Uttarakhand,2025-03,01.1.7.6.1.01,96.16,N
Uttarakhand,2025-03,01.1.7.6.1.02,96.35,N
Uttarakhand,2025-03,01.1.7.6.1.05,108.67,N
Uttarakhand,2025-03,01.1.8.1.1.01,101.91,N
Uttarakhand,2025-03,01.1.8.1.1.02,104.21,N
Uttarakhand,2025-02,01.1.1.1.1.01,103.39,N
Uttarakhand,2025-02,01.1.1.2.1.01,107.73,N
Uttarakhand,2025-02,01.1.4.8.1.01,105.39,N
Uttarakhand,2025-02,01.1.6.1.1.01,97.71,N
Uttarakhand,2025-02,01.1.7.2.1.01,62.11,N
Uttarakhand,2025-02,01.1.7.2.1.03,85.29,N
Uttarakhand,2025-02,01.1.7.4.1.01,88.37,N
Uttarakhand,2025-02,01.1.7.5.1.01,71.46,N
Uttarakhand,2025-02,01.1.7.6.1.01,97.07,N
Uttarakhand,2025-02,01.1.7.6.1.02,97.7,N
Uttarakhand,2025-02,01.1.7.6.1.05,110.27,N
Uttarakhand,2025-02,01.1.8.1.1.01,100.88,N
Uttarakhand,2025-02,01.1.8.1.1.02,102.96,N
Uttarakhand,2025-01,01.1.1.1.1.01,102.07,N
Uttarakhand,2025-01,01.1.1.2.1.01,106.8,N
Uttarakhand,2025-01,01.1.4.8.1.01,108.35,N
Uttarakhand,2025-01,01.1.6.1.1.01,102.48,N
Uttarakhand,2025-01,01.1.7.2.1.01,74.06,N
Uttarakhand,2025-01,01.1.7.2.1.03,88.42,N
Uttarakhand,2025-01,01.1.7.4.1.01,101.68,N
Uttarakhand,2025-01,01.1.7.5.1.01,101.63,N
Uttarakhand,2025-01,01.1.7.6.1.01,101.82,N
Uttarakhand,2025-01,01.1.7.6.1.02,96.72,N
Uttarakhand,2025-01,01.1.7.6.1.05,110.08,N
Uttarakhand,2025-01,01.1.8.1.1.01,100.73,N
Uttarakhand,2025-01,01.1.8.1.1.02,104.94,N
West Bengal,2025-12,01.1.1.1.1.01,111.7,N
West Bengal,2025-12,01.1.1.2.1.01,107.03,N
West Bengal,2025-12,01.1.4.8.1.01,120.98,N
West Bengal,2025-12,01.1.6.1.1.01,97.96,N
West Bengal,2025-12,01.1.7.2.1.01,138.5,N
West Bengal,2025-12,01.1.7.2.1.03,108.33,N
West Bengal,2025-12,01.1.7.4.1.01,70.74,N
West Bengal,2025-12,01.1.7.5.1.01,71.63,N
West Bengal,2025-12,01.1.7.6.1.01,78.59,N
West Bengal,2025-12,01.1.7.6.1.02,100.07,N
West Bengal,2025-12,01.1.7.6.1.05,101.26,N
West Bengal,2025-12,01.1.8.1.1.01,104.7,N
West Bengal,2025-12,01.1.8.1.1.02,107.54,N
West Bengal,2025-11,01.1.1.1.1.01,111.46,N
West Bengal,2025-11,01.1.1.2.1.01,106.16,N
West Bengal,2025-11,01.1.4.8.1.01,110.77,N
West Bengal,2025-11,01.1.6.1.1.01,100.8,N
West Bengal,2025-11,01.1.7.2.1.01,128.54,N
West Bengal,2025-11,01.1.7.2.1.03,133.56,N
West Bengal,2025-11,01.1.7.4.1.01,65.82,N
West Bengal,2025-11,01.1.7.5.1.01,75.76,N
West Bengal,2025-11,01.1.7.6.1.01,79.37,N
West Bengal,2025-11,01.1.7.6.1.02,100.34,N
West Bengal,2025-11,01.1.7.6.1.05,101.36,N
West Bengal,2025-11,01.1.8.1.1.01,104.49,N
West Bengal,2025-11,01.1.8.1.1.02,108.34,N
West Bengal,2025-10,01.1.1.1.1.01,112.23,N
West Bengal,2025-10,01.1.1.2.1.01,105.65,N
West Bengal,2025-10,01.1.4.8.1.01,104.14,N
West Bengal,2025-10,01.1.6.1.1.01,101.52,N
West Bengal,2025-10,01.1.7.2.1.01,115.78,N
West Bengal,2025-10,01.1.7.2.1.03,141.26,N
West Bengal,2025-10,01.1.7.4.1.01,66.95,N
West Bengal,2025-10,01.1.7.5.1.01,74.54,N
West Bengal,2025-10,01.1.7.6.1.01,80.91,N
West Bengal,2025-10,01.1.7.6.1.02,100.76,N
West Bengal,2025-10,01.1.7.6.1.05,102.53,N
West Bengal,2025-10,01.1.8.1.1.01,104.45,N
West Bengal,2025-10,01.1.8.1.1.02,108.56,N
West Bengal,2025-09,01.1.1.1.1.01,112.34,N
West Bengal,2025-09,01.1.1.2.1.01,105.91,N
West Bengal,2025-09,01.1.4.8.1.01,104.63,N
West Bengal,2025-09,01.1.6.1.1.01,101.51,N
West Bengal,2025-09,01.1.7.2.1.01,122.53,N
West Bengal,2025-09,01.1.7.2.1.03,136.97,N
West Bengal,2025-09,01.1.7.4.1.01,69.75,N
West Bengal,2025-09,01.1.7.5.1.01,73.47,N
West Bengal,2025-09,01.1.7.6.1.01,81.34,N
West Bengal,2025-09,01.1.7.6.1.02,100.63,N
West Bengal,2025-09,01.1.7.6.1.05,103.26,N
West Bengal,2025-09,01.1.8.1.1.01,104.32,N
West Bengal,2025-09,01.1.8.1.1.02,108.52,N
West Bengal,2025-08,01.1.1.1.1.01,111.76,N
West Bengal,2025-08,01.1.1.2.1.01,105.6,N
West Bengal,2025-08,01.1.4.8.1.01,100.95,N
West Bengal,2025-08,01.1.6.1.1.01,102.59,N
West Bengal,2025-08,01.1.7.2.1.01,161.49,N
West Bengal,2025-08,01.1.7.2.1.03,144.51,N
West Bengal,2025-08,01.1.7.4.1.01,71.7,N
West Bengal,2025-08,01.1.7.5.1.01,72.88,N
West Bengal,2025-08,01.1.7.6.1.01,82.18,N
West Bengal,2025-08,01.1.7.6.1.02,100.5,N
West Bengal,2025-08,01.1.7.6.1.05,102.71,N
West Bengal,2025-08,01.1.8.1.1.01,104.26,N
West Bengal,2025-08,01.1.8.1.1.02,107.83,N
West Bengal,2025-07,01.1.1.1.1.01,110.78,N
West Bengal,2025-07,01.1.1.2.1.01,105.03,N
West Bengal,2025-07,01.1.4.8.1.01,101.8,N
West Bengal,2025-07,01.1.6.1.1.01,103.75,N
West Bengal,2025-07,01.1.7.2.1.01,127.35,N
West Bengal,2025-07,01.1.7.2.1.03,148.96,N
West Bengal,2025-07,01.1.7.4.1.01,67.98,N
West Bengal,2025-07,01.1.7.5.1.01,73.44,N
West Bengal,2025-07,01.1.7.6.1.01,83.85,N
West Bengal,2025-07,01.1.7.6.1.02,100.39,N
West Bengal,2025-07,01.1.7.6.1.05,102.03,N
West Bengal,2025-07,01.1.8.1.1.01,103.84,N
West Bengal,2025-07,01.1.8.1.1.02,106.75,N
West Bengal,2025-06,01.1.1.1.1.01,110.3,N
West Bengal,2025-06,01.1.1.2.1.01,104.99,N
West Bengal,2025-06,01.1.4.8.1.01,99.14,N
West Bengal,2025-06,01.1.6.1.1.01,104.98,N
West Bengal,2025-06,01.1.7.2.1.01,97.42,N
West Bengal,2025-06,01.1.7.2.1.03,125.46,N
West Bengal,2025-06,01.1.7.4.1.01,65.01,N
West Bengal,2025-06,01.1.7.5.1.01,73.43,N
West Bengal,2025-06,01.1.7.6.1.01,84.83,N
West Bengal,2025-06,01.1.7.6.1.02,100.01,N
West Bengal,2025-06,01.1.7.6.1.05,101.24,N
West Bengal,2025-06,01.1.8.1.1.01,103.67,N
West Bengal,2025-06,01.1.8.1.1.02,106.23,N
West Bengal,2025-05,01.1.1.1.1.01,111.53,N
West Bengal,2025-05,01.1.1.2.1.01,105.62,N
West Bengal,2025-05,01.1.4.8.1.01,95.28,N
West Bengal,2025-05,01.1.6.1.1.01,103.23,N
West Bengal,2025-05,01.1.7.2.1.01,67.82,N
West Bengal,2025-05,01.1.7.2.1.03,105.36,N
West Bengal,2025-05,01.1.7.4.1.01,64.23,N
West Bengal,2025-05,01.1.7.5.1.01,74.46,N
West Bengal,2025-05,01.1.7.6.1.01,87.01,N
West Bengal,2025-05,01.1.7.6.1.02,100.9,N
West Bengal,2025-05,01.1.7.6.1.05,102.51,N
West Bengal,2025-05,01.1.8.1.1.01,103.95,N
West Bengal,2025-05,01.1.8.1.1.02,104.56,N
West Bengal,2025-04,01.1.1.1.1.01,112.33,N
West Bengal,2025-04,01.1.1.2.1.01,105.76,N
West Bengal,2025-04,01.1.4.8.1.01,90.78,N
West Bengal,2025-04,01.1.6.1.1.01,104.65,N
West Bengal,2025-04,01.1.7.2.1.01,41.87,N
West Bengal,2025-04,01.1.7.2.1.03,96.23,N
West Bengal,2025-04,01.1.7.4.1.01,75.59,N
West Bengal,2025-04,01.1.7.5.1.01,68.09,N
West Bengal,2025-04,01.1.7.6.1.01,88.96,N
West Bengal,2025-04,01.1.7.6.1.02,100.05,N
West Bengal,2025-04,01.1.7.6.1.05,104.4,N
West Bengal,2025-04,01.1.8.1.1.01,103.47,N
West Bengal,2025-04,01.1.8.1.1.02,102.11,N
West Bengal,2025-03,01.1.1.1.1.01,110.06,N
West Bengal,2025-03,01.1.1.2.1.01,105.93,N
West Bengal,2025-03,01.1.4.8.1.01,92.1,N
West Bengal,2025-03,01.1.6.1.1.01,104.24,N
West Bengal,2025-03,01.1.7.2.1.01,33.86,N
West Bengal,2025-03,01.1.7.2.1.03,82.65,N
West Bengal,2025-03,01.1.7.4.1.01,88.17,N
West Bengal,2025-03,01.1.7.5.1.01,60.62,N
West Bengal,2025-03,01.1.7.6.1.01,91.87,N
West Bengal,2025-03,01.1.7.6.1.02,101.15,N
West Bengal,2025-03,01.1.7.6.1.05,107.1,N
West Bengal,2025-03,01.1.8.1.1.01,103.12,N
West Bengal,2025-03,01.1.8.1.1.02,102.6,N
West Bengal,2025-02,01.1.1.1.1.01,108.09,N
West Bengal,2025-02,01.1.1.2.1.01,105.6,N
West Bengal,2025-02,01.1.4.8.1.01,96.11,N
West Bengal,2025-02,01.1.6.1.1.01,100.66,N
West Bengal,2025-02,01.1.7.2.1.01,40.36,N
West Bengal,2025-02,01.1.7.2.1.03,58.34,N
West Bengal,2025-02,01.1.7.4.1.01,94.12,N
West Bengal,2025-02,01.1.7.5.1.01,65.26,N
West Bengal,2025-02,01.1.7.6.1.01,95.43,N
West Bengal,2025-02,01.1.7.6.1.02,101.42,N
West Bengal,2025-02,01.1.7.6.1.05,109.62,N
West Bengal,2025-02,01.1.8.1.1.01,102.26,N
West Bengal,2025-02,01.1.8.1.1.02,102.48,N
West Bengal,2025-01,01.1.1.1.1.01,103.81,N
West Bengal,2025-01,01.1.1.2.1.01,105.64,N
West Bengal,2025-01,01.1.4.8.1.01,106.66,N
West Bengal,2025-01,01.1.6.1.1.01,97.11,N
West Bengal,2025-01,01.1.7.2.1.01,64.0,N
West Bengal,2025-01,01.1.7.2.1.03,59.02,N
West Bengal,2025-01,01.1.7.4.1.01,95.87,N
West Bengal,2025-01,01.1.7.5.1.01,93.43,N
West Bengal,2025-01,01.1.7.6.1.01,101.15,N
West Bengal,2025-01,01.1.7.6.1.02,102.33,N
West Bengal,2025-01,01.1.7.6.1.05,111.65,N
West Bengal,2025-01,01.1.8.1.1.01,100.57,N
West Bengal,2025-01,01.1.8.1.1.02,100.89,N
