item,state,t,actual,ZERO,BETA1,POOL,OWN,PP,b_pool,b_pp
Rice,andaman and nicobar islands,2025-07,-0.021908031598622202,0.0,-0.0005059989757105754,-6.133684984822369e-05,0.0018876346924193582,0.0002479005989706154,0.1212193162290264,-0.48992312409820216
Rice,andaman and nicobar islands,2025-08,0.0131455503198179,0.0,0.003927481510697994,0.000614764688947325,-0.01218077056510709,-0.0013883889549318156,0.15652898359235526,-0.3535061721232827
Rice,andaman and nicobar islands,2025-09,0.014841527355186734,0.0,0.0015507855300747053,0.00023863069546468447,-0.0003468698216606294,0.00022630579093543541,0.15387730336456584,0.14592977980941935
Rice,andaman and nicobar islands,2025-10,0.006134988567516153,0.0,-7.21304449502469e-07,-1.0459744277754482e-07,-2.9821692232736837e-07,-1.0962192664660949e-07,0.14501150360252532,0.15197733318049395
Rice,andaman and nicobar islands,2025-11,0.0,0.0,0.001051656609171392,0.00015258285184939903,0.00043467220337681695,0.00016179612577814844,0.14508809293712346,0.1538488175390528
Rice,andaman and nicobar islands,2025-12,0.00037061058517373624,0.0,0.0003588629091089146,4.5058826544038285e-05,0.0001440173214286883,4.8126524134406985e-05,0.12555999909804824,0.1341083820947364
Rice,andhra pradesh,2025-07,-0.0091555493526716,0.0,-0.0005059989757105754,2.7357481738521313e-05,-0.0012166669131167178,-0.000526360071101814,-0.054066278889405156,1.0402394004111284
Rice,andhra pradesh,2025-08,-0.0005287368599882214,0.0,0.003927481510697994,-2.662524004077216e-05,0.010267876949476312,0.004816370474473277,-0.006779214610749449,1.22632543561416
Rice,andhra pradesh,2025-09,0.0,0.0,0.0015507855300747053,0.00016723888319104314,0.0021518436079168177,0.00016734612079526815,0.1078414003405015,0.10791055084658074
Rice,andhra pradesh,2025-10,-0.002435796809296953,0.0,-7.21304449502469e-07,-8.638187836558907e-08,-9.357616767458196e-07,-8.643850973750549e-08,0.1197578615037968,0.11983637394324657
Rice,andhra pradesh,2025-11,-0.00010603891638183427,0.0,0.001051656609171392,0.00012601966803196183,0.001364383636987119,0.00016272508233336282,0.11982967342472527,0.1547321444226696
Rice,andhra pradesh,2025-12,-0.0051031367391001226,0.0,0.0003588629091089146,3.628783671078693e-05,0.00045100196559248615,4.330051935668762e-05,0.10111893926539396,0.1206603364616485
Rice,arunachal pradesh,2025-07,-0.002795317257057839,0.0,-0.0005059989757105754,-1.775585645527733e-05,0.0003622999236662358,0.00029488817168214966,0.035090696439341096,-0.582784127711005
Rice,arunachal pradesh,2025-08,0.0018322971518154318,0.0,0.003927481510697994,0.00033772131502921964,-0.0024842524779734023,-0.0020351169695609042,0.08598928196334134,-0.5181735328396803
Rice,arunachal pradesh,2025-09,0.008060690415757854,0.0,0.0015507855300747053,0.0002350143385088907,-0.00022029732820784978,0.00023487101740638994,0.15154535166288885,0.15145293327251744
Rice,arunachal pradesh,2025-10,-0.005270483188705377,0.0,-7.21304449502469e-07,-1.0888673123868703e-07,-1.4809182618739093e-07,-1.0889453549169338e-07,0.15095807507328335,0.1509688947112486
Rice,arunachal pradesh,2025-11,0.0,0.0,0.001051656609171392,0.00015882991655992017,0.00021602493850857933,0.0001643899055847896,0.1510283063642451,0.156315192764598
Rice,arunachal pradesh,2025-12,0.0,0.0,0.0003588629091089146,4.712862884428107e-05,7.15742409201913e-05,4.89951863596387e-05,0.1313276676079599,0.13652897838145958
Rice,assam,2025-07,-0.004416318086213344,0.0,-0.0005059989757105754,5.175984344181164e-05,-0.0020707495727318773,-0.001102532280783309,-0.10229238778423452,2.1789219617194298
Rice,assam,2025-08,0.005492902481852191,0.0,0.003927481510697994,-0.00019943917074038978,0.016316364523962932,0.009987962703198433,-0.050780422567780675,2.5430960466630856
Rice,assam,2025-09,0.0013685241627570122,0.0,0.0015507855300747053,9.91376164384783e-05,0.004535387944256586,9.955625770757285e-05,0.06392735456701262,0.06419730889723801
Rice,assam,2025-10,-0.006861426644609203,0.0,-7.21304449502469e-07,-5.558394908127624e-08,-2.0136892016967693e-06,-5.5805088393945327e-08,0.07706031637489016,0.07736689886280025
Rice,assam,2025-11,-0.00581999176707626,0.0,0.001051656609171392,8.111391863427247e-05,0.0029360848659062476,8.141962926379281e-05,0.0771296618372253,0.07742035618256034
Rice,assam,2025-12,-0.005754555020863528,0.0,0.0003588629091089146,2.302765243096123e-05,0.0009151084153863858,2.311483348502091e-05,0.06416838253956292,0.06441131947131816
Rice,bihar,2025-07,0.009394195385388215,0.0,-0.0005059989757105754,-2.2525402629061763e-05,0.0005292340397486908,0.0002687912921781796,0.044516696100875094,-0.5312091626286702
Rice,bihar,2025-08,0.007246067558458691,0.0,0.003927481510697994,0.00041040814055716814,-0.0050282913714516,-0.0024347135646298392,0.10449651753656,-0.6199172568980829
Rice,bihar,2025-09,0.00074983600851386,0.0,0.0015507855300747053,0.00022365078172441018,0.00017742715924897189,0.00022364806636453942,0.14421773829269374,0.14421598733498997
Rice,bihar,2025-10,-0.0015002346930081956,0.0,-7.21304449502469e-07,-1.1026522380822682e-07,-9.98445862534987e-08,-1.1008330197718549e-07,0.15286918565979177,0.15261697339191124
Rice,bihar,2025-11,0.00421368665029398,0.0,0.001051656609171392,0.00016084195889675603,0.00014560345671932396,0.0001599289452793901,0.1529415186421779,0.1520733515908765
Rice,bihar,2025-12,0.0009339684997584641,0.0,0.0003588629091089146,4.660196865477419e-05,9.000734755293131e-05,4.871911754530762e-05,0.12986008715832634,0.1357596907027285
Rice,chandigarh,2025-07,-0.004748253060005148,0.0,-0.0005059989757105754,-1.6522562691775528e-05,0.0003191346419436723,0.00022161821534320492,0.03265335205189469,-0.43798154933413846
Rice,chandigarh,2025-08,-0.005269187515610341,0.0,0.003927481510697994,0.00032248313227073303,-0.0019509160814263722,-0.0013232234224316425,0.08210939539558039,-0.33691397879973173
Rice,chandigarh,2025-09,0.006458366131618654,0.0,0.0015507855300747053,0.0002674356630173651,-0.0013550436860044486,0.00026715256756828403,0.17245173999300986,0.17226919028282048
Rice,chandigarh,2025-10,-0.002181242189436716,0.0,-7.21304449502469e-07,-1.2437081516829164e-07,3.9385111134877053e-07,-1.2429459138628023e-07,0.17242485507205502,0.1723191801631258
Rice,chandigarh,2025-11,-0.0005957108992689086,0.0,0.001051656609171392,0.0001814074083548759,-0.000574187274314872,0.00012959628302316366,0.17249680815281343,0.12323060768407432
Rice,chandigarh,2025-12,-0.002087787207635472,0.0,0.0003588629091089146,5.477779590961025e-05,-0.00019614660636632956,4.293056277663901e-05,0.15264267919364505,0.11962942306642678
Rice,chhattisgarh,2025-07,0.0061562709701616924,0.0,-0.0005059989757105754,3.186806626219534e-05,-0.0013745373714453082,-0.0007946272628083231,-0.06298049559772913,1.5704127892599513
Rice,chhattisgarh,2025-08,-0.01580866542270698,0.0,0.003927481510697994,-1.5743013306411506e-05,0.00988699901377369,0.0058253231231818695,-0.004008424549811222,1.48322101767109
Rice,chhattisgarh,2025-09,0.0023724803536309125,0.0,0.0015507855300747053,0.00024654640084206087,-0.0006239195098688056,0.00024560042439901897,0.1589816232230282,0.15837162498362217
Rice,chhattisgarh,2025-10,-0.012918792410442137,0.0,-7.21304449502469e-07,-1.1881898152892345e-07,1.9953693397088287e-07,-1.1277749361716269e-07,0.16472791982758556,0.15635213909321194
Rice,chhattisgarh,2025-11,0.0013993005781491874,0.0,0.001051656609171392,0.00017330658082304292,-0.000290658310700719,0.00015404557531760552,0.16479388738838666,0.14647896849046493
Rice,chhattisgarh,2025-12,0.010926899222358344,0.0,0.0003588629091089146,5.1528818822187516e-05,-8.243240830653419e-05,4.658350343677774e-05,0.14358914647974544,0.12980863236172363
Rice,delhi,2025-07,0.005483682989670058,0.0,-0.0005059989757105754,-8.379296054381913e-06,3.41203096348958e-05,1.7177774308925885e-05,0.016559907147272086,-0.03394823929199284
Rice,delhi,2025-08,0.006598159247442226,0.0,0.003927481510697994,0.00029047618901579435,-0.0008306730675035182,-0.00041964589839588303,0.07395991253544329,-0.10684859935121714
Rice,delhi,2025-09,-0.017595761890380146,0.0,0.0015507855300747053,0.0002006902980896202,0.0009810440864666213,0.00020076999718706884,0.12941202648437947,0.129463419211422
Rice,delhi,2025-10,-0.00779047663937682,0.0,-7.21304449502469e-07,-1.1613996194901558e-07,1.057712486741075e-07,-1.1179284757708764e-07,0.16101378832353652,0.15498704833194707
Rice,delhi,2025-11,0.0030260162677526736,0.0,0.001051656609171392,0.00016940359637934596,-0.00015405385517132508,0.00015443216574038745,0.16108261470711463,0.14684656987233285
Rice,delhi,2025-12,-0.0053750434808153,0.0,0.0003588629091089146,4.9774987578333356e-05,-2.1048314771639254e-05,4.689908053041906e-05,0.13870195641541402,0.13068801299881683
Rice,dnh and dd,2025-07,-0.004209688486032981,0.0,-0.0005059989757105754,1.5209552193178875e-05,-0.0007914893790297313,-0.0003481487135771036,-0.030058464390802512,0.6880423287185466
Rice,dnh and dd,2025-08,-0.0014071768328651757,0.0,0.003927481510697994,8.107614365250464e-05,0.006498328520211621,0.0034103373319775616,0.02064329098218867,0.8683267693783425
Rice,dnh and dd,2025-09,0.005516840312563609,0.0,0.0015507855300747053,0.0001952097613263305,0.0011728628731817604,0.0001952757831658853,0.1258779873429221,0.12592056050231418
Rice,dnh and dd,2025-10,-0.006825279933586614,0.0,-7.21304449502469e-07,-9.377622424227442e-08,-6.769595710618318e-07,-9.489644999730349e-08,0.13000921359483925,0.1315622689736072
Rice,dnh and dd,2025-11,0.012311851629887904,0.0,0.001051656609171392,0.00013679799675111513,0.0009871421318167538,0.0001752473705943463,0.13007857846193663,0.16663934697507868
Rice,dnh and dd,2025-12,0.0074335046688025486,0.0,0.0003588629091089146,3.634226187531322e-05,0.0004490970848340658,4.4330466511085896e-05,0.10127059930922919,0.12353036601403584
Rice,goa,2025-07,-0.0003909304193649987,0.0,-0.0005059989757105754,-3.7997312223072864e-06,-0.0001261644594877157,-5.730404429331174e-05,0.007509365442827856,0.1132493286430858
Rice,goa,2025-08,0.013399559646383175,0.0,0.003927481510697994,0.00023797812918173884,0.0010067590266884215,0.0006343631248166292,0.060593061618117006,0.16151906077436629
Rice,goa,2025-09,-0.007843177461025697,0.0,0.0015507855300747053,0.0001549696321773363,0.0025812673933965575,0.00015510633161975633,0.09992976409179613,0.10001791260735098
Rice,goa,2025-10,-0.012324099645148578,0.0,-7.21304449502469e-07,-8.782670017064943e-08,-8.851929135687068e-07,-8.877770089352721e-08,0.12176092942616572,0.12307937508878951
Rice,goa,2025-11,-0.006021438656530265,0.0,0.001051656609171392,0.00012812041066223145,0.001290857644927682,0.0001642365953362188,0.1218272291020721,0.15616941300413834
Rice,goa,2025-12,-0.007253969305425656,0.0,0.0003588629091089146,3.865907903034915e-05,0.00036800848440780815,4.795941049641904e-05,0.1077265943319212,0.1336427066689787
Rice,gujarat,2025-07,-0.009554821401421165,0.0,-0.0005059989757105754,-9.059861059596279e-06,5.794008481739848e-05,3.522088990557757e-05,0.017904899998806317,-0.06960664269352879
Rice,gujarat,2025-08,9.600153609756745e-05,0.0,0.003927481510697994,0.0002510744762685905,0.0005483868786486154,0.00042869969382872575,0.06392760235400048,0.10915384137671905
Rice,gujarat,2025-09,0.003545593288419191,0.0,0.0015507855300747053,0.00022481103899524627,0.00013681815476970788,0.00022480198806513823,0.14496591220090668,0.14496007584898535
Rice,gujarat,2025-10,-0.01077140631670126,0.0,-7.21304449502469e-07,-1.0835289554008449e-07,-1.6677607563847956e-07,-1.0895335596430424e-07,0.15021797746405502,0.15105044206985901
Rice,gujarat,2025-11,-0.00038684720018178353,0.0,0.001051656609171392,0.0001580483631449313,0.0002433793080331879,0.0001633667250425105,0.1502851422856162,0.15534227010775728
Rice,gujarat,2025-12,-0.0006773429065392023,0.0,0.0003588629091089146,4.697923493537858e-05,7.680302773177872e-05,4.851956476230547e-05,0.1309113696147417,0.13520362102281186
Rice,haryana,2025-07,-0.0007538635864001719,0.0,-0.0005059989757105754,-2.878744142664604e-05,0.0007484053976641404,0.0003513659847681257,0.05689229189885173,-0.6944005850500028
Rice,haryana,2025-08,0.0004712313361787679,0.0,0.003927481510697994,0.000428257462242227,-0.00565301763042866,-0.003013189964261747,0.10904124209769146,-0.767206658020967
Rice,haryana,2025-09,0.007883663544308028,0.0,0.0015507855300747053,0.0002616619590874384,-0.0011529640484570143,0.0002615425319583875,0.16872865655048602,0.16865164581835396
Rice,haryana,2025-10,-0.013174181316435885,0.0,-7.21304449502469e-07,-1.2062788797360013e-07,2.628486595345678e-07,-1.1674641290810858e-07,0.16723574637145952,0.16185455806994709
Rice,haryana,2025-11,-0.006748112857216881,0.0,0.001051656609171392,0.00017594380342520627,-0.00038296110177643615,0.00014984436694165097,0.16730157153087613,0.1424841204199862
Rice,haryana,2025-12,-0.004971329550139458,0.0,0.0003588629091089146,5.4709906556699915e-05,-0.00019377047901446867,4.611420467863456e-05,0.15245350011944395,0.12850089409668955
Rice,himachal pradesh,2025-07,0.005493696082317534,0.0,-0.0005059989757105754,4.195648666936396e-06,-0.0004060027556112453,-0.00021994894415585308,-0.008291812569470992,0.434682587740377
Rice,himachal pradesh,2025-08,0.0035796001233574515,0.0,0.003927481510697994,0.0001942069009086895,0.0025387520162451524,0.0015614440549523592,0.049448202462492284,0.39756878567070797
Rice,himachal pradesh,2025-09,0.011349739401886438,0.0,0.0015507855300747053,0.0001948387764426861,0.0011858473441093186,0.0001949348513333124,0.12563876349381478,0.12570071589713755
Rice,himachal pradesh,2025-10,-0.004327308090135595,0.0,-7.21304449502469e-07,-8.857245581316391e-08,-8.59091466080701e-07,-8.863667303183313e-08,0.12279482800121108,0.12288385728518889
Rice,himachal pradesh,2025-11,0.0074627212015903055,0.0,0.001051656609171392,0.00012921240498851093,0.0012526378435079011,0.0001695466704958058,0.1228655854597998,0.16121866112684147
Rice,himachal pradesh,2025-12,-0.008547480442124389,0.0,0.0003588629091089146,3.520222648681036e-05,0.0004889983234316663,3.935769309189108e-05,0.09809380014841966,0.10967333790393492
Rice,jammu and kashmir,2025-07,-0.005053951859638417,0.0,-0.0005059989757105754,-8.509843594759333e-06,3.8689473548105624e-05,1.5679757679735827e-05,0.016817906761192436,-0.030987726126750968
Rice,jammu and kashmir,2025-08,0.008441325047800596,0.0,0.003927481510697994,0.00026021479582546416,0.00022847569415803057,0.0002423443420864707,0.06625487481396664,0.061704769691812274
Rice,jammu and kashmir,2025-09,-0.0025152378550101773,0.0,0.0015507855300747053,0.00018479423246486323,0.001537406383333117,0.00018489807389731848,0.11916169507717887,0.11922865561455907
Rice,jammu and kashmir,2025-10,-0.01867385739018701,0.0,-7.21304449502469e-07,-9.61904664917583e-08,-5.924610923298964e-07,-9.76428594287898e-08,0.133356263860714,0.135369828227374
Rice,jammu and kashmir,2025-11,-0.011014747928647317,0.0,0.001051656609171392,0.00014031099807620717,0.0008641870854385308,0.00016946912771011912,0.1334190237122736,0.16114492718649398
Rice,jammu and kashmir,2025-12,0.006861260944858394,0.0,0.0003588629091089146,4.4112196732180684e-05,0.00017714936484370482,4.897678142360835e-05,0.1229221399383815,0.1364776915653435
Rice,jharkhand,2025-07,0.0003807710659993191,0.0,-0.0005059989757105754,-6.386100613681186e-05,0.0019759801625199437,0.0008550338141666956,0.12620777749032341,-1.6897935672023245
Rice,jharkhand,2025-08,0.010226393448581561,0.0,0.003927481510697994,0.0007002170325878922,-0.015171602592526943,-0.007715317281530534,0.17828652552038346,-1.9644439472254482
Rice,jharkhand,2025-09,-0.003113650673279622,0.0,0.0015507855300747053,0.00027201112160697585,-0.001515184736640827,0.0002719475668498691,0.1754021535098231,0.17536117121028894
Rice,jharkhand,2025-10,0.002265434232998409,0.0,-7.21304449502469e-07,-1.346353648435697e-07,7.531103499835023e-07,-1.3205714712561573e-07,0.18665539209752074,0.1830810099905861
Rice,jharkhand,2025-11,0.011344048900354231,0.0,0.001051656609171392,0.00019637565329699874,-0.001098075847289172,0.00016105773922751168,0.1867298237698754,0.15314669999973687
Rice,jharkhand,2025-12,-0.001399319226420559,0.0,0.0003588629091089146,5.635584534816527e-05,-0.000251378336715756,4.72684227114989e-05,0.1570400392955108,0.13171721432251157
Rice,karnataka,2025-07,-0.0009101482147224615,0.0,-0.0005059989757105754,1.0653257338394285e-05,-0.0006320190591122706,-0.00044690603887367403,-0.021053910876862734,0.8832153034422312
Rice,karnataka,2025-08,-0.0003035669135371677,0.0,0.003927481510697994,0.00012575674606723014,0.0049345074356962225,0.003845444288659821,0.032019691429401684,0.9791120029935942
Rice,karnataka,2025-09,0.007260292051100237,0.0,0.0015507855300747053,0.00019942269613176306,0.0010254101549916229,0.000199592982382189,0.12859463301940685,0.1287044394672512
Rice,karnataka,2025-10,-0.0073615015041497145,0.0,-7.21304449502469e-07,-9.41010987639682e-08,-6.655889628025511e-07,-9.42090935551469e-08,0.1304596122051873,0.13060933371495087
Rice,karnataka,2025-11,0.004947256291680802,0.0,0.001051656609171392,0.0001372713470630476,0.0009705748708991172,0.00018902537724125538,0.1305286781501851,0.17974058793791053
Rice,karnataka,2025-12,-0.000906846754675783,0.0,0.0003588629091089146,3.858471610583981e-05,0.0003706111867656358,4.810183912059747e-05,0.10751937613627653,0.13403959534307458
Rice,kerala,2025-07,0.0009890219380022103,0.0,-0.0005059989757105754,-2.26703962366243e-05,0.0005343088160133797,0.0004648029336282654,0.04480324531247957,-0.9185847322626329
Rice,kerala,2025-08,0.00019768706202594188,0.0,0.003927481510697994,0.00038658357172518707,-0.004194431462332266,-0.0037633653101053223,0.09843039888849361,-0.958213374106119
Rice,kerala,2025-09,-0.001681587022697606,0.0,0.0015507855300747053,0.0002539273841869914,-0.0008822539269413693,0.00025335084084028483,0.16374113587116013,0.16336936083487977
Rice,kerala,2025-10,0.0005938242454783804,0.0,-7.21304449502469e-07,-1.2553338446042753e-07,4.345410365735256e-07,-1.251838955226175e-07,0.17403661456270808,0.1735520910885342
Rice,kerala,2025-11,-0.0015843156101338352,0.0,0.001051656609171392,0.0001831040527181049,-0.000633569827027888,4.376371115415917e-05,0.17411011457663347,0.04161406943340652
Rice,kerala,2025-12,0.008486334727402678,0.0,0.0003588629091089146,5.561990348996552e-05,-0.00022562037167876432,3.2720443152229185e-05,0.1549892788532373,0.09117811376348887
Rice,ladakh,2025-07,-0.02204229729986107,0.0,-0.0005059989757105754,2.201065642556406e-05,-0.0010295280271632123,-0.00010622968783760208,-0.04349940905444413,0.20994051952066406
Rice,ladakh,2025-08,-0.01479332438644132,0.0,0.003927481510697994,-2.3909269396567026e-05,0.010172817976929127,0.0013026060952235946,-0.006087684774948273,0.3316644754852314
Rice,ladakh,2025-09,-0.001692584768834493,0.0,0.0015507855300747053,0.00023964906938193768,-0.0003825129087644905,0.00022564592863811312,0.15453398599250096,0.14550427783991715
Rice,ladakh,2025-10,-0.002862749132110487,0.0,-7.21304449502469e-07,-1.1933375108528957e-07,2.1755386844369776e-07,-1.1063737658819871e-07,0.1654415845730633,0.15338512976665064
Rice,ladakh,2025-11,0.0,0.0,0.001051656609171392,0.00017406300635490395,-0.00031713320431585513,0.00015854199436881418,0.1655131578472649,0.1507545267021434
Rice,ladakh,2025-12,0.00010617401931778403,0.0,0.0003588629091089146,5.2175716678085876e-05,-0.00010507383326297675,4.7429492591654135e-05,0.1453917787370179,0.13216604833702478
Rice,lakshadweep,2025-07,0.0,0.0,-0.0005059989757105754,-0.00011880379670677218,0.003898977832468555,0.0015130509879719269,0.23479058735234742,-2.9902253968936328
Rice,lakshadweep,2025-08,0.007939206653974296,0.0,0.003927481510697994,0.0011198396111475302,-0.02985839284211428,-0.014141960726173818,0.2851291872659922,-3.600770796158503
Rice,lakshadweep,2025-09,0.0,0.0,0.0015507855300747053,0.0003752742515328842,-0.005129394284047619,0.00037515038754541393,0.2419897814721074,0.24190990970062892
Rice,lakshadweep,2025-10,0.006268422083008929,0.0,-7.21304449502469e-07,-1.7684919875345653e-07,2.2305945368295417e-06,-1.7678335911403542e-07,0.24517968643537558,0.24508840786435535
Rice,lakshadweep,2025-11,0.002080772527913055,0.0,0.001051656609171392,0.0002579254600963657,-0.003252319085267015,0.00025782011802491907,0.24525634874256821,0.24515618099719588
Rice,lakshadweep,2025-12,-0.01609635209971927,0.0,0.0003588629091089146,7.93720921605377e-05,-0.0010569469751487905,7.933365821013804e-05,0.2211766391729504,0.22106953991742942
Rice,madhya pradesh,2025-07,0.00028950543024830466,0.0,-0.0005059989757105754,-7.0017667242591095e-06,-1.4093216919401792e-05,-1.24159849136365e-05,0.013837511655881346,0.02453756926325929
Rice,madhya pradesh,2025-08,-0.0016416400770493667,0.0,0.003927481510697994,0.0002645179265500118,7.786611879886269e-05,0.00011211003894317484,0.06735052114936667,0.02854502017076347
Rice,madhya pradesh,2025-09,-0.004552727387223676,0.0,0.0015507855300747053,0.0002364986863545849,-0.0002722495028071403,0.00023634347894577296,0.1525025103524097,0.15240242726174244
Rice,madhya pradesh,2025-10,-0.010442685049314449,0.0,-7.21304449502469e-07,-1.2043630313355658e-07,2.561431901330433e-07,-1.2032180575494905e-07,0.16697013752879164,0.1668114009804638
Rice,madhya pradesh,2025-11,-0.011346379927869243,0.0,0.001051656609171392,0.00017566607545788047,-0.00037324062292003207,0.00013448325985329122,0.1670374853596832,0.12787753976010438
Rice,madhya pradesh,2025-12,-0.00039698293494794257,0.0,0.0003588629091089146,5.5920098205157114e-05,-0.00023612718671046963,4.596309427616208e-05,0.15582579527098858,0.12807981295780088
Rice,maharashtra,2025-07,-0.0029588738423251826,0.0,-0.0005059989757105754,5.434676006639005e-06,-0.0004493687125008355,-0.0003920434745347812,-0.010740488158117472,0.7747910437649281
Rice,maharashtra,2025-08,0.002072130594900301,0.0,0.003927481510697994,0.00015964288515344445,0.003748492567678731,0.0033483472516416617,0.040647647791236224,0.8525430972803208
Rice,maharashtra,2025-09,0.0021662080152466956,0.0,0.0015507855300747053,0.00019487104325023371,0.0011847180058451455,0.0001954080789689866,0.1256595702442789,0.12600586939934452
Rice,maharashtra,2025-10,0.005199403482533782,0.0,-7.21304449502469e-07,-9.652549105559684e-08,-5.807352325955488e-07,-9.684571706628918e-08,0.1338207342574648,0.13426468827842394
Rice,maharashtra,2025-11,0.0029311208088591556,0.0,0.001051656609171392,0.00014081345699033576,0.0008466010234440316,0.00023817978542512157,0.13389680220931025,0.22648056727640897
Rice,maharashtra,2025-12,0.0003901677770912215,0.0,0.0003588629091089146,4.0329262992230735e-05,0.00030955204574195324,5.844815311857597e-05,0.11238069460109859,0.16287042108561017
Rice,manipur,2025-07,-0.01345375953307748,0.0,-0.0005059989757105754,1.2348684301404427e-05,-0.000691359002817625,-0.00019337166865716448,-0.024404563831504092,0.3821582215371331
Rice,manipur,2025-08,0.006797211561162975,0.0,0.003927481510697994,7.556106653776257e-05,0.006691356219227598,0.0020840293466444135,0.01923906359124624,0.530627411222119
Rice,manipur,2025-09,0.00475919421041926,0.0,0.0015507855300747053,0.0001526981865584405,0.0026607679900579116,0.00015277239422359747,0.09846505760927796,0.09851290927136651
Rice,manipur,2025-10,0.012737823779950475,0.0,-7.21304449502469e-07,-7.594439611626147e-08,-1.3010735554722867e-06,-7.598936411793039e-08,0.1052875747108524,0.10534991732041199
Rice,manipur,2025-11,0.0060756367665799615,0.0,0.001051656609171392,0.00011081079094936664,0.0018966943348779507,0.00013697709747441546,0.10536784534323926,0.1302488818877302
Rice,manipur,2025-12,-0.04079869780159662,0.0,0.0003588629091089146,2.949814699527972e-05,0.0006886411056352391,3.0085367807813656e-05,0.08219892958156635,0.08383526701747483
Rice,meghalaya,2025-07,0.007649170559536955,0.0,-0.0005059989757105754,3.4088077654626833e-06,-0.0003784633240596641,-0.00015713580397064253,-0.006736787877239647,0.3105456957693964
Rice,meghalaya,2025-08,0.0005935892536781395,0.0,0.003927481510697994,0.00020662699997009873,0.002104048549095827,0.0010662487030455106,0.0526105595678226,0.2714840795917627
Rice,meghalaya,2025-09,0.012091570273637942,0.0,0.0015507855300747053,0.00021258770171237007,0.0005646349596703758,0.00021260758427081336,0.1370838827095125,0.13709670366899251
Rice,meghalaya,2025-10,-0.006273300322432007,0.0,-7.21304449502469e-07,-9.564954398464303e-08,-6.113933800789316e-07,-1.0232264588890421e-07,0.13260634126216578,0.1418577771972471
Rice,meghalaya,2025-11,-0.0033487670416301185,0.0,0.001051656609171392,0.0001395296067836772,0.0008915357806770806,0.0001712120208487844,0.13267601379276608,0.16280221067947612
Rice,meghalaya,2025-12,-0.013008474983141838,0.0,0.0003588629091089146,4.1682330040735984e-05,0.0002621946990442701,4.964785064687743e-05,0.11615112340318634,0.13834767925767816
Rice,mizoram,2025-07,0.0,0.0,-0.0005059989757105754,2.3633100893634473e-05,-0.0010863135835456766,-0.0006048824763130529,-0.046705827537390686,1.1954223335405278
Rice,mizoram,2025-08,0.0,0.0,0.003927481510697994,2.905709672828592e-05,0.00831899516255927,0.005354877693850519,0.007398404460756297,1.3634380401955977
Rice,mizoram,2025-09,0.0,0.0,0.0015507855300747053,0.0001767515347662416,0.001818900802784873,0.00017692413467338704,0.1139754861897164,0.11408678456321691
Rice,mizoram,2025-10,0.0,0.0,-7.21304449502469e-07,-9.051859850433745e-08,-7.909764718896271e-07,-9.060904724449664e-08,0.12549291574005134,0.12561831180577862
Rice,mizoram,2025-11,0.0,0.0,0.001051656609171392,0.00013205240361012047,0.0011532378917515668,0.00018177162916064443,0.12556608541086955,0.17284313869701598
Rice,mizoram,2025-12,0.0,0.0,0.0003588629091089146,3.825659686341612e-05,0.0003820953602504649,4.713956468089536e-05,0.1066050458054033,0.13135814118529743
Rice,nagaland,2025-07,0.0,0.0,-0.0005059989757105754,-3.7658867000480724e-05,0.0010589052927483555,0.0005404640436240708,0.07442478899803365,-1.0681129203178643
Rice,nagaland,2025-08,-0.02041488113824741,0.0,0.003927481510697994,0.0004984313107104342,-0.008109102326815913,-0.004704609582421363,0.1269086332686141,-1.1978693138609473
Rice,nagaland,2025-09,-0.007564483169293368,0.0,0.0015507855300747053,0.00038215809078532805,-0.0053703286578831565,0.00038171733129983674,0.24642871846174533,0.24614450154267847
Rice,nagaland,2025-10,-0.0023005761584649065,0.0,-7.21304449502469e-07,-1.863821046129613e-07,2.564246241912208e-06,-1.8612342263092837e-07,0.25839588919979806,0.2580372584132954
Rice,nagaland,2025-11,-0.009558859320713431,0.0,0.001051656609171392,0.00027181934336139863,-0.00373860499954317,0.00027139646179257475,0.25846777454816466,0.2580656646150021
Rice,nagaland,2025-12,-0.0029362649557693743,0.0,0.0003588629091089146,8.727176275933047e-05,-0.0013334354461065365,8.711640821958387e-05,0.24318969875162985,0.24275679098712344
Rice,odisha,2025-07,-0.0002923834141981274,0.0,-0.0005059989757105754,1.571537992524335e-05,-0.0008091933496519871,-0.00036638426741130765,-0.03105812596393937,0.7240810456123818
Rice,odisha,2025-08,-0.0025375770009574694,0.0,0.003927481510697994,8.882365612486268e-05,0.006227165583679089,0.003420659632376303,0.022615932343135813,0.8709549931829931
Rice,odisha,2025-09,-0.003230071814392943,0.0,0.0015507855300747053,0.00020259481247967228,0.0009143860828147984,0.00020264572848333658,0.1306401230542258,0.1306729554496002
Rice,odisha,2025-10,9.803441015687753e-05,0.0,-7.21304449502469e-07,-1.0454927897986325e-07,-2.999026552462237e-07,-1.0730851625042247e-07,0.14494473041442868,0.14877007389104588
Rice,odisha,2025-11,0.005084590987572746,0.0,0.001051656609171392,0.00015250909025701253,0.0004372538591103432,0.00017049236297867767,0.14501795446060628,0.16211790188149902
Rice,odisha,2025-12,-0.009210333578546503,0.0,0.0003588629091089146,4.359445312335684e-05,0.00019527039115253993,5.074363479503685e-05,0.12147940624904748,0.14140116882248255
Rice,puducherry,2025-07,0.003675561680332784,0.0,-0.0005059989757105754,7.810857949874804e-06,-0.0005325350805140882,-0.00018622514604012784,-0.015436509409739417,0.36803463046266344
Rice,puducherry,2025-08,-0.014280963733694918,0.0,0.003927481510697994,0.00016112790064805836,0.0036965170253672425,0.001660168478543522,0.041025756635432925,0.4227056127499059
Rice,puducherry,2025-09,-0.006761896885294938,0.0,0.0015507855300747053,0.00027752686431756907,-0.0017082357315115866,0.0002774571040079856,0.17895889466043696,0.17891391080662183
Rice,puducherry,2025-10,0.00020251113880487281,0.0,-7.21304449502469e-07,-1.4018781437302494e-07,9.474460835144367e-07,-1.4014198974550427e-07,0.19435318119792785,0.1942896509818696
Rice,puducherry,2025-11,0.013875147191790838,0.0,0.001051656609171392,0.00020446987459001454,-0.0013813735925447266,0.00017700965215887283,0.19442646278913978,0.16831506654851916
Rice,puducherry,2025-12,0.017028428490148073,0.0,0.0003588629091089146,5.832085868773554e-05,-0.00032015380360071434,4.8796958063633085e-05,0.16251570504332952,0.13597659948976015
Rice,punjab,2025-07,-0.007891485472919513,0.0,-0.0005059989757105754,-1.706055694295245e-05,0.0003379644407348648,0.0001827869972321926,0.03371658394959056,-0.36123985621809696
Rice,punjab,2025-08,-0.003678254074491072,0.0,0.003927481510697994,0.0003172783283000261,-0.001768747942451631,-0.0008527442977040935,0.08078416854052592,-0.2171224219340865
Rice,punjab,2025-09,0.004643971194449925,0.0,0.0015507855300747053,0.0002582879641902548,-0.0010348742270555858,0.00025817446273642796,0.16655298826383325,0.166479798611476
Rice,punjab,2025-10,0.00788389815702395,0.0,-7.21304449502469e-07,-1.2196131318169718e-07,3.0951854181796387e-07,-1.2010945526601278e-07,0.16908437659828926,0.16651700311686718
Rice,punjab,2025-11,-0.0030692523614828104,0.0,0.001051656609171392,0.00017790027276879644,-0.0004514375288020921,0.0001437307610845605,0.16916194052064712,0.13667081044430182
Rice,punjab,2025-12,-0.006747013546594793,0.0,0.0003588629091089146,5.431629418346951e-05,-0.0001799940459514037,4.49344374405304e-05,0.1513566679775885,0.12521337898114412
Rice,rajasthan,2025-07,0.0010035123772400567,0.0,-0.0005059989757105754,-2.1530734879023423e-05,0.0004944206684973498,0.0002868768739061471,0.04255094558005334,-0.5669514913607984
Rice,rajasthan,2025-08,0.002504383978616964,0.0,0.003927481510697994,0.000377899026610778,-0.0038904723833279413,-0.0024869842550919456,0.09621917393663747,-0.6332262159141158
Rice,rajasthan,2025-09,-0.007330454073506409,0.0,0.0015507855300747053,0.00024041528393631772,-0.00040933041816779283,0.00024033448740653278,0.15502806756569124,0.15497596717642526
Rice,rajasthan,2025-10,-0.005964131907000514,0.0,-7.21304449502469e-07,-1.2454079123829852e-07,3.998002737990103e-07,-1.2447665428117288e-07,0.17266050600991367,0.17257158799870512
Rice,rajasthan,2025-11,-0.0026395954412361533,0.0,0.001051656609171392,0.00018165301452084128,-0.0005827834901236614,0.0001376418466949318,0.1727303503222093,0.13088097910912275
Rice,rajasthan,2025-12,-0.0039725033142374855,0.0,0.0003588629091089146,5.543799048734101e-05,-0.00021925341658690599,4.490389173581919e-05,0.15448236382243566,0.12512826094878168
Rice,sikkim,2025-07,0.004602117422618512,0.0,-0.0005059989757105754,-1.407960982203967e-06,-0.00020987641789133065,-0.00015267110473869683,0.002782537218038366,0.30172216163936
Rice,sikkim,2025-08,0.0023885742020741674,0.0,0.003927481510697994,0.0002344744007789116,0.001129389520787383,0.0008972376315272567,0.05970095597910038,0.22845114078405912
Rice,sikkim,2025-09,-0.00047725863550862613,0.0,0.0015507855300747053,0.000209639363030175,0.0006678268135471975,0.00020973019140146145,0.13518269223215937,0.1352412614988471
Rice,sikkim,2025-10,-0.001624385240844184,0.0,-7.21304449502469e-07,-1.052329489027951e-07,-2.759742079436089e-07,-1.0527469302384699e-07,0.14589255476710447,0.1459504278622735
Rice,sikkim,2025-11,-0.001052480602345085,0.0,0.001051656609171392,0.00015350486622943998,0.0004024017000753824,0.0001839742258782251,0.14596481864017155,0.17493754546284815
Rice,sikkim,2025-12,0.002581386776902228,0.0,0.0003588629091089146,4.566237002013424e-05,0.00012289329976533048,5.281823148882763e-05,0.127241820932449,0.14718219729082488
Rice,tamil nadu,2025-07,-0.008258009964860591,0.0,-0.0005059989757105754,8.816155304555059e-06,-0.0005677204879278968,-0.0004291200658364745,-0.01742326709688397,0.8480650879458014
Rice,tamil nadu,2025-08,-0.0005924755777142465,0.0,0.003927481510697994,0.00011802699138578617,0.005205048849546773,0.0036800301573250834,0.030051571487808314,0.9369949030443854
Rice,tamil nadu,2025-09,-0.009826869490244583,0.0,0.0015507855300747053,0.0001991871661692847,0.0010336537036783615,0.00019930754433386254,0.12844275517562337,0.12852037916826667
Rice,tamil nadu,2025-10,0.002391153874188312,0.0,-7.21304449502469e-07,-1.08770229665846e-07,-1.5216938123682705e-07,-1.0934600272590982e-07,0.15079655995588545,0.15159479856436894
Rice,tamil nadu,2025-11,-0.003489013159068577,0.0,0.001051656609171392,0.00015866454971119406,0.00022181277821399102,0.0001631573612569077,0.15087106221507707,0.15514319011931146
Rice,tamil nadu,2025-12,-0.008222246261832211,0.0,0.0003588629091089146,4.80619124580175e-05,3.890931443941682e-05,4.754407842325768e-05,0.13392833652650002,0.13248535085811303
Rice,telangana,2025-07,-0.007439463285175307,0.0,-0.0005059989757105754,3.3849933484907205e-05,-0.0014439027242402218,-0.0005039369945012841,-0.06689723716806278,0.9959249300724461
Rice,telangana,2025-08,0.0036261119506502126,0.0,0.003927481510697994,-7.125349967509904e-05,0.011829866036677746,0.004885031260973046,-0.018142287743688406,1.243807576857281
Rice,telangana,2025-09,-0.013972081098691191,0.0,0.0015507855300747053,0.00013656320725561458,0.003225492265656812,0.00013671263626334498,0.08806066642176884,0.08815702340010818
Rice,telangana,2025-10,-0.01241359874960768,0.0,-7.21304449502469e-07,-8.512071928136994e-08,-9.79902244693489e-07,-9.135211370399849e-08,0.11800941937913081,0.12664848215896912
Rice,telangana,2025-11,-0.007356402651396365,0.0,0.001051656609171392,0.00012417505791409458,0.001428944991112473,0.00015968129742036127,0.11807566921671611,0.15183786801489826
Rice,telangana,2025-12,0.005393085048384982,0.0,0.0003588629091089146,3.7729945180357935e-05,0.00040052816915750147,4.7280817945172674e-05,0.10513748905966463,0.13175175462567235
Rice,tripura,2025-07,0.0018716861032350707,0.0,-0.0005059989757105754,7.231533310118105e-05,-0.002790191710809806,-0.0003833489373268003,-0.14291596736856726,0.7576081291241007
Rice,tripura,2025-08,0.007451907802242808,0.0,0.003927481510697994,-0.00033819911888112426,0.02117296270888864,0.004110619735124895,-0.08611093851362761,1.0466299392952083
Rice,tripura,2025-09,0.0027802108213501597,0.0,0.0015507855300747053,5.8935756614906155e-05,0.005942453038081613,5.9056097549786335e-05,0.03800380869691702,0.03808140868256712
Rice,tripura,2025-10,-0.012311986261877905,0.0,-7.21304449502469e-07,-3.688118483574475e-08,-2.6682859502903705e-06,-3.6947732793717195e-08,0.05113123156412541,0.051223492131793266
Rice,tripura,2025-11,-0.015104126033675946,0.0,0.001051656609171392,5.384223024856563e-05,0.0038905939594059873,5.3938820320152685e-05,0.051197538986597846,0.051289384623990034
Rice,tripura,2025-12,0.007685461843426111,0.0,0.0003588629091089146,1.6621115426422017e-05,0.0011393372105452581,1.6646341668923524e-05,0.046316058317906354,0.04638635324630713
Rice,uttar pradesh,2025-07,0.0007734700182577825,0.0,-0.0005059989757105754,-1.239285956067236e-06,-0.00021578004380611552,-0.00018599262200587178,0.0024491866892159303,0.3675750958678957
Rice,uttar pradesh,2025-08,0.003954671177687885,0.0,0.003927481510697994,0.00022182455596607314,0.0015721340892367321,0.0014276428513345972,0.05648010190801646,0.36350084588453624
Rice,uttar pradesh,2025-09,0.005280603696910191,0.0,0.0015507855300747053,0.00019898888995299155,0.001040593371248623,0.0001994435428029264,0.12831489983234867,0.12860807567202326
Rice,uttar pradesh,2025-10,-0.00114975580357779,0.0,-7.21304449502469e-07,-9.562385782975334e-08,-6.122923955000705e-07,-9.586606898300768e-08,0.13257073056420404,0.13290652657020596
Rice,uttar pradesh,2025-11,-0.004034587605439732,0.0,0.001051656609171392,0.00013949516020611541,0.0008927414108917437,0.000250646326791887,0.13264325920608694,0.23833476118157343
Rice,uttar pradesh,2025-12,-9.626028789266883e-05,0.0,0.0003588629091089146,4.18651385163645e-05,0.0002557964023972712,5.993507046505371e-05,0.1166605337406393,0.16701383437446155
Rice,uttarakhand,2025-07,0.0033271387968074606,0.0,-0.0005059989757105754,-3.102522972111897e-05,0.0008267279879706946,0.0003929929830678208,0.06131480736211011,-0.7766675466406626
Rice,uttarakhand,2025-08,-0.0017600473889363144,0.0,0.003927481510697994,0.00045750122797310217,-0.006676549431009287,-0.0035798370431099867,0.11648717549068609,-0.911484123695792
Rice,uttarakhand,2025-09,-0.0023515589907558976,0.0,0.0015507855300747053,0.0002792895158632411,-0.0017699285356101114,0.0002791096810550041,0.18009551317504688,0.1799795494877739
Rice,uttarakhand,2025-10,-0.006297993657258694,0.0,-7.21304449502469e-07,-1.3714166942326145e-07,8.408310102727141e-07,-1.3703471934265765e-07,0.19013007547348013,0.18998180232657583
Rice,uttarakhand,2025-11,0.00600365958596516,0.0,0.001051656609171392,0.00020002480672354447,-0.001225796217218273,0.00017541274646622199,0.19019973342928498,0.16679659970418576
Rice,uttarakhand,2025-12,0.0013728184152510536,0.0,0.0003588629091089146,5.907727278971694e-05,-0.0003466282971700635,5.248498723344832e-05,0.16462351301897024,0.1462535857042812
Rice,west bengal,2025-07,0.004342326345501135,0.0,-0.0005059989757105754,-0.00010660604079963101,0.0034720563757186153,0.00019228473875458922,0.21068430158366216,-0.38001013437737374
Rice,west bengal,2025-08,0.008807462343748185,0.0,0.003927481510697994,0.0010393111512247179,-0.02703989674481582,-0.00199001437390825,0.26462534537559435,-0.5066896861226937
Rice,west bengal,2025-09,0.005176272155580364,0.0,0.0015507855300747053,0.00035329585175509614,-0.004360150291825036,0.0003532546515103107,0.22781735120914945,0.2277907838702193
Rice,west bengal,2025-10,-0.0009796500761218851,0.0,-7.21304449502469e-07,-1.628167623666293e-07,1.7394592632905877e-06,-1.5132766579004615e-07,0.22572543740570947,0.20979721654902694
Rice,west bengal,2025-11,-0.006884554886774197,0.0,0.001051656609171392,0.00023746202167618775,-0.0025360987405607886,0.0002107309186626845,0.22579805956174787,0.2003799689222901
Rice,west bengal,2025-12,0.0021509239337644814,0.0,0.0003588629091089146,7.513100684666387e-05,-0.0009085089891632061,7.286006742064814e-05,0.20935851808485917,0.20303036499805882
Tur dal,andaman and nicobar islands,2025-07,-0.0091359123639414,0.0,-0.024906128621126733,-0.016345594952331722,-0.0241916077516803,-0.0228027223425118,0.656288064716188,0.9155466387164359
Tur dal,andaman and nicobar islands,2025-08,0.0,0.0,-0.016755260899681268,-0.010992620810867415,-0.015654797640201883,-0.014889153406356343,0.6560698085624274,0.8886255782886423
Tur dal,andaman and nicobar islands,2025-09,-0.08758300809735342,0.0,-0.013639896676093777,-0.009120289299475554,-0.012400627122744153,-0.011875884751376386,0.6686479755715746,0.8706726328939779
Tur dal,andaman and nicobar islands,2025-10,0.007655539781327825,0.0,-0.008045347444569195,-0.0054244264726616065,-0.008092413404273956,-0.007086386023507056,0.6742314747790322,0.8808054682946649
Tur dal,andaman and nicobar islands,2025-11,-0.008891379279504896,0.0,0.003447611828588215,0.0023639377715654114,0.003426838365302533,0.0030488192148466374,0.6856739937957097,0.8843278670659156
Tur dal,andaman and nicobar islands,2025-12,-0.02532485418269026,0.0,0.001482168264627326,0.001012385958183638,0.0014673441253729895,0.0013172701030543898,0.6830438772335953,0.8887453162314213
Tur dal,andhra pradesh,2025-07,-0.027497249457222317,0.0,-0.024906128621126733,-0.016174362019834954,-0.030013527456570387,-0.029020767366553134,0.6494129322898855,1.1652058739444613
Tur dal,andhra pradesh,2025-08,-0.01315005731693386,0.0,-0.016755260899681268,-0.010862243980954082,-0.02008760985725517,-0.019540490648508175,0.648288561186219,1.1662301629024403
Tur dal,andhra pradesh,2025-09,-0.01001174103567859,0.0,-0.013639896676093777,-0.009008529471791801,-0.016200461263991727,-0.01580288163702372,0.660454377750586,1.1585778112763083
Tur dal,andhra pradesh,2025-10,-0.020469976043745675,0.0,-0.008045347444569195,-0.005383273212355917,-0.009491624254667428,-0.009287441986675212,0.6691163121848462,1.1543866875438005
Tur dal,andhra pradesh,2025-11,0.004351800227918368,0.0,0.003447611828588215,0.0023442590198166683,0.004095915924759788,0.004004446324545797,0.6799660566127695,1.1615131063596578
Tur dal,andhra pradesh,2025-12,0.008091562005343889,0.0,0.001482168264627326,0.0010037488992733,0.001761004128324488,0.0017262279173718975,0.6772165638870166,1.1646639309241569
Tur dal,arunachal pradesh,2025-07,-0.02909532743629306,0.0,-0.024906128621126733,-0.017038435618550948,-0.0006350251002266564,-0.0019981308039424602,0.6841061442241979,0.08022647093565305
Tur dal,arunachal pradesh,2025-08,0.00461112189541435,0.0,-0.016755260899681268,-0.011406032674503274,-0.0015987942765826393,-0.0029598124321694817,0.6807433642958224,0.17664973705218673
Tur dal,arunachal pradesh,2025-09,-0.018190932688897377,0.0,-0.013639896676093777,-0.009450740157614351,-0.0011652979460250045,-0.002200956100659907,0.6928747615939328,0.16136164026208896
Tur dal,arunachal pradesh,2025-10,-0.02851240469182148,0.0,-0.008045347444569195,-0.005637040666103342,-0.000863530827255006,-0.0014649571130299053,0.7006584494879063,0.18208748884037157
Tur dal,arunachal pradesh,2025-11,-0.017265759329428754,0.0,0.003447611828588215,0.0024517293354396376,0.0004419251935788457,0.0007542616653804604,0.7111384510023601,0.2187780129787198
Tur dal,arunachal pradesh,2025-12,0.0,0.0,0.001482168264627326,0.0010502044060226045,0.00018151689884813603,0.000314773808091539,0.708559501027143,0.21237386847618495
Tur dal,assam,2025-07,-0.010234630914701448,0.0,-0.024906128621126733,-0.016824938182968614,-0.00789393791002599,-0.008824735900931023,0.6755340598657628,0.3543198557741889
Tur dal,assam,2025-08,-0.001823350105631505,0.0,-0.016755260899681268,-0.01129402967489857,-0.005406896263142573,-0.005914141081694842,0.6740587175884211,0.3529721868913032
Tur dal,assam,2025-09,0.009615458699442136,0.0,-0.013639896676093777,-0.009357867717933645,-0.00432296089516901,-0.004705282455604137,0.6860658801275885,0.34496466999276754
Tur dal,assam,2025-10,-0.04168627007849235,0.0,-0.008045347444569195,-0.0055916854386870544,-0.002405608559408717,-0.002655614288910311,0.6950210015431437,0.3300807463203985
Tur dal,assam,2025-11,-0.023781266546842872,0.0,0.003447611828588215,0.002431404165621026,0.001132980967411625,0.0013362344470344493,0.7052430164728485,0.3875826263137149
Tur dal,assam,2025-12,-0.020066028994373042,0.0,0.001482168264627326,0.0010415677866839168,0.0004751619563635206,0.000570042743233817,0.7027324842539432,0.3846005590850696
Tur dal,bihar,2025-07,-0.010218974942793224,0.0,-0.024906128621126733,-0.01636427421115698,-0.023556512951621606,-0.022750355736837348,0.6570380511596616,0.9134440796848394
Tur dal,bihar,2025-08,-0.019850815117098186,0.0,-0.016755260899681268,-0.011003106757638693,-0.015298275449978378,-0.01483788682354324,0.6566956386723888,0.8855658477884697
Tur dal,bihar,2025-09,0.0012926578842389347,0.0,-0.013639896676093777,-0.009115787665438253,-0.012553682680012378,-0.012227850919300688,0.6683179412506263,0.8964767996177025
Tur dal,bihar,2025-10,-0.03416440533230869,0.0,-0.008045347444569195,-0.005448869077722622,-0.007261364832199447,-0.007091850533652926,0.6772695791280886,0.8814846819872394
Tur dal,bihar,2025-11,-0.012238737930156951,0.0,0.003447611828588215,0.0023711506203089095,0.0031816015080235738,0.003080604888388086,0.687766122812001,0.8935474878126238
Tur dal,bihar,2025-12,-0.002845723175248338,0.0,0.001482168264627326,0.0010155304966983515,0.001360429815872737,0.0013183132285963725,0.6851654572119009,0.8894490997132819
Tur dal,chandigarh,2025-07,-0.025229698375880183,0.0,-0.024906128621126733,-0.016443837952090264,-0.020851345759889936,-0.01973329774214659,0.6602325958495896,0.7923069073612563
Tur dal,chandigarh,2025-08,-0.03692253785769317,0.0,-0.016755260899681268,-0.01103518254170806,-0.014207698791619976,-0.013521054366678246,0.6586100095831978,0.8069736692035309
Tur dal,chandigarh,2025-09,0.00351998277532406,0.0,-0.013639896676093777,-0.009130181065192228,-0.012064307088377272,-0.0114145124002176,0.6693731838302274,0.836847424234779
Tur dal,chandigarh,2025-10,-0.04267278651973072,0.0,-0.008045347444569195,-0.005457887853936185,-0.006954726440938343,-0.0066473748188486245,0.6783905718851696,0.8262383774781242
Tur dal,chandigarh,2025-11,0.016567151095657984,0.0,0.003447611828588215,0.002374341317905677,0.00307311778973349,0.0029046102149230786,0.6886916033345788,0.8424992021542362
Tur dal,chandigarh,2025-12,0.013401646873700379,0.0,0.001482168264627326,0.001016495348064742,0.0013276248694154647,0.0012578309599950207,0.6858164301070958,0.8486424854814225
Tur dal,chhattisgarh,2025-07,-0.035892923060607096,0.0,-0.024906128621126733,-0.01628844323196101,-0.02613476624428454,-0.025259848173677095,0.6539933796914654,1.0142021089640691
Tur dal,chhattisgarh,2025-08,-0.03325845633886271,0.0,-0.016755260899681268,-0.010924129209424755,-0.017983512089252345,-0.01740597669433749,0.6519820416304327,1.0388365062503204
Tur dal,chhattisgarh,2025-09,-0.012628948172607402,0.0,-0.013639896676093777,-0.009044576530740558,-0.014974861259734023,-0.014441918061221196,0.6630971440269563,1.0587996671949207
Tur dal,chhattisgarh,2025-10,-0.04193744360412133,0.0,-0.008045347444569195,-0.005403365542549808,-0.00880848502807511,-0.008546035295306351,0.6716136972054838,1.0622332166742074
Tur dal,chhattisgarh,2025-11,-0.007140387355494937,0.0,0.003447611828588215,0.0023511752631298843,0.003860763652110437,0.0036599642973367606,0.6819721534870944,1.0615940770906054
Tur dal,chhattisgarh,2025-12,-0.010878118147182647,0.0,0.001482168264627326,0.001006880674950069,0.0016545237553143436,0.001574150727717039,0.67932953294155,1.0620593931774953
Tur dal,delhi,2025-07,-0.012668602002333884,0.0,-0.024906128621126733,-0.01665605841490074,-0.01363585002433362,-0.014277622434890589,0.668753408780366,0.5732573958836594
Tur dal,delhi,2025-08,-0.0341893490683054,0.0,-0.016755260899681268,-0.011184423210968823,-0.009133516036753995,-0.00949993871491872,0.667517102713786,0.5669824404285722
Tur dal,delhi,2025-09,-0.04513888665648125,0.0,-0.013639896676093777,-0.009250162472196106,-0.007984939250245366,-0.00823269539399844,0.6781695412992812,0.603574615666087
Tur dal,delhi,2025-10,-0.01899993824490398,0.0,-0.008045347444569195,-0.005512605565749397,-0.005094324239289098,-0.00519383253708498,0.6851917339468714,0.6455697001117016
Tur dal,delhi,2025-11,-0.002176279422595684,0.0,0.003447611828588215,0.0023994569976665157,0.0022191846778649646,0.0022596602113863786,0.695976553325925,0.6554276768193191
Tur dal,delhi,2025-12,0.0038373032504779303,0.0,0.001482168264627326,0.0010275446005133214,0.0009519502861637633,0.0009672801940857794,0.6932712196288223,0.6526115942234068
Tur dal,dnh and dd,2025-07,-0.022391780173459885,0.0,-0.024906128621126733,-0.016419261208945206,-0.021686955026821865,-0.02115479561999455,0.659245820926882,0.8493811279064022
Tur dal,dnh and dd,2025-08,-0.000377477198568954,0.0,-0.016755260899681268,-0.011023096620995307,-0.014618620095853506,-0.014320020090656664,0.657888688633013,0.8546581385031773
Tur dal,dnh and dd,2025-09,-0.04346833214931767,0.0,-0.013639896676093777,-0.009144186537406406,-0.011588121033095186,-0.011373809877271188,0.6703999857589198,0.8338633456956981
Tur dal,dnh and dd,2025-10,-0.019108861698046375,0.0,-0.008045347444569195,-0.005451701969351143,-0.007165046516829713,-0.00692715877259874,0.6776216946393253,0.8610142470944173
Tur dal,dnh and dd,2025-11,0.0018739130098790469,0.0,0.003447611828588215,0.0023735084517395593,0.003101435239381501,0.0030050712917810024,0.6884500256258554,0.87163852579412
Tur dal,dnh and dd,2025-12,-0.004691383177148012,0.0,0.001482168264627326,0.0010163444425497434,0.0013327556569254126,0.0012954971135736213,0.6857146160832768,0.874055358282387
Tur dal,goa,2025-07,-0.011739473585115512,0.0,-0.024906128621126733,-0.016584737307282493,-0.016060767683354116,-0.016291025505965024,0.6658898120848222,0.6540970599560018
Tur dal,goa,2025-08,-0.021066228050775848,0.0,-0.016755260899681268,-0.011140503837329221,-0.01062677474050043,-0.010826373042759609,0.6648958738411017,0.6461476850512997
Tur dal,goa,2025-09,-0.003822210435936668,0.0,-0.013639896676093777,-0.00922383975478758,-0.008879911642135209,-0.009002626764622613,0.6762397086888435,0.6600216246799903
Tur dal,goa,2025-10,-0.016440773854291102,0.0,-0.008045347444569195,-0.005509927433813144,-0.005185380725121699,-0.005289227368813424,0.6848588543596683,0.6574268426882894
Tur dal,goa,2025-11,-0.04140821009687823,0.0,0.003447611828588215,0.00239851201015593,0.0022513142532248776,0.0022952284910928594,0.6957024541646594,0.6657444646350303
Tur dal,goa,2025-12,-0.07852771275164372,0.0,0.001482168264627326,0.001027690840804046,0.0009469781162791222,0.0009734093419581242,0.6933698860854013,0.6567468520201225
Tur dal,gujarat,2025-07,-0.024586364440128072,0.0,-0.024906128621126733,-0.016494801721943363,-0.019118577584884507,-0.018982252866395537,0.6622788299563978,0.7621518845885088
Tur dal,gujarat,2025-08,-0.014542063961200391,0.0,-0.016755260899681268,-0.011068148687462805,-0.013086849835958567,-0.012995773757712518,0.6605775197253629,0.7756234794266758
Tur dal,gujarat,2025-09,-0.006715261218657176,0.0,-0.013639896676093777,-0.00917073453444268,-0.010685489133861907,-0.010626375122952938,0.67234633459621,0.7790656612214267
Tur dal,gujarat,2025-10,-0.012794442700142739,0.0,-0.008045347444569195,-0.005478272890136883,-0.0062616352101145765,-0.006234824715784239,0.6809243389276929,0.7749602809252069
Tur dal,gujarat,2025-11,-0.01963524496235003,0.0,0.003447611828588215,0.0023853084459849027,0.0027002354350398263,0.0026897873446224243,0.6918726830571521,0.7801885706268396
Tur dal,gujarat,2025-12,0.004716371902589778,0.0,0.001482168264627326,0.0010217144158737022,0.0011501765639108134,0.001142820018762447,0.6893376685072935,0.7710460721878942
Tur dal,haryana,2025-07,-0.0283311147235894,0.0,-0.024906128621126733,-0.016861225723961076,-0.006660161516282297,-0.008637025572915442,0.6769910322256373,0.34678314339021954
Tur dal,haryana,2025-08,-0.04919298829860086,0.0,-0.016755260899681268,-0.011295037371333652,-0.005372634584349765,-0.006526564223866101,0.6741188596799776,0.38952328244499346
Tur dal,haryana,2025-09,-0.006999053297660041,0.0,-0.013639896676093777,-0.009328102776736251,-0.005334968895880432,-0.006441347697847154,0.6838836831576098,0.47224314456404237
Tur dal,haryana,2025-10,-0.011464429890700067,0.0,-0.008045347444569195,-0.005569379941259105,-0.0031639954719590298,-0.003752414331632857,0.6922485299275137,0.4664079901441457
Tur dal,haryana,2025-11,-0.008656037203079947,0.0,0.003447611828588215,0.0024242146972627784,0.001377422891592052,0.0016137248073066668,0.7031576690742141,0.46807033028642364
Tur dal,haryana,2025-12,-0.019095640428195892,0.0,0.001482168264627326,0.0010382675570307447,0.000587369764571369,0.0006807393143103032,0.7005058614527852,0.4592861219312824
Tur dal,himachal pradesh,2025-07,-0.03640621177023906,0.0,-0.024906128621126733,-0.01658546535887712,-0.016036013929136773,-0.016212129713725144,0.6659190439098763,0.6509293339139481
Tur dal,himachal pradesh,2025-08,-0.015234244571848521,0.0,-0.016755260899681268,-0.011111098217609673,-0.011626565810965111,-0.011473386083104786,0.6631408656740784,0.684763200752251
Tur dal,himachal pradesh,2025-09,-0.003294895896852168,0.0,-0.013639896676093777,-0.009204309525571476,-0.00954393943548281,-0.009453397830093883,0.6748078628559983,0.6930696070933264
Tur dal,himachal pradesh,2025-10,-0.031792072768216606,0.0,-0.008045347444569195,-0.005498770347793175,-0.005564721649800622,-0.0055491265180386325,0.6834720794444967,0.689731121778268
Tur dal,himachal pradesh,2025-11,-0.012954207060401401,0.0,0.003447611828588215,0.002392586101107892,0.002452795160858178,0.0024381465343099027,0.6939836095433191,0.7071986799941788
Tur dal,himachal pradesh,2025-12,-0.038040277583728965,0.0,0.001482168264627326,0.0010247456705435745,0.0010471139051351592,0.0010420100611702998,0.691382817322185,0.7030308812018056
Tur dal,jammu and kashmir,2025-07,0.003741819145995251,0.0,-0.024906128621126733,-0.01682901085235976,-0.007755467150727005,-0.009356170458884594,0.675697580638224,0.3756573573200044
Tur dal,jammu and kashmir,2025-08,-0.00854349851778835,0.0,-0.016755260899681268,-0.01131352394393958,-0.004744091115748265,-0.005780861806611537,0.6752221891188095,0.34501771361384803
Tur dal,jammu and kashmir,2025-09,0.0011503269242334468,0.0,-0.013639896676093777,-0.0093689738246288,-0.003945353267533739,-0.004702051842721615,0.6868801169916126,0.34472781974681344
Tur dal,jammu and kashmir,2025-10,-0.04872223169428658,0.0,-0.008045347444569195,-0.005595544775299007,-0.002274391114602342,-0.002679888972725691,0.6955006994851585,0.3330979788243553
Tur dal,jammu and kashmir,2025-11,-0.009925092501625876,0.0,0.003447611828588215,0.0024325099315887218,0.0010953849245099617,0.0013851607036725144,0.7055637503671132,0.40177397356236966
Tur dal,jammu and kashmir,2025-12,-0.02105576724070435,0.0,0.001482168264627326,0.001041847663107807,0.00046564615795125283,0.0005806919177686965,0.7029213133029585,0.3917854211476487
Tur dal,jharkhand,2025-07,-0.01108441941545113,0.0,-0.024906128621126733,-0.016192584721664783,-0.029393955594356265,-0.025471366376214232,0.6501445876228773,1.02269472561095
Tur dal,jharkhand,2025-08,-0.019196988545104432,0.0,-0.016755260899681268,-0.010893624861153093,-0.01902065993048884,-0.016804409512230892,0.6501614583250279,1.0029333242164291
Tur dal,jharkhand,2025-09,-0.047073952901337535,0.0,-0.013639896676093777,-0.009029485677572458,-0.01548795026744937,-0.013917369723394194,0.6619907681117672,1.020342752873395
Tur dal,jharkhand,2025-10,0.009899000317106221,0.0,-0.008045347444569195,-0.005384136440453134,-0.00946227449936202,-0.008397434151808159,0.6692236075009486,1.0437627721692282
Tur dal,jharkhand,2025-11,0.028448307957517294,0.0,0.003447611828588215,0.0023469488857653536,0.0040044604825044865,0.003585394608353313,0.6807462679829651,1.0399647021229532
Tur dal,jharkhand,2025-12,-0.03150513957222678,0.0,0.001482168264627326,0.0010045649446408387,0.001733258585828164,0.001550743366562312,0.6777671392751248,1.0462667455319106
Tur dal,karnataka,2025-07,-0.01616070248005652,0.0,-0.024906128621126733,-0.016264163463122108,-0.02696027838480717,-0.02640027506111138,0.6530185285129364,1.0599911155488546
Tur dal,karnataka,2025-08,-0.0045569699111274176,0.0,-0.016755260899681268,-0.010932685750602996,-0.01769258968919215,-0.01732893328434323,0.6524927195142014,1.0342383438907166
Tur dal,karnataka,2025-09,-0.009560911634657998,0.0,-0.013639896676093777,-0.009069872786183873,-0.014114788574661337,-0.013807800710545562,0.6649517222575708,1.0123097731924953
Tur dal,karnataka,2025-10,-0.025294817704250683,0.0,-0.008045347444569195,-0.005418958311048136,-0.008278330899131972,-0.008126293799099507,0.673551807225686,1.0100612627469499
Tur dal,karnataka,2025-11,-0.0009200237226467678,0.0,0.003447611828588215,0.0023590891722644284,0.0035916907415359423,0.0035105846256775525,0.6842676291751983,1.0182656285626925
Tur dal,karnataka,2025-12,-0.004216635579570749,0.0,0.001482168264627326,0.0010101916405327264,0.0015419509255039942,0.0015105215286377387,0.6815633991372277,1.0191295851402822
Tur dal,kerala,2025-07,-0.004778542450774026,0.0,-0.024906128621126733,-0.01645317200900961,-0.020533987824632,-0.01983297502761416,0.6606073653314846,0.7963090261563475
Tur dal,kerala,2025-08,-0.022104463878837244,0.0,-0.016755260899681268,-0.011065839047054491,-0.013165377609841319,-0.012826490936814509,0.6604396740408258,0.7655202156272305
Tur dal,kerala,2025-09,-0.025304929601299264,0.0,-0.013639896676093777,-0.009164025695523373,-0.010913589657118335,-0.010656612549266151,0.6718544805097296,0.7812824981250529
Tur dal,kerala,2025-10,-0.04463910084576206,0.0,-0.008045347444569195,-0.005468727006850892,-0.0065861952418382564,-0.00643088295306779,0.679737829165155,0.7993294257799634
Tur dal,kerala,2025-11,0.016560207506044478,0.0,0.003447611828588215,0.002378807601476132,0.0029212641483380088,0.0028148591756865797,0.6899870750386203,0.8164663876441259
Tur dal,kerala,2025-12,0.0021169629499038223,0.0,0.001482168264627326,0.0010184134160209377,0.0012624105589048012,0.0012176211086273167,0.6871105260623064,0.8215134122666385
Tur dal,ladakh,2025-07,0.045852385417544994,0.0,-0.024906128621126733,-0.017168581576329247,0.0037899374642355993,-0.008955131022006619,0.6893316033775687,0.35955531902338245
Tur dal,ladakh,2025-08,-0.06014483408881777,0.0,-0.016755260899681268,-0.011578972547697877,0.004281161412033798,-0.005270245008639619,0.6910648910228632,0.3145427003610474
Tur dal,ladakh,2025-09,-0.019577989523641648,0.0,-0.013639896676093777,-0.009545950012872326,0.0020718371327460836,-0.005202619875438404,0.6998550091367786,0.38142663386570036
Tur dal,ladakh,2025-10,-0.019622753784105385,0.0,-0.008045347444569195,-0.005691791708511192,0.0009980046146119883,-0.002962589834728106,0.7074637543905317,0.36823640683509895
Tur dal,ladakh,2025-11,-0.058900814207405894,0.0,0.003447611828588215,0.0024757287977977267,-0.0003740565265962176,0.0012478869235437364,0.7180996355995011,0.36195690976461864
Tur dal,ladakh,2025-12,0.019631640205288292,0.0,0.001482168264627326,0.0010610964355366856,-0.00018881210463062318,0.000537523762482068,0.715908214242791,0.3626604180580145
Tur dal,lakshadweep,2025-07,-0.01703722378240169,0.0,-0.024906128621126733,-0.017068938546288458,0.0004020744428487535,-0.0014435331417066491,0.6853308599639069,0.057958953142246514
Tur dal,lakshadweep,2025-08,0.0,0.0,-0.016755260899681268,-0.011439896868529214,-0.00044741167970072646,-0.0016994083087908498,0.6827644724259013,0.10142535642779381
Tur dal,lakshadweep,2025-09,-0.005229976541939685,0.0,-0.013639896676093777,-0.009474589862119139,-0.0003544079928622954,-0.0012644528435795644,0.6946232868995964,0.09270252360457625
Tur dal,lakshadweep,2025-10,0.0,0.0,-0.008045347444569195,-0.005654806299078664,-0.0002594993060940188,-0.0007297752589253673,0.7028666366541815,0.09070773685703074
Tur dal,lakshadweep,2025-11,0.0008221994296686574,0.0,0.003447611828588215,0.0024614763524791676,0.00011052661423479029,0.0002942588226769511,0.7139656303729337,0.08535149468884642
Tur dal,lakshadweep,2025-12,-0.012404541939494251,0.0,0.001482168264627326,0.0010541355749165613,4.7857156453600895e-05,0.00011715245530827388,0.7112118104766003,0.07904126549203272
Tur dal,madhya pradesh,2025-07,-0.028000213940426733,0.0,-0.024906128621126733,-0.01622163755174809,-0.02840615937152383,-0.027718566357724794,0.6513110808392764,1.1129215133905797
Tur dal,madhya pradesh,2025-08,-0.016517925451645432,0.0,-0.016755260899681268,-0.010891492854352666,-0.019093148161703377,-0.01871543577577894,0.6500342143021988,1.1169886215340854
Tur dal,madhya pradesh,2025-09,-0.015243984444207825,0.0,-0.013639896676093777,-0.009029525399236574,-0.015486599730869478,-0.015226814993275233,0.6619936802792901,1.1163438664431233
Tur dal,madhya pradesh,2025-10,-0.02598290350784538,0.0,-0.008045347444569195,-0.005393847608448225,-0.009132094787528957,-0.009004736971721211,0.6704306613991174,1.1192477433401125
Tur dal,madhya pradesh,2025-11,0.014929935661591287,0.0,0.003447611828588215,0.002348341341753327,0.003957116978913388,0.0038776976388274595,0.68115015799646,1.124748907830312
Tur dal,madhya pradesh,2025-12,0.013023966654125196,0.0,0.001482168264627326,0.0010053531342034139,0.0017064601407006123,0.0016711009972578946,0.6782989207073586,1.127470501925821
Tur dal,maharashtra,2025-07,-0.017137250405449223,0.0,-0.024906128621126733,-0.0162330736678881,-0.02801733142276352,-0.027571238933600566,0.6517702495970539,1.1070062053005356
Tur dal,maharashtra,2025-08,-0.015408625352844929,0.0,-0.016755260899681268,-0.010911867983852562,-0.018400393758706887,-0.018082367250441184,0.6512502580046448,1.0792053527966945
Tur dal,maharashtra,2025-09,-0.015512625675004443,0.0,-0.013639896676093777,-0.00904638086740778,-0.014913513813048479,-0.014694531009865886,0.6632294277758783,1.077319818384001
Tur dal,maharashtra,2025-10,-0.014921525816517622,0.0,-0.008045347444569195,-0.005403533428275975,-0.00880277691338545,-0.008695281922801671,0.6716345646356754,1.0807838918965764
Tur dal,maharashtra,2025-11,0.0136865342358794,0.0,0.003447611828588215,0.0023533125717019494,0.0037880951606602104,0.0037441990287790244,0.6825920923544408,1.0860268542216542
Tur dal,maharashtra,2025-12,0.010109375714349333,0.0,0.001482168264627326,0.0010075054416030173,0.0016332816891140981,0.0016128103341221088,0.6797510550236635,1.0881425359135126
Tur dal,manipur,2025-07,-0.040903743003574355,0.0,-0.024906128621126733,-0.017488272002842892,0.01465941196569948,-0.0004920726608922326,0.7021674170592851,0.019757091452375697
Tur dal,manipur,2025-08,0.010937533418203138,0.0,-0.016755260899681268,-0.011675839033657168,0.007574621934649659,-0.002406481108294725,0.6968461490133689,0.1436254035495504
Tur dal,manipur,2025-09,-0.011813829662390418,0.0,-0.013639896676093777,-0.009668543573303007,0.006240018187389281,-0.001506734566446971,0.7088428749059927,0.11046524781142791
Tur dal,manipur,2025-10,-0.009493587329110653,0.0,-0.008045347444569195,-0.005765196726501737,0.003493775226290423,-0.0007015915215540527,0.7165876633946224,0.08720462682163516
Tur dal,manipur,2025-11,-0.014461424766271769,0.0,0.003447611828588215,0.0025077681905202064,-0.00146339587916052,0.00024239857521464553,0.7273928490804398,0.07030912622025284
Tur dal,manipur,2025-12,-0.03771730427994324,0.0,0.001482168264627326,0.0010742298874377124,-0.0006353494692655288,5.057189935857006e-05,0.7247691865186542,0.03412021466488879
Tur dal,meghalaya,2025-07,0.003407158321614645,0.0,-0.024906128621126733,-0.017087104231215865,0.0010197077303805066,-0.0011796680802284296,0.6860602260249171,0.047364570310127245
Tur dal,meghalaya,2025-08,-0.005745078638377699,0.0,-0.016755260899681268,-0.011476122970014135,0.0007842757707866097,-0.00045851182961577765,0.6849265456816875,0.027365245600234123
Tur dal,meghalaya,2025-09,-0.0011710130599951185,0.0,-0.013639896676093777,-0.009499578867698163,0.0004952181968245155,-0.0004250386945960877,0.6964553393097017,0.03116143066838914
Tur dal,meghalaya,2025-10,-0.0011723859393999447,0.0,-0.008045347444569195,-0.0056705226295138775,0.00027485592870324615,-0.00019524526572382825,0.7048201048596873,0.024268096197091346
Tur dal,meghalaya,2025-11,0.005040514722319145,0.0,0.003447611828588215,0.0024680806447059896,-0.00011401932147715622,6.926910760110452e-05,0.7158812440078731,0.020091910297647973
Tur dal,meghalaya,2025-12,-0.011286291984670349,0.0,0.001482168264627326,0.0010569123192548215,-4.6552151047240515e-05,2.4068599414390828e-05,0.7130852444209969,0.01623877665498566
Tur dal,nagaland,2025-07,-0.012961829199571007,0.0,-0.024906128621126733,-0.01711095253399378,0.0018305500248295824,0.0008249718436101893,0.6870177535130585,-0.03312324673817043
Tur dal,nagaland,2025-08,-0.042812178430544634,0.0,-0.016755260899681268,-0.011471365986821892,0.0006225383422503643,-0.00016722403149932983,0.6846426358565452,0.009980389592292825
Tur dal,nagaland,2025-09,0.019488033047002418,0.0,-0.013639896676093777,-0.009471894811634334,-0.0004460397093455634,-0.00223075817666597,0.6944257010564773,0.16354655974599502
Tur dal,nagaland,2025-10,-0.0345230841676063,0.0,-0.008045347444569195,-0.005660768011296278,-5.680109069514768e-05,-0.001153948898533342,0.7036076502969967,0.14343058599815792
Tur dal,nagaland,2025-11,-0.05768207031099504,0.0,0.003447611828588215,0.0024613757342436984,0.00011394763424076607,0.0006617714993728888,0.7139364454645183,0.19195069870841053
Tur dal,nagaland,2025-12,-0.007348903059192224,0.0,0.001482168264627326,0.001054915604687947,2.133614422647943e-05,0.0003600761766284889,0.711738086601924,0.24293879799067608
Tur dal,odisha,2025-07,-0.03630430168534371,0.0,-0.024906128621126733,-0.016219472959336834,-0.028479755513506386,-0.027423895044095432,0.6512241708082482,1.1010902361129298
Tur dal,odisha,2025-08,-0.033572302595779924,0.0,-0.016755260899681268,-0.010880071525496662,-0.019481473342807434,-0.01882239973765834,0.6493525580197699,1.1233725246269604
Tur dal,odisha,2025-09,-0.0005644933821926656,0.0,-0.013639896676093777,-0.009009474643892599,-0.016168325412564653,-0.015573910196411989,0.6605236724177849,1.1417909216063122
Tur dal,odisha,2025-10,-0.02907472970024383,0.0,-0.008045347444569195,-0.005386696407995837,-0.00937523560291012,-0.009026490081658052,0.6695417997928713,1.1219515557095239
Tur dal,odisha,2025-11,0.0055072602963308626,0.0,0.003447611828588215,0.0023450590640647717,0.004068714420324256,0.0038934015944126605,0.6801981141319686,1.129303932109722
Tur dal,odisha,2025-12,0.002165596746158016,0.0,0.001482168264627326,0.001004076205827494,0.0017498757054818874,0.00168264672327471,0.6774373934392377,1.1352602558237825
Tur dal,puducherry,2025-07,-0.0151784998331852,0.0,-0.024906128621126733,-0.016056277593097877,-0.03402839796563088,-0.03115242218910822,0.6446717527780721,1.2507934357442867
Tur dal,puducherry,2025-08,-0.02614799314223326,0.0,-0.016755260899681268,-0.010802580332701275,-0.022116173897850627,-0.02029155382159533,0.6447276707524603,1.2110556763685687
Tur dal,puducherry,2025-09,-0.039018883227945445,0.0,-0.013639896676093777,-0.008952881791446215,-0.01809248239574166,-0.016786203575329665,0.6563746048852154,1.230669408570398
Tur dal,puducherry,2025-10,-0.016310698824315573,0.0,-0.008045347444569195,-0.0053421969398079515,-0.010888217521298246,-0.010048139461182281,0.6640107188178758,1.2489379147901212
Tur dal,puducherry,2025-11,0.01965737346485419,0.0,0.003447611828588215,0.002327081751558879,0.004679943045524617,0.004355373407656521,0.6749836893649975,1.2633015618350603
Tur dal,puducherry,2025-12,-0.008168073417098576,0.0,0.001482168264627326,0.0009961570394901636,0.002019127360951129,0.0018818906989215645,0.6720944330437649,1.2696876217321682
Tur dal,punjab,2025-07,-0.03317622956403099,0.0,-0.024906128621126733,-0.016697584144166677,-0.012223975229291834,-0.01308562814756233,0.6704206983819587,0.5253979189869914
Tur dal,punjab,2025-08,-0.0280745024752882,0.0,-0.016755260899681268,-0.011185819883562924,-0.009086029168554555,-0.00948840007604175,0.6676004599710954,0.5662937827618217
Tur dal,punjab,2025-09,-0.014702602757907357,0.0,-0.013639896676093777,-0.00925521415251058,-0.007813182119553277,-0.008088371519705918,0.6785399018991035,0.5929936063139067
Tur dal,punjab,2025-10,-0.036219273216239856,0.0,-0.008045347444569195,-0.005524796918571601,-0.004679818243334172,-0.004822155120658052,0.6867070635092302,0.599371892125445
Tur dal,punjab,2025-11,-0.01778050398200648,0.0,0.003447611828588215,0.0024033328744956684,0.0020874048656737724,0.002150237560138194,0.6971007740972466,0.6236889960488122
Tur dal,punjab,2025-12,-0.02294183957876328,0.0,0.001482168264627326,0.001029428604244268,0.0008878941593115672,0.000915397476886698,0.6945423328862773,0.6176069875014252
Tur dal,rajasthan,2025-07,-0.02597548640326064,0.0,-0.024906128621126733,-0.016400877457022244,-0.022312002592202562,-0.022113510306715187,0.6585076993102063,0.8878742514787025
Tur dal,rajasthan,2025-08,-0.018155220247576764,0.0,-0.016755260899681268,-0.011007146982861109,-0.01516090779241619,-0.015042239115014297,0.6569367704128377,0.8977621539334217
Tur dal,rajasthan,2025-09,-0.0184909366670567,0.0,-0.013639896676093777,-0.009120082054763008,-0.012407673442970717,-0.012324374176895964,0.6686327815625973,0.9035533383838978
Tur dal,rajasthan,2025-10,-0.0036277422233066403,0.0,-0.008045347444569195,-0.005445336064995801,-0.007381487264911356,-0.007334563083210589,0.6768304417569355,0.9116527451106661
Tur dal,rajasthan,2025-11,0.012639934935820385,0.0,0.003447611828588215,0.002371980850372866,0.0031533736858490634,0.003135859986647162,0.6880069359038554,0.9095745526349716
Tur dal,rajasthan,2025-12,-0.012919537901432854,0.0,0.001482168264627326,0.0010155369465787518,0.0013602105199391238,0.0013515935547933114,0.6851698088638383,0.9119029107893859
Tur dal,sikkim,2025-07,-0.009013175604781765,0.0,-0.024906128621126733,-0.016922243710623616,-0.004585549969755934,-0.007160089401909392,0.6794409507814574,0.28748303322563806
Tur dal,sikkim,2025-08,-0.025239557661467238,0.0,-0.016755260899681268,-0.01135696388237278,-0.0032671332090194365,-0.0046970801310602436,0.6778148039812869,0.2803346458872267
Tur dal,sikkim,2025-09,-0.025357935590081482,0.0,-0.013639896676093777,-0.009392611486713392,-0.0031416727566576587,-0.004307563432440407,0.6886130965475369,0.31580616295944086
Tur dal,sikkim,2025-10,0.015502540240828644,0.0,-0.008045347444569195,-0.0056011742085038535,-0.0020829903856375803,-0.002746359142013947,0.6962004123619027,0.341359917758158
Tur dal,sikkim,2025-11,0.002525519599758219,0.0,0.003447611828588215,0.002439818653043768,0.0008468883950383694,0.001143468220653035,0.7076836878248168,0.3316696535181808
Tur dal,sikkim,2025-12,-0.005691415025805391,0.0,0.001482168264627326,0.0010448110725468631,0.0003648902370233426,0.0004781995934137563,0.7049206878070411,0.32263515879149796
Tur dal,tamil nadu,2025-07,-0.01282662213347674,0.0,-0.024906128621126733,-0.016142289397903856,-0.03110399660222763,-0.028616703911679264,0.6481251921348824,1.1489824190261757
Tur dal,tamil nadu,2025-08,-0.006408566659385606,0.0,-0.016755260899681268,-0.010859750422863544,-0.02017239083233349,-0.018645277654622174,0.6481397387891541,1.1128013921273443
Tur dal,tamil nadu,2025-09,-0.018656753120562364,0.0,-0.013639896676093777,-0.0090109039000065,-0.01611973070469201,-0.015007449518878889,0.6606284573841114,1.1002612318304419
Tur dal,tamil nadu,2025-10,-0.01001174103567859,0.0,-0.008045347444569195,-0.005382017872161273,-0.009534305821285305,-0.008971602146375292,0.6689602791230932,1.1151292356467888
Tur dal,tamil nadu,2025-11,0.00837284419246842,0.0,0.003447611828588215,0.002344524042671568,0.004086905147693177,0.0038750184565692278,0.6800429280437996,1.1239717953270958
Tur dal,tamil nadu,2025-12,0.006675319385974099,0.0,0.001482168264627326,0.001003806127046558,0.0017590583840337145,0.0016768233266483226,0.6772551747348021,1.1313312844880945
Tur dal,telangana,2025-07,-0.002761603484104924,0.0,-0.024906128621126733,-0.016405396261578276,-0.022158363237297446,-0.02098035602762931,0.6586891327487294,0.8423772456483916
Tur dal,telangana,2025-08,-0.013557888344496227,0.0,-0.016755260899681268,-0.011038107307993528,-0.014108256737913999,-0.013502453809813556,0.6587845676699373,0.8058635368710021
Tur dal,telangana,2025-09,-0.003051573927398188,0.0,-0.013639896676093777,-0.009147572867218344,-0.011472985819489362,-0.011068719018505828,0.6706482522885243,0.8114958112480154
Tur dal,telangana,2025-10,-0.018632163412108937,0.0,-0.008045347444569195,-0.005465966043541972,-0.006680067994341539,-0.00649244773534697,0.6793946540160465,0.8069816474774536
Tur dal,telangana,2025-11,-0.008003043840535184,0.0,0.003447611828588215,0.0023796202943008366,0.00289363259229805,0.0028183453623540607,0.6902228013515322,0.81747757650204
Tur dal,telangana,2025-12,-0.016456067554027953,0.0,0.001482168264627326,0.0010191080532709715,0.0012387928924036532,0.001208935079641728,0.6875791889439857,0.8156530594356645
Tur dal,tripura,2025-07,0.0006248047688419689,0.0,-0.024906128621126733,-0.016647248731004302,-0.01393537927681255,-0.014266855495369971,0.668399693274016,0.5728250950759183
Tur dal,tripura,2025-08,-0.01732599649225275,0.0,-0.016755260899681268,-0.011194954363249798,-0.008775456859200836,-0.009061966461713866,0.6681456308127531,0.5408430531741973
Tur dal,tripura,2025-09,-0.029779142159130245,0.0,-0.013639896676093777,-0.009269384842242155,-0.007331378668679778,-0.007541670431832853,0.679578816640768,0.5529125777800725
Tur dal,tripura,2025-10,-0.022847415098190993,0.0,-0.008045347444569195,-0.005528419825435323,-0.004556639409967614,-0.004677438521225878,0.6871573743116763,0.581384278734073
Tur dal,tripura,2025-11,0.0025645328210499585,0.0,0.003447611828588215,0.0024058984463656923,0.0020001754220929594,0.002052755607185881,0.6978449332420638,0.5954137847434168
Tur dal,tripura,2025-12,0.0,0.0,0.001482168264627326,0.0010302440621636887,0.0008601685900512718,0.0008797540094167862,0.6950925119306421,0.5935587951871242
Tur dal,uttar pradesh,2025-07,-0.031066438281292186,0.0,-0.024906128621126733,-0.016306734737031252,-0.025512855071896202,-0.024696228594905074,0.6547277975268703,0.9915723543624676
Tur dal,uttar pradesh,2025-08,-0.0061985031960283266,0.0,-0.016755260899681268,-0.010941525290473464,-0.017392045333596198,-0.01690373430355076,0.653020287537367,1.0088613006242306
Tur dal,uttar pradesh,2025-09,-0.009704296827802494,0.0,-0.013639896676093777,-0.009075815719670964,-0.013912728836100228,-0.013547404763856163,0.665387424494048,0.9932190166513709
Tur dal,uttar pradesh,2025-10,-0.01426097086985667,0.0,-0.008045347444569195,-0.005422358543174478,-0.008162723006836362,-0.007983102659859116,0.6739744405736885,0.9922632571012087
Tur dal,uttar pradesh,2025-11,-0.0021703752415493938,0.0,0.003447611828588215,0.0023613811232981435,0.003513764406389619,0.003443806206537215,0.6849324229941283,0.9988961570384917
Tur dal,uttar pradesh,2025-12,-0.004491331129381493,0.0,0.001482168264627326,0.001011193474529391,0.0015078885696173958,0.0014804414846185151,0.682239323740779,0.9988349635800324
Tur dal,uttarakhand,2025-07,-0.0060776250657452735,0.0,-0.024906128621126733,-0.016513418372211562,-0.018485611475765662,-0.018047487464134815,0.663026302618705,0.7246203429956575
Tur dal,uttarakhand,2025-08,-0.02576880695463668,0.0,-0.016755260899681268,-0.011102316011691215,-0.01192516081219265,-0.011762797156019942,0.6626167194986747,0.7020360486445009
Tur dal,uttarakhand,2025-09,-0.02238263978451549,0.0,-0.013639896676093777,-0.009190555919946742,-0.010011562026723757,-0.00985909196269176,0.673799526359664,0.7228128039981039
Tur dal,uttarakhand,2025-10,-0.02503711773674855,0.0,-0.008045347444569195,-0.005484990487656334,-0.006033236894453222,-0.005940245150859531,0.6817593056666355,0.7383453843089574
Tur dal,uttarakhand,2025-11,-0.015892521893063005,0.0,0.003447611828588215,0.0023872334726734896,0.002634784527627854,0.0025925358305993493,0.6924310483210789,0.7519801994823134
Tur dal,uttarakhand,2025-12,0.0034542348680881574,0.0,0.001482168264627326,0.001022488420704744,0.0011238603996553862,0.001106903313902223,0.6898598796823092,0.7468135300957486
Tur dal,west bengal,2025-07,-0.01161976555042532,0.0,-0.024906128621126733,-0.016431365705715163,-0.02127540213664318,-0.021234956899273082,0.6597318256751146,0.8525996642151938
Tur dal,west bengal,2025-08,-0.020117524813954013,0.0,-0.016755260899681268,-0.01104378376305767,-0.013915257265733038,-0.013868547614986376,0.6591233541023378,0.8277130208846939
Tur dal,west bengal,2025-09,-0.01027406297618505,0.0,-0.013639896676093777,-0.009147837038995773,-0.011464003979056671,-0.011423671668438119,0.6706676198675978,0.8375189299241566
Tur dal,west bengal,2025-10,-0.00530047465933059,0.0,-0.008045347444569195,-0.0054639208055276695,-0.006749606086827821,-0.006730564953969367,0.6791404402573004,0.8365785319206644
Tur dal,west bengal,2025-11,-0.019216962716964048,0.0,0.003447611828588215,0.002379768603679326,0.0028885900734294118,0.0028818496227928313,0.6902658193552588,0.83589735912147
Tur dal,west bengal,2025-12,-0.00987599822470031,0.0,0.001482168264627326,0.0010193295380795707,0.0012312624089112843,0.0012227268290266181,0.6877286219158587,0.8249581766170514
Chana dal,andaman and nicobar islands,2025-07,0.0,0.0,-0.001078184148223471,-0.0009901133542598015,0.00015351335974663475,-0.000735338254762689,0.9183156290056906,0.682015457168712
Chana dal,andaman and nicobar islands,2025-08,0.0,0.0,0.011527496882226984,0.01059682342664235,-0.0016396437844097126,0.00715422255494648,0.9192649137021637,0.6206223803865705
Chana dal,andaman and nicobar islands,2025-09,-0.056847285441416595,0.0,0.0003037075970846459,0.0002687136202427089,-3.8728526318993744e-05,0.0001688742526344617,0.8847774070261933,0.5560422401531003
Chana dal,andaman and nicobar islands,2025-10,-0.0009003151711031165,0.0,-0.0034925812768911157,-0.0030915425181625334,0.0004922915326051028,-0.0021873631610779824,0.88517410850763,0.6262884060997546
Chana dal,andaman and nicobar islands,2025-11,-0.04315156735841352,0.0,-0.0010178250633403607,-0.0009146156185856516,0.00013964751852884574,-0.0006113851897873761,0.8985980514018882,0.6006780652275301
Chana dal,andaman and nicobar islands,2025-12,-0.025827007078733644,0.0,-0.0029886258003699595,-0.002687355005347475,0.0003085511979972862,-0.0018934844055754467,0.899194206586455,0.6335635613334576
Chana dal,andhra pradesh,2025-07,-0.014549898171104303,0.0,-0.001078184148223471,-0.0009382288814624385,-0.001610558715363716,-0.0015134795157398938,0.8701935406937326,1.4037300754547921
Chana dal,andhra pradesh,2025-08,0.01631494041929482,0.0,0.011527496882226984,0.01003803648324579,0.01735911229107325,0.01605140291025363,0.8707906482909024,1.3924447843487664
Chana dal,andhra pradesh,2025-09,-0.014103132682061315,0.0,0.0003037075970846459,0.00025420681821000863,0.00045450274279281404,0.00042444918763999585,0.8370117199905244,1.3975586772091784
Chana dal,andhra pradesh,2025-10,-0.01879734633225638,0.0,-0.0034925812768911157,-0.0029236905958641246,-0.0052146738255407915,-0.004782608741084323,0.8371145476868092,1.369362188570601
Chana dal,andhra pradesh,2025-11,-0.002791198806231243,0.0,-0.0010178250633403607,-0.0008647163123435256,-0.0015569288937034359,-0.0014178446058105566,0.8495726264645582,1.393014042273028
Chana dal,andhra pradesh,2025-12,0.003755570699883748,0.0,-0.0029886258003699595,-0.002543736361985713,-0.004574482676302618,-0.004194440004074037,0.8511391294523476,1.4034677755759222
Chana dal,arunachal pradesh,2025-07,-0.0005490483300452098,0.0,-0.001078184148223471,-0.0009891828153810373,0.00012187503786864296,-0.00037272528851756414,0.917452567829826,0.34569724395568724
Chana dal,arunachal pradesh,2025-08,0.0005490483300452098,0.0,0.011527496882226984,0.010586710205022517,-0.0012957942493354577,0.00304029841920979,0.9183876008108087,0.263743156929177
Chana dal,arunachal pradesh,2025-09,-0.004217094625188267,0.0,0.0003037075970846459,0.00026843071987304047,-2.9109913750268858e-05,6.509340335780977e-05,0.8838459177503767,0.2143291902562045
Chana dal,arunachal pradesh,2025-10,-0.019855913052082563,0.0,-0.0034925812768911157,-0.003087010933934966,0.00033821766886780465,-0.0006394331435708092,0.8838766199545215,0.18308325358142957
Chana dal,arunachal pradesh,2025-11,0.0,0.0,-0.0010178250633403607,-0.0009117787334948734,4.319342544239263e-05,-0.00025815667488553965,0.895810848381491,0.2536356041757365
Chana dal,arunachal pradesh,2025-12,-0.026012478638595127,0.0,-0.0029886258003699595,-0.0026820072347949094,0.00012672699921007104,-0.000707115775129997,0.8974048321683182,0.23660231235454893
Chana dal,assam,2025-07,0.008862420096716228,0.0,-0.001078184148223471,-0.000983317269588092,-7.755351909150185e-05,-0.0004156899237789197,0.912012360048428,0.38554631364582187
Chana dal,assam,2025-08,-0.0011711185519400757,0.0,0.011527496882226984,0.010527049852419135,0.000732657739179573,0.0038859695918073748,0.9132121188121655,0.33710437153088596
Chana dal,assam,2025-09,0.004137812866095381,0.0,0.0003037075970846459,0.00026715946810762563,1.4112646273836201e-05,8.446534062829544e-05,0.8796601424269477,0.2781140196659428
Chana dal,assam,2025-10,-0.021137449552532495,0.0,-0.0034925812768911157,-0.0030721898622830266,-0.00016569876729812013,-0.0008913213517410333,0.879633033198215,0.25520418311766063
Chana dal,assam,2025-11,-0.0019272249345974046,0.0,-0.0010178250633403607,-0.0009073967925461148,-0.00010579256681540678,-0.00034065302904945523,0.8915056479039377,0.3346872083612082
Chana dal,assam,2025-12,-0.005711669143521725,0.0,-0.0029886258003699595,-0.0026690179843808738,-0.0003149075148671316,-0.0009631961917892212,0.8930586037403807,0.3222873173583618
Chana dal,bihar,2025-07,-0.0025335176646699153,0.0,-0.001078184148223471,-0.0009276499787808643,-0.0019702414065372407,-0.0014314724118574835,0.8603817634579004,1.3276696881660959
Chana dal,bihar,2025-08,0.009048883293588439,0.0,0.011527496882226984,0.009928860865373843,0.021071083298719488,0.016229156148752824,0.8613197615071224,1.4078647181223554
Chana dal,bihar,2025-09,0.01631120262585295,0.0,0.0003037075970846459,0.0002522107065365978,0.000522370539688785,0.00041340653947559056,0.8304392414204393,1.3611992042476653
Chana dal,bihar,2025-10,-0.022194190493394217,0.0,-0.0034925812768911157,-0.0028999984904511653,-0.00602020540958141,-0.004765632198337409,0.8303309960570391,1.364501444782263
Chana dal,bihar,2025-11,0.005254320621354225,0.0,-0.0010178250633403607,-0.0008576028643421415,-0.0017987861257504922,-0.00143032113859959,0.8425837555302558,1.405272074854862
Chana dal,bihar,2025-12,-0.010536395019329348,0.0,-0.0029886258003699595,-0.002523420692110502,-0.00526521545205978,-0.00423346582529871,0.8443414668367414,1.4165258911887373
Chana dal,chandigarh,2025-07,-0.011306926288471075,0.0,-0.001078184148223471,-0.0009128366136188033,-0.0024738958220473085,-0.0016889654378525474,0.846642584314459,1.566490697007059
Chana dal,chandigarh,2025-08,0.01454492156224596,0.0,0.011527496882226984,0.00976785673097171,0.02654522386839202,0.01925551018486747,0.8473527974691301,1.6703982123435213
Chana dal,chandigarh,2025-09,0.010824820345704644,0.0,0.0003037075970846459,0.0002479670775922178,0.000666653923797705,0.0004965941727105653,0.8164664959734519,1.635106192526887
Chana dal,chandigarh,2025-10,-0.01481985886117343,0.0,-0.0034925812768911157,-0.0028513343239379924,-0.007674787071029284,-0.005818120128009389,0.8163974143720079,1.6658510330182859
Chana dal,chandigarh,2025-11,-0.0012991232746255577,0.0,-0.0010178250633403607,-0.0008441490619104673,-0.0022562154084274145,-0.0017656019716525298,0.8293655681263017,1.7346811699233158
Chana dal,chandigarh,2025-12,-0.00892280131061618,0.0,-0.0029886258003699595,-0.002483496129884849,-0.006622650567732,-0.0052629244200553624,0.8309826307386555,1.7609847373344194
Chana dal,chhattisgarh,2025-07,-0.00788042065632144,0.0,-0.001078184148223471,-0.0009284469771743227,-0.0019431434611596563,-0.0013987134221021384,0.8611209677902694,1.2972862051503955
Chana dal,chhattisgarh,2025-08,-0.018322842304418607,0.0,0.011527496882226984,0.009935675702980755,0.020839378820084544,0.015816191937862725,0.8619109425481183,1.3720404437712772
Chana dal,chhattisgarh,2025-09,-0.012683401132519201,0.0,0.0003037075970846459,0.0002545664639512512,0.0004422747875905692,0.00033748055279710006,0.8381959042015711,1.1112022090874512
Chana dal,chhattisgarh,2025-10,0.002299091826801991,0.0,-0.0034925812768911157,-0.0029277916696741207,-0.005075237316000916,-0.003932261641970949,0.8382887719882252,1.1258898019035395
Chana dal,chhattisgarh,2025-11,0.001877151453284931,0.0,-0.0010178250633403607,-0.0008676015667551429,-0.0014588302437084472,-0.001169879629282012,0.8524073517189632,1.1493916503123134
Chana dal,chhattisgarh,2025-12,-0.007005099480564603,0.0,-0.0029886258003699595,-0.002552523433440292,-0.004275722246846905,-0.003470305461349534,0.8540793006352008,1.1611709505150989
Chana dal,delhi,2025-07,-0.00661333698980382,0.0,-0.001078184148223471,-0.0009680114382113544,-0.00059795178590057,-0.0007118031620536982,0.897816425706454,0.6601870035156234
Chana dal,delhi,2025-08,-0.029669395913295205,0.0,0.011527496882226984,0.010358657679060882,0.0064579916333602615,0.007448884264807031,0.8986042490310094,0.6461840190381374
Chana dal,delhi,2025-09,-0.007058034171033789,0.0,0.0003037075970846459,0.0002654671530312397,7.165135887095927e-05,0.00015857858817065195,0.8740879569016897,0.5221423161385547
Chana dal,delhi,2025-10,-0.006706396187819763,0.0,-0.0034925812768911157,-0.003053001923672114,-0.0008180886800691594,-0.001745669121409873,0.8741391199318664,0.49982204650760825
Chana dal,delhi,2025-11,0.00790280709822877,0.0,-0.0010178250633403607,-0.0009030213701095507,-0.0002545569296585782,-0.0004970387824637308,0.8872068517805602,0.48833419451523274
Chana dal,delhi,2025-12,-0.000498330602828112,0.0,-0.0029886258003699595,-0.0026568585721254627,-0.000728327531551112,-0.0014253539055349733,0.8889900407727767,0.47692618639594486
Chana dal,dnh and dd,2025-07,0.020720195701356303,0.0,-0.001078184148223471,-0.0009383098305905962,-0.0016078064450063504,-0.0011518919110331822,0.870268619824038,1.0683628700451215
Chana dal,dnh and dd,2025-08,0.022720145965835492,0.0,0.011527496882226984,0.010050099947208612,0.016948954516337378,0.012501859655473074,0.8718371429537133,1.084525095361193
Chana dal,dnh and dd,2025-09,-0.00434102948122117,0.0,0.0003037075970846459,0.0002539781595322461,0.0004622771378367405,0.00033708101753482725,0.8362588291179962,1.109886683015308
Chana dal,dnh and dd,2025-10,0.0025261469503989886,0.0,-0.0034925812768911157,-0.002920824106827799,-0.00531213445277586,-0.003964811761527329,0.836293811157271,1.1352095906144708
Chana dal,dnh and dd,2025-11,-0.019257816604414835,0.0,-0.0010178250633403607,-0.0008656084615400797,-0.0015265958210205952,-0.0011828147374615076,0.850449151546016,1.1621002273020018
Chana dal,dnh and dd,2025-12,0.010031817163513423,0.0,-0.0029886258003699595,-0.0025452184320418616,-0.004524092294393563,-0.0034955404892732848,0.851635032972944,1.1696146398925469
Chana dal,goa,2025-07,0.006476767372580738,0.0,-0.001078184148223471,-0.0009699546403232275,-0.0005318829140968833,-0.0006203797639015474,0.8996187171935575,0.5753931412586152
Chana dal,goa,2025-08,0.0013090230948238357,0.0,0.011527496882226984,0.010383568944566796,0.0056110086061591,0.0064390673680936985,0.9007652789371916,0.5585833103127018
Chana dal,goa,2025-09,0.008003765388369999,0.0,0.0003037075970846459,0.00026357156768109315,0.000136101260775942,0.00015524234837481496,0.8678464753966411,0.5111572771475571
Chana dal,goa,2025-10,-0.009312788483193835,0.0,-0.0034925812768911157,-0.0030308387199736967,-0.0015716376058153535,-0.0017870711314275298,0.867793325248415,0.5116763189597902
Chana dal,goa,2025-11,-0.006570942632809995,0.0,-0.0010178250633403607,-0.0008964130367273977,-0.00047924026465178527,-0.0005372883823595024,0.8807142494462599,0.5278789073990735
Chana dal,goa,2025-12,-0.06186738845703044,0.0,-0.0029886258003699595,-0.002636472079122616,-0.001421468293647909,-0.0015874330670013538,0.8821686806010473,0.5311581887584744
Chana dal,gujarat,2025-07,0.005653507374526967,0.0,-0.001078184148223471,-0.0009357621460882536,-0.001694427718085997,-0.001635262076536867,0.8679056797766069,1.5166816162445866
Chana dal,gujarat,2025-08,0.006233096356710988,0.0,0.011527496882226984,0.010018104733397442,0.018036791785917165,0.017361508371517422,0.8690615868951816,1.5060952563158163
Chana dal,gujarat,2025-09,0.0021368616627635006,0.0,0.0003037075970846459,0.0002545444370242303,0.0004430237031092786,0.00042112938699804175,0.8381233774448078,1.3866277664455966
Chana dal,gujarat,2025-10,-0.007755140908192182,0.0,-0.0034925812768911157,-0.0029271783618929547,-0.005096089780560584,-0.004877094438949475,0.8381131689792919,1.3964154452808524
Chana dal,gujarat,2025-11,0.001023855930537998,0.0,-0.0010178250633403607,-0.0008666136810839068,-0.0014924183565304743,-0.001438238590855866,0.8514367667856408,1.4130508696020576
Chana dal,gujarat,2025-12,-0.001023855930537998,0.0,-0.0029886258003699595,-0.002549566195930494,-0.004376268322180056,-0.0042279112753411605,0.8530898032182167,1.4146673279798998
Chana dal,haryana,2025-07,-0.021312528131712583,0.0,-0.001078184148223471,-0.0009696631023631034,-0.0005417952047411008,-0.0007102960273370077,0.8993483200071358,0.6587891581483234
Chana dal,haryana,2025-08,0.01206287244927573,0.0,0.011527496882226984,0.01037163150831956,0.006016881438565186,0.007816593207047867,0.8997297170655035,0.6780824394842766
Chana dal,haryana,2025-09,-0.008025725262304384,0.0,0.0003037075970846459,0.0002624273115043715,0.00017500597078447884,0.00020709050397421178,0.8640788509193292,0.6818746253373895
Chana dal,haryana,2025-10,-0.007481583780534429,0.0,-0.0034925812768911157,-0.003018070325835835,-0.002005763006502634,-0.0023506378533849166,0.8641374635445388,0.6730374090183843
Chana dal,haryana,2025-11,-0.007231278646479211,0.0,-0.0010178250633403607,-0.0008928746989910311,-0.0005995437476882505,-0.0006886927865089082,0.8772378782467196,0.6766317821342638
Chana dal,haryana,2025-12,-0.004405067820848707,0.0,-0.0029886258003699595,-0.002626045268908127,-0.001775979840940545,-0.002023624621023456,0.8786798496429533,0.6771087302977018
Chana dal,himachal pradesh,2025-07,0.025445099061487397,0.0,-0.001078184148223471,-0.0009374772180954426,-0.001636115269841574,-0.001238597429155428,0.869496383934162,1.1487809677004346
Chana dal,himachal pradesh,2025-08,0.021547158218782947,0.0,0.011527496882226984,0.010042707227284583,0.01720030699375438,0.013088905424673405,0.8711958311407882,1.1354507885275416
Chana dal,himachal pradesh,2025-09,-0.009363550831257506,0.0,0.0003037075970846459,0.00025389759838768256,0.0004650162167519003,0.00035373195930311967,0.8359935702132573,1.16471225184575
Chana dal,himachal pradesh,2025-10,0.009462693249422394,0.0,-0.0034925812768911157,-0.0029200197443934686,-0.005339482775543092,-0.004140068672195911,0.8360635051541859,1.1853893564593434
Chana dal,himachal pradesh,2025-11,0.007604599385218513,0.0,-0.0010178250633403607,-0.0008659356609399361,-0.0015154710414254763,-0.001212299062734239,0.8507706207371779,1.1910681966856285
Chana dal,himachal pradesh,2025-12,-0.02027499386141063,0.0,-0.0029886258003699595,-0.0025480306946903176,-0.004428475364346055,-0.0035791256816525654,0.8525760215196225,1.1975824076769692
Chana dal,jammu and kashmir,2025-07,0.002929442975801777,0.0,-0.001078184148223471,-0.0009639059735097015,-0.0007375375857567713,-0.0008293994868941232,0.894008667348647,0.7692558717921503
Chana dal,jammu and kashmir,2025-08,0.02007157102132684,0.0,0.011527496882226984,0.010317838074669785,0.007845858182657506,0.008671529958222152,0.8950631850161467,0.7522474347047412
Chana dal,jammu and kashmir,2025-09,0.0077798412981415765,0.0,0.0003037075970846459,0.00026051453185903977,0.00024004047872575645,0.00024650351703393327,0.8577807547778666,0.8116475168885243
Chana dal,jammu and kashmir,2025-10,-0.035343600853688706,0.0,-0.0034925812768911157,-0.0029956913372027015,-0.0027666486200291886,-0.002833487835976933,0.8577298850634865,0.8112875868415387
Chana dal,jammu and kashmir,2025-11,-0.012475875080450116,0.0,-0.0010178250633403607,-0.000884167305705316,-0.0008955951194025622,-0.0008910491160769317,0.868682976624295,0.8754442665742893
Chana dal,jammu and kashmir,2025-12,-0.011175613001510598,0.0,-0.0029886258003699595,-0.0026001366458236657,-0.0026568730258122123,-0.0026347208821435792,0.8700107740158695,0.8815827266891122
Chana dal,jharkhand,2025-07,0.0017494215935860424,0.0,-0.001078184148223471,-0.0009582760271752941,-0.0009289557611266253,-0.0009457950623361913,0.8887869746130564,0.8772110625949956
Chana dal,jharkhand,2025-08,0.01581100923123202,0.0,0.011527496882226984,0.010257331129363076,0.009903094323085624,0.01007894719006483,0.8898142618609387,0.8743396153595566
Chana dal,jharkhand,2025-09,-0.02179225837158949,0.0,0.0003037075970846459,0.0002594269840047219,0.000277017105772566,0.00026914373266192506,0.8541998504318525,0.8861936126902759
Chana dal,jharkhand,2025-10,0.015497821345916485,0.0,-0.0034925812768911157,-0.0029839040145121327,-0.003167417591508518,-0.003082330148457089,0.8543549248961855,0.8825364119230441
Chana dal,jharkhand,2025-11,0.026630725138520717,0.0,-0.0010178250633403607,-0.0008848646671778402,-0.0008718848293367395,-0.0008777326720097525,0.8693681252786575,0.8623610319922321
Chana dal,jharkhand,2025-12,-0.021956869851095462,0.0,-0.0029886258003699595,-0.0026048792314170145,-0.002495625115638381,-0.002548994714775345,0.8715976523707178,0.8528985845132593
Chana dal,karnataka,2025-07,0.0013571153692053528,0.0,-0.001078184148223471,-0.0009648661591706179,-0.0007048912732856166,-0.00075259380746985,0.8948992254805751,0.6980197294774758
Chana dal,karnataka,2025-08,0.012323252128913609,0.0,0.011527496882226984,0.01032759437384473,0.007514144010709346,0.007911235094283499,0.895909535206012,0.6862925381902282
Chana dal,karnataka,2025-09,0.006010034784890372,0.0,0.0003037075970846459,0.00026136627218876764,0.00021108130751500942,0.00021729765245454913,0.8605852296672138,0.7154830980207137
Chana dal,karnataka,2025-10,0.0037972325862192235,0.0,-0.0034925812768911157,-0.0030055284831266597,-0.0024321856586146046,-0.0024990823116794085,0.8605464683135446,0.7155402018028169
Chana dal,karnataka,2025-11,-0.0008531210527378263,0.0,-0.0010178250633403607,-0.000890163675381117,-0.0006917185504253272,-0.0007131739892234693,0.8745743325083029,0.7006842481191524
Chana dal,karnataka,2025-12,-0.007902168982318436,0.0,-0.0029886258003699595,-0.002618531084524208,-0.002031462109993795,-0.0020899431342594026,0.8761655889472888,0.6992990336898953
Chana dal,kerala,2025-07,-0.00970056109281714,0.0,-0.001078184148223471,-0.0009675099398839935,-0.0006150027290308453,-0.0007343999481448188,0.8973512933557445,0.6811451915286391
Chana dal,kerala,2025-08,0.000502335872320181,0.0,0.011527496882226984,0.010352321034381915,0.0066734375524449795,0.007752541523593455,0.8980545507969777,0.6725260134788039
Chana dal,kerala,2025-09,-0.0011054721994101513,0.0,0.0003037075970846459,0.0002628981732494542,0.00015899667145166646,0.00018595127303887505,0.8656292294729204,0.6122707328491649
Chana dal,kerala,2025-10,-0.014075469076893832,0.0,-0.0034925812768911157,-0.00302331665018978,-0.001827387978468531,-0.002101485402747921,0.865639597335571,0.6016997848131787
Chana dal,kerala,2025-11,0.009641318911335794,0.0,-0.0010178250633403607,-0.0008938574523399048,-0.0005661301338265464,-0.0006401333083686813,0.8782034207395016,0.6289227210301273
Chana dal,kerala,2025-12,-0.013831197811734697,0.0,-0.0029886258003699595,-0.0026300920479665076,-0.0016383893529555976,-0.0018649392601306088,0.8800339097791803,0.6240123002015674
Chana dal,ladakh,2025-07,-0.024513913519131236,0.0,-0.001078184148223471,-0.0009998798035937017,0.0004855726370992329,-0.0008025194062704415,0.9273738676655637,0.7443249908587103
Chana dal,ladakh,2025-08,0.013281374159158865,0.0,0.011527496882226984,0.010693353219454284,-0.004921656740015462,0.008149766529925568,0.9276387865210549,0.7069849259721617
Chana dal,ladakh,2025-09,0.013374823496254074,0.0,0.0003037075970846459,0.00026992870076721065,-8.004126415205441e-05,0.0002027306715539052,0.888778230634709,0.6675192635941947
Chana dal,ladakh,2025-10,0.026658861112308863,0.0,-0.0034925812768911157,-0.0031038088496606747,0.0009093468035419,-0.0022467218033949093,0.8886862190429816,0.6432840427395308
Chana dal,ladakh,2025-11,0.0,0.0,-0.0010178250633403607,-0.000920379237671828,0.0003356105674588438,-0.0006308772435937015,0.9042607328328809,0.6198287567445528
Chana dal,ladakh,2025-12,-0.027640171686618586,0.0,-0.0029886258003699595,-0.0027072406140621493,0.0009846618942962089,-0.0018036346717552306,0.9058479699020942,0.6034996658102731
Chana dal,lakshadweep,2025-07,0.005354765137659534,0.0,-0.001078184148223471,-0.000975354745393466,-0.00034827934170878275,-0.0003996191146328142,0.9046272355242493,0.37064087363115883
Chana dal,lakshadweep,2025-08,0.0,0.0,0.011527496882226984,0.01044089007163542,0.0036620902858258775,0.004180026875716122,0.9057378352218957,0.3626135767740574
Chana dal,lakshadweep,2025-09,0.030245566507557164,0.0,0.0003037075970846459,0.0002650304610706885,8.649888552969937e-05,9.8528080080295e-05,0.8726500871719131,0.32441756816782685
Chana dal,lakshadweep,2025-10,0.0,0.0,-0.0034925812768911157,-0.0030470742118844036,-0.001019630880851305,-0.0016127074507651935,0.8724418904852873,0.4617523037862495
Chana dal,lakshadweep,2025-11,-0.020565316293042812,0.0,-0.0010178250633403607,-0.0009018509854132116,-0.0002943500093341118,-0.0004493206935783859,0.8860569639083771,0.4414517875044044
Chana dal,lakshadweep,2025-12,0.0019814131122792844,0.0,-0.0029886258003699595,-0.0026514617324330807,-0.0009118200810921159,-0.0014359323508494626,0.8871842477251111,0.48046575475314096
Chana dal,madhya pradesh,2025-07,-0.011500813752753025,0.0,-0.001078184148223471,-0.0009425396425996478,-0.001463992836698599,-0.0013286741925480454,0.8741917084875294,1.2323258459487723
Chana dal,madhya pradesh,2025-08,0.005105177516347759,0.0,0.011527496882226984,0.010085046949744825,0.015760756430106153,0.01442051594208074,0.8748687640327087,1.2509668047982032
Chana dal,madhya pradesh,2025-09,-0.00030557677854314846,0.0,0.0003037075970846459,0.0002562160595959598,0.0003861885356704745,0.00035669030834539176,0.8436274299867126,1.1744530323552596
Chana dal,madhya pradesh,2025-10,-0.010239696268683929,0.0,-0.0034925812768911157,-0.002946459664878133,-0.004440525479064511,-0.0041428763468059,0.843633814443652,1.1861932531728046
Chana dal,madhya pradesh,2025-11,0.004005962935148766,0.0,-0.0010178250633403607,-0.0008719794941433799,-0.0013099807125083894,-0.0012321808958298864,0.8567086089250584,1.210601841328253
Chana dal,madhya pradesh,2025-12,-0.0084414748746644,0.0,-0.0029886258003699595,-0.0025655148085568886,-0.0038340154928826367,-0.0036179965555850737,0.8584262399927437,1.210588677624748
Chana dal,maharashtra,2025-07,0.0024504811118761793,0.0,-0.001078184148223471,-0.0009393230754289932,-0.0015733561205008562,-0.001542647622464183,0.87120838956566,1.43078306707255
Chana dal,maharashtra,2025-08,0.02238673706700567,0.0,0.011527496882226984,0.010055121251763298,0.016778230161478017,0.01648375649556897,0.8722727366134633,1.4299510695147974
Chana dal,maharashtra,2025-09,-0.0004987282533184256,0.0,0.0003037075970846459,0.00025412349742806427,0.00045733564937892434,0.00044755535464701676,0.8367373745913833,1.4736389834933212
Chana dal,maharashtra,2025-10,-0.012246689902351449,0.0,-0.0034925812768911157,-0.00292240200686592,-0.00525848585147976,-0.005161934248296021,0.8367455973615209,1.477971116220053
Chana dal,maharashtra,2025-11,0.002320303689177017,0.0,-0.0010178250633403607,-0.0008648726033148091,-0.0015516150006798005,-0.0015180691762868704,0.8497261803284909,1.4914833903822116
Chana dal,maharashtra,2025-12,-0.009822366449264486,0.0,-0.0029886258003699595,-0.002544547370598523,-0.004546908383467055,-0.0044491159616013775,0.851410494510064,1.4886828458252035
Chana dal,manipur,2025-07,-0.006392674721294789,0.0,-0.001078184148223471,-0.0009937438285418548,0.00027694948533644033,-0.0003666102092662137,0.9216828407088447,0.3400255975477649
Chana dal,manipur,2025-08,0.027704083303603078,0.0,0.011527496882226984,0.010633569971418136,-0.0028890263067864455,0.002946079510391601,0.9224526434540096,0.2555697512209998
Chana dal,manipur,2025-09,-0.012376395601049417,0.0,0.0003037075970846459,0.0002673601364392802,7.289922997581653e-06,0.00013502176043572335,0.8803208711462185,0.44457814599248113
Chana dal,manipur,2025-10,0.0,0.0,-0.0034925812768911157,-0.0030748985157556413,-7.36045492292275e-05,-0.0014779477297225702,0.880408578062564,0.4231677411493627
Chana dal,manipur,2025-11,-0.06761506287324526,0.0,-0.0010178250633403607,-0.000909883386410498,-2.12483754263772e-05,-0.0003957019932648754,0.8939486943113651,0.38877210585307886
Chana dal,manipur,2025-12,-0.025642430613337375,0.0,-0.0029886258003699595,-0.0026717840484626857,-0.00022086133608553385,-0.001841641063323223,0.8939841341568917,0.61621667827911
Chana dal,meghalaya,2025-07,-0.003894663676688559,0.0,-0.001078184148223471,-0.0009934363427380212,0.0002664949680061011,-8.69847715357445e-05,0.9213976521310491,0.08067710110473217
Chana dal,meghalaya,2025-08,0.0,0.0,0.011527496882226984,0.010631078942078062,-0.002804331309224015,0.00019743410538881087,0.9222365488963165,0.0171272312979944
Chana dal,meghalaya,2025-09,-0.0034436257214274235,0.0,0.0003037075970846459,0.00026952273844492886,-6.623854519447358e-05,-2.5589447669844722e-06,0.8874415425630943,-0.00842568573044708
Chana dal,meghalaya,2025-10,-0.007486465810168319,0.0,-0.0034925812768911157,-0.0030995492544405945,0.0007645205660591764,0.00011318708386779755,0.8874666067040322,-0.03240785965861612
Chana dal,meghalaya,2025-11,0.003843814792194422,0.0,-0.0010178250633403607,-0.0009163958794498796,0.00020017638791260288,2.2143233054037133e-05,0.9003471347447424,-0.021755440941261667
Chana dal,meghalaya,2025-12,-0.012333630901681936,0.0,-0.0029886258003699595,-0.002695818720102897,0.0005963174996816588,9.84432059877007e-05,0.9020261819894562,-0.032939288008393186
Chana dal,nagaland,2025-07,0.007227607445210893,0.0,-0.001078184148223471,-0.0010002591916273248,0.0004984718302424231,-0.00043117593788453664,0.9277257445079826,0.399909364828807
Chana dal,nagaland,2025-08,0.0,0.0,0.011527496882226984,0.010707483863571003,-0.0054020986399839445,0.003368273582467779,0.9288646072053794,0.29219470773928036
Chana dal,nagaland,2025-09,0.015391966721379546,0.0,0.0003037075970846459,0.00027132742922049587,-0.00012759803156375091,6.881589808028224e-05,0.8933837408909946,0.22658602794550006
Chana dal,nagaland,2025-10,-0.005012998694785331,0.0,-0.0034925812768911157,-0.003119843811946512,0.001454535521260377,-0.000744393820897028,0.8932773684006026,0.213135718794107
Chana dal,nagaland,2025-11,-0.001188571568495611,0.0,-0.0010178250633403607,-0.0009224540467210441,0.00040615407513219706,-0.0001736334283594489,0.9062992059693223,0.17059260438096116
Chana dal,nagaland,2025-12,0.00064017561288221,0.0,-0.0029886258003699595,-0.0027132460260939416,0.0011888459033771637,-0.0004343155015222413,0.9078573924370429,0.14532281072741784
Chana dal,odisha,2025-07,0.007816203619519513,0.0,-0.001078184148223471,-0.0009309003639308102,-0.0018597283114390765,-0.0011850372436337249,0.8633964480600638,1.0991046803890747
Chana dal,odisha,2025-08,0.00041515309366424447,0.0,0.011527496882226984,0.009966863758011202,0.019778984949049273,0.013254248101598847,0.8646164783074498,1.1497941172323505
Chana dal,odisha,2025-09,0.014422831654383295,0.0,0.0003037075970846459,0.0002538006301533275,0.0004683131367199753,0.00033242228901455005,0.8356742886566354,1.094547163803417
Chana dal,odisha,2025-10,-0.006979398135525727,0.0,-0.0034925812768911157,-0.0029183268783687867,-0.005397040220382282,-0.003892518191318183,0.8355788017527553,1.1145104101294006
Chana dal,odisha,2025-11,0.0028797716086108593,0.0,-0.0010178250633403607,-0.000864120969660034,-0.0015771705449421473,-0.001176714015172388,0.8489877099549001,1.1561063463210228
Chana dal,odisha,2025-12,-0.016568671457136475,0.0,-0.0029886258003699595,-0.0025423806988606073,-0.004620575222556206,-0.0034962690424663097,0.8506855219364994,1.169858415206584
Chana dal,puducherry,2025-07,-0.018136672147326394,0.0,-0.001078184148223471,-0.0009543993876797451,-0.0010607615039752915,-0.0009965930111367647,0.8851914482811802,0.9243254158196034
Chana dal,puducherry,2025-08,0.008853259390987134,0.0,0.011527496882226984,0.010209611383468412,0.011525565683504168,0.0107917628918282,0.8856746167686691,0.936175737203353
Chana dal,puducherry,2025-09,-0.006374687431198289,0.0,0.0003037075970846459,0.00025885774378898096,0.0002963712731077559,0.00027739807592708286,0.8523255469201685,0.9133721994111648
Chana dal,puducherry,2025-10,-0.014336418410572094,0.0,-0.0034925812768911157,-0.0029769837968648466,-0.003402704991516252,-0.0032027529131315956,0.8523735199985889,0.9170160002639917
Chana dal,puducherry,2025-11,-0.0007327157914041038,0.0,-0.0010178250633403607,-0.0008804609049010186,-0.0010216127467486751,-0.0009601970909979302,0.8650414856276657,0.9433812602793417
Chana dal,puducherry,2025-12,-0.003986995104158453,0.0,-0.0029886258003699595,-0.002590072022461942,-0.002999070220110825,-0.002830093042711019,0.8666431314824757,0.9469546312424539
Chana dal,punjab,2025-07,-0.0125467040902274,0.0,-0.001078184148223471,-0.0009511628576987276,-0.0011708035233298896,-0.0011152593164317022,0.882189614145193,1.0343866752904132
Chana dal,punjab,2025-08,0.013661136098582105,0.0,0.011527496882226984,0.010176817601381949,0.012640554274443858,0.012049471323952596,0.8828297856295669,1.0452808139580059
Chana dal,punjab,2025-09,-0.00243309122464197,0.0,0.0003037075970846459,0.0002576976342706506,0.00033581499673098907,0.000319936231469815,0.8485057230847869,1.0534350623459907
Chana dal,punjab,2025-10,-0.0089723277275775,0.0,-0.0034925812768911157,-0.002963547958841652,-0.0038595234843048437,-0.0036986063059312366,0.8485265549724366,1.0589893298699442
Chana dal,punjab,2025-11,-0.014442173858335572,0.0,-0.0010178250633403607,-0.0008770148008355895,-0.0011387802849732597,-0.001097181080959332,0.8616557328204796,1.0779662640243264
Chana dal,punjab,2025-12,-0.0005196695018998554,0.0,-0.0029886258003699595,-0.00257901602762264,-0.0033749740446470926,-0.0032299123818183475,0.8629437741263511,1.0807349589963786
Chana dal,rajasthan,2025-07,0.007512692529027198,0.0,-0.001078184148223471,-0.0009246088418836672,-0.0020736400610419374,-0.0018454734478867783,0.8575611535442711,1.7116495831696035
Chana dal,rajasthan,2025-08,0.02156851677181404,0.0,0.011527496882226984,0.009899568969336692,0.022067007763982613,0.019771102112488042,0.8587787158372413,1.7151253489359854
Chana dal,rajasthan,2025-09,0.0006367399132676255,0.0,0.0003037075970846459,0.0002505149478750816,0.0005800263341803326,0.0005273461772139529,0.8248557174065717,1.736361494661515
Chana dal,rajasthan,2025-10,-0.01809180641646524,0.0,-0.0034925812768911157,-0.0028808797506050927,-0.00667024256434787,-0.006145264688318415,0.8248568958628437,1.7595194502641776
Chana dal,rajasthan,2025-11,0.010851570358950902,0.0,-0.0010178250633403607,-0.0008524144519847502,-0.0019751921459017973,-0.0018055287566735266,0.8374862072930728,1.7739087213553493
Chana dal,rajasthan,2025-12,-0.017898051897570433,0.0,-0.0029886258003699595,-0.0025085841462225847,-0.005769658012248993,-0.005192177313161375,0.8393771297537648,1.7373126178990492
Chana dal,sikkim,2025-07,-0.02468093696266127,0.0,-0.001078184148223471,-0.0009664459737257133,-0.0006511775784123729,-0.0008702503913108222,0.8963644803330959,0.8071444870940996
Chana dal,sikkim,2025-08,-0.015145227513265525,0.0,0.011527496882226984,0.010336200508642937,0.007221535427570287,0.00928323101065466,0.8966561096693264,0.8053119515449606
Chana dal,sikkim,2025-09,0.031949154504943955,0.0,0.0003037075970846459,0.000263772098378733,0.00012928321705618433,0.00021568696233399912,0.8685067509365513,0.7101796741485045
Chana dal,sikkim,2025-10,-0.00803444938281661,0.0,-0.0034925812768911157,-0.0030325629283474006,-0.0015130145211094024,-0.0025057551315961608,0.8682870026282694,0.7174507714897425
Chana dal,sikkim,2025-11,0.00803444938281661,0.0,-0.0010178250633403607,-0.0008970138792215374,-0.0004588116198510344,-0.0007272370162464366,0.8813045694489603,0.714500990828174
Chana dal,sikkim,2025-12,-0.015942641709476568,0.0,-0.0029886258003699595,-0.002639242020403192,-0.0013272902901083144,-0.0021078802138429164,0.8830955083357985,0.7053008153720629
Chana dal,tamil nadu,2025-07,0.004320529202709089,0.0,-0.001078184148223471,-0.0009418120516799097,-0.0014887309279696908,-0.0013935271520415815,0.8735168785700825,1.2924760156580881
Chana dal,tamil nadu,2025-08,0.0142354700998224,0.0,0.011527496882226984,0.010082299254143418,0.015854178080553987,0.015013187318769525,0.8746304039073944,1.3023805143609932
Chana dal,tamil nadu,2025-09,-0.002275989305682735,0.0,0.0003037075970846459,0.0002554190500992635,0.0004132868585581489,0.0003940463017647916,0.8410031640666402,1.2974528972845139
Chana dal,tamil nadu,2025-10,-0.007857218800289445,0.0,-0.0034925812768911157,-0.002937342727277521,-0.00475050135748532,-0.004555910159459635,0.8410234420921381,1.3044535826851338
Chana dal,tamil nadu,2025-11,0.00716349695491747,0.0,-0.0010178250633403607,-0.0008695397274774797,-0.0013929327791489955,-0.0013444102132684236,0.8543115696363095,1.3208656985280514
Chana dal,tamil nadu,2025-12,-0.0020840577185303744,0.0,-0.0029886258003699595,-0.0025585744004882967,-0.004069989367214774,-0.003914667248863901,0.8561039659670919,1.3098552680564115
Chana dal,telangana,2025-07,0.0001918281225909979,0.0,-0.001078184148223471,-0.0009608204678306833,-0.0008424447788433929,-0.0008704288433047065,0.8911469060399668,0.8073099987037613
Chana dal,telangana,2025-08,0.0025860844832745755,0.0,0.011527496882226984,0.01028401319999492,0.008995903921602896,0.00923161089977984,0.8921289075211758,0.8008339532941514
Chana dal,telangana,2025-09,0.009993896533647018,0.0,0.0003037075970846459,0.0002611176518525696,0.00021953439894574413,0.00022636995313935366,0.8597666122253566,0.7453549246457026
Chana dal,telangana,2025-10,-0.005698562291573062,0.0,-0.0034925812768911157,-0.003002572822790172,-0.002532678110055187,-0.0026117993714258095,0.859700200151929,0.7478134835993495
Chana dal,telangana,2025-11,0.003423032723347319,0.0,-0.0010178250633403607,-0.000888544628368671,-0.0007467661488484919,-0.0007674084885255964,0.8729836396959914,0.7539689443361398
Chana dal,telangana,2025-12,-0.013666767887853482,0.0,-0.0029886258003699595,-0.002614075753829648,-0.002182943353608822,-0.002242559739609525,0.8746748266397398,0.7503648463892403
Chana dal,tripura,2025-07,-0.009192710619291944,0.0,-0.001078184148223471,-0.0009344043917817368,-0.0017405913645075755,-0.0013291834543379996,0.8666463825510319,1.2327981787972873
Chana dal,tripura,2025-08,0.017216925252871995,0.0,0.011527496882226984,0.009998888915914822,0.018690129580326193,0.01487067679847687,0.8673946319891043,1.2900178547351748
Chana dal,tripura,2025-09,-0.014510292353951293,0.0,0.0003037075970846459,0.0002532098240473307,0.0004884005443238639,0.00039674628924820163,0.8337289764166123,1.3063429860057965
Chana dal,tripura,2025-10,-0.024319771902877818,0.0,-0.0034925812768911157,-0.0029122360614843457,-0.005604127994453293,-0.004565084238539948,0.8338348718620635,1.3070803158526663
Chana dal,tripura,2025-11,0.012537751515897533,0.0,-0.0010178250633403607,-0.0008609642222003933,-0.001684499958569939,-0.0013648617414346905,0.8458862462816823,1.34095906123141
Chana dal,tripura,2025-12,-0.009056281687739975,0.0,-0.0029886258003699595,-0.002533784944409219,-0.004912830873903399,-0.0039855094281036054,0.8478093657946618,1.333559198883394
Chana dal,uttar pradesh,2025-07,-0.008113843106830387,0.0,-0.001078184148223471,-0.0009445027155208633,-0.0013972483573772684,-0.0013063718399590478,0.8760124298591523,1.211640740694957
Chana dal,uttar pradesh,2025-08,-0.0011350153413722808,0.0,0.011527496882226984,0.010107089538780424,0.015011308402895695,0.014172949099909408,0.8767809388318696,1.2294906036158781
Chana dal,uttar pradesh,2025-09,0.0036069498578950032,0.0,0.0003037075970846459,0.0002572370746869687,0.0003514740225761736,0.00033148232834089605,0.8469892658472896,1.0914522110176557
Chana dal,uttar pradesh,2025-10,-0.0031940679362572055,0.0,-0.0034925812768911157,-0.002958105261732208,-0.004044575186025958,-0.0038399593523021722,0.8469681955019052,1.099461701209219
Chana dal,uttar pradesh,2025-11,-0.0066266550217575215,0.0,-0.0010178250633403607,-0.0008759095810497451,-0.0011763577576919756,-0.0011280219875284617,0.8605698686325638,1.1082670570387114
Chana dal,uttar pradesh,2025-12,0.00393987031154186,0.0,-0.0029886258003699595,-0.002576312290519313,-0.0034669011061602196,-0.0033288106400804875,0.8620390984379488,1.113826508380011
Chana dal,uttarakhand,2025-07,0.009450407846250286,0.0,-0.001078184148223471,-0.0009663812885649959,-0.0006533768738767625,-0.0007764571488345629,0.8963044857942929,0.7201526289492707
Chana dal,uttarakhand,2025-08,-0.011584259286381737,0.0,0.011527496882226984,0.01034634691103621,0.006876557746199047,0.008070490518572051,0.8975363009629728,0.70010780319664
Chana dal,uttarakhand,2025-09,0.0109121839886539,0.0,0.0003037075970846459,0.0002637262225226381,0.00013084299616341282,0.00017872474954292258,0.8683556982248797,0.588476387349344
Chana dal,uttarakhand,2025-10,-0.01773216365744812,0.0,-0.0034925812768911157,-0.0030325464417617384,-0.001513575065021922,-0.002033968864596386,0.8682822821695727,0.5823683697940745
Chana dal,uttarakhand,2025-11,0.003123477405201136,0.0,-0.0010178250633403607,-0.0008962270374365132,-0.00048556424054185874,-0.0006243620522901651,0.8805315075414043,0.6134276653014373
Chana dal,uttarakhand,2025-12,0.003502289794542257,0.0,-0.0029886258003699595,-0.0026365948397978137,-0.0014172944306911916,-0.001807340677164756,0.8822097565615046,0.6047397024214363
Chana dal,west bengal,2025-07,0.007772952010290268,0.0,-0.001078184148223471,-0.0009468533491898171,-0.0013173268126328392,-0.0012467058330064757,0.87819260814579,1.1563013934685262
Chana dal,west bengal,2025-08,0.006642595490499836,0.0,0.011527496882226984,0.010137240492300671,0.01398617598320729,0.013303507466177882,0.879396506966764,1.1540673228625322
Chana dal,west bengal,2025-09,0.005340596273789799,0.0,0.0003037075970846459,0.0002573255983146391,0.00034846421923538065,0.0003335989986697345,0.8472807423481087,1.0984216459252996
Chana dal,west bengal,2025-10,-0.007094640769502725,0.0,-0.0034925812768911157,-0.0029590810794803187,-0.004011397382590196,-0.0038550935000403797,0.8472475927931199,1.1037949282806527
Chana dal,west bengal,2025-11,-0.011476902669116384,0.0,-0.0010178250633403607,-0.0008758767171489265,-0.0011774751303198026,-0.001138827399571684,0.8605375802737856,1.1188832350366873
Chana dal,west bengal,2025-12,-0.000987069471120705,0.0,-0.0029886258003699595,-0.002575881424396543,-0.003481550554334392,-0.0033536050844003586,0.8618949297960543,1.1221227776275031
Banana,andaman and nicobar islands,2025-07,-0.009062883864968896,0.0,0.0061101022080114475,0.012255156072191277,0.02407005841633999,0.012255224196080293,2.005720306302332,2.0057314556884958
Banana,andaman and nicobar islands,2025-08,0.0014473278655939836,0.0,0.00900743415546934,0.017759958698537054,0.024418542944276346,0.017760015309779022,1.97170008595102,1.9717063708975422
Banana,andaman and nicobar islands,2025-09,-0.032122001787971755,0.0,-0.01564548527987686,-0.018437813548452184,-0.029250660288406446,-0.018437972381297574,1.1784750181042196,1.178485170096475
Banana,andaman and nicobar islands,2025-10,-0.011803978669874482,0.0,-0.01834002111555666,-0.019311780604513502,-0.03596732625190166,-0.01931234989324246,1.052985734467479,1.0530167752566564
Banana,andaman and nicobar islands,2025-11,-0.06546007401928744,0.0,-0.017272629164448272,-0.0196340913666732,-0.02461907538691904,-0.020332924794395125,1.136717009306577,1.1771760165062632
Banana,andaman and nicobar islands,2025-12,-0.06573011859555145,0.0,-0.0078267339083955,-0.00811489678003522,-0.0160615811801658,-0.009929663775937231,1.0368177677959152,1.2686854941223928
Banana,andhra pradesh,2025-07,0.024148444247540368,0.0,0.0061101022080114475,0.012769037573102358,0.006084205884452108,0.01276894292880495,2.0898238913843117,2.0898084015783827
Banana,andhra pradesh,2025-08,-0.012506438969170475,0.0,0.00900743415546934,0.018029000691294976,0.015002073197748964,0.01802893596860297,2.001568968488958,2.0015617830140617
Banana,andhra pradesh,2025-09,-0.0033124800255395215,0.0,-0.01564548527987686,-0.01897941259849189,-0.010294693537016807,-0.018979118724096255,1.2130919724748397,1.2130731891395596
Banana,andhra pradesh,2025-10,0.006522461229122811,0.0,-0.01834002111555666,-0.020111277966903346,-0.007984918568256932,-0.020110328125705887,1.0965787792820065,1.0965269886547508
Banana,andhra pradesh,2025-11,0.001372558206057306,0.0,-0.017272629164448272,-0.0202813895919594,-0.0019636375019019096,-0.0161101768011139,1.174192382576242,0.932699744070983
Banana,andhra pradesh,2025-12,-0.03773681102318882,0.0,-0.0078267339083955,-0.008559826909696736,-0.0004890266420127888,-0.0051970524138430455,1.0936652516722039,0.6640129170953831
Banana,arunachal pradesh,2025-07,-0.040349641785002,0.0,0.0061101022080114475,0.012542318378274256,0.014019377703435766,0.012542329522012072,2.05271826088752,2.0527200847093545
Banana,arunachal pradesh,2025-08,-0.005086580467336788,0.0,0.00900743415546934,0.018385921016267685,0.0025098618237041916,0.018385776376604893,2.0411940513718547,2.0411779935622394
Banana,arunachal pradesh,2025-09,-0.010449621899697448,0.0,-0.01564548527987686,-0.01927336031172879,-6.5235737252460774e-06,-0.019273047311853222,1.2318799939378093,1.2318599881744874
Banana,arunachal pradesh,2025-10,-0.03294178495167799,0.0,-0.01834002111555666,-0.020164728919653645,-0.00611413522199655,-0.020164200749195747,1.0994932226413416,1.0994644238490954
Banana,arunachal pradesh,2025-11,0.01150666939527678,0.0,-0.017272629164448272,-0.019879387550351128,-0.01603370895819145,-0.019305520188685067,1.1509184479724874,1.1176943593752962
Banana,arunachal pradesh,2025-12,0.011375770734471935,0.0,-0.0078267339083955,-0.00846073908566508,-0.003957100483120753,-0.007279370923764382,1.0810050762795833,0.9300649554415057
Banana,assam,2025-07,0.04326015386279547,0.0,0.0061101022080114475,0.012782536264435755,0.00561175168778324,0.012781034918502167,2.0920331328787825,2.0917874175237072
Banana,assam,2025-08,0.010619892907183015,0.0,0.00900743415546934,0.017862031252183067,0.02084600356666587,0.017862214761129275,1.9830321203444146,1.9830524933988318
Banana,assam,2025-09,-0.0020054701343212855,0.0,-0.01564548527987686,-0.01840644233679418,-0.030348652696436513,-0.018407692114030056,1.1764698893979628,1.1765497704124226
Banana,assam,2025-10,0.021752741819793364,0.0,-0.01834002111555666,-0.01979650231148979,-0.019002066507731553,-0.019796351777476125,1.0794154590529719,1.0794072511009354
Banana,assam,2025-11,0.08009765121905765,0.0,-0.017272629164448272,-0.02027216773638576,-0.0022864024469795062,-0.014601026842655067,1.1736584826420835,0.8453274080999734
Banana,assam,2025-12,-0.02799664740232366,0.0,-0.0078267339083955,-0.008826948023622095,0.0088602123453748,-0.005000573652292269,1.127794572670178,0.6389093727753163
Banana,bihar,2025-07,0.0062942055003629704,0.0,0.0061101022080114475,0.01173177692560353,0.04238832854691116,0.011732169344237627,1.9200623043950151,1.9201265289563625
Banana,bihar,2025-08,-0.014656303387939218,0.0,0.00900743415546934,0.017016655011452532,0.050434171992234565,0.017017206740463135,1.8891789512688215,1.8892402038964935
Banana,bihar,2025-09,-0.018439710406629395,0.0,-0.01564548527987686,-0.017836318576956237,-0.050302984290764546,-0.017836930430136497,1.1400297439093958,1.140068851240956
Banana,bihar,2025-10,-0.015821465926629585,0.0,-0.01834002111555666,-0.019186998848154377,-0.04033468772447106,-0.019187869970827772,1.0461819387917324,1.0462294372470453
Banana,bihar,2025-11,-0.04143094612742182,0.0,-0.017272629164448272,-0.019520400709897995,-0.02859824837405122,-0.020938574505035206,1.1301348812649925,1.212240146284877
Banana,bihar,2025-12,-0.06656439320421903,0.0,-0.0078267339083955,-0.008159507381922764,-0.014500210114101714,-0.009949507142715421,1.042517540192635,1.2712208258470223
Banana,chandigarh,2025-07,-0.028502107491111595,0.0,0.0061101022080114475,0.012114655302348298,0.02898758536084424,0.012114693130042585,1.9827254749460324,1.9827316659544638
Banana,chandigarh,2025-08,0.010873090900903826,0.0,0.00900743415546934,0.017785242584022122,0.02353360695229896,0.01778526130690464,1.9745070879283497,1.9745091665316672
Banana,chandigarh,2025-09,-0.011415341253097289,0.0,-0.01564548527987686,-0.01831292082874503,-0.03362190547815682,-0.018313009744504147,1.1704923497834236,1.1704980329410584
Banana,chandigarh,2025-10,-0.01127284664790551,0.0,-0.01834002111555666,-0.019584350657069878,-0.026427374412428307,-0.01958444228613756,1.067847770385484,1.0678527665121027
Banana,chandigarh,2025-11,-0.02846870361811238,0.0,-0.017272629164448272,-0.0197922114721396,-0.01908487169559502,-0.01973777425144841,1.1458713831984135,1.1427197367308777
Banana,chandigarh,2025-12,-0.0209113218138528,0.0,-0.0078267339083955,-0.00829450963249812,-0.009775131343964353,-0.008498635037003948,1.0597664018704982,1.0858469364708718
Banana,chhattisgarh,2025-07,0.005912302174889916,0.0,0.0061101022080114475,0.012811526012857144,0.004597110493034652,0.01281145992417686,2.0967776931879993,2.0967668768909826
Banana,chhattisgarh,2025-08,0.0234945387985519,0.0,0.00900743415546934,0.018251453394131843,0.007216228598458707,0.01825130994076226,2.026265535679715,2.026249609571668
Banana,chhattisgarh,2025-09,-0.03271745743438004,0.0,-0.01564548527987686,-0.01864891236125551,-0.021862201840290137,-0.018648985126055374,1.1919676524985545,1.1919723033482126
Banana,chhattisgarh,2025-10,0.0013645226288732104,0.0,-0.01834002111555666,-0.01942584989264602,-0.0319749011672633,-0.019426505451465192,1.0592054267684743,1.059241171483
Banana,chhattisgarh,2025-11,-0.02195942702148912,0.0,-0.017272629164448272,-0.01984193847387741,-0.01734442663477155,-0.019385820710025783,1.1487503312302605,1.1223433633327247
Banana,chhattisgarh,2025-12,-0.027351959938640036,0.0,-0.0078267339083955,-0.008333409478480408,-0.008413636734584245,-0.008360092732126538,1.0647365268852966,1.0681457719111824
Banana,delhi,2025-07,0.036829436178799746,0.0,0.0061101022080114475,0.01260234270807221,0.011918526160507396,0.01260233008829579,2.062542045785791,2.062539980390485
Banana,delhi,2025-08,0.022487657869785238,0.0,0.00900743415546934,0.017717931390418544,0.025889498728424193,0.017718139033241397,1.9670342391190465,1.967057291502141
Banana,delhi,2025-09,-0.009253699719998565,0.0,-0.01564548527987686,-0.018044418881249198,-0.04301947364051096,-0.018045552630416583,1.1533307250276115,1.1534031899685897
Banana,delhi,2025-10,-0.0025386690330391204,0.0,-0.01834002111555666,-0.019462723871227924,-0.030684311916896696,-0.019463732368138927,1.061216001257433,1.0612709901205672
Banana,delhi,2025-11,-0.06044223400649518,0.0,-0.017272629164448272,-0.01981982921439798,-0.018118250716551727,-0.019371677568359714,1.1474703142004885,1.1215245452169986
Banana,delhi,2025-12,-0.020510948903790904,0.0,-0.0078267339083955,-0.00819397029093589,-0.013294008298642452,-0.010134054539467348,1.046920770124364,1.2947999329064777
Banana,dnh and dd,2025-07,-0.010907854499941472,0.0,0.0061101022080114475,0.012051921028614012,0.03118328494154422,0.012052156171083336,1.9724581714544427,1.9724966556665424
Banana,dnh and dd,2025-08,0.013937186233206944,0.0,0.00900743415546934,0.017545829929050665,0.03191304987629999,0.01754604444851597,1.9479276369060978,1.947951452729961
Banana,dnh and dd,2025-09,0.04892109706650949,0.0,-0.01564548527987686,-0.01798409676590763,-0.04513074767746581,-0.017984795216851087,1.1494751645088748,1.1495198068405739
Banana,dnh and dd,2025-10,-0.050296928514905304,0.0,-0.01834002111555666,-0.020399202067727027,0.0020924249605717314,-0.02039844229215542,1.112278003345574,1.1122365761538155
Banana,dnh and dd,2025-11,-0.008943036600488341,0.0,-0.017272629164448272,-0.019820484616963167,-0.018095311626770003,-0.01959774748644982,1.1475082587750491,1.1346128779738565
Banana,dnh and dd,2025-12,-0.011081735606686571,0.0,-0.0078267339083955,-0.008370938713448864,-0.007100113510688266,-0.008066408986273331,1.0695315327469626,1.0306226173884279
Banana,goa,2025-07,0.019791937882440713,0.0,0.0061101022080114475,0.012455936893019512,0.01704272968735173,0.012455992157900731,2.038580774751612,2.038589819589053
Banana,goa,2025-08,0.05156049545794428,0.0,0.00900743415546934,0.017713565321369723,0.026042311145132873,0.017713727274720245,1.9665495207216135,1.9665675006865764
Banana,goa,2025-09,0.010519768799820639,0.0,-0.01564548527987686,-0.01756334854330806,-0.05985693546845066,-0.01756468378106329,1.1225825360558135,1.122667879382105
Banana,goa,2025-10,-0.05188830294457958,0.0,-0.01834002111555666,-0.01951045409929078,-0.02901375393469668,-0.019510910249490934,1.0638185188751674,1.0638433907222213
Banana,goa,2025-11,0.005627377903158148,0.0,-0.017272629164448272,-0.019306451637752468,-0.0360864658991447,-0.022032820319738463,1.1177482856802339,1.2755915796008606
Banana,goa,2025-12,-0.0031615025893820814,0.0,-0.0078267339083955,-0.008249769740316357,-0.011341027570326104,-0.009153102804828126,1.0540501104128606,1.1694664609729315
Banana,gujarat,2025-07,0.01346165247994957,0.0,0.0061101022080114475,0.012030108847298403,0.03194671128759057,0.01203054808032573,1.9688883160620059,1.968960202425339
Banana,gujarat,2025-08,0.016644188531072857,0.0,0.00900743415546934,0.01728842915226512,0.040922077063794,0.017289185060867733,1.9193511552640699,1.9194350757890013
Banana,gujarat,2025-09,-0.027958414762146333,0.0,-0.01564548527987686,-0.017640182344633593,-0.05716775242205719,-0.01764214537567659,1.1274934608338614,1.1276189303228468
Banana,gujarat,2025-10,-0.04893007322877185,0.0,-0.01834002111555666,-0.01891274428517359,-0.04993359742879863,-0.018915879189022627,1.031228053992322,1.0313989863936146
Banana,gujarat,2025-11,-0.0073728522726099754,0.0,-0.017272629164448272,-0.019004833838062944,-0.04664308888827805,-0.025414708155358633,1.1002861033559395,1.4713861979778362
Banana,gujarat,2025-12,-0.020635732001657914,0.0,-0.0078267339083955,-0.008104711192295088,-0.016418076751070414,-0.011550530585361832,1.0355163836094403,1.4757791334865655
Banana,haryana,2025-07,0.03798289133561017,0.0,0.0061101022080114475,0.012154966158157036,0.027576705407538454,0.012155786696756321,1.989322885993573,1.9894571781169044
Banana,haryana,2025-08,0.04093869359300584,0.0,0.00900743415546934,0.017196816444531426,0.0441285218344732,0.017198946043435397,1.9091803667628777,1.9094167935706916
Banana,haryana,2025-09,-0.11779432851985838,0.0,-0.01564548527987686,-0.017135795843471253,-0.07482127996273907,-0.017143910799156052,1.0952549912600809,1.0957736684081292
Banana,haryana,2025-10,-0.020847995131003216,0.0,-0.01834002111555666,-0.01711555107180708,-0.11283535989662631,-0.01713220212561094,0.9332350799361435,0.9341429880404444
Banana,haryana,2025-11,0.01391273020958117,0.0,-0.017272629164448272,-0.018307902126683456,-0.07103569878656006,-0.018312889358817874,1.0599371961488095,1.0602259322808099
Banana,haryana,2025-12,-0.0565264908774088,0.0,-0.0078267339083955,-0.007945682955843542,-0.021984065026874586,-0.010568506940246646,1.0151977886101953,1.3503087065359574
Banana,himachal pradesh,2025-07,0.053020736317408,0.0,0.0061101022080114475,0.012854453044425241,0.0030946643881512646,0.012854321983506512,2.1038032764117647,2.10378182653838
Banana,himachal pradesh,2025-08,-0.01989121018673501,0.0,0.00900743415546934,0.017850898435300543,0.021235652157554255,0.017850947153536304,1.9817961616140622,1.9818015702837146
Banana,himachal pradesh,2025-09,0.04133325474938854,0.0,-0.01564548527987686,-0.018893020850598654,-0.013318404713280038,-0.018892900909257493,1.2075701400517604,1.2075624738567516
Banana,himachal pradesh,2025-10,0.0009219139585390224,0.0,-0.01834002111555666,-0.020806412869211095,0.01634480301251422,-0.020804885528983075,1.134481402072234,1.134398122984473
Banana,himachal pradesh,2025-11,-0.021233802062607943,0.0,-0.017272629164448272,-0.02060853125766559,0.009486320797814595,-0.01720858437091179,1.1931322708000647,0.9962921224715283
Banana,himachal pradesh,2025-12,-0.03281806117349628,0.0,-0.0078267339083955,-0.008591179833470398,0.0006083256900654216,-0.006177665390609759,1.09767112744882,0.7893031068787408
Banana,jammu and kashmir,2025-07,-0.013117205681235866,0.0,0.0061101022080114475,0.012990720182110598,-0.001674685430836255,0.012990352893397762,2.1261052172052732,2.1260451054918628
Banana,jammu and kashmir,2025-08,-0.007973729080891445,0.0,0.00900743415546934,0.018637351233003526,-0.006290195762050112,0.018636390116758855,2.0691076849767334,2.0690009824210356
Banana,jammu and kashmir,2025-09,0.02802354076328406,0.0,-0.01564548527987686,-0.019613274867655014,0.011890485883692603,-0.019611101642230587,1.2536060414106494,1.253467137095088
Banana,jammu and kashmir,2025-10,-0.012237658230850101,0.0,-0.01834002111555666,-0.02100718841615569,0.02337194715557504,-0.021000472017607776,1.1454288020604646,1.1450625866397954
Banana,jammu and kashmir,2025-11,-0.05174962178963227,0.0,-0.017272629164448272,-0.020576712094920138,0.008372650101723868,-0.013549755482322918,1.1912900982829273,0.7844639836425116
Banana,jammu and kashmir,2025-12,-0.018848725558667567,0.0,-0.0078267339083955,-0.008475850652615673,-0.0034281956398499657,-0.006568856648520434,1.0829358391146895,0.8392845247331356
Banana,jharkhand,2025-07,0.05341301140661958,0.0,0.0061101022080114475,0.012234045990811059,0.024808911264647647,0.012234088689679942,2.002265358960774,2.002272347202121
Banana,jharkhand,2025-08,-0.043142856472893065,0.0,0.00900743415546934,0.017139753258626312,0.04612573334115225,0.01713990589020775,1.9028452456928595,1.9028621907605452
Banana,jharkhand,2025-09,-0.027041632386882952,0.0,-0.01564548527987686,-0.018445985189131597,-0.028964652864627047,-0.018446059141411227,1.1789973183418432,1.179002045090698
Banana,jharkhand,2025-10,0.015623810915556646,0.0,-0.01834002111555666,-0.019401458202052954,-0.03282861033802081,-0.01940167793382628,1.0578754560754537,1.0578874370743818
Banana,jharkhand,2025-11,-0.06289394118646374,0.0,-0.017272629164448272,-0.01998435263570024,-0.012359930970972535,-0.019354268021393204,1.1569954084832335,1.120516618351855
Banana,jharkhand,2025-12,-0.0670076833874802,0.0,-0.0078267339083955,-0.008240343071932155,-0.011670960963773092,-0.008730453925632499,1.0528456912394824,1.1154657904324057
Banana,karnataka,2025-07,0.05353505316094953,0.0,0.0061101022080114475,0.012263013580269449,0.02379504563360388,0.01226317672138719,2.0070062926591348,2.0070329928864283
Banana,karnataka,2025-08,0.05047984829945218,0.0,0.00900743415546934,0.017171618255654365,0.0450104584451704,0.01717215318828984,1.9063828787721648,1.9064422666762277
Banana,karnataka,2025-09,-0.021798767862801327,0.0,-0.01564548527987686,-0.016950256662906192,-0.08131515128251626,-0.016952461162665307,1.083396031486957,1.0835369347392168
Banana,karnataka,2025-10,-0.057394600086464465,0.0,-0.01834002111555666,-0.018610331222055354,-0.06051805463793676,-0.018612697412631465,1.0147388110839963,1.0148678289603228
Banana,karnataka,2025-11,-0.04118391996756454,0.0,-0.017272629164448272,-0.018743220320196628,-0.05579956201359909,-0.022646288736541776,1.0851399715554149,1.3111083738863534
Banana,karnataka,2025-12,-0.02259498383590941,0.0,-0.0078267339083955,-0.007901549523048005,-0.0235287351747184,-0.012278133556817157,1.0095589827798097,1.5687429393308971
Banana,kerala,2025-07,0.015469509867002351,0.0,0.0061101022080114475,0.01363027806029054,-0.02405921116713423,0.01362999029427371,2.230777423398709,2.2307303266387803
Banana,kerala,2025-08,-0.01022408757394011,0.0,0.00900743415546934,0.019093819604222052,-0.022266588754698616,0.019093387456706915,2.1197845329380764,2.119736556177139
Banana,kerala,2025-09,-0.05058549678810653,0.0,-0.01564548527987686,-0.02018141229782677,0.03177529593970404,-0.020180451987872404,1.2899192282507208,1.2898578488855437
Banana,kerala,2025-10,-0.0980064214621379,0.0,-0.01834002111555666,-0.020027652863524027,-0.010911797186533335,-0.0200273777869844,1.0920190733333375,1.0920040746297976
Banana,kerala,2025-11,-0.0008674908373116352,0.0,-0.017272629164448272,-0.01909076901147135,-0.043635357818983866,-0.02118993263777116,1.1052613258649295,1.226792541889671
Banana,kerala,2025-12,-0.012444216914341943,0.0,-0.0078267339083955,-0.008155655136848773,-0.014635038691691525,-0.009301125695386716,1.042025349565091,1.1883789335689157
Banana,ladakh,2025-07,0.0,0.0,0.0061101022080114475,0.01367607268204496,-0.025662022928538874,0.013675759313745615,2.2382723261344397,2.2382210392183333
Banana,ladakh,2025-08,0.0363201009659786,0.0,0.00900743415546934,0.019293643317548216,-0.02926041872111433,0.01929306431201344,2.141968843128657,2.141904562277442
Banana,ladakh,2025-09,0.02095980190709401,0.0,-0.01564548527987686,-0.019651957289510243,0.013244370648625608,-0.019651461552884813,1.256078474905888,1.25604678930352
Banana,ladakh,2025-10,-0.02095980190709401,0.0,-0.01834002111555666,-0.020911901074898855,0.02003689021158562,-0.02091046896836821,1.1402332060109044,1.14015511959423
Banana,ladakh,2025-11,0.02095980190709401,0.0,-0.017272629164448272,-0.02042801791805731,0.003168353911524864,-0.017776284921365237,1.182681439146721,1.0291591831285085
Banana,ladakh,2025-12,-0.05727990287307261,0.0,-0.0078267339083955,-0.008675880304591854,0.0035728421793162993,-0.006052256077037897,1.1084930708178926,0.7732799080528118
Banana,lakshadweep,2025-07,0.0009901436517107953,0.0,0.0061101022080114475,0.013120511105302575,-0.006217367742555493,0.013119919167178232,2.147347238823471,2.147250360227305
Banana,lakshadweep,2025-08,-0.013952029182573433,0.0,0.00900743415546934,0.018650731651088104,-0.006758510395010368,0.018649504290674225,2.0705931710600765,2.0704569102345523
Banana,lakshadweep,2025-09,-0.005213823839354426,0.0,-0.01564548527987686,-0.019726727030558732,0.015861311585322765,-0.019723710041746778,1.2608574727900033,1.2606646383231916
Banana,lakshadweep,2025-10,-0.09115521395786885,0.0,-0.01834002111555666,-0.02051854883594025,0.006269561848034491,-0.020513862184713925,1.118785453225879,1.1185299109232396
Banana,lakshadweep,2025-11,-0.04531519621204261,0.0,-0.017272629164448272,-0.019440048690145297,-0.031410569065395605,-0.021457973733708852,1.1254828958036196,1.2423107987448228
Banana,lakshadweep,2025-12,-0.022107394130106428,0.0,-0.0078267339083955,-0.008119418565401023,-0.015903318692362785,-0.010466815537022377,1.0373955037223852,1.3373158790788762
Banana,madhya pradesh,2025-07,-0.015348424643662817,0.0,0.0061101022080114475,0.011974322770792137,0.03389922396530986,0.011974470085911439,1.9597581780369626,1.9597822881278066
Banana,madhya pradesh,2025-08,0.016639937738312405,0.0,0.00900743415546934,0.017499721868790452,0.0335268319854073,0.017499861407846432,1.9428087473905729,1.9428242389338437
Banana,madhya pradesh,2025-09,-0.0974328329939187,0.0,-0.01564548527987686,-0.01788618034597789,-0.04855782237500664,-0.017886649092654104,1.143216718818112,1.1432466793254294
Banana,madhya pradesh,2025-10,-0.05784013827029,0.0,-0.01834002111555666,-0.017896567079260812,-0.08549979963574585,-0.017898706803158387,0.9758204184443553,0.9759370880972468
Banana,madhya pradesh,2025-11,-0.030835594165952607,0.0,-0.017272629164448272,-0.018339504732611638,-0.06992960757907359,-0.018561621401511588,1.0617668310947868,1.074626290230118
Banana,madhya pradesh,2025-12,-0.07695659916931419,0.0,-0.0078267339083955,-0.007802626283081354,-0.02699104857355118,-0.01048543476964163,0.9969198358349342,1.3396948065902972
Banana,maharashtra,2025-07,0.004441301890560467,0.0,0.0061101022080114475,0.012708593940154347,0.008199733037632558,0.012708468790572545,2.0799314819138517,2.0799109995098686
Banana,maharashtra,2025-08,0.018496557215430975,0.0,0.00900743415546934,0.018148123972974075,0.010832758338980446,0.018147797769410997,2.0147939646002833,2.0147577496740956
Banana,maharashtra,2025-09,-0.0053828436237397526,0.0,-0.01564548527987686,-0.01861047323649264,-0.023207571206990445,-0.018610832665868215,1.1895107696294556,1.189533742990086
Banana,maharashtra,2025-10,-0.03919093507441129,0.0,-0.01834002111555666,-0.019859942269958165,-0.016781667961338537,-0.01985942564209016,1.0828745585855544,1.0828463891595352
Banana,maharashtra,2025-11,-0.03475956690884541,0.0,-0.017272629164448272,-0.01964069127016154,-0.0243880787648269,-0.021467530747634703,1.1370991111525384,1.2428641026937965
Banana,maharashtra,2025-12,-0.01098192488762173,0.0,-0.0078267339083955,-0.008222461662836427,-0.012296810282123656,-0.010600339066423685,1.0505610333853872,1.3543758086694404
Banana,manipur,2025-07,0.04594580244635438,0.0,0.0061101022080114475,0.01231478472679191,0.021983055505317827,0.012314847714767391,2.0154793336591004,2.0154896424842783
Banana,manipur,2025-08,-0.0057213069836086206,0.0,0.00900743415546934,0.017303064333950756,0.040409845704796714,0.0173032945560476,1.9209759444585321,1.9210015035792394
Banana,manipur,2025-09,0.04079576466805879,0.0,-0.01564548527987686,-0.018023390669611283,-0.043755461047838055,-0.018023782264855372,1.1519866816015527,1.1520117108823378
Banana,manipur,2025-10,0.0961825493438786,0.0,-0.01834002111555666,-0.02028653809814027,-0.001850813974964741,-0.02028606121470684,1.1061349368312616,1.1061089344929642
Banana,manipur,2025-11,-0.06916646752939748,0.0,-0.017272629164448272,-0.021360500488327147,0.03580524387096914,-0.021358507824618032,1.2366675788010788,1.2365522134047549
Banana,manipur,2025-12,-0.04680454490502495,0.0,-0.0078267339083955,-0.008677080553407207,0.003614850887853687,-0.0072825397510474146,1.1086464232672542,0.9304698276806952
Banana,meghalaya,2025-07,0.010147688555463219,0.0,0.0061101022080114475,0.011962339435003216,0.034318640717922136,0.011962621167965481,1.9577969447578845,1.957843054127691
Banana,meghalaya,2025-08,-0.04179768834460962,0.0,0.00900743415546934,0.01724277826307033,0.04251985818561172,0.017243241337381747,1.9142830206092,1.914334430844726
Banana,meghalaya,2025-09,0.00961957987010198,0.0,-0.01564548527987686,-0.01854387487263952,-0.02553851394184976,-0.018543986310605668,1.1852540551420643,1.1852611778336366
Banana,meghalaya,2025-10,-0.017401720312157032,0.0,-0.01834002111555666,-0.02007145967413713,-0.009378558815074555,-0.02007108797036484,1.094407664400768,1.0943873970428435
Banana,meghalaya,2025-11,0.0011567381278236866,0.0,-0.017272629164448272,-0.019997329977926595,-0.011905723993049993,-0.018839967948775342,1.1577467325638238,1.0907411818666886
Banana,meghalaya,2025-12,-0.03200978031445878,0.0,-0.0078267339083955,-0.008464492659401416,-0.003825725402349041,-0.007242808226832407,1.0814846599450394,0.9253934414536907
Banana,mizoram,2025-07,-0.0046300844748428105,0.0,0.0061101022080114475,0.01304434751160941,-0.003551641963294673,0.013043929977936256,2.134882047391272,2.1348137124176594
Banana,mizoram,2025-08,-0.015393912716897162,0.0,0.00900743415546934,0.018617515539775174,-0.00559594649905796,0.018616531486147562,2.0669055380738546,2.0667962890235008
Banana,mizoram,2025-09,-0.00226077650722889,0.0,-0.01564548527987686,-0.019711672959555972,0.015334419100226154,-0.019709200851205803,1.2598952737444982,1.2597372659674337
Banana,mizoram,2025-10,-0.03657905680903539,0.0,-0.01834002111555666,-0.020559040855061547,0.007686782517279993,-0.020554723367481507,1.1209933034167903,1.1207578899702715
Banana,mizoram,2025-11,0.023404679743566525,0.0,-0.017272629164448272,-0.02005991891623038,-0.0097151111524176,-0.016983258581453043,1.1613703232579728,0.98324687109066
Banana,mizoram,2025-12,0.008835119763673127,0.0,-0.0078267339083955,-0.008561692209687687,-0.00042374114232959136,-0.005041698721316383,1.0939035758586118,0.6441638083426224
Banana,nagaland,2025-07,0.01243546540132101,0.0,0.0061101022080114475,0.011138780200391838,0.0631432139293204,0.011138861846585803,1.8230104540292116,1.823023816521554
Banana,nagaland,2025-08,-0.04859341467749889,0.0,0.00900743415546934,0.016281907794565134,0.07615032458329335,0.01628205093170485,1.8076077508353157,1.80762364183571
Banana,nagaland,2025-09,-0.029345735139820306,0.0,-0.01564548527987686,-0.017536757363671277,-0.06078762675573815,-0.01753689952995741,1.1208829288425437,1.120892015571628
Banana,nagaland,2025-10,-0.03478215301332099,0.0,-0.01834002111555666,-0.01882880589276531,-0.05287144116308841,-0.018829063534760663,1.0266512657825702,1.0266653138577457
Banana,nagaland,2025-11,-0.00923883750219101,0.0,-0.017272629164448272,-0.019112755524962437,-0.04286582984679564,-0.020281215394670284,1.1065342365076443,1.1741822974127467
Banana,nagaland,2025-12,0.1596288669511301,0.0,-0.0078267339083955,-0.008134245513982714,-0.015384375492003593,-0.008772928246877055,1.0392899016609414,1.120892616199281
Banana,odisha,2025-07,-0.01905177046639217,0.0,0.0061101022080114475,0.012443715290037417,0.017470485791725113,0.012443762500918748,2.0365805458575568,2.0365882725501265
Banana,odisha,2025-08,-0.040707510517295376,0.0,0.00900743415546934,0.018070270579663154,0.01355762710486289,0.018070213023590923,2.006150727029276,2.0061443371882586
Banana,odisha,2025-09,0.018189431667396505,0.0,-0.01564548527987686,-0.019489163336735376,0.0075465823015052995,-0.0194886903109074,1.2456733037103194,1.2456430696958727
Banana,odisha,2025-10,-0.0406443445064637,0.0,-0.01834002111555666,-0.02076997789800656,0.01506957902035549,-0.020768527970930137,1.1324947647082437,1.1324157066162552
Banana,odisha,2025-11,0.01750832578396455,0.0,-0.017272629164448272,-0.020133299430235514,-0.0071467931622377886,-0.018390055090110324,1.1656186929361787,1.0646934473624905
Banana,odisha,2025-12,-0.011169957564422184,0.0,-0.0078267339083955,-0.008565891505225381,-0.0002767657985102626,-0.006583050973350251,1.0944401081576325,0.8410980940962887
Banana,puducherry,2025-07,0.027785809473794387,0.0,0.0061101022080114475,0.011805493177247616,0.03980825973936812,0.011806077937126225,1.9321269555472382,1.932222659327421
Banana,puducherry,2025-08,-0.10737270785004505,0.0,0.00900743415546934,0.016895638415275197,0.05466975285844125,0.01689685739036968,1.8757437605043292,1.875879090396665
Banana,puducherry,2025-09,0.012754023565255679,0.0,-0.01564548527987686,-0.019213443325620614,-0.002103618087511412,-0.01921331802193775,1.2280503277410542,1.2280423188055292
Banana,puducherry,2025-10,0.009894347864260133,0.0,-0.01834002111555666,-0.02051718797330758,0.006221931655891078,-0.020516734612928987,1.1187112514229425,1.1186865316924832
Banana,puducherry,2025-11,-0.006391035600773698,0.0,-0.017272629164448272,-0.020545105184398303,0.007266408233459805,-0.01862590020874321,1.1894602141222177,1.0783477159968407
Banana,puducherry,2025-12,-0.02011547980432038,0.0,-0.0078267339083955,-0.008621000368815952,0.001652044427159755,-0.007120523715993453,1.101481214222508,0.9097694899727565
Banana,punjab,2025-07,-0.002490661312451792,0.0,0.0061101022080114475,0.012802750241814957,0.004904262479511284,0.012802665294958111,2.0953414208076975,2.095327518117701
Banana,punjab,2025-08,-0.03942023430318553,0.0,0.00900743415546934,0.018321626828507163,0.004760158395322349,0.018321393201723952,2.0340561487626547,2.0340302116556854
Banana,punjab,2025-09,-0.019036683052981118,0.0,-0.01564548527987686,-0.019760646957203358,0.01704850901788465,-0.019759755239863546,1.263025505678587,1.2629685104928283
Banana,punjab,2025-10,-0.014441793479276654,0.0,-0.01834002111555666,-0.020307540110039053,-0.0011157435585072964,-0.020306562574926256,1.1072800833807914,1.1072267827271751
Banana,punjab,2025-11,0.02183760248042166,0.0,-0.017272629164448272,-0.02016163933280124,-0.006154896572437459,-0.017665839205442263,1.1672594334566813,1.0227649211507026
Banana,punjab,2025-12,-0.019570495161489454,0.0,-0.0078267339083955,-0.008590187352320483,0.0005735888498183083,-0.005817526698955216,1.0975443208955973,0.7432891889572139
Banana,rajasthan,2025-07,-0.025342971230853273,0.0,0.0061101022080114475,0.013651667119404617,-0.024807828236126945,0.013651622317498707,2.234278029180071,2.234270696748569
Banana,rajasthan,2025-08,-0.015213275155741002,0.0,0.00900743415546934,0.01950763422180893,-0.03675010037023949,0.019507528309697864,2.1657259864579568,2.165714228158175
Banana,rajasthan,2025-09,-0.08529408061251686,0.0,-0.01564548527987686,-0.020744744922891255,0.05149193781696101,-0.020744503102812433,1.3259253101962287,1.325909853975185
Banana,rajasthan,2025-10,-0.058317879829469454,0.0,-0.01834002111555666,-0.019778732063757888,-0.01962402517834805,-0.019778731069641946,1.0784465262682201,1.0784464720634874
Banana,rajasthan,2025-11,-0.08208979129526117,0.0,-0.017272629164448272,-0.019386000181362006,-0.033302266872810786,-0.02007796766277299,1.1223537538375234,1.1624152566245596
Banana,rajasthan,2025-12,0.0358506414027735,0.0,-0.0078267339083955,-0.00797520616510496,-0.02095075270272502,-0.008881599077293932,1.0189698868579393,1.134777185636388
Banana,sikkim,2025-07,0.006859896662955833,0.0,0.0061101022080114475,0.013248292218039191,-0.010689706688337006,0.013247886161189076,2.1682603280626447,2.168193871424721
Banana,sikkim,2025-08,-0.021228393043896787,0.0,0.00900743415546934,0.018740422297075836,-0.009897683004581022,0.01873969487218449,2.0805505734057013,2.0804698151255083
Banana,sikkim,2025-09,0.012671126895492435,0.0,-0.01564548527987686,-0.019950250666482088,0.023684638842640042,-0.01994831715470591,1.2751442546906484,1.2750206719610886
Banana,sikkim,2025-10,0.026039542075348976,0.0,-0.01834002111555666,-0.02094866657086414,0.021323682570370737,-0.020944384556563226,1.1422378654239789,1.142004386178021
Banana,sikkim,2025-11,0.026137742411145304,0.0,-0.017272629164448272,-0.02096289038949468,0.021888890411833,-0.01700421255928267,1.2136479160128073,0.9844600030134337
Banana,sikkim,2025-12,-0.004086875431335457,0.0,-0.0078267339083955,-0.008871767194773752,0.010428883335682738,-0.00235401002184677,1.1335209933810675,0.30076530637149873
Banana,tamil nadu,2025-07,0.005878380029366248,0.0,0.0061101022080114475,0.013204495725947788,-0.009156829465137854,0.013204235975904845,2.1610924459879426,2.1610499344170884
Banana,tamil nadu,2025-08,-0.008057623604977415,0.0,0.00900743415546934,0.018699850025246705,-0.008477653490561503,0.018699359373780797,2.076046263839975,2.075991792005106
Banana,tamil nadu,2025-09,-0.009039919115209294,0.0,-0.01564548527987686,-0.019687392180166866,0.014484591821607367,-0.01968628743704821,1.2583433385405236,1.2582727275560197
Banana,tamil nadu,2025-10,-0.010048482798879377,0.0,-0.01834002111555666,-0.020431518255505328,0.003223491532812151,-0.02042984007775477,1.114040061719154,1.1139485581303639
Banana,tamil nadu,2025-11,-0.011367994208781873,0.0,-0.017272629164448272,-0.0202789936978637,-0.002047493795251285,-0.016382897837205264,1.174053672130201,0.9484889463687257
Banana,tamil nadu,2025-12,0.014605590117627187,0.0,-0.0078267339083955,-0.008515302268691006,-0.002047389077213393,-0.005922834754802189,1.087976462258018,0.7567441060502827
Banana,telangana,2025-07,0.01853327919282055,0.0,0.0061101022080114475,0.012815549453214312,0.00445629008053374,0.012815413550958466,2.097436183049575,2.097413940826578
Banana,telangana,2025-08,0.008651113040812675,0.0,0.00900743415546934,0.018135613617672536,0.011270620774534409,0.018135441650766974,2.0134050723713077,2.0133859807074006
Banana,telangana,2025-09,-0.036074969102235066,0.0,-0.01564548527987686,-0.018757104495132855,-0.018075477154583033,-0.01875707396128319,1.1988828827993048,1.1988809311915969
Banana,telangana,2025-10,-9.20683147542789e-05,0.0,-0.01834002111555666,-0.019433317805777936,-0.03171352420764635,-0.01943453814266291,1.0596126189458912,1.0596791585031407
Banana,telangana,2025-11,0.027874154722117517,0.0,-0.017272629164448272,-0.019830171493906656,-0.017756270933748007,-0.01926237060100907,1.148069081151959,1.1151962111625844
Banana,telangana,2025-12,-0.014521111978761603,0.0,-0.0078267339083955,-0.00850052462176838,-0.0025646067195052714,-0.006253490716879478,1.0860883634551732,0.7989910977006064
Banana,tripura,2025-07,0.10154992505305493,0.0,0.0061101022080114475,0.013810093769418367,-0.030352760986608072,0.01380986641243458,2.260206670734712,2.2601694607215164
Banana,tripura,2025-08,0.04470679387427268,0.0,0.00900743415546934,0.018477483646012094,-0.0006948302173501366,0.01847741602049411,2.0513592802443648,2.051351772499449
Banana,tripura,2025-09,-0.007418365342865663,0.0,-0.01564548527987686,-0.018564701189689756,-0.024809592845091457,-0.018564738433684783,1.1865851942328423,1.1865875747275576
Banana,tripura,2025-10,-0.01700936692623145,0.0,-0.01834002111555666,-0.019799044742378865,-0.018913081426613916,-0.019799032517301998,1.0795540865318094,1.079553419952595
Banana,tripura,2025-11,0.03602540110651198,0.0,-0.017272629164448272,-0.019849402540778386,-0.01708318429323737,-0.019632313325852482,1.1491824638737576,1.136614069516474
Banana,tripura,2025-12,0.08791317955599709,0.0,-0.0078267339083955,-0.008534904531332582,-0.0013613098847582176,-0.007621838029160093,1.0904809887784033,0.9738210239886115
Banana,uttar pradesh,2025-07,0.002025783381549573,0.0,0.0061101022080114475,0.012630456082497049,0.010934558055637937,0.012630444320108646,2.0671431757616494,2.067141250689367
Banana,uttar pradesh,2025-08,-0.022888978411382155,0.0,0.00900743415546934,0.01808207792194585,0.01314437012496835,0.018082023033528138,2.007461571169672,2.0074554774900775
Banana,uttar pradesh,2025-09,-0.09005343250724707,0.0,-0.01564548527987686,-0.01921117621543692,-0.0021829669439406285,-0.01921087284983882,1.22790542266824,1.2278860326913443
Banana,uttar pradesh,2025-10,-0.09036875276478362,0.0,-0.01834002111555666,-0.018798269181189466,-0.05394022606824303,-0.018799262495583335,1.0249862343530294,1.02504039538085
Banana,uttar pradesh,2025-11,-0.07124188395808151,0.0,-0.017272629164448272,-0.018487390575572058,-0.06475360307545878,-0.019961832249486562,1.070328691686619,1.155691589244178
Banana,uttar pradesh,2025-12,0.0216736017799386,0.0,-0.0078267339083955,-0.007713194895337256,-0.0301211471445946,-0.009899803987939248,0.9854934364209758,1.2648703921465925
Banana,uttarakhand,2025-07,-0.031370779878942656,0.0,0.0061101022080114475,0.011883433063186769,0.037080363731497736,0.011883581517346862,1.9448828609782407,1.9449071574883543
Banana,uttarakhand,2025-08,0.002807938947145594,0.0,0.00900743415546934,0.017548970183835524,0.03180314095882993,0.01754906584601169,1.9482762661306534,1.9482868864887395
Banana,uttarakhand,2025-09,-0.021445250548870476,0.0,-0.01564548527987686,-0.018169962907222264,-0.03862543273145367,-0.01817019796075203,1.1613550223713658,1.161370046100292
Banana,uttarakhand,2025-10,-0.05546345061670621,0.0,-0.01834002111555666,-0.019332796958988374,-0.03523175384528094,-0.019333217400556116,1.0541316630540631,1.0541545878677856
Banana,uttarakhand,2025-11,-0.032729261418754874,0.0,-0.017272629164448272,-0.019168055727044553,-0.0409303227739216,-0.02137250102471423,1.1097358453394912,1.2373623506434446
Banana,uttarakhand,2025-12,0.012952877848055877,0.0,-0.0078267339083955,-0.008072039428141643,-0.017561588496441113,-0.009987899467916717,1.0313420032694622,1.2761261063446914
Banana,west bengal,2025-07,-0.011785696713345395,0.0,0.0061101022080114475,0.012490029408255533,0.01584949165409097,0.01249010954254308,2.0441604711421766,2.044173586190799
Banana,west bengal,2025-08,-0.011243697011186882,0.0,0.00900743415546934,0.0180537472419364,0.014135943925299203,0.01805362891369545,2.004316315870498,2.0043031791393373
Banana,west bengal,2025-09,-0.010583146303281055,0.0,-0.01564548527987686,-0.018987541710522204,-0.010010174615955696,-0.018987122489025888,1.21361155444273,1.2135847593968228
Banana,west bengal,2025-10,9.850760979190909e-05,0.0,-0.01834002111555666,-0.019994583901240568,-0.012069210866454363,-0.01999372246080531,1.0902159695050977,1.0901689989792827
Banana,west bengal,2025-11,-0.007117467768863683,0.0,-0.017272629164448272,-0.020145883493503054,-0.00670635094787406,-0.016113885271714812,1.1663472481056163,0.9329144462200075
Banana,west bengal,2025-12,-0.0285791235533015,0.0,-0.0078267339083955,-0.00848556399482232,-0.0030882286626174025,-0.005740681246491937,1.0841768858041938,0.7334708594518695
