item,state,t,dn,do
Rice,andaman and nicobar islands,2025-02,-0.003533819404744065,0.029449981076929532
Rice,andaman and nicobar islands,2025-03,0.0006730364646876374,0.00408429046367953
Rice,andaman and nicobar islands,2025-04,-0.001162543470362376,9.263118898772404e-05
Rice,andaman and nicobar islands,2025-05,-0.001884707228284821,-0.02087211340536843
Rice,andaman and nicobar islands,2025-06,-0.0010193823814104164,0.008194836987308385
Rice,andaman and nicobar islands,2025-07,-0.0005059989757105754,-0.021908031598622202
Rice,andaman and nicobar islands,2025-08,0.003927481510697994,0.0131455503198179
Rice,andaman and nicobar islands,2025-09,0.0015507855300747053,0.014841527355186734
Rice,andaman and nicobar islands,2025-10,-7.21304449502469e-07,0.006134988567516153
Rice,andaman and nicobar islands,2025-11,0.001051656609171392,0.0
Rice,andaman and nicobar islands,2025-12,0.0003588629091089146,0.00037061058517373624
Rice,andhra pradesh,2025-02,-0.003533819404744065,-0.0031492889339714836
Rice,andhra pradesh,2025-03,0.0006730364646876374,-0.0036697288889628865
Rice,andhra pradesh,2025-04,-0.001162543470362376,-0.015644617147516193
Rice,andhra pradesh,2025-05,-0.001884707228284821,-0.009903651444743033
Rice,andhra pradesh,2025-06,-0.0010193823814104164,0.00010476140599369188
Rice,andhra pradesh,2025-07,-0.0005059989757105754,-0.0091555493526716
Rice,andhra pradesh,2025-08,0.003927481510697994,-0.0005287368599882214
Rice,andhra pradesh,2025-09,0.0015507855300747053,0.0
Rice,andhra pradesh,2025-10,-7.21304449502469e-07,-0.002435796809296953
Rice,andhra pradesh,2025-11,0.001051656609171392,-0.00010603891638183427
Rice,andhra pradesh,2025-12,0.0003588629091089146,-0.0051031367391001226
Rice,arunachal pradesh,2025-02,-0.003533819404744065,0.0006791830659373943
Rice,arunachal pradesh,2025-03,0.0006730364646876374,0.00048484849434693444
Rice,arunachal pradesh,2025-04,-0.001162543470362376,0.005799919593546754
Rice,arunachal pradesh,2025-05,-0.001884707228284821,0.0038480085961731803
Rice,arunachal pradesh,2025-06,-0.0010193823814104164,-0.002499520624541063
Rice,arunachal pradesh,2025-07,-0.0005059989757105754,-0.002795317257057839
Rice,arunachal pradesh,2025-08,0.003927481510697994,0.0018322971518154318
Rice,arunachal pradesh,2025-09,0.0015507855300747053,0.008060690415757854
Rice,arunachal pradesh,2025-10,-7.21304449502469e-07,-0.005270483188705377
Rice,arunachal pradesh,2025-11,0.001051656609171392,0.0
Rice,arunachal pradesh,2025-12,0.0003588629091089146,0.0
Rice,assam,2025-02,-0.003533819404744065,-0.013779936631242329
Rice,assam,2025-03,0.0006730364646876374,0.012140196693064986
Rice,assam,2025-04,-0.001162543470362376,-0.01009031555162121
Rice,assam,2025-05,-0.001884707228284821,-0.005083596831176429
Rice,assam,2025-06,-0.0010193823814104164,0.0008817046860700728
Rice,assam,2025-07,-0.0005059989757105754,-0.004416318086213344
Rice,assam,2025-08,0.003927481510697994,0.005492902481852191
Rice,assam,2025-09,0.0015507855300747053,0.0013685241627570122
Rice,assam,2025-10,-7.21304449502469e-07,-0.006861426644609203
Rice,assam,2025-11,0.001051656609171392,-0.00581999176707626
Rice,assam,2025-12,0.0003588629091089146,-0.005754555020863528
Rice,bihar,2025-02,-0.003533819404744065,0.00038595137491892473
Rice,bihar,2025-03,0.0006730364646876374,0.0
Rice,bihar,2025-04,-0.001162543470362376,0.012272445497004902
Rice,bihar,2025-05,-0.001884707228284821,0.005322194657555457
Rice,bihar,2025-06,-0.0010193823814104164,-0.005798770942608833
Rice,bihar,2025-07,-0.0005059989757105754,0.009394195385388215
Rice,bihar,2025-08,0.003927481510697994,0.007246067558458691
Rice,bihar,2025-09,0.0015507855300747053,0.00074983600851386
Rice,bihar,2025-10,-7.21304449502469e-07,-0.0015002346930081956
Rice,bihar,2025-11,0.001051656609171392,0.00421368665029398
Rice,bihar,2025-12,0.0003588629091089146,0.0009339684997584641
Rice,chandigarh,2025-02,-0.003533819404744065,-0.0002947968379816146
Rice,chandigarh,2025-03,0.0006730364646876374,-0.008388896963141157
Rice,chandigarh,2025-04,-0.001162543470362376,0.003462778627085328
Rice,chandigarh,2025-05,-0.001884707228284821,0.0028601035325994673
Rice,chandigarh,2025-06,-0.0010193823814104164,-0.002070292059022094
Rice,chandigarh,2025-07,-0.0005059989757105754,-0.004748253060005148
Rice,chandigarh,2025-08,0.003927481510697994,-0.005269187515610341
Rice,chandigarh,2025-09,0.0015507855300747053,0.006458366131618654
Rice,chandigarh,2025-10,-7.21304449502469e-07,-0.002181242189436716
Rice,chandigarh,2025-11,0.001051656609171392,-0.0005957108992689086
Rice,chandigarh,2025-12,0.0003588629091089146,-0.002087787207635472
Rice,chhattisgarh,2025-02,-0.003533819404744065,-0.007158780693618638
Rice,chhattisgarh,2025-03,0.0006730364646876374,0.008122264726144302
Rice,chhattisgarh,2025-04,-0.001162543470362376,-0.011623532648399326
Rice,chhattisgarh,2025-05,-0.001884707228284821,-0.0009747539518265569
Rice,chhattisgarh,2025-06,-0.0010193823814104164,-0.005084093860773464
Rice,chhattisgarh,2025-07,-0.0005059989757105754,0.0061562709701616924
Rice,chhattisgarh,2025-08,0.003927481510697994,-0.01580866542270698
Rice,chhattisgarh,2025-09,0.0015507855300747053,0.0023724803536309125
Rice,chhattisgarh,2025-10,-7.21304449502469e-07,-0.012918792410442137
Rice,chhattisgarh,2025-11,0.001051656609171392,0.0013993005781491874
Rice,chhattisgarh,2025-12,0.0003588629091089146,0.010926899222358344
Rice,delhi,2025-02,-0.003533819404744065,0.0021513796680485697
Rice,delhi,2025-03,0.0006730364646876374,0.009334049294584368
Rice,delhi,2025-04,-0.001162543470362376,0.0015472394538180723
Rice,delhi,2025-05,-0.001884707228284821,-0.004066620631380857
Rice,delhi,2025-06,-0.0010193823814104164,0.005707943712859986
Rice,delhi,2025-07,-0.0005059989757105754,0.005483682989670058
Rice,delhi,2025-08,0.003927481510697994,0.006598159247442226
Rice,delhi,2025-09,0.0015507855300747053,-0.017595761890380146
Rice,delhi,2025-10,-7.21304449502469e-07,-0.00779047663937682
Rice,delhi,2025-11,0.001051656609171392,0.0030260162677526736
Rice,delhi,2025-12,0.0003588629091089146,-0.0053750434808153
Rice,dnh and dd,2025-02,-0.003533819404744065,-0.006267741754359513
Rice,dnh and dd,2025-03,0.0006730364646876374,0.0004988775359144881
Rice,dnh and dd,2025-04,-0.001162543470362376,-0.011134073594250893
Rice,dnh and dd,2025-05,-0.001884707228284821,-0.003131790204335516
Rice,dnh and dd,2025-06,-0.0010193823814104164,0.011568963597332171
Rice,dnh and dd,2025-07,-0.0005059989757105754,-0.004209688486032981
Rice,dnh and dd,2025-08,0.003927481510697994,-0.0014071768328651757
Rice,dnh and dd,2025-09,0.0015507855300747053,0.005516840312563609
Rice,dnh and dd,2025-10,-7.21304449502469e-07,-0.006825279933586614
Rice,dnh and dd,2025-11,0.001051656609171392,0.012311851629887904
Rice,dnh and dd,2025-12,0.0003588629091089146,0.0074335046688025486
Rice,goa,2025-02,-0.003533819404744065,0.004778399067249417
Rice,goa,2025-03,0.0006730364646876374,0.008621160579133758
Rice,goa,2025-04,-0.001162543470362376,0.003273955740962009
Rice,goa,2025-05,-0.001884707228284821,-0.0034668755833653364
Rice,goa,2025-06,-0.0010193823814104164,-0.012815709384614848
Rice,goa,2025-07,-0.0005059989757105754,-0.0003909304193649987
Rice,goa,2025-08,0.003927481510697994,0.013399559646383175
Rice,goa,2025-09,0.0015507855300747053,-0.007843177461025697
Rice,goa,2025-10,-7.21304449502469e-07,-0.012324099645148578
Rice,goa,2025-11,0.001051656609171392,-0.006021438656530265
Rice,goa,2025-12,0.0003588629091089146,-0.007253969305425656
Rice,gujarat,2025-02,-0.003533819404744065,0.003044721667067485
Rice,gujarat,2025-03,0.0006730364646876374,0.002846031709490049
Rice,gujarat,2025-04,-0.001162543470362376,-0.007512040270249543
Rice,gujarat,2025-05,-0.001884707228284821,-0.002006402048907674
Rice,gujarat,2025-06,-0.0010193823814104164,0.005721930545714571
Rice,gujarat,2025-07,-0.0005059989757105754,-0.009554821401421165
Rice,gujarat,2025-08,0.003927481510697994,9.600153609756745e-05
Rice,gujarat,2025-09,0.0015507855300747053,0.003545593288419191
Rice,gujarat,2025-10,-7.21304449502469e-07,-0.01077140631670126
Rice,gujarat,2025-11,0.001051656609171392,-0.00038684720018178353
Rice,gujarat,2025-12,0.0003588629091089146,-0.0006773429065392023
Rice,haryana,2025-02,-0.003533819404744065,0.0035428772635546224
Rice,haryana,2025-03,0.0006730364646876374,0.006573643450040301
Rice,haryana,2025-04,-0.001162543470362376,-0.0020912555150003342
Rice,haryana,2025-05,-0.001884707228284821,0.013797232667120518
Rice,haryana,2025-06,-0.0010193823814104164,-0.003666968520673386
Rice,haryana,2025-07,-0.0005059989757105754,-0.0007538635864001719
Rice,haryana,2025-08,0.003927481510697994,0.0004712313361787679
Rice,haryana,2025-09,0.0015507855300747053,0.007883663544308028
Rice,haryana,2025-10,-7.21304449502469e-07,-0.013174181316435885
Rice,haryana,2025-11,0.001051656609171392,-0.006748112857216881
Rice,haryana,2025-12,0.0003588629091089146,-0.004971329550139458
Rice,himachal pradesh,2025-02,-0.003533819404744065,0.0018723829072060383
Rice,himachal pradesh,2025-03,0.0006730364646876374,-0.00285925755554306
Rice,himachal pradesh,2025-04,-0.001162543470362376,0.0034498087538086253
Rice,himachal pradesh,2025-05,-0.001884707228284821,-0.011081542113026366
Rice,himachal pradesh,2025-06,-0.0010193823814104164,-0.006688320415531024
Rice,himachal pradesh,2025-07,-0.0005059989757105754,0.005493696082317534
Rice,himachal pradesh,2025-08,0.003927481510697994,0.0035796001233574515
Rice,himachal pradesh,2025-09,0.0015507855300747053,0.011349739401886438
Rice,himachal pradesh,2025-10,-7.21304449502469e-07,-0.004327308090135595
Rice,himachal pradesh,2025-11,0.001051656609171392,0.0074627212015903055
Rice,himachal pradesh,2025-12,0.0003588629091089146,-0.008547480442124389
Rice,jammu and kashmir,2025-02,-0.003533819404744065,0.002056908507177546
Rice,jammu and kashmir,2025-03,0.0006730364646876374,0.009155610853208707
Rice,jammu and kashmir,2025-04,-0.001162543470362376,-0.008373138199826435
Rice,jammu and kashmir,2025-05,-0.001884707228284821,0.0016607242619226525
Rice,jammu and kashmir,2025-06,-0.0010193823814104164,0.006809364832352394
Rice,jammu and kashmir,2025-07,-0.0005059989757105754,-0.005053951859638417
Rice,jammu and kashmir,2025-08,0.003927481510697994,0.008441325047800596
Rice,jammu and kashmir,2025-09,0.0015507855300747053,-0.0025152378550101773
Rice,jammu and kashmir,2025-10,-7.21304449502469e-07,-0.01867385739018701
Rice,jammu and kashmir,2025-11,0.001051656609171392,-0.011014747928647317
Rice,jammu and kashmir,2025-12,0.0003588629091089146,0.006861260944858394
Rice,jharkhand,2025-02,-0.003533819404744065,0.014314475881797684
Rice,jharkhand,2025-03,0.0006730364646876374,-0.004166067160076281
Rice,jharkhand,2025-04,-0.001162543470362376,0.0026179294536765596
Rice,jharkhand,2025-05,-0.001884707228284821,9.682885507444894e-05
Rice,jharkhand,2025-06,-0.0010193823814104164,0.016802277096297225
Rice,jharkhand,2025-07,-0.0005059989757105754,0.0003807710659993191
Rice,jharkhand,2025-08,0.003927481510697994,0.010226393448581561
Rice,jharkhand,2025-09,0.0015507855300747053,-0.003113650673279622
Rice,jharkhand,2025-10,-7.21304449502469e-07,0.002265434232998409
Rice,jharkhand,2025-11,0.001051656609171392,0.011344048900354231
Rice,jharkhand,2025-12,0.0003588629091089146,-0.001399319226420559
Rice,karnataka,2025-02,-0.003533819404744065,-0.003366006544070821
Rice,karnataka,2025-03,0.0006730364646876374,-0.006366913668955476
Rice,karnataka,2025-04,-0.001162543470362376,-0.003198723239191459
Rice,karnataka,2025-05,-0.001884707228284821,-0.0029077074680241566
Rice,karnataka,2025-06,-0.0010193823814104164,-0.0066492286084169905
Rice,karnataka,2025-07,-0.0005059989757105754,-0.0009101482147224615
Rice,karnataka,2025-08,0.003927481510697994,-0.0003035669135371677
Rice,karnataka,2025-09,0.0015507855300747053,0.007260292051100237
Rice,karnataka,2025-10,-7.21304449502469e-07,-0.0073615015041497145
Rice,karnataka,2025-11,0.001051656609171392,0.004947256291680802
Rice,karnataka,2025-12,0.0003588629091089146,-0.000906846754675783
Rice,kerala,2025-02,-0.003533819404744065,0.005858131234533381
Rice,kerala,2025-03,0.0006730364646876374,0.001681587022697606
Rice,kerala,2025-04,-0.001162543470362376,0.0002964573370194401
Rice,kerala,2025-05,-0.001884707228284821,0.001776900763678313
Rice,kerala,2025-06,-0.0010193823814104164,-0.0032600671007259052
Rice,kerala,2025-07,-0.0005059989757105754,0.0009890219380022103
Rice,kerala,2025-08,0.003927481510697994,0.00019768706202594188
Rice,kerala,2025-09,0.0015507855300747053,-0.001681587022697606
Rice,kerala,2025-10,-7.21304449502469e-07,0.0005938242454783804
Rice,kerala,2025-11,0.001051656609171392,-0.0015843156101338352
Rice,kerala,2025-12,0.0003588629091089146,0.008486334727402678
Rice,ladakh,2025-02,-0.003533819404744065,0.0027258583856477614
Rice,ladakh,2025-03,0.0006730364646876374,0.0009717229411014827
Rice,ladakh,2025-04,-0.001162543470362376,-0.03982695748830878
Rice,ladakh,2025-05,-0.001884707228284821,0.008053194318414114
Rice,ladakh,2025-06,-0.0010193823814104164,-0.015967999715321035
Rice,ladakh,2025-07,-0.0005059989757105754,-0.02204229729986107
Rice,ladakh,2025-08,0.003927481510697994,-0.01479332438644132
Rice,ladakh,2025-09,0.0015507855300747053,-0.001692584768834493
Rice,ladakh,2025-10,-7.21304449502469e-07,-0.002862749132110487
Rice,ladakh,2025-11,0.001051656609171392,0.0
Rice,ladakh,2025-12,0.0003588629091089146,0.00010617401931778403
Rice,lakshadweep,2025-02,-0.003533819404744065,0.03157843563669438
Rice,lakshadweep,2025-03,0.0006730364646876374,-0.0035252680456849816
Rice,lakshadweep,2025-04,-0.001162543470362376,0.0
Rice,lakshadweep,2025-05,-0.001884707228284821,0.011411974617955956
Rice,lakshadweep,2025-06,-0.0010193823814104164,0.009843739011952124
Rice,lakshadweep,2025-07,-0.0005059989757105754,0.0
Rice,lakshadweep,2025-08,0.003927481510697994,0.007939206653974296
Rice,lakshadweep,2025-09,0.0015507855300747053,0.0
Rice,lakshadweep,2025-10,-7.21304449502469e-07,0.006268422083008929
Rice,lakshadweep,2025-11,0.001051656609171392,0.002080772527913055
Rice,lakshadweep,2025-12,0.0003588629091089146,-0.01609635209971927
Rice,madhya pradesh,2025-02,-0.003533819404744065,0.0025970293055612714
Rice,madhya pradesh,2025-03,0.0006730364646876374,0.0006722043754336937
Rice,madhya pradesh,2025-04,-0.001162543470362376,-0.005776467395569362
Rice,madhya pradesh,2025-05,-0.001884707228284821,-0.0033850798802061988
Rice,madhya pradesh,2025-06,-0.0010193823814104164,0.003771217543079075
Rice,madhya pradesh,2025-07,-0.0005059989757105754,0.00028950543024830466
Rice,madhya pradesh,2025-08,0.003927481510697994,-0.0016416400770493667
Rice,madhya pradesh,2025-09,0.0015507855300747053,-0.004552727387223676
Rice,madhya pradesh,2025-10,-7.21304449502469e-07,-0.010442685049314449
Rice,madhya pradesh,2025-11,0.001051656609171392,-0.011346379927869243
Rice,madhya pradesh,2025-12,0.0003588629091089146,-0.00039698293494794257
Rice,maharashtra,2025-02,-0.003533819404744065,-0.002921985131488114
Rice,maharashtra,2025-03,0.0006730364646876374,-0.0023437510728845368
Rice,maharashtra,2025-04,-0.001162543470362376,-0.0013697292034882125
Rice,maharashtra,2025-05,-0.001884707228284821,-0.0004896440385735445
Rice,maharashtra,2025-06,-0.0010193823814104164,-0.00540196766167611
Rice,maharashtra,2025-07,-0.0005059989757105754,-0.0029588738423251826
Rice,maharashtra,2025-08,0.003927481510697994,0.002072130594900301
Rice,maharashtra,2025-09,0.0015507855300747053,0.0021662080152466956
Rice,maharashtra,2025-10,-7.21304449502469e-07,0.005199403482533782
Rice,maharashtra,2025-11,0.001051656609171392,0.0029311208088591556
Rice,maharashtra,2025-12,0.0003588629091089146,0.0003901677770912215
Rice,manipur,2025-02,-0.003533819404744065,-0.01212369319037343
Rice,manipur,2025-03,0.0006730364646876374,0.0017409811922357576
Rice,manipur,2025-04,-0.001162543470362376,0.019332595598292812
Rice,manipur,2025-05,-0.001884707228284821,-0.005036357868414498
Rice,manipur,2025-06,-0.0010193823814104164,0.005131140106294119
Rice,manipur,2025-07,-0.0005059989757105754,-0.01345375953307748
Rice,manipur,2025-08,0.003927481510697994,0.006797211561162975
Rice,manipur,2025-09,0.0015507855300747053,0.00475919421041926
Rice,manipur,2025-10,-7.21304449502469e-07,0.012737823779950475
Rice,manipur,2025-11,0.001051656609171392,0.0060756367665799615
Rice,manipur,2025-12,0.0003588629091089146,-0.04079869780159662
Rice,meghalaya,2025-02,-0.003533819404744065,-0.007746907298468386
Rice,meghalaya,2025-03,0.0006730364646876374,0.006242468922342148
Rice,meghalaya,2025-04,-0.001162543470362376,0.002205735805058673
Rice,meghalaya,2025-05,-0.001884707228284821,0.01214428622474717
Rice,meghalaya,2025-06,-0.0010193823814104164,-0.007847072796478116
Rice,meghalaya,2025-07,-0.0005059989757105754,0.007649170559536955
Rice,meghalaya,2025-08,0.003927481510697994,0.0005935892536781395
Rice,meghalaya,2025-09,0.0015507855300747053,0.012091570273637942
Rice,meghalaya,2025-10,-7.21304449502469e-07,-0.006273300322432007
Rice,meghalaya,2025-11,0.001051656609171392,-0.0033487670416301185
Rice,meghalaya,2025-12,0.0003588629091089146,-0.013008474983141838
Rice,mizoram,2025-02,-0.003533819404744065,-0.01454679057963748
Rice,mizoram,2025-03,0.0006730364646876374,0.0
Rice,mizoram,2025-04,-0.001162543470362376,0.0
Rice,mizoram,2025-05,-0.001884707228284821,0.005764850474952787
Rice,mizoram,2025-06,-0.0010193823814104164,0.0
Rice,mizoram,2025-07,-0.0005059989757105754,0.0
Rice,mizoram,2025-08,0.003927481510697994,0.0
Rice,mizoram,2025-09,0.0015507855300747053,0.0
Rice,mizoram,2025-10,-7.21304449502469e-07,0.0
Rice,mizoram,2025-11,0.001051656609171392,0.0
Rice,mizoram,2025-12,0.0003588629091089146,0.0
Rice,nagaland,2025-02,-0.003533819404744065,0.0031623704583685353
Rice,nagaland,2025-03,0.0006730364646876374,0.0
Rice,nagaland,2025-04,-0.001162543470362376,-0.0036573954672398656
Rice,nagaland,2025-05,-0.001884707228284821,0.015135424065101155
Rice,nagaland,2025-06,-0.0010193823814104164,0.0039912440425977636
Rice,nagaland,2025-07,-0.0005059989757105754,0.0
Rice,nagaland,2025-08,0.003927481510697994,-0.02041488113824741
Rice,nagaland,2025-09,0.0015507855300747053,-0.007564483169293368
Rice,nagaland,2025-10,-7.21304449502469e-07,-0.0023005761584649065
Rice,nagaland,2025-11,0.001051656609171392,-0.009558859320713431
Rice,nagaland,2025-12,0.0003588629091089146,-0.0029362649557693743
Rice,odisha,2025-02,-0.003533819404744065,9.529708874644882e-05
Rice,odisha,2025-03,0.0006730364646876374,0.0009524717359745694
Rice,odisha,2025-04,-0.001162543470362376,-0.0006666349468336108
Rice,odisha,2025-05,-0.001884707228284821,-0.006978662231117205
Rice,odisha,2025-06,-0.0010193823814104164,-0.01566308730277033
Rice,odisha,2025-07,-0.0005059989757105754,-0.0002923834141981274
Rice,odisha,2025-08,0.003927481510697994,-0.0025375770009574694
Rice,odisha,2025-09,0.0015507855300747053,-0.003230071814392943
Rice,odisha,2025-10,-7.21304449502469e-07,9.803441015687753e-05
Rice,odisha,2025-11,0.001051656609171392,0.005084590987572746
Rice,odisha,2025-12,0.0003588629091089146,-0.009210333578546503
Rice,puducherry,2025-02,-0.003533819404744065,0.00630305117048735
Rice,puducherry,2025-03,0.0006730364646876374,0.002510138410090512
Rice,puducherry,2025-04,-0.001162543470362376,-0.015156221338012088
Rice,puducherry,2025-05,-0.001884707228284821,-0.006974830574715263
Rice,puducherry,2025-06,-0.0010193823814104164,-0.00950878796902721
Rice,puducherry,2025-07,-0.0005059989757105754,0.003675561680332784
Rice,puducherry,2025-08,0.003927481510697994,-0.014280963733694918
Rice,puducherry,2025-09,0.0015507855300747053,-0.006761896885294938
Rice,puducherry,2025-10,-7.21304449502469e-07,0.00020251113880487281
Rice,puducherry,2025-11,0.001051656609171392,0.013875147191790838
Rice,puducherry,2025-12,0.0003588629091089146,0.017028428490148073
Rice,punjab,2025-02,-0.003533819404744065,-0.004497905304852168
Rice,punjab,2025-03,0.0006730364646876374,0.0020559016493004734
Rice,punjab,2025-04,-0.001162543470362376,0.005850821176054843
Rice,punjab,2025-05,-0.001884707228284821,0.009964770695581215
Rice,punjab,2025-06,-0.0010193823814104164,0.0042267113837954895
Rice,punjab,2025-07,-0.0005059989757105754,-0.007891485472919513
Rice,punjab,2025-08,0.003927481510697994,-0.003678254074491072
Rice,punjab,2025-09,0.0015507855300747053,0.004643971194449925
Rice,punjab,2025-10,-7.21304449502469e-07,0.00788389815702395
Rice,punjab,2025-11,0.001051656609171392,-0.0030692523614828104
Rice,punjab,2025-12,0.0003588629091089146,-0.006747013546594793
Rice,rajasthan,2025-02,-0.003533819404744065,0.006831371549795406
Rice,rajasthan,2025-03,0.0006730364646876374,-0.007328216594050474
Rice,rajasthan,2025-04,-0.001162543470362376,-0.006581595357549652
Rice,rajasthan,2025-05,-0.001884707228284821,0.0007001050443484758
Rice,rajasthan,2025-06,-0.0010193823814104164,-0.004208001400205497
Rice,rajasthan,2025-07,-0.0005059989757105754,0.0010035123772400567
Rice,rajasthan,2025-08,0.003927481510697994,0.002504383978616964
Rice,rajasthan,2025-09,0.0015507855300747053,-0.007330454073506409
Rice,rajasthan,2025-10,-7.21304449502469e-07,-0.005964131907000514
Rice,rajasthan,2025-11,0.001051656609171392,-0.0026395954412361533
Rice,rajasthan,2025-12,0.0003588629091089146,-0.0039725033142374855
Rice,sikkim,2025-02,-0.003533819404744065,0.001631869812583453
Rice,sikkim,2025-03,0.0006730364646876374,0.006596266926681693
Rice,sikkim,2025-04,-0.001162543470362376,-0.0033404946358190912
Rice,sikkim,2025-05,-0.001884707228284821,0.0
Rice,sikkim,2025-06,-0.0010193823814104164,-0.005175895768664951
Rice,sikkim,2025-07,-0.0005059989757105754,0.004602117422618512
Rice,sikkim,2025-08,0.003927481510697994,0.0023885742020741674
Rice,sikkim,2025-09,0.0015507855300747053,-0.00047725863550862613
Rice,sikkim,2025-10,-7.21304449502469e-07,-0.001624385240844184
Rice,sikkim,2025-11,0.001051656609171392,-0.001052480602345085
Rice,sikkim,2025-12,0.0003588629091089146,0.002581386776902228
Rice,tamil nadu,2025-02,-0.003533819404744065,-0.0034281829940683295
Rice,tamil nadu,2025-03,0.0006730364646876374,0.00586970967201772
Rice,tamil nadu,2025-04,-0.001162543470362376,0.003602554891847909
Rice,tamil nadu,2025-05,-0.001884707228284821,-0.002140495076845106
Rice,tamil nadu,2025-06,-0.0010193823814104164,-0.005175540091375552
Rice,tamil nadu,2025-07,-0.0005059989757105754,-0.008258009964860591
Rice,tamil nadu,2025-08,0.003927481510697994,-0.0005924755777142465
Rice,tamil nadu,2025-09,0.0015507855300747053,-0.009826869490244583
Rice,tamil nadu,2025-10,-7.21304449502469e-07,0.002391153874188312
Rice,tamil nadu,2025-11,0.001051656609171392,-0.003489013159068577
Rice,tamil nadu,2025-12,0.0003588629091089146,-0.008222246261832211
Rice,telangana,2025-02,-0.003533819404744065,-0.005994410292322172
Rice,telangana,2025-03,0.0006730364646876374,-0.009548937411434366
Rice,telangana,2025-04,-0.001162543470362376,0.0015652517380830844
Rice,telangana,2025-05,-0.001884707228284821,-0.01864786906623639
Rice,telangana,2025-06,-0.0010193823814104164,-0.005692899270226981
Rice,telangana,2025-07,-0.0005059989757105754,-0.007439463285175307
Rice,telangana,2025-08,0.003927481510697994,0.0036261119506502126
Rice,telangana,2025-09,0.0015507855300747053,-0.013972081098691191
Rice,telangana,2025-10,-7.21304449502469e-07,-0.01241359874960768
Rice,telangana,2025-11,0.001051656609171392,-0.007356402651396365
Rice,telangana,2025-12,0.0003588629091089146,0.005393085048384982
Rice,tripura,2025-02,-0.003533819404744065,-0.029270382300113695
Rice,tripura,2025-03,0.0006730364646876374,-0.007170692475201967
Rice,tripura,2025-04,-0.001162543470362376,-0.020250964650807113
Rice,tripura,2025-05,-0.001884707228284821,0.01147399674693439
Rice,tripura,2025-06,-0.0010193823814104164,-0.0035324712057480667
Rice,tripura,2025-07,-0.0005059989757105754,0.0018716861032350707
Rice,tripura,2025-08,0.003927481510697994,0.007451907802242808
Rice,tripura,2025-09,0.0015507855300747053,0.0027802108213501597
Rice,tripura,2025-10,-7.21304449502469e-07,-0.012311986261877905
Rice,tripura,2025-11,0.001051656609171392,-0.015104126033675946
Rice,tripura,2025-12,0.0003588629091089146,0.007685461843426111
Rice,uttar pradesh,2025-02,-0.003533819404744065,-0.0034934533345598595
Rice,uttar pradesh,2025-03,0.0006730364646876374,0.0008745081449328396
Rice,uttar pradesh,2025-04,-0.001162543470362376,-0.0014579387332442906
Rice,uttar pradesh,2025-05,-0.001884707228284821,0.0009721952933734457
Rice,uttar pradesh,2025-06,-0.0010193823814104164,0.004653425750601237
Rice,uttar pradesh,2025-07,-0.0005059989757105754,0.0007734700182577825
Rice,uttar pradesh,2025-08,0.003927481510697994,0.003954671177687885
Rice,uttar pradesh,2025-09,0.0015507855300747053,0.005280603696910191
Rice,uttar pradesh,2025-10,-7.21304449502469e-07,-0.00114975580357779
Rice,uttar pradesh,2025-11,0.001051656609171392,-0.004034587605439732
Rice,uttar pradesh,2025-12,0.0003588629091089146,-9.626028789266883e-05
Rice,uttarakhand,2025-02,-0.003533819404744065,0.012849393183194557
Rice,uttarakhand,2025-03,0.0006730364646876374,-0.004167682310730392
Rice,uttarakhand,2025-04,-0.001162543470362376,-0.0004857434398708449
Rice,uttarakhand,2025-05,-0.001884707228284821,-0.009176167471865782
Rice,uttarakhand,2025-06,-0.0010193823814104164,0.0004902201186460786
Rice,uttarakhand,2025-07,-0.0005059989757105754,0.0033271387968074606
Rice,uttarakhand,2025-08,0.003927481510697994,-0.0017600473889363144
Rice,uttarakhand,2025-09,0.0015507855300747053,-0.0023515589907558976
Rice,uttarakhand,2025-10,-7.21304449502469e-07,-0.006297993657258694
Rice,uttarakhand,2025-11,0.001051656609171392,0.00600365958596516
Rice,uttarakhand,2025-12,0.0003588629091089146,0.0013728184152510536
Rice,west bengal,2025-02,-0.003533819404744065,0.04040190822295742
Rice,west bengal,2025-03,0.0006730364646876374,0.018061458203501246
Rice,west bengal,2025-04,-0.001162543470362376,0.02041529602186465
Rice,west bengal,2025-05,-0.001884707228284821,-0.007147354647032422
Rice,west bengal,2025-06,-0.0010193823814104164,-0.011089686746988292
Rice,west bengal,2025-07,-0.0005059989757105754,0.004342326345501135
Rice,west bengal,2025-08,0.003927481510697994,0.008807462343748185
Rice,west bengal,2025-09,0.0015507855300747053,0.005176272155580364
Rice,west bengal,2025-10,-7.21304449502469e-07,-0.0009796500761218851
Rice,west bengal,2025-11,0.001051656609171392,-0.006884554886774197
Rice,west bengal,2025-12,0.0003588629091089146,0.0021509239337644814
Tur dal,andaman and nicobar islands,2025-02,-0.06806170120375654,-0.0571765079837796
Tur dal,andaman and nicobar islands,2025-03,-0.05059675398293795,-0.05214504180734458
Tur dal,andaman and nicobar islands,2025-04,-0.0345586972527645,-0.06436315811660798
Tur dal,andaman and nicobar islands,2025-05,-0.02315317573183151,-0.01970992605513633
Tur dal,andaman and nicobar islands,2025-06,-0.024375465892094716,-0.0013694368775691856
Tur dal,andaman and nicobar islands,2025-07,-0.024906128621126733,-0.0091359123639414
Tur dal,andaman and nicobar islands,2025-08,-0.016755260899681268,0.0
Tur dal,andaman and nicobar islands,2025-09,-0.013639896676093777,-0.08758300809735342
Tur dal,andaman and nicobar islands,2025-10,-0.008045347444569195,0.007655539781327825
Tur dal,andaman and nicobar islands,2025-11,0.003447611828588215,-0.008891379279504896
Tur dal,andaman and nicobar islands,2025-12,0.001482168264627326,-0.02532485418269026
Tur dal,andhra pradesh,2025-02,-0.06806170120375654,-0.09249608282259203
Tur dal,andhra pradesh,2025-03,-0.05059675398293795,-0.042402665505345105
Tur dal,andhra pradesh,2025-04,-0.0345586972527645,-0.044895920430765734
Tur dal,andhra pradesh,2025-05,-0.02315317573183151,-0.03571584429137786
Tur dal,andhra pradesh,2025-06,-0.024375465892094716,-0.0266337656314537
Tur dal,andhra pradesh,2025-07,-0.024906128621126733,-0.027497249457222317
Tur dal,andhra pradesh,2025-08,-0.016755260899681268,-0.01315005731693386
Tur dal,andhra pradesh,2025-09,-0.013639896676093777,-0.01001174103567859
Tur dal,andhra pradesh,2025-10,-0.008045347444569195,-0.020469976043745675
Tur dal,andhra pradesh,2025-11,0.003447611828588215,0.004351800227918368
Tur dal,andhra pradesh,2025-12,0.001482168264627326,0.008091562005343889
Tur dal,arunachal pradesh,2025-02,-0.06806170120375654,0.0005507619012004028
Tur dal,arunachal pradesh,2025-03,-0.05059675398293795,-0.01740301257601118
Tur dal,arunachal pradesh,2025-04,-0.0345586972527645,0.014462104289655109
Tur dal,arunachal pradesh,2025-05,-0.02315317573183151,0.009252963273463699
Tur dal,arunachal pradesh,2025-06,-0.024375465892094716,-0.004661586979949561
Tur dal,arunachal pradesh,2025-07,-0.024906128621126733,-0.02909532743629306
Tur dal,arunachal pradesh,2025-08,-0.016755260899681268,0.00461112189541435
Tur dal,arunachal pradesh,2025-09,-0.013639896676093777,-0.018190932688897377
Tur dal,arunachal pradesh,2025-10,-0.008045347444569195,-0.02851240469182148
Tur dal,arunachal pradesh,2025-11,0.003447611828588215,-0.017265759329428754
Tur dal,arunachal pradesh,2025-12,0.001482168264627326,0.0
Tur dal,assam,2025-02,-0.06806170120375654,-0.015768534076589624
Tur dal,assam,2025-03,-0.05059675398293795,-0.014105170582037196
Tur dal,assam,2025-04,-0.0345586972527645,-0.00020151133569434876
Tur dal,assam,2025-05,-0.02315317573183151,-0.02231484920858051
Tur dal,assam,2025-06,-0.024375465892094716,-0.02895723154708918
Tur dal,assam,2025-07,-0.024906128621126733,-0.010234630914701448
Tur dal,assam,2025-08,-0.016755260899681268,-0.001823350105631505
Tur dal,assam,2025-09,-0.013639896676093777,0.009615458699442136
Tur dal,assam,2025-10,-0.008045347444569195,-0.04168627007849235
Tur dal,assam,2025-11,0.003447611828588215,-0.023781266546842872
Tur dal,assam,2025-12,0.001482168264627326,-0.020066028994373042
Tur dal,bihar,2025-02,-0.06806170120375654,-0.04317067462723845
Tur dal,bihar,2025-03,-0.05059675398293795,-0.06160176537806539
Tur dal,bihar,2025-04,-0.0345586972527645,-0.04308571931264371
Tur dal,bihar,2025-05,-0.02315317573183151,-0.03348647713942743
Tur dal,bihar,2025-06,-0.024375465892094716,-0.02797212076144895
Tur dal,bihar,2025-07,-0.024906128621126733,-0.010218974942793224
Tur dal,bihar,2025-08,-0.016755260899681268,-0.019850815117098186
Tur dal,bihar,2025-09,-0.013639896676093777,0.0012926578842389347
Tur dal,bihar,2025-10,-0.008045347444569195,-0.03416440533230869
Tur dal,bihar,2025-11,0.003447611828588215,-0.012238737930156951
Tur dal,bihar,2025-12,0.001482168264627326,-0.002845723175248338
Tur dal,chandigarh,2025-02,-0.06806170120375654,-0.05291477218869822
Tur dal,chandigarh,2025-03,-0.05059675398293795,-0.015340665177481227
Tur dal,chandigarh,2025-04,-0.0345586972527645,-0.03729449649976058
Tur dal,chandigarh,2025-05,-0.02315317573183151,-0.04303452877352765
Tur dal,chandigarh,2025-06,-0.024375465892094716,-0.05352448041570401
Tur dal,chandigarh,2025-07,-0.024906128621126733,-0.025229698375880183
Tur dal,chandigarh,2025-08,-0.016755260899681268,-0.03692253785769317
Tur dal,chandigarh,2025-09,-0.013639896676093777,0.00351998277532406
Tur dal,chandigarh,2025-10,-0.008045347444569195,-0.04267278651973072
Tur dal,chandigarh,2025-11,0.003447611828588215,0.016567151095657984
Tur dal,chandigarh,2025-12,0.001482168264627326,0.013401646873700379
Tur dal,chhattisgarh,2025-02,-0.06806170120375654,-0.05981445789806461
Tur dal,chhattisgarh,2025-03,-0.05059675398293795,-0.049823238282629134
Tur dal,chhattisgarh,2025-04,-0.0345586972527645,-0.056720009624246615
Tur dal,chhattisgarh,2025-05,-0.02315317573183151,-0.03554722734454252
Tur dal,chhattisgarh,2025-06,-0.024375465892094716,-0.025077394471892056
Tur dal,chhattisgarh,2025-07,-0.024906128621126733,-0.035892923060607096
Tur dal,chhattisgarh,2025-08,-0.016755260899681268,-0.03325845633886271
Tur dal,chhattisgarh,2025-09,-0.013639896676093777,-0.012628948172607402
Tur dal,chhattisgarh,2025-10,-0.008045347444569195,-0.04193744360412133
Tur dal,chhattisgarh,2025-11,0.003447611828588215,-0.007140387355494937
Tur dal,chhattisgarh,2025-12,0.001482168264627326,-0.010878118147182647
Tur dal,delhi,2025-02,-0.06806170120375654,-0.015171465766864678
Tur dal,delhi,2025-03,-0.05059675398293795,-0.025671166245523125
Tur dal,delhi,2025-04,-0.0345586972527645,-0.04021594561806019
Tur dal,delhi,2025-05,-0.02315317573183151,-0.04403192473923134
Tur dal,delhi,2025-06,-0.024375465892094716,-0.01926841886587738
Tur dal,delhi,2025-07,-0.024906128621126733,-0.012668602002333884
Tur dal,delhi,2025-08,-0.016755260899681268,-0.0341893490683054
Tur dal,delhi,2025-09,-0.013639896676093777,-0.04513888665648125
Tur dal,delhi,2025-10,-0.008045347444569195,-0.01899993824490398
Tur dal,delhi,2025-11,0.003447611828588215,-0.002176279422595684
Tur dal,delhi,2025-12,0.001482168264627326,0.0038373032504779303
Tur dal,dnh and dd,2025-02,-0.06806170120375654,-0.06771817405495106
Tur dal,dnh and dd,2025-03,-0.05059675398293795,-0.021086121388967705
Tur dal,dnh and dd,2025-04,-0.0345586972527645,-0.03899642247161861
Tur dal,dnh and dd,2025-05,-0.02315317573183151,-0.03163208703813769
Tur dal,dnh and dd,2025-06,-0.024375465892094716,-0.02178099124943067
Tur dal,dnh and dd,2025-07,-0.024906128621126733,-0.022391780173459885
Tur dal,dnh and dd,2025-08,-0.016755260899681268,-0.000377477198568954
Tur dal,dnh and dd,2025-09,-0.013639896676093777,-0.04346833214931767
Tur dal,dnh and dd,2025-10,-0.008045347444569195,-0.019108861698046375
Tur dal,dnh and dd,2025-11,0.003447611828588215,0.0018739130098790469
Tur dal,dnh and dd,2025-12,0.001482168264627326,-0.004691383177148012
Tur dal,goa,2025-02,-0.06806170120375654,-0.031087458897869347
Tur dal,goa,2025-03,-0.05059675398293795,-0.008826907357594393
Tur dal,goa,2025-04,-0.0345586972527645,-0.013597178712211111
Tur dal,goa,2025-05,-0.02315317573183151,-0.06553529043317496
Tur dal,goa,2025-06,-0.024375465892094716,-0.0651189171625246
Tur dal,goa,2025-07,-0.024906128621126733,-0.011739473585115512
Tur dal,goa,2025-08,-0.016755260899681268,-0.021066228050775848
Tur dal,goa,2025-09,-0.013639896676093777,-0.003822210435936668
Tur dal,goa,2025-10,-0.008045347444569195,-0.016440773854291102
Tur dal,goa,2025-11,0.003447611828588215,-0.04140821009687823
Tur dal,goa,2025-12,0.001482168264627326,-0.07852771275164372
Tur dal,gujarat,2025-02,-0.06806170120375654,-0.059514617710344275
Tur dal,gujarat,2025-03,-0.05059675398293795,-0.022981823598754225
Tur dal,gujarat,2025-04,-0.0345586972527645,-0.031876122329082435
Tur dal,gujarat,2025-05,-0.02315317573183151,-0.015143800591483902
Tur dal,gujarat,2025-06,-0.024375465892094716,-0.026246338514995138
Tur dal,gujarat,2025-07,-0.024906128621126733,-0.024586364440128072
Tur dal,gujarat,2025-08,-0.016755260899681268,-0.014542063961200391
Tur dal,gujarat,2025-09,-0.013639896676093777,-0.006715261218657176
Tur dal,gujarat,2025-10,-0.008045347444569195,-0.012794442700142739
Tur dal,gujarat,2025-11,0.003447611828588215,-0.01963524496235003
Tur dal,gujarat,2025-12,0.001482168264627326,0.004716371902589778
Tur dal,haryana,2025-02,-0.06806170120375654,0.005087575791161925
Tur dal,haryana,2025-03,-0.05059675398293795,-0.019611370091737967
Tur dal,haryana,2025-04,-0.0345586972527645,-0.04010486185936468
Tur dal,haryana,2025-05,-0.02315317573183151,-0.0020740440909916558
Tur dal,haryana,2025-06,-0.024375465892094716,-0.01907414776256733
Tur dal,haryana,2025-07,-0.024906128621126733,-0.0283311147235894
Tur dal,haryana,2025-08,-0.016755260899681268,-0.04919298829860086
Tur dal,haryana,2025-09,-0.013639896676093777,-0.006999053297660041
Tur dal,haryana,2025-10,-0.008045347444569195,-0.011464429890700067
Tur dal,haryana,2025-11,0.003447611828588215,-0.008656037203079947
Tur dal,haryana,2025-12,0.001482168264627326,-0.019095640428195892
Tur dal,himachal pradesh,2025-02,-0.06806170120375654,-0.022433540085159187
Tur dal,himachal pradesh,2025-03,-0.05059675398293795,-0.05684625526085707
Tur dal,himachal pradesh,2025-04,-0.0345586972527645,-0.0538591696727293
Tur dal,himachal pradesh,2025-05,-0.02315317573183151,-0.017118485793607974
Tur dal,himachal pradesh,2025-06,-0.024375465892094716,0.021873496202564624
Tur dal,himachal pradesh,2025-07,-0.024906128621126733,-0.03640621177023906
Tur dal,himachal pradesh,2025-08,-0.016755260899681268,-0.015234244571848521
Tur dal,himachal pradesh,2025-09,-0.013639896676093777,-0.003294895896852168
Tur dal,himachal pradesh,2025-10,-0.008045347444569195,-0.031792072768216606
Tur dal,himachal pradesh,2025-11,0.003447611828588215,-0.012954207060401401
Tur dal,himachal pradesh,2025-12,0.001482168264627326,-0.038040277583728965
Tur dal,jammu and kashmir,2025-02,-0.06806170120375654,-0.0011360410196523674
Tur dal,jammu and kashmir,2025-03,-0.05059675398293795,-0.01739008089079519
Tur dal,jammu and kashmir,2025-04,-0.0345586972527645,-0.015639737891310013
Tur dal,jammu and kashmir,2025-05,-0.02315317573183151,-0.030921586686286417
Tur dal,jammu and kashmir,2025-06,-0.024375465892094716,-0.030762191883329848
Tur dal,jammu and kashmir,2025-07,-0.024906128621126733,0.003741819145995251
Tur dal,jammu and kashmir,2025-08,-0.016755260899681268,-0.00854349851778835
Tur dal,jammu and kashmir,2025-09,-0.013639896676093777,0.0011503269242334468
Tur dal,jammu and kashmir,2025-10,-0.008045347444569195,-0.04872223169428658
Tur dal,jammu and kashmir,2025-11,0.003447611828588215,-0.009925092501625876
Tur dal,jammu and kashmir,2025-12,0.001482168264627326,-0.02105576724070435
Tur dal,jharkhand,2025-02,-0.06806170120375654,-0.103921201746636
Tur dal,jharkhand,2025-03,-0.05059675398293795,-0.025230696176230083
Tur dal,jharkhand,2025-04,-0.0345586972527645,-0.02612220539996546
Tur dal,jharkhand,2025-05,-0.02315317573183151,-0.05880076150239333
Tur dal,jharkhand,2025-06,-0.024375465892094716,-0.02535347068645688
Tur dal,jharkhand,2025-07,-0.024906128621126733,-0.01108441941545113
Tur dal,jharkhand,2025-08,-0.016755260899681268,-0.019196988545104432
Tur dal,jharkhand,2025-09,-0.013639896676093777,-0.047073952901337535
Tur dal,jharkhand,2025-10,-0.008045347444569195,0.009899000317106221
Tur dal,jharkhand,2025-11,0.003447611828588215,0.028448307957517294
Tur dal,jharkhand,2025-12,0.001482168264627326,-0.03150513957222678
Tur dal,karnataka,2025-02,-0.06806170120375654,-0.06818271275720988
Tur dal,karnataka,2025-03,-0.05059675398293795,-0.05047638487180528
Tur dal,karnataka,2025-04,-0.0345586972527645,-0.04023889602950881
Tur dal,karnataka,2025-05,-0.02315317573183151,-0.027318657676763003
Tur dal,karnataka,2025-06,-0.024375465892094716,-0.04447877740468087
Tur dal,karnataka,2025-07,-0.024906128621126733,-0.01616070248005652
Tur dal,karnataka,2025-08,-0.016755260899681268,-0.0045569699111274176
Tur dal,karnataka,2025-09,-0.013639896676093777,-0.009560911634657998
Tur dal,karnataka,2025-10,-0.008045347444569195,-0.025294817704250683
Tur dal,karnataka,2025-11,0.003447611828588215,-0.0009200237226467678
Tur dal,karnataka,2025-12,0.001482168264627326,-0.004216635579570749
Tur dal,kerala,2025-02,-0.06806170120375654,-0.03127810167049905
Tur dal,kerala,2025-03,-0.05059675398293795,-0.05364045001895246
Tur dal,kerala,2025-04,-0.0345586972527645,-0.03795945803741052
Tur dal,kerala,2025-05,-0.02315317573183151,-0.043371326879594996
Tur dal,kerala,2025-06,-0.024375465892094716,-0.02820143511120765
Tur dal,kerala,2025-07,-0.024906128621126733,-0.004778542450774026
Tur dal,kerala,2025-08,-0.016755260899681268,-0.022104463878837244
Tur dal,kerala,2025-09,-0.013639896676093777,-0.025304929601299264
Tur dal,kerala,2025-10,-0.008045347444569195,-0.04463910084576206
Tur dal,kerala,2025-11,0.003447611828588215,0.016560207506044478
Tur dal,kerala,2025-12,0.001482168264627326,0.0021169629499038223
Tur dal,ladakh,2025-02,-0.06806170120375654,-0.03927599893471445
Tur dal,ladakh,2025-03,-0.05059675398293795,0.0
Tur dal,ladakh,2025-04,-0.0345586972527645,0.0418526084397115
Tur dal,ladakh,2025-05,-0.02315317573183151,0.07853577230331066
Tur dal,ladakh,2025-06,-0.024375465892094716,0.03514405331082315
Tur dal,ladakh,2025-07,-0.024906128621126733,0.045852385417544994
Tur dal,ladakh,2025-08,-0.016755260899681268,-0.06014483408881777
Tur dal,ladakh,2025-09,-0.013639896676093777,-0.019577989523641648
Tur dal,ladakh,2025-10,-0.008045347444569195,-0.019622753784105385
Tur dal,ladakh,2025-11,0.003447611828588215,-0.058900814207405894
Tur dal,ladakh,2025-12,0.001482168264627326,0.019631640205288292
Tur dal,lakshadweep,2025-02,-0.06806170120375654,0.0
Tur dal,lakshadweep,2025-03,-0.05059675398293795,0.00796341058852068
Tur dal,lakshadweep,2025-04,-0.0345586972527645,0.006128318082502027
Tur dal,lakshadweep,2025-05,-0.02315317573183151,-0.025752496102414923
Tur dal,lakshadweep,2025-06,-0.024375465892094716,0.005545766671314567
Tur dal,lakshadweep,2025-07,-0.024906128621126733,-0.01703722378240169
Tur dal,lakshadweep,2025-08,-0.016755260899681268,0.0
Tur dal,lakshadweep,2025-09,-0.013639896676093777,-0.005229976541939685
Tur dal,lakshadweep,2025-10,-0.008045347444569195,0.0
Tur dal,lakshadweep,2025-11,0.003447611828588215,0.0008221994296686574
Tur dal,lakshadweep,2025-12,0.001482168264627326,-0.012404541939494251
Tur dal,madhya pradesh,2025-02,-0.06806170120375654,-0.07362701793129212
Tur dal,madhya pradesh,2025-03,-0.05059675398293795,-0.049682517769016776
Tur dal,madhya pradesh,2025-04,-0.0345586972527645,-0.04831274012825304
Tur dal,madhya pradesh,2025-05,-0.02315317573183151,-0.04246815338247867
Tur dal,madhya pradesh,2025-06,-0.024375465892094716,-0.027754105025273645
Tur dal,madhya pradesh,2025-07,-0.024906128621126733,-0.028000213940426733
Tur dal,madhya pradesh,2025-08,-0.016755260899681268,-0.016517925451645432
Tur dal,madhya pradesh,2025-09,-0.013639896676093777,-0.015243984444207825
Tur dal,madhya pradesh,2025-10,-0.008045347444569195,-0.02598290350784538
Tur dal,madhya pradesh,2025-11,0.003447611828588215,0.014929935661591287
Tur dal,madhya pradesh,2025-12,0.001482168264627326,0.013023966654125196
Tur dal,maharashtra,2025-02,-0.06806170120375654,-0.08515547970189719
Tur dal,maharashtra,2025-03,-0.05059675398293795,-0.052110366431469046
Tur dal,maharashtra,2025-04,-0.0345586972527645,-0.02606090011411144
Tur dal,maharashtra,2025-05,-0.02315317573183151,-0.02650486446137368
Tur dal,maharashtra,2025-06,-0.024375465892094716,-0.03113993247655067
Tur dal,maharashtra,2025-07,-0.024906128621126733,-0.017137250405449223
Tur dal,maharashtra,2025-08,-0.016755260899681268,-0.015408625352844929
Tur dal,maharashtra,2025-09,-0.013639896676093777,-0.015512625675004443
Tur dal,maharashtra,2025-10,-0.008045347444569195,-0.014921525816517622
Tur dal,maharashtra,2025-11,0.003447611828588215,0.0136865342358794
Tur dal,maharashtra,2025-12,0.001482168264627326,0.010109375714349333
Tur dal,manipur,2025-02,-0.06806170120375654,0.08976137558820341
Tur dal,manipur,2025-03,-0.05059675398293795,0.0005507619012004028
Tur dal,manipur,2025-04,-0.0345586972527645,-0.009867742724706474
Tur dal,manipur,2025-05,-0.02315317573183151,-0.00037078235500764833
Tur dal,manipur,2025-06,-0.024375465892094716,-0.00763149352916237
Tur dal,manipur,2025-07,-0.024906128621126733,-0.040903743003574355
Tur dal,manipur,2025-08,-0.016755260899681268,0.010937533418203138
Tur dal,manipur,2025-09,-0.013639896676093777,-0.011813829662390418
Tur dal,manipur,2025-10,-0.008045347444569195,-0.009493587329110653
Tur dal,manipur,2025-11,0.003447611828588215,-0.014461424766271769
Tur dal,manipur,2025-12,0.001482168264627326,-0.03771730427994324
Tur dal,meghalaya,2025-02,-0.06806170120375654,0.0
Tur dal,meghalaya,2025-03,-0.05059675398293795,0.009442597851992751
Tur dal,meghalaya,2025-04,-0.0345586972527645,-0.021557283463018884
Tur dal,meghalaya,2025-05,-0.02315317573183151,0.014665707402631512
Tur dal,meghalaya,2025-06,-0.024375465892094716,0.013017721345785382
Tur dal,meghalaya,2025-07,-0.024906128621126733,0.003407158321614645
Tur dal,meghalaya,2025-08,-0.016755260899681268,-0.005745078638377699
Tur dal,meghalaya,2025-09,-0.013639896676093777,-0.0011710130599951185
Tur dal,meghalaya,2025-10,-0.008045347444569195,-0.0011723859393999447
Tur dal,meghalaya,2025-11,0.003447611828588215,0.005040514722319145
Tur dal,meghalaya,2025-12,0.001482168264627326,-0.011286291984670349
Tur dal,nagaland,2025-02,-0.06806170120375654,0.0
Tur dal,nagaland,2025-03,-0.05059675398293795,0.011793530618315451
Tur dal,nagaland,2025-04,-0.0345586972527645,0.011568928329347195
Tur dal,nagaland,2025-05,-0.02315317573183151,0.0
Tur dal,nagaland,2025-06,-0.024375465892094716,-0.012186185083657541
Tur dal,nagaland,2025-07,-0.024906128621126733,-0.012961829199571007
Tur dal,nagaland,2025-08,-0.016755260899681268,-0.042812178430544634
Tur dal,nagaland,2025-09,-0.013639896676093777,0.019488033047002418
Tur dal,nagaland,2025-10,-0.008045347444569195,-0.0345230841676063
Tur dal,nagaland,2025-11,0.003447611828588215,-0.05768207031099504
Tur dal,nagaland,2025-12,0.001482168264627326,-0.007348903059192224
Tur dal,odisha,2025-02,-0.06806170120375654,-0.09062136822246547
Tur dal,odisha,2025-03,-0.05059675398293795,-0.038010440878394114
Tur dal,odisha,2025-04,-0.0345586972527645,-0.048007258953602694
Tur dal,odisha,2025-05,-0.02315317573183151,-0.02142984436132167
Tur dal,odisha,2025-06,-0.024375465892094716,-0.0261002935005612
Tur dal,odisha,2025-07,-0.024906128621126733,-0.03630430168534371
Tur dal,odisha,2025-08,-0.016755260899681268,-0.033572302595779924
Tur dal,odisha,2025-09,-0.013639896676093777,-0.0005644933821926656
Tur dal,odisha,2025-10,-0.008045347444569195,-0.02907472970024383
Tur dal,odisha,2025-11,0.003447611828588215,0.0055072602963308626
Tur dal,odisha,2025-12,0.001482168264627326,0.002165596746158016
Tur dal,puducherry,2025-02,-0.06806170120375654,-0.07952056585309464
Tur dal,puducherry,2025-03,-0.05059675398293795,-0.09626736264366365
Tur dal,puducherry,2025-04,-0.0345586972527645,-0.04702176300978689
Tur dal,puducherry,2025-05,-0.02315317573183151,-0.03209250106631778
Tur dal,puducherry,2025-06,-0.024375465892094716,-0.014421400959375497
Tur dal,puducherry,2025-07,-0.024906128621126733,-0.0151784998331852
Tur dal,puducherry,2025-08,-0.016755260899681268,-0.02614799314223326
Tur dal,puducherry,2025-09,-0.013639896676093777,-0.039018883227945445
Tur dal,puducherry,2025-10,-0.008045347444569195,-0.016310698824315573
Tur dal,puducherry,2025-11,0.003447611828588215,0.01965737346485419
Tur dal,puducherry,2025-12,0.001482168264627326,-0.008168073417098576
Tur dal,punjab,2025-02,-0.06806170120375654,-0.010103622187630279
Tur dal,punjab,2025-03,-0.05059675398293795,-0.032287234482512694
Tur dal,punjab,2025-04,-0.0345586972527645,-0.04242417729527315
Tur dal,punjab,2025-05,-0.02315317573183151,-0.03237098674786143
Tur dal,punjab,2025-06,-0.024375465892094716,-0.005498527010561638
Tur dal,punjab,2025-07,-0.024906128621126733,-0.03317622956403099
Tur dal,punjab,2025-08,-0.016755260899681268,-0.0280745024752882
Tur dal,punjab,2025-09,-0.013639896676093777,-0.014702602757907357
Tur dal,punjab,2025-10,-0.008045347444569195,-0.036219273216239856
Tur dal,punjab,2025-11,0.003447611828588215,-0.01778050398200648
Tur dal,punjab,2025-12,0.001482168264627326,-0.02294183957876328
Tur dal,rajasthan,2025-02,-0.06806170120375654,-0.06385625919511195
Tur dal,rajasthan,2025-03,-0.05059675398293795,-0.041601068912870964
Tur dal,rajasthan,2025-04,-0.0345586972527645,-0.021158986648647016
Tur dal,rajasthan,2025-05,-0.02315317573183151,-0.03177262299967332
Tur dal,rajasthan,2025-06,-0.024375465892094716,-0.024935081692700756
Tur dal,rajasthan,2025-07,-0.024906128621126733,-0.02597548640326064
Tur dal,rajasthan,2025-08,-0.016755260899681268,-0.018155220247576764
Tur dal,rajasthan,2025-09,-0.013639896676093777,-0.0184909366670567
Tur dal,rajasthan,2025-10,-0.008045347444569195,-0.0036277422233066403
Tur dal,rajasthan,2025-11,0.003447611828588215,0.012639934935820385
Tur dal,rajasthan,2025-12,0.001482168264627326,-0.012919537901432854
Tur dal,sikkim,2025-02,-0.06806170120375654,-0.0004725674677992231
Tur dal,sikkim,2025-03,-0.05059675398293795,-0.007972707379267696
Tur dal,sikkim,2025-04,-0.0345586972527645,0.00028583678914095856
Tur dal,sikkim,2025-05,-0.02315317573183151,-0.04421362764245895
Tur dal,sikkim,2025-06,-0.024375465892094716,-0.012423764647345514
Tur dal,sikkim,2025-07,-0.024906128621126733,-0.009013175604781765
Tur dal,sikkim,2025-08,-0.016755260899681268,-0.025239557661467238
Tur dal,sikkim,2025-09,-0.013639896676093777,-0.025357935590081482
Tur dal,sikkim,2025-10,-0.008045347444569195,0.015502540240828644
Tur dal,sikkim,2025-11,0.003447611828588215,0.002525519599758219
Tur dal,sikkim,2025-12,0.001482168264627326,-0.005691415025805391
Tur dal,tamil nadu,2025-02,-0.06806170120375654,-0.11115817217648072
Tur dal,tamil nadu,2025-03,-0.05059675398293795,-0.04321843940297043
Tur dal,tamil nadu,2025-04,-0.0345586972527645,-0.0281326387740366
Tur dal,tamil nadu,2025-05,-0.02315317573183151,-0.02201505915413282
Tur dal,tamil nadu,2025-06,-0.024375465892094716,-0.02670627995293895
Tur dal,tamil nadu,2025-07,-0.024906128621126733,-0.01282662213347674
Tur dal,tamil nadu,2025-08,-0.016755260899681268,-0.006408566659385606
Tur dal,tamil nadu,2025-09,-0.013639896676093777,-0.018656753120562364
Tur dal,tamil nadu,2025-10,-0.008045347444569195,-0.01001174103567859
Tur dal,tamil nadu,2025-11,0.003447611828588215,0.00837284419246842
Tur dal,tamil nadu,2025-12,0.001482168264627326,0.006675319385974099
Tur dal,telangana,2025-02,-0.06806170120375654,-0.035856994918864515
Tur dal,telangana,2025-03,-0.05059675398293795,-0.07282726869864753
Tur dal,telangana,2025-04,-0.0345586972527645,-0.04074825908296997
Tur dal,telangana,2025-05,-0.02315317573183151,-0.03314702947083248
Tur dal,telangana,2025-06,-0.024375465892094716,-0.006811282830771148
Tur dal,telangana,2025-07,-0.024906128621126733,-0.002761603484104924
Tur dal,telangana,2025-08,-0.016755260899681268,-0.013557888344496227
Tur dal,telangana,2025-09,-0.013639896676093777,-0.003051573927398188
Tur dal,telangana,2025-10,-0.008045347444569195,-0.018632163412108937
Tur dal,telangana,2025-11,0.003447611828588215,-0.008003043840535184
Tur dal,telangana,2025-12,0.001482168264627326,-0.016456067554027953
Tur dal,tripura,2025-02,-0.06806170120375654,-0.02329463599078707
Tur dal,tripura,2025-03,-0.05059675398293795,-0.044643842476665085
Tur dal,tripura,2025-04,-0.0345586972527645,-0.00758886015282112
Tur dal,tripura,2025-05,-0.02315317573183151,-0.031557236245822295
Tur dal,tripura,2025-06,-0.024375465892094716,-0.02000685480633546
Tur dal,tripura,2025-07,-0.024906128621126733,0.0006248047688419689
Tur dal,tripura,2025-08,-0.016755260899681268,-0.01732599649225275
Tur dal,tripura,2025-09,-0.013639896676093777,-0.029779142159130245
Tur dal,tripura,2025-10,-0.008045347444569195,-0.022847415098190993
Tur dal,tripura,2025-11,0.003447611828588215,0.0025645328210499585
Tur dal,tripura,2025-12,0.001482168264627326,0.0
Tur dal,uttar pradesh,2025-02,-0.06806170120375654,-0.08186780192163212
Tur dal,uttar pradesh,2025-03,-0.05059675398293795,-0.030511422412968336
Tur dal,uttar pradesh,2025-04,-0.0345586972527645,-0.03783851728297005
Tur dal,uttar pradesh,2025-05,-0.02315317573183151,-0.03270546870435176
Tur dal,uttar pradesh,2025-06,-0.024375465892094716,-0.023305205418964192
Tur dal,uttar pradesh,2025-07,-0.024906128621126733,-0.031066438281292186
Tur dal,uttar pradesh,2025-08,-0.016755260899681268,-0.0061985031960283266
Tur dal,uttar pradesh,2025-09,-0.013639896676093777,-0.009704296827802494
Tur dal,uttar pradesh,2025-10,-0.008045347444569195,-0.01426097086985667
Tur dal,uttar pradesh,2025-11,0.003447611828588215,-0.0021703752415493938
Tur dal,uttar pradesh,2025-12,0.001482168264627326,-0.004491331129381493
Tur dal,uttarakhand,2025-02,-0.06806170120375654,-0.04777418075005535
Tur dal,uttarakhand,2025-03,-0.05059675398293795,-0.00941889693723752
Tur dal,uttarakhand,2025-04,-0.0345586972527645,-0.05812540760535967
Tur dal,uttarakhand,2025-05,-0.02315317573183151,-0.024094863360046403
Tur dal,uttarakhand,2025-06,-0.024375465892094716,-0.03154112025811262
Tur dal,uttarakhand,2025-07,-0.024906128621126733,-0.0060776250657452735
Tur dal,uttarakhand,2025-08,-0.016755260899681268,-0.02576880695463668
Tur dal,uttarakhand,2025-09,-0.013639896676093777,-0.02238263978451549
Tur dal,uttarakhand,2025-10,-0.008045347444569195,-0.02503711773674855
Tur dal,uttarakhand,2025-11,0.003447611828588215,-0.015892521893063005
Tur dal,uttarakhand,2025-12,0.001482168264627326,0.0034542348680881574
Tur dal,west bengal,2025-02,-0.06806170120375654,-0.058211569184591916
Tur dal,west bengal,2025-03,-0.05059675398293795,-0.03801846014578736
Tur dal,west bengal,2025-04,-0.0345586972527645,-0.03218770378110314
Tur dal,west bengal,2025-05,-0.02315317573183151,-0.022163775924338935
Tur dal,west bengal,2025-06,-0.024375465892094716,-0.02537380075828999
Tur dal,west bengal,2025-07,-0.024906128621126733,-0.01161976555042532
Tur dal,west bengal,2025-08,-0.016755260899681268,-0.020117524813954013
Tur dal,west bengal,2025-09,-0.013639896676093777,-0.01027406297618505
Tur dal,west bengal,2025-10,-0.008045347444569195,-0.00530047465933059
Tur dal,west bengal,2025-11,0.003447611828588215,-0.019216962716964048
Tur dal,west bengal,2025-12,0.001482168264627326,-0.00987599822470031
Chana dal,andaman and nicobar islands,2025-02,-0.02173614289017678,0.02805050632965944
Chana dal,andaman and nicobar islands,2025-03,-0.020077835970973013,-0.038561469062602605
Chana dal,andaman and nicobar islands,2025-04,-0.014950918806130531,0.022030640579115968
Chana dal,andaman and nicobar islands,2025-05,-0.00612915526115998,0.020917602105777533
Chana dal,andaman and nicobar islands,2025-06,-0.003666548088739674,-0.035267203546061054
Chana dal,andaman and nicobar islands,2025-07,-0.001078184148223471,0.0
Chana dal,andaman and nicobar islands,2025-08,0.011527496882226984,0.0
Chana dal,andaman and nicobar islands,2025-09,0.0003037075970846459,-0.056847285441416595
Chana dal,andaman and nicobar islands,2025-10,-0.0034925812768911157,-0.0009003151711031165
Chana dal,andaman and nicobar islands,2025-11,-0.0010178250633403607,-0.04315156735841352
Chana dal,andaman and nicobar islands,2025-12,-0.0029886258003699595,-0.025827007078733644
Chana dal,andhra pradesh,2025-02,-0.02173614289017678,-0.03539436777675764
Chana dal,andhra pradesh,2025-03,-0.020077835970973013,-0.020689720154116742
Chana dal,andhra pradesh,2025-04,-0.014950918806130531,-0.02607410087008244
Chana dal,andhra pradesh,2025-05,-0.00612915526115998,-0.019005374336592773
Chana dal,andhra pradesh,2025-06,-0.003666548088739674,-0.00735107104892041
Chana dal,andhra pradesh,2025-07,-0.001078184148223471,-0.014549898171104303
Chana dal,andhra pradesh,2025-08,0.011527496882226984,0.01631494041929482
Chana dal,andhra pradesh,2025-09,0.0003037075970846459,-0.014103132682061315
Chana dal,andhra pradesh,2025-10,-0.0034925812768911157,-0.01879734633225638
Chana dal,andhra pradesh,2025-11,-0.0010178250633403607,-0.002791198806231243
Chana dal,andhra pradesh,2025-12,-0.0029886258003699595,0.003755570699883748
Chana dal,arunachal pradesh,2025-02,-0.02173614289017678,0.0061868242958560415
Chana dal,arunachal pradesh,2025-03,-0.020077835970973013,-0.013624567769252138
Chana dal,arunachal pradesh,2025-04,-0.014950918806130531,0.013072081567353067
Chana dal,arunachal pradesh,2025-05,-0.00612915526115998,0.019789985151060563
Chana dal,arunachal pradesh,2025-06,-0.003666548088739674,-0.012997229089076967
Chana dal,arunachal pradesh,2025-07,-0.001078184148223471,-0.0005490483300452098
Chana dal,arunachal pradesh,2025-08,0.011527496882226984,0.0005490483300452098
Chana dal,arunachal pradesh,2025-09,0.0003037075970846459,-0.004217094625188267
Chana dal,arunachal pradesh,2025-10,-0.0034925812768911157,-0.019855913052082563
Chana dal,arunachal pradesh,2025-11,-0.0010178250633403607,0.0
Chana dal,arunachal pradesh,2025-12,-0.0029886258003699595,-0.026012478638595127
Chana dal,assam,2025-02,-0.02173614289017678,-0.013537204806491232
Chana dal,assam,2025-03,-0.020077835970973013,0.0015642975354603905
Chana dal,assam,2025-04,-0.014950918806130531,0.015057089686775882
Chana dal,assam,2025-05,-0.00612915526115998,-0.013954351107835272
Chana dal,assam,2025-06,-0.003666548088739674,0.011051854739101863
Chana dal,assam,2025-07,-0.001078184148223471,0.008862420096716228
Chana dal,assam,2025-08,0.011527496882226984,-0.0011711185519400757
Chana dal,assam,2025-09,0.0003037075970846459,0.004137812866095381
Chana dal,assam,2025-10,-0.0034925812768911157,-0.021137449552532495
Chana dal,assam,2025-11,-0.0010178250633403607,-0.0019272249345974046
Chana dal,assam,2025-12,-0.0029886258003699595,-0.005711669143521725
Chana dal,bihar,2025-02,-0.02173614289017678,-0.012756689908115959
Chana dal,bihar,2025-03,-0.020077835970973013,-0.051836944349147096
Chana dal,bihar,2025-04,-0.014950918806130531,-0.04059339696525299
Chana dal,bihar,2025-05,-0.00612915526115998,-0.02312241742085419
Chana dal,bihar,2025-06,-0.003666548088739674,-0.009548364868694925
Chana dal,bihar,2025-07,-0.001078184148223471,-0.0025335176646699153
Chana dal,bihar,2025-08,0.011527496882226984,0.009048883293588439
Chana dal,bihar,2025-09,0.0003037075970846459,0.01631120262585295
Chana dal,bihar,2025-10,-0.0034925812768911157,-0.022194190493394217
Chana dal,bihar,2025-11,-0.0010178250633403607,0.005254320621354225
Chana dal,bihar,2025-12,-0.0029886258003699595,-0.010536395019329348
Chana dal,chandigarh,2025-02,-0.02173614289017678,-0.03840013341826953
Chana dal,chandigarh,2025-03,-0.020077835970973013,-0.06611733034193534
Chana dal,chandigarh,2025-04,-0.014950918806130531,-0.024645797206828135
Chana dal,chandigarh,2025-05,-0.00612915526115998,-0.023520341981355664
Chana dal,chandigarh,2025-06,-0.003666548088739674,0.009777372838295051
Chana dal,chandigarh,2025-07,-0.001078184148223471,-0.011306926288471075
Chana dal,chandigarh,2025-08,0.011527496882226984,0.01454492156224596
Chana dal,chandigarh,2025-09,0.0003037075970846459,0.010824820345704644
Chana dal,chandigarh,2025-10,-0.0034925812768911157,-0.01481985886117343
Chana dal,chandigarh,2025-11,-0.0010178250633403607,-0.0012991232746255577
Chana dal,chandigarh,2025-12,-0.0029886258003699595,-0.00892280131061618
Chana dal,chhattisgarh,2025-02,-0.02173614289017678,-0.03515204393043003
Chana dal,chhattisgarh,2025-03,-0.020077835970973013,-0.019939813459871836
Chana dal,chhattisgarh,2025-04,-0.014950918806130531,-0.05820461367048502
Chana dal,chhattisgarh,2025-05,-0.00612915526115998,-0.009364212816265649
Chana dal,chhattisgarh,2025-06,-0.003666548088739674,0.005246707626645808
Chana dal,chhattisgarh,2025-07,-0.001078184148223471,-0.00788042065632144
Chana dal,chhattisgarh,2025-08,0.011527496882226984,-0.018322842304418607
Chana dal,chhattisgarh,2025-09,0.0003037075970846459,-0.012683401132519201
Chana dal,chhattisgarh,2025-10,-0.0034925812768911157,0.002299091826801991
Chana dal,chhattisgarh,2025-11,-0.0010178250633403607,0.001877151453284931
Chana dal,chhattisgarh,2025-12,-0.0029886258003699595,-0.007005099480564603
Chana dal,delhi,2025-02,-0.02173614289017678,0.0
Chana dal,delhi,2025-03,-0.020077835970973013,-0.009598045431663316
Chana dal,delhi,2025-04,-0.014950918806130531,-0.019662522472068567
Chana dal,delhi,2025-05,-0.00612915526115998,-0.018070806802040096
Chana dal,delhi,2025-06,-0.003666548088739674,-0.011020442144754838
Chana dal,delhi,2025-07,-0.001078184148223471,-0.00661333698980382
Chana dal,delhi,2025-08,0.011527496882226984,-0.029669395913295205
Chana dal,delhi,2025-09,0.0003037075970846459,-0.007058034171033789
Chana dal,delhi,2025-10,-0.0034925812768911157,-0.006706396187819763
Chana dal,delhi,2025-11,-0.0010178250633403607,0.00790280709822877
Chana dal,delhi,2025-12,-0.0029886258003699595,-0.000498330602828112
Chana dal,dnh and dd,2025-02,-0.02173614289017678,0.0027447409729184358
Chana dal,dnh and dd,2025-03,-0.020077835970973013,-0.050115848347948244
Chana dal,dnh and dd,2025-04,-0.014950918806130531,-0.030429498190153836
Chana dal,dnh and dd,2025-05,-0.00612915526115998,-0.03722626844343324
Chana dal,dnh and dd,2025-06,-0.003666548088739674,-0.023293140052897954
Chana dal,dnh and dd,2025-07,-0.001078184148223471,0.020720195701356303
Chana dal,dnh and dd,2025-08,0.011527496882226984,0.022720145965835492
Chana dal,dnh and dd,2025-09,0.0003037075970846459,-0.00434102948122117
Chana dal,dnh and dd,2025-10,-0.0034925812768911157,0.0025261469503989886
Chana dal,dnh and dd,2025-11,-0.0010178250633403607,-0.019257816604414835
Chana dal,dnh and dd,2025-12,-0.0029886258003699595,0.010031817163513423
Chana dal,goa,2025-02,-0.02173614289017678,-0.01307679724722366
Chana dal,goa,2025-03,-0.020077835970973013,-0.002909092960684312
Chana dal,goa,2025-04,-0.014950918806130531,-0.005935277433740893
Chana dal,goa,2025-05,-0.00612915526115998,-0.013739899863631777
Chana dal,goa,2025-06,-0.003666548088739674,-0.014119641746588307
Chana dal,goa,2025-07,-0.001078184148223471,0.006476767372580738
Chana dal,goa,2025-08,0.011527496882226984,0.0013090230948238357
Chana dal,goa,2025-09,0.0003037075970846459,0.008003765388369999
Chana dal,goa,2025-10,-0.0034925812768911157,-0.009312788483193835
Chana dal,goa,2025-11,-0.0010178250633403607,-0.006570942632809995
Chana dal,goa,2025-12,-0.0029886258003699595,-0.06186738845703044
Chana dal,gujarat,2025-02,-0.02173614289017678,-0.03763271894788822
Chana dal,gujarat,2025-03,-0.020077835970973013,-0.027490441129604193
Chana dal,gujarat,2025-04,-0.014950918806130531,-0.027039581171399263
Chana dal,gujarat,2025-05,-0.00612915526115998,-0.0017401099636256134
Chana dal,gujarat,2025-06,-0.003666548088739674,-0.006165881213681779
Chana dal,gujarat,2025-07,-0.001078184148223471,0.005653507374526967
Chana dal,gujarat,2025-08,0.011527496882226984,0.006233096356710988
Chana dal,gujarat,2025-09,0.0003037075970846459,0.0021368616627635006
Chana dal,gujarat,2025-10,-0.0034925812768911157,-0.007755140908192182
Chana dal,gujarat,2025-11,-0.0010178250633403607,0.001023855930537998
Chana dal,gujarat,2025-12,-0.0029886258003699595,-0.001023855930537998
Chana dal,haryana,2025-02,-0.02173614289017678,0.005283529604032111
Chana dal,haryana,2025-03,-0.020077835970973013,-0.010595123235894732
Chana dal,haryana,2025-04,-0.014950918806130531,-0.029533124967784374
Chana dal,haryana,2025-05,-0.00612915526115998,0.0001958863865221261
Chana dal,haryana,2025-06,-0.003666548088739674,-0.010831141726353799
Chana dal,haryana,2025-07,-0.001078184148223471,-0.021312528131712583
Chana dal,haryana,2025-08,0.011527496882226984,0.01206287244927573
Chana dal,haryana,2025-09,0.0003037075970846459,-0.008025725262304384
Chana dal,haryana,2025-10,-0.0034925812768911157,-0.007481583780534429
Chana dal,haryana,2025-11,-0.0010178250633403607,-0.007231278646479211
Chana dal,haryana,2025-12,-0.0029886258003699595,-0.004405067820848707
Chana dal,himachal pradesh,2025-02,-0.02173614289017678,-0.010806887363176365
Chana dal,himachal pradesh,2025-03,-0.020077835970973013,-0.05476997844975262
Chana dal,himachal pradesh,2025-04,-0.014950918806130531,-0.013447087431213589
Chana dal,himachal pradesh,2025-05,-0.00612915526115998,-0.03209812467653084
Chana dal,himachal pradesh,2025-06,-0.003666548088739674,-0.0035269746105175415
Chana dal,himachal pradesh,2025-07,-0.001078184148223471,0.025445099061487397
Chana dal,himachal pradesh,2025-08,0.011527496882226984,0.021547158218782947
Chana dal,himachal pradesh,2025-09,0.0003037075970846459,-0.009363550831257506
Chana dal,himachal pradesh,2025-10,-0.0034925812768911157,0.009462693249422394
Chana dal,himachal pradesh,2025-11,-0.0010178250633403607,0.007604599385218513
Chana dal,himachal pradesh,2025-12,-0.0029886258003699595,-0.02027499386141063
Chana dal,jammu and kashmir,2025-02,-0.02173614289017678,0.0064321250895034154
Chana dal,jammu and kashmir,2025-03,-0.020077835970973013,-0.02991676103799268
Chana dal,jammu and kashmir,2025-04,-0.014950918806130531,-0.017806986310107575
Chana dal,jammu and kashmir,2025-05,-0.00612915526115998,-0.012524151179091447
Chana dal,jammu and kashmir,2025-06,-0.003666548088739674,0.004664376738952036
Chana dal,jammu and kashmir,2025-07,-0.001078184148223471,0.002929442975801777
Chana dal,jammu and kashmir,2025-08,0.011527496882226984,0.02007157102132684
Chana dal,jammu and kashmir,2025-09,0.0003037075970846459,0.0077798412981415765
Chana dal,jammu and kashmir,2025-10,-0.0034925812768911157,-0.035343600853688706
Chana dal,jammu and kashmir,2025-11,-0.0010178250633403607,-0.012475875080450116
Chana dal,jammu and kashmir,2025-12,-0.0029886258003699595,-0.011175613001510598
Chana dal,jharkhand,2025-02,-0.02173614289017678,-0.012330148212575942
Chana dal,jharkhand,2025-03,-0.020077835970973013,-0.020862000621539423
Chana dal,jharkhand,2025-04,-0.014950918806130531,-0.0020328161494216346
Chana dal,jharkhand,2025-05,-0.00612915526115998,-0.020262035133383094
Chana dal,jharkhand,2025-06,-0.003666548088739674,-0.04076843453202539
Chana dal,jharkhand,2025-07,-0.001078184148223471,0.0017494215935860424
Chana dal,jharkhand,2025-08,0.011527496882226984,0.01581100923123202
Chana dal,jharkhand,2025-09,0.0003037075970846459,-0.02179225837158949
Chana dal,jharkhand,2025-10,-0.0034925812768911157,0.015497821345916485
Chana dal,jharkhand,2025-11,-0.0010178250633403607,0.026630725138520717
Chana dal,jharkhand,2025-12,-0.0029886258003699595,-0.021956869851095462
Chana dal,karnataka,2025-02,-0.02173614289017678,-0.0174112794947483
Chana dal,karnataka,2025-03,-0.020077835970973013,-0.016279097183268476
Chana dal,karnataka,2025-04,-0.014950918806130531,-0.0017291070590506052
Chana dal,karnataka,2025-05,-0.00612915526115998,0.004795712241370431
Chana dal,karnataka,2025-06,-0.003666548088739674,-0.013680367498118962
Chana dal,karnataka,2025-07,-0.001078184148223471,0.0013571153692053528
Chana dal,karnataka,2025-08,0.011527496882226984,0.012323252128913609
Chana dal,karnataka,2025-09,0.0003037075970846459,0.006010034784890372
Chana dal,karnataka,2025-10,-0.0034925812768911157,0.0037972325862192235
Chana dal,karnataka,2025-11,-0.0010178250633403607,-0.0008531210527378263
Chana dal,karnataka,2025-12,-0.0029886258003699595,-0.007902168982318436
Chana dal,kerala,2025-02,-0.02173614289017678,0.00197247985804605
Chana dal,kerala,2025-03,-0.020077835970973013,-0.02354613670548833
Chana dal,kerala,2025-04,-0.014950918806130531,-0.00587755220954822
Chana dal,kerala,2025-05,-0.00612915526115998,-0.012348836976843636
Chana dal,kerala,2025-06,-0.003666548088739674,-0.017070817621096523
Chana dal,kerala,2025-07,-0.001078184148223471,-0.00970056109281714
Chana dal,kerala,2025-08,0.011527496882226984,0.000502335872320181
Chana dal,kerala,2025-09,0.0003037075970846459,-0.0011054721994101513
Chana dal,kerala,2025-10,-0.0034925812768911157,-0.014075469076893832
Chana dal,kerala,2025-11,-0.0010178250633403607,0.009641318911335794
Chana dal,kerala,2025-12,-0.0029886258003699595,-0.013831197811734697
Chana dal,ladakh,2025-02,-0.02173614289017678,0.0
Chana dal,ladakh,2025-03,-0.020077835970973013,0.0
Chana dal,ladakh,2025-04,-0.014950918806130531,0.024665839187068883
Chana dal,ladakh,2025-05,-0.00612915526115998,0.06244463034364145
Chana dal,ladakh,2025-06,-0.003666548088739674,-0.06369485376064166
Chana dal,ladakh,2025-07,-0.001078184148223471,-0.024513913519131236
Chana dal,ladakh,2025-08,0.011527496882226984,0.013281374159158865
Chana dal,ladakh,2025-09,0.0003037075970846459,0.013374823496254074
Chana dal,ladakh,2025-10,-0.0034925812768911157,0.026658861112308863
Chana dal,ladakh,2025-11,-0.0010178250633403607,0.0
Chana dal,ladakh,2025-12,-0.0029886258003699595,-0.027640171686618586
Chana dal,lakshadweep,2025-02,-0.02173614289017678,0.0
Chana dal,lakshadweep,2025-03,-0.020077835970973013,-0.011447999662835606
Chana dal,lakshadweep,2025-04,-0.014950918806130531,-0.007008268101207804
Chana dal,lakshadweep,2025-05,-0.00612915526115998,-0.0019025880929479655
Chana dal,lakshadweep,2025-06,-0.003666548088739674,-0.006879446202986195
Chana dal,lakshadweep,2025-07,-0.001078184148223471,0.005354765137659534
Chana dal,lakshadweep,2025-08,0.011527496882226984,0.0
Chana dal,lakshadweep,2025-09,0.0003037075970846459,0.030245566507557164
Chana dal,lakshadweep,2025-10,-0.0034925812768911157,0.0
Chana dal,lakshadweep,2025-11,-0.0010178250633403607,-0.020565316293042812
Chana dal,lakshadweep,2025-12,-0.0029886258003699595,0.0019814131122792844
Chana dal,madhya pradesh,2025-02,-0.02173614289017678,-0.0302882445378847
Chana dal,madhya pradesh,2025-03,-0.020077835970973013,-0.03212153314228772
Chana dal,madhya pradesh,2025-04,-0.014950918806130531,-0.009711700550523616
Chana dal,madhya pradesh,2025-05,-0.00612915526115998,-0.022049722919780912
Chana dal,madhya pradesh,2025-06,-0.003666548088739674,0.005988345730825628
Chana dal,madhya pradesh,2025-07,-0.001078184148223471,-0.011500813752753025
Chana dal,madhya pradesh,2025-08,0.011527496882226984,0.005105177516347759
Chana dal,madhya pradesh,2025-09,0.0003037075970846459,-0.00030557677854314846
Chana dal,madhya pradesh,2025-10,-0.0034925812768911157,-0.010239696268683929
Chana dal,madhya pradesh,2025-11,-0.0010178250633403607,0.004005962935148766
Chana dal,madhya pradesh,2025-12,-0.0029886258003699595,-0.0084414748746644
Chana dal,maharashtra,2025-02,-0.02173614289017678,-0.0342966543352361
Chana dal,maharashtra,2025-03,-0.020077835970973013,-0.031726934074159274
Chana dal,maharashtra,2025-04,-0.014950918806130531,-0.016451369127606696
Chana dal,maharashtra,2025-05,-0.00612915526115998,-0.004358630386186668
Chana dal,maharashtra,2025-06,-0.003666548088739674,-0.006318170411644175
Chana dal,maharashtra,2025-07,-0.001078184148223471,0.0024504811118761793
Chana dal,maharashtra,2025-08,0.011527496882226984,0.02238673706700567
Chana dal,maharashtra,2025-09,0.0003037075970846459,-0.0004987282533184256
Chana dal,maharashtra,2025-10,-0.0034925812768911157,-0.012246689902351449
Chana dal,maharashtra,2025-11,-0.0010178250633403607,0.002320303689177017
Chana dal,maharashtra,2025-12,-0.0029886258003699595,-0.009822366449264486
Chana dal,manipur,2025-02,-0.02173614289017678,0.018602617668818766
Chana dal,manipur,2025-03,-0.020077835970973013,-0.018602617668818766
Chana dal,manipur,2025-04,-0.014950918806130531,0.00740881329287113
Chana dal,manipur,2025-05,-0.00612915526115998,0.02127059973340728
Chana dal,manipur,2025-06,-0.003666548088739674,0.006392674721294789
Chana dal,manipur,2025-07,-0.001078184148223471,-0.006392674721294789
Chana dal,manipur,2025-08,0.011527496882226984,0.027704083303603078
Chana dal,manipur,2025-09,0.0003037075970846459,-0.012376395601049417
Chana dal,manipur,2025-10,-0.0034925812768911157,0.0
Chana dal,manipur,2025-11,-0.0010178250633403607,-0.06761506287324526
Chana dal,manipur,2025-12,-0.0029886258003699595,-0.025642430613337375
Chana dal,meghalaya,2025-02,-0.02173614289017678,0.015564158177964416
Chana dal,meghalaya,2025-03,-0.020077835970973013,0.001643535797279938
Chana dal,meghalaya,2025-04,-0.014950918806130531,0.00045605874827092663
Chana dal,meghalaya,2025-05,-0.00612915526115998,-0.016087123600260433
Chana dal,meghalaya,2025-06,-0.003666548088739674,0.001296536577252816
Chana dal,meghalaya,2025-07,-0.001078184148223471,-0.003894663676688559
Chana dal,meghalaya,2025-08,0.011527496882226984,0.0
Chana dal,meghalaya,2025-09,0.0003037075970846459,-0.0034436257214274235
Chana dal,meghalaya,2025-10,-0.0034925812768911157,-0.007486465810168319
Chana dal,meghalaya,2025-11,-0.0010178250633403607,0.003843814792194422
Chana dal,meghalaya,2025-12,-0.0029886258003699595,-0.012333630901681936
Chana dal,nagaland,2025-02,-0.02173614289017678,-0.015411689580591137
Chana dal,nagaland,2025-03,-0.020077835970973013,0.02825437381473872
Chana dal,nagaland,2025-04,-0.014950918806130531,0.009693755629403888
Chana dal,nagaland,2025-05,-0.00612915526115998,0.008166447844851099
Chana dal,nagaland,2025-06,-0.003666548088739674,0.028487117796022865
Chana dal,nagaland,2025-07,-0.001078184148223471,0.007227607445210893
Chana dal,nagaland,2025-08,0.011527496882226984,0.0
Chana dal,nagaland,2025-09,0.0003037075970846459,0.015391966721379546
Chana dal,nagaland,2025-10,-0.0034925812768911157,-0.005012998694785331
Chana dal,nagaland,2025-11,-0.0010178250633403607,-0.001188571568495611
Chana dal,nagaland,2025-12,-0.0029886258003699595,0.00064017561288221
Chana dal,odisha,2025-02,-0.02173614289017678,-0.012811951179983794
Chana dal,odisha,2025-03,-0.020077835970973013,-0.019764219254629012
Chana dal,odisha,2025-04,-0.014950918806130531,-0.0737277699245995
Chana dal,odisha,2025-05,-0.00612915526115998,-0.022543602952883823
Chana dal,odisha,2025-06,-0.003666548088739674,-0.018554561840652184
Chana dal,odisha,2025-07,-0.001078184148223471,0.007816203619519513
Chana dal,odisha,2025-08,0.011527496882226984,0.00041515309366424447
Chana dal,odisha,2025-09,0.0003037075970846459,0.014422831654383295
Chana dal,odisha,2025-10,-0.0034925812768911157,-0.006979398135525727
Chana dal,odisha,2025-11,-0.0010178250633403607,0.0028797716086108593
Chana dal,odisha,2025-12,-0.0029886258003699595,-0.016568671457136475
Chana dal,puducherry,2025-02,-0.02173614289017678,-0.01720371454633174
Chana dal,puducherry,2025-03,-0.020077835970973013,0.004541162014056965
Chana dal,puducherry,2025-04,-0.014950918806130531,-0.05023069528958768
Chana dal,puducherry,2025-05,-0.00612915526115998,-0.005773458203119475
Chana dal,puducherry,2025-06,-0.003666548088739674,-0.017015260747474947
Chana dal,puducherry,2025-07,-0.001078184148223471,-0.018136672147326394
Chana dal,puducherry,2025-08,0.011527496882226984,0.008853259390987134
Chana dal,puducherry,2025-09,0.0003037075970846459,-0.006374687431198289
Chana dal,puducherry,2025-10,-0.0034925812768911157,-0.014336418410572094
Chana dal,puducherry,2025-11,-0.0010178250633403607,-0.0007327157914041038
Chana dal,puducherry,2025-12,-0.0029886258003699595,-0.003986995104158453
Chana dal,punjab,2025-02,-0.02173614289017678,-0.02855017994150888
Chana dal,punjab,2025-03,-0.020077835970973013,-0.028093390623626036
Chana dal,punjab,2025-04,-0.014950918806130531,0.001891018229601471
Chana dal,punjab,2025-05,-0.00612915526115998,-0.008888947417245774
Chana dal,punjab,2025-06,-0.003666548088739674,-0.010386822570518817
Chana dal,punjab,2025-07,-0.001078184148223471,-0.0125467040902274
Chana dal,punjab,2025-08,0.011527496882226984,0.013661136098582105
Chana dal,punjab,2025-09,0.0003037075970846459,-0.00243309122464197
Chana dal,punjab,2025-10,-0.0034925812768911157,-0.0089723277275775
Chana dal,punjab,2025-11,-0.0010178250633403607,-0.014442173858335572
Chana dal,punjab,2025-12,-0.0029886258003699595,-0.0005196695018998554
Chana dal,rajasthan,2025-02,-0.02173614289017678,-0.0417525405611876
Chana dal,rajasthan,2025-03,-0.020077835970973013,-0.047667199424807905
Chana dal,rajasthan,2025-04,-0.014950918806130531,-0.016764318342055162
Chana dal,rajasthan,2025-05,-0.00612915526115998,-0.007733658308964664
Chana dal,rajasthan,2025-06,-0.003666548088739674,-0.013460906681839191
Chana dal,rajasthan,2025-07,-0.001078184148223471,0.007512692529027198
Chana dal,rajasthan,2025-08,0.011527496882226984,0.02156851677181404
Chana dal,rajasthan,2025-09,0.0003037075970846459,0.0006367399132676255
Chana dal,rajasthan,2025-10,-0.0034925812768911157,-0.01809180641646524
Chana dal,rajasthan,2025-11,-0.0010178250633403607,0.010851570358950902
Chana dal,rajasthan,2025-12,-0.0029886258003699595,-0.017898051897570433
Chana dal,sikkim,2025-02,-0.02173614289017678,-0.031083029162286557
Chana dal,sikkim,2025-03,-0.020077835970973013,0.02378668548377938
Chana dal,sikkim,2025-04,-0.014950918806130531,-0.027403996852888746
Chana dal,sikkim,2025-05,-0.00612915526115998,-0.027507386184782767
Chana dal,sikkim,2025-06,-0.003666548088739674,0.022290307088744576
Chana dal,sikkim,2025-07,-0.001078184148223471,-0.02468093696266127
Chana dal,sikkim,2025-08,0.011527496882226984,-0.015145227513265525
Chana dal,sikkim,2025-09,0.0003037075970846459,0.031949154504943955
Chana dal,sikkim,2025-10,-0.0034925812768911157,-0.00803444938281661
Chana dal,sikkim,2025-11,-0.0010178250633403607,0.00803444938281661
Chana dal,sikkim,2025-12,-0.0029886258003699595,-0.015942641709476568
Chana dal,tamil nadu,2025-02,-0.02173614289017678,-0.03673421120621434
Chana dal,tamil nadu,2025-03,-0.020077835970973013,-0.031281478711324695
Chana dal,tamil nadu,2025-04,-0.014950918806130531,-0.008549609688118132
Chana dal,tamil nadu,2025-05,-0.00612915526115998,-0.0009989012917293039
Chana dal,tamil nadu,2025-06,-0.003666548088739674,-0.00752373514479121
Chana dal,tamil nadu,2025-07,-0.001078184148223471,0.004320529202709089
Chana dal,tamil nadu,2025-08,0.011527496882226984,0.0142354700998224
Chana dal,tamil nadu,2025-09,0.0003037075970846459,-0.002275989305682735
Chana dal,tamil nadu,2025-10,-0.0034925812768911157,-0.007857218800289445
Chana dal,tamil nadu,2025-11,-0.0010178250633403607,0.00716349695491747
Chana dal,tamil nadu,2025-12,-0.0029886258003699595,-0.0020840577185303744
Chana dal,telangana,2025-02,-0.02173614289017678,-0.022778762665240926
Chana dal,telangana,2025-03,-0.020077835970973013,-0.005918010790462169
Chana dal,telangana,2025-04,-0.014950918806130531,-0.016720891184481168
Chana dal,telangana,2025-05,-0.00612915526115998,-0.012241706685415465
Chana dal,telangana,2025-06,-0.003666548088739674,0.010995481149058683
Chana dal,telangana,2025-07,-0.001078184148223471,0.0001918281225909979
Chana dal,telangana,2025-08,0.011527496882226984,0.0025860844832745755
Chana dal,telangana,2025-09,0.0003037075970846459,0.009993896533647018
Chana dal,telangana,2025-10,-0.0034925812768911157,-0.005698562291573062
Chana dal,telangana,2025-11,-0.0010178250633403607,0.003423032723347319
Chana dal,telangana,2025-12,-0.0029886258003699595,-0.013666767887853482
Chana dal,tripura,2025-02,-0.02173614289017678,-0.02970972272037642
Chana dal,tripura,2025-03,-0.020077835970973013,-0.03284289284577646
Chana dal,tripura,2025-04,-0.014950918806130531,-0.04422304234745056
Chana dal,tripura,2025-05,-0.00612915526115998,0.01943364775845513
Chana dal,tripura,2025-06,-0.003666548088739674,-0.0025826973728388936
Chana dal,tripura,2025-07,-0.001078184148223471,-0.009192710619291944
Chana dal,tripura,2025-08,0.011527496882226984,0.017216925252871995
Chana dal,tripura,2025-09,0.0003037075970846459,-0.014510292353951293
Chana dal,tripura,2025-10,-0.0034925812768911157,-0.024319771902877818
Chana dal,tripura,2025-11,-0.0010178250633403607,0.012537751515897533
Chana dal,tripura,2025-12,-0.0029886258003699595,-0.009056281687739975
Chana dal,uttar pradesh,2025-02,-0.02173614289017678,-0.029726579778193596
Chana dal,uttar pradesh,2025-03,-0.020077835970973013,-0.01481366065743206
Chana dal,uttar pradesh,2025-04,-0.014950918806130531,-0.026712773653399857
Chana dal,uttar pradesh,2025-05,-0.00612915526115998,-0.019193675689012757
Chana dal,uttar pradesh,2025-06,-0.003666548088739674,-0.008150004361924701
Chana dal,uttar pradesh,2025-07,-0.001078184148223471,-0.008113843106830387
Chana dal,uttar pradesh,2025-08,0.011527496882226984,-0.0011350153413722808
Chana dal,uttar pradesh,2025-09,0.0003037075970846459,0.0036069498578950032
Chana dal,uttar pradesh,2025-10,-0.0034925812768911157,-0.0031940679362572055
Chana dal,uttar pradesh,2025-11,-0.0010178250633403607,-0.0066266550217575215
Chana dal,uttar pradesh,2025-12,-0.0029886258003699595,0.00393987031154186
Chana dal,uttarakhand,2025-02,-0.02173614289017678,0.0017245295855534692
Chana dal,uttarakhand,2025-03,-0.020077835970973013,-0.014616136695826398
Chana dal,uttarakhand,2025-04,-0.014950918806130531,-0.020828275021806952
Chana dal,uttarakhand,2025-05,-0.00612915526115998,-0.006882599176761595
Chana dal,uttarakhand,2025-06,-0.003666548088739674,-0.023839145298349962
Chana dal,uttarakhand,2025-07,-0.001078184148223471,0.009450407846250286
Chana dal,uttarakhand,2025-08,0.011527496882226984,-0.011584259286381737
Chana dal,uttarakhand,2025-09,0.0003037075970846459,0.0109121839886539
Chana dal,uttarakhand,2025-10,-0.0034925812768911157,-0.01773216365744812
Chana dal,uttarakhand,2025-11,-0.0010178250633403607,0.003123477405201136
Chana dal,uttarakhand,2025-12,-0.0029886258003699595,0.003502289794542257
Chana dal,west bengal,2025-02,-0.02173614289017678,-0.018349138668195764
Chana dal,west bengal,2025-03,-0.020077835970973013,-0.023256862164267922
Chana dal,west bengal,2025-04,-0.014950918806130531,-0.025533302005164238
Chana dal,west bengal,2025-05,-0.00612915526115998,-0.018269320653228505
Chana dal,west bengal,2025-06,-0.003666548088739674,-0.012466419118386973
Chana dal,west bengal,2025-07,-0.001078184148223471,0.007772952010290268
Chana dal,west bengal,2025-08,0.011527496882226984,0.006642595490499836
Chana dal,west bengal,2025-09,0.0003037075970846459,0.005340596273789799
Chana dal,west bengal,2025-10,-0.0034925812768911157,-0.007094640769502725
Chana dal,west bengal,2025-11,-0.0010178250633403607,-0.011476902669116384
Chana dal,west bengal,2025-12,-0.0029886258003699595,-0.000987069471120705
Banana,andaman and nicobar islands,2025-02,-0.002255941490200364,-0.0861022033657699
Banana,andaman and nicobar islands,2025-03,0.0068714258834083886,0.03075062927818184
Banana,andaman and nicobar islands,2025-04,0.0050929684791301,-0.0034668755833653364
Banana,andaman and nicobar islands,2025-05,-0.003984315720321874,-0.04771511037346876
Banana,andaman and nicobar islands,2025-06,0.005774491525889935,-0.013138652106185589
Banana,andaman and nicobar islands,2025-07,0.0061101022080114475,-0.009062883864968896
Banana,andaman and nicobar islands,2025-08,0.00900743415546934,0.0014473278655939836
Banana,andaman and nicobar islands,2025-09,-0.01564548527987686,-0.032122001787971755
Banana,andaman and nicobar islands,2025-10,-0.01834002111555666,-0.011803978669874482
Banana,andaman and nicobar islands,2025-11,-0.017272629164448272,-0.06546007401928744
Banana,andaman and nicobar islands,2025-12,-0.0078267339083955,-0.06573011859555145
Banana,andhra pradesh,2025-02,-0.002255941490200364,0.043786265404062163
Banana,andhra pradesh,2025-03,0.0068714258834083886,0.03138435477507873
Banana,andhra pradesh,2025-04,0.0050929684791301,0.02035718027540412
Banana,andhra pradesh,2025-05,-0.003984315720321874,0.02013647995897383
Banana,andhra pradesh,2025-06,0.005774491525889935,-0.0023207251074817137
Banana,andhra pradesh,2025-07,0.0061101022080114475,0.024148444247540368
Banana,andhra pradesh,2025-08,0.00900743415546934,-0.012506438969170475
Banana,andhra pradesh,2025-09,-0.01564548527987686,-0.0033124800255395215
Banana,andhra pradesh,2025-10,-0.01834002111555666,0.006522461229122811
Banana,andhra pradesh,2025-11,-0.017272629164448272,0.001372558206057306
Banana,andhra pradesh,2025-12,-0.0078267339083955,-0.03773681102318882
Banana,arunachal pradesh,2025-02,-0.002255941490200364,-0.004114341013933931
Banana,arunachal pradesh,2025-03,0.0068714258834083886,0.006704177359515562
Banana,arunachal pradesh,2025-04,0.0050929684791301,0.022800902528619105
Banana,arunachal pradesh,2025-05,-0.003984315720321874,0.05681892482618078
Banana,arunachal pradesh,2025-06,0.005774491525889935,0.06015617190858524
Banana,arunachal pradesh,2025-07,0.0061101022080114475,-0.040349641785002
Banana,arunachal pradesh,2025-08,0.00900743415546934,-0.005086580467336788
Banana,arunachal pradesh,2025-09,-0.01564548527987686,-0.010449621899697448
Banana,arunachal pradesh,2025-10,-0.01834002111555666,-0.03294178495167799
Banana,arunachal pradesh,2025-11,-0.017272629164448272,0.01150666939527678
Banana,arunachal pradesh,2025-12,-0.0078267339083955,0.011375770734471935
Banana,assam,2025-02,-0.002255941490200364,0.005487519894823656
Banana,assam,2025-03,0.0068714258834083886,0.01676477076349414
Banana,assam,2025-04,0.0050929684791301,-0.0037548785271370733
Banana,assam,2025-05,-0.003984315720321874,-0.0012547658612653834
Banana,assam,2025-06,0.005774491525889935,0.004913541365888285
Banana,assam,2025-07,0.0061101022080114475,0.04326015386279547
Banana,assam,2025-08,0.00900743415546934,0.010619892907183015
Banana,assam,2025-09,-0.01564548527987686,-0.0020054701343212855
Banana,assam,2025-10,-0.01834002111555666,0.021752741819793364
Banana,assam,2025-11,-0.017272629164448272,0.08009765121905765
Banana,assam,2025-12,-0.0078267339083955,-0.02799664740232366
Banana,bihar,2025-02,-0.002255941490200364,0.03166407060030707
Banana,bihar,2025-03,0.0068714258834083886,0.0778041148695392
Banana,bihar,2025-04,0.0050929684791301,0.049899119093170796
Banana,bihar,2025-05,-0.003984315720321874,-0.011612374439647688
Banana,bihar,2025-06,0.005774491525889935,0.020897662939320938
Banana,bihar,2025-07,0.0061101022080114475,0.0062942055003629704
Banana,bihar,2025-08,0.00900743415546934,-0.014656303387939218
Banana,bihar,2025-09,-0.01564548527987686,-0.018439710406629395
Banana,bihar,2025-10,-0.01834002111555666,-0.015821465926629585
Banana,bihar,2025-11,-0.017272629164448272,-0.04143094612742182
Banana,bihar,2025-12,-0.0078267339083955,-0.06656439320421903
Banana,chandigarh,2025-02,-0.002255941490200364,0.084910202561014
Banana,chandigarh,2025-03,0.0068714258834083886,-0.0426376311513712
Banana,chandigarh,2025-04,0.0050929684791301,0.09659052665771473
Banana,chandigarh,2025-05,-0.003984315720321874,-0.050088429600804396
Banana,chandigarh,2025-06,0.005774491525889935,0.06887997706193527
Banana,chandigarh,2025-07,0.0061101022080114475,-0.028502107491111595
Banana,chandigarh,2025-08,0.00900743415546934,0.010873090900903826
Banana,chandigarh,2025-09,-0.01564548527987686,-0.011415341253097289
Banana,chandigarh,2025-10,-0.01834002111555666,-0.01127284664790551
Banana,chandigarh,2025-11,-0.017272629164448272,-0.02846870361811238
Banana,chandigarh,2025-12,-0.0078267339083955,-0.0209113218138528
Banana,chhattisgarh,2025-02,-0.002255941490200364,-0.010030790348221075
Banana,chhattisgarh,2025-03,0.0068714258834083886,0.0647249557686651
Banana,chhattisgarh,2025-04,0.0050929684791301,-0.018883177397802875
Banana,chhattisgarh,2025-05,-0.003984315720321874,0.034572775046357584
Banana,chhattisgarh,2025-06,0.005774491525889935,-0.023822085107259028
Banana,chhattisgarh,2025-07,0.0061101022080114475,0.005912302174889916
Banana,chhattisgarh,2025-08,0.00900743415546934,0.0234945387985519
Banana,chhattisgarh,2025-09,-0.01564548527987686,-0.03271745743438004
Banana,chhattisgarh,2025-10,-0.01834002111555666,0.0013645226288732104
Banana,chhattisgarh,2025-11,-0.017272629164448272,-0.02195942702148912
Banana,chhattisgarh,2025-12,-0.0078267339083955,-0.027351959938640036
Banana,delhi,2025-02,-0.002255941490200364,0.03468439212731855
Banana,delhi,2025-03,0.0068714258834083886,0.02708020212752693
Banana,delhi,2025-04,0.0050929684791301,-0.014866911340333466
Banana,delhi,2025-05,-0.003984315720321874,-0.0271896090395769
Banana,delhi,2025-06,0.005774491525889935,0.018734977474651693
Banana,delhi,2025-07,0.0061101022080114475,0.036829436178799746
Banana,delhi,2025-08,0.00900743415546934,0.022487657869785238
Banana,delhi,2025-09,-0.01564548527987686,-0.009253699719998565
Banana,delhi,2025-10,-0.01834002111555666,-0.0025386690330391204
Banana,delhi,2025-11,-0.017272629164448272,-0.06044223400649518
Banana,delhi,2025-12,-0.0078267339083955,-0.020510948903790904
Banana,dnh and dd,2025-02,-0.002255941490200364,0.020163348085806554
Banana,dnh and dd,2025-03,0.0068714258834083886,0.02936217394797236
Banana,dnh and dd,2025-04,0.0050929684791301,-0.010164793402882566
Banana,dnh and dd,2025-05,-0.003984315720321874,-0.03906558376181479
Banana,dnh and dd,2025-06,0.005774491525889935,0.06760164908700261
Banana,dnh and dd,2025-07,0.0061101022080114475,-0.010907854499941472
Banana,dnh and dd,2025-08,0.00900743415546934,0.013937186233206944
Banana,dnh and dd,2025-09,-0.01564548527987686,0.04892109706650949
Banana,dnh and dd,2025-10,-0.01834002111555666,-0.050296928514905304
Banana,dnh and dd,2025-11,-0.017272629164448272,-0.008943036600488341
Banana,dnh and dd,2025-12,-0.0078267339083955,-0.011081735606686571
Banana,goa,2025-02,-0.002255941490200364,-0.035569394771903795
Banana,goa,2025-03,0.0068714258834083886,0.05817441867583284
Banana,goa,2025-04,0.0050929684791301,-0.01880185620122976
Banana,goa,2025-05,-0.003984315720321874,0.01406596392519166
Banana,goa,2025-06,0.005774491525889935,0.004735892276038101
Banana,goa,2025-07,0.0061101022080114475,0.019791937882440713
Banana,goa,2025-08,0.00900743415546934,0.05156049545794428
Banana,goa,2025-09,-0.01564548527987686,0.010519768799820639
Banana,goa,2025-10,-0.01834002111555666,-0.05188830294457958
Banana,goa,2025-11,-0.017272629164448272,0.005627377903158148
Banana,goa,2025-12,-0.0078267339083955,-0.0031615025893820814
Banana,gujarat,2025-02,-0.002255941490200364,0.02355622512444011
Banana,gujarat,2025-03,0.0068714258834083886,0.03513196663777496
Banana,gujarat,2025-04,0.0050929684791301,0.007840954630406571
Banana,gujarat,2025-05,-0.003984315720321874,-0.040912177690175966
Banana,gujarat,2025-06,0.005774491525889935,0.0476645244560876
Banana,gujarat,2025-07,0.0061101022080114475,0.01346165247994957
Banana,gujarat,2025-08,0.00900743415546934,0.016644188531072857
Banana,gujarat,2025-09,-0.01564548527987686,-0.027958414762146333
Banana,gujarat,2025-10,-0.01834002111555666,-0.04893007322877185
Banana,gujarat,2025-11,-0.017272629164448272,-0.0073728522726099754
Banana,gujarat,2025-12,-0.0078267339083955,-0.020635732001657914
Banana,haryana,2025-02,-0.002255941490200364,0.017664005734346233
Banana,haryana,2025-03,0.0068714258834083886,0.025464578508838542
Banana,haryana,2025-04,0.0050929684791301,0.03297443901963071
Banana,haryana,2025-05,-0.003984315720321874,-0.021087075264124344
Banana,haryana,2025-06,0.005774491525889935,0.03259106133449308
Banana,haryana,2025-07,0.0061101022080114475,0.03798289133561017
Banana,haryana,2025-08,0.00900743415546934,0.04093869359300584
Banana,haryana,2025-09,-0.01564548527987686,-0.11779432851985838
Banana,haryana,2025-10,-0.01834002111555666,-0.020847995131003216
Banana,haryana,2025-11,-0.017272629164448272,0.01391273020958117
Banana,haryana,2025-12,-0.0078267339083955,-0.0565264908774088
Banana,himachal pradesh,2025-02,-0.002255941490200364,0.026590072786946806
Banana,himachal pradesh,2025-03,0.0068714258834083886,0.04908528000453849
Banana,himachal pradesh,2025-04,0.0050929684791301,-0.006017874423307923
Banana,himachal pradesh,2025-05,-0.003984315720321874,0.01619508331395103
Banana,himachal pradesh,2025-06,0.005774491525889935,-0.020359690225582483
Banana,himachal pradesh,2025-07,0.0061101022080114475,0.053020736317408
Banana,himachal pradesh,2025-08,0.00900743415546934,-0.01989121018673501
Banana,himachal pradesh,2025-09,-0.01564548527987686,0.04133325474938854
Banana,himachal pradesh,2025-10,-0.01834002111555666,0.0009219139585390224
Banana,himachal pradesh,2025-11,-0.017272629164448272,-0.021233802062607943
Banana,himachal pradesh,2025-12,-0.0078267339083955,-0.03281806117349628
Banana,jammu and kashmir,2025-02,-0.002255941490200364,0.02174970287369593
Banana,jammu and kashmir,2025-03,0.0068714258834083886,0.02138287320789356
Banana,jammu and kashmir,2025-04,0.0050929684791301,-0.03195035093605014
Banana,jammu and kashmir,2025-05,-0.003984315720321874,0.004754367117273617
Banana,jammu and kashmir,2025-06,0.005774491525889935,0.00846211878246006
Banana,jammu and kashmir,2025-07,0.0061101022080114475,-0.013117205681235866
Banana,jammu and kashmir,2025-08,0.00900743415546934,-0.007973729080891445
Banana,jammu and kashmir,2025-09,-0.01564548527987686,0.02802354076328406
Banana,jammu and kashmir,2025-10,-0.01834002111555666,-0.012237658230850101
Banana,jammu and kashmir,2025-11,-0.017272629164448272,-0.05174962178963227
Banana,jammu and kashmir,2025-12,-0.0078267339083955,-0.018848725558667567
Banana,jharkhand,2025-02,-0.002255941490200364,-0.014859114403749984
Banana,jharkhand,2025-03,0.0068714258834083886,0.11996675359038367
Banana,jharkhand,2025-04,0.0050929684791301,0.001989673307869033
Banana,jharkhand,2025-05,-0.003984315720321874,0.03011461428114437
Banana,jharkhand,2025-06,0.005774491525889935,-0.03991162040074503
Banana,jharkhand,2025-07,0.0061101022080114475,0.05341301140661958
Banana,jharkhand,2025-08,0.00900743415546934,-0.043142856472893065
Banana,jharkhand,2025-09,-0.01564548527987686,-0.027041632386882952
Banana,jharkhand,2025-10,-0.01834002111555666,0.015623810915556646
Banana,jharkhand,2025-11,-0.017272629164448272,-0.06289394118646374
Banana,jharkhand,2025-12,-0.0078267339083955,-0.0670076833874802
Banana,karnataka,2025-02,-0.002255941490200364,0.03898864648443112
Banana,karnataka,2025-03,0.0068714258834083886,0.03136814460434589
Banana,karnataka,2025-04,0.0050929684791301,-0.0011990962097172542
Banana,karnataka,2025-05,-0.003984315720321874,-0.04126433199248947
Banana,karnataka,2025-06,0.005774491525889935,0.03645351690410248
Banana,karnataka,2025-07,0.0061101022080114475,0.05353505316094953
Banana,karnataka,2025-08,0.00900743415546934,0.05047984829945218
Banana,karnataka,2025-09,-0.01564548527987686,-0.021798767862801327
Banana,karnataka,2025-10,-0.01834002111555666,-0.057394600086464465
Banana,karnataka,2025-11,-0.017272629164448272,-0.04118391996756454
Banana,karnataka,2025-12,-0.0078267339083955,-0.02259498383590941
Banana,kerala,2025-02,-0.002255941490200364,0.03183625179190219
Banana,kerala,2025-03,0.0068714258834083886,-0.044137790825711676
Banana,kerala,2025-04,0.0050929684791301,0.013998180092313461
Banana,kerala,2025-05,-0.003984315720321874,-0.04038769318245361
Banana,kerala,2025-06,0.005774491525889935,-0.06217025130561904
Banana,kerala,2025-07,0.0061101022080114475,0.015469509867002351
Banana,kerala,2025-08,0.00900743415546934,-0.01022408757394011
Banana,kerala,2025-09,-0.01564548527987686,-0.05058549678810653
Banana,kerala,2025-10,-0.01834002111555666,-0.0980064214621379
Banana,kerala,2025-11,-0.017272629164448272,-0.0008674908373116352
Banana,kerala,2025-12,-0.0078267339083955,-0.012444216914341943
Banana,ladakh,2025-02,-0.002255941490200364,0.07329610310812029
Banana,ladakh,2025-03,0.0068714258834083886,-0.015705107178975553
Banana,ladakh,2025-04,0.0050929684791301,-0.03136650729532242
Banana,ladakh,2025-05,-0.003984315720321874,-0.0269577608939926
Banana,ladakh,2025-06,0.005774491525889935,-0.0363201009659786
Banana,ladakh,2025-07,0.0061101022080114475,0.0
Banana,ladakh,2025-08,0.00900743415546934,0.0363201009659786
Banana,ladakh,2025-09,-0.01564548527987686,0.02095980190709401
Banana,ladakh,2025-10,-0.01834002111555666,-0.02095980190709401
Banana,ladakh,2025-11,-0.017272629164448272,0.02095980190709401
Banana,ladakh,2025-12,-0.0078267339083955,-0.05727990287307261
Banana,lakshadweep,2025-02,-0.002255941490200364,0.021151532402916118
Banana,lakshadweep,2025-03,0.0068714258834083886,-0.03272183412091323
Banana,lakshadweep,2025-04,0.0050929684791301,0.010301381036539325
Banana,lakshadweep,2025-05,-0.003984315720321874,-0.005091845880352608
Banana,lakshadweep,2025-06,0.005774491525889935,0.012141129477309498
Banana,lakshadweep,2025-07,0.0061101022080114475,0.0009901436517107953
Banana,lakshadweep,2025-08,0.00900743415546934,-0.013952029182573433
Banana,lakshadweep,2025-09,-0.01564548527987686,-0.005213823839354426
Banana,lakshadweep,2025-10,-0.01834002111555666,-0.09115521395786885
Banana,lakshadweep,2025-11,-0.017272629164448272,-0.04531519621204261
Banana,lakshadweep,2025-12,-0.0078267339083955,-0.022107394130106428
Banana,madhya pradesh,2025-02,-0.002255941490200364,0.03731967101853417
Banana,madhya pradesh,2025-03,0.0068714258834083886,0.09161737291682481
Banana,madhya pradesh,2025-04,0.0050929684791301,-0.01904467285799072
Banana,madhya pradesh,2025-05,-0.003984315720321874,-0.019985582243100986
Banana,madhya pradesh,2025-06,0.005774491525889935,0.03103131574776352
Banana,madhya pradesh,2025-07,0.0061101022080114475,-0.015348424643662817
Banana,madhya pradesh,2025-08,0.00900743415546934,0.016639937738312405
Banana,madhya pradesh,2025-09,-0.01564548527987686,-0.0974328329939187
Banana,madhya pradesh,2025-10,-0.01834002111555666,-0.05784013827029
Banana,madhya pradesh,2025-11,-0.017272629164448272,-0.030835594165952607
Banana,madhya pradesh,2025-12,-0.0078267339083955,-0.07695659916931419
Banana,maharashtra,2025-02,-0.002255941490200364,0.025232291249367655
Banana,maharashtra,2025-03,0.0068714258834083886,0.0299568250826443
Banana,maharashtra,2025-04,0.0050929684791301,-0.014479804216518843
Banana,maharashtra,2025-05,-0.003984315720321874,0.0018335348924418682
Banana,maharashtra,2025-06,0.005774491525889935,0.017868709147959905
Banana,maharashtra,2025-07,0.0061101022080114475,0.004441301890560467
Banana,maharashtra,2025-08,0.00900743415546934,0.018496557215430975
Banana,maharashtra,2025-09,-0.01564548527987686,-0.0053828436237397526
Banana,maharashtra,2025-10,-0.01834002111555666,-0.03919093507441129
Banana,maharashtra,2025-11,-0.017272629164448272,-0.03475956690884541
Banana,maharashtra,2025-12,-0.0078267339083955,-0.01098192488762173
Banana,manipur,2025-02,-0.002255941490200364,-0.0010431979702758554
Banana,manipur,2025-03,0.0068714258834083886,-0.027317270427455576
Banana,manipur,2025-04,0.0050929684791301,0.0388268314439939
Banana,manipur,2025-05,-0.003984315720321874,0.010265114400294983
Banana,manipur,2025-06,0.005774491525889935,0.08435411890783229
Banana,manipur,2025-07,0.0061101022080114475,0.04594580244635438
Banana,manipur,2025-08,0.00900743415546934,-0.0057213069836086206
Banana,manipur,2025-09,-0.01564548527987686,0.04079576466805879
Banana,manipur,2025-10,-0.01834002111555666,0.0961825493438786
Banana,manipur,2025-11,-0.017272629164448272,-0.06916646752939748
Banana,manipur,2025-12,-0.0078267339083955,-0.04680454490502495
Banana,meghalaya,2025-02,-0.002255941490200364,-0.010266341069324447
Banana,meghalaya,2025-03,0.0068714258834083886,0.035526873644795565
Banana,meghalaya,2025-04,0.0050929684791301,0.06486423130493435
Banana,meghalaya,2025-05,-0.003984315720321874,-0.04824948691441211
Banana,meghalaya,2025-06,0.005774491525889935,-0.012805923770338623
Banana,meghalaya,2025-07,0.0061101022080114475,0.010147688555463219
Banana,meghalaya,2025-08,0.00900743415546934,-0.04179768834460962
Banana,meghalaya,2025-09,-0.01564548527987686,0.00961957987010198
Banana,meghalaya,2025-10,-0.01834002111555666,-0.017401720312157032
Banana,meghalaya,2025-11,-0.017272629164448272,0.0011567381278236866
Banana,meghalaya,2025-12,-0.0078267339083955,-0.03200978031445878
Banana,mizoram,2025-02,-0.002255941490200364,0.04198195566605989
Banana,mizoram,2025-03,0.0068714258834083886,-0.012216976538537594
Banana,mizoram,2025-04,0.0050929684791301,0.008001199479341636
Banana,mizoram,2025-05,-0.003984315720321874,-0.007904417480717463
Banana,mizoram,2025-06,0.005774491525889935,0.005597389638291261
Banana,mizoram,2025-07,0.0061101022080114475,-0.0046300844748428105
Banana,mizoram,2025-08,0.00900743415546934,-0.015393912716897162
Banana,mizoram,2025-09,-0.01564548527987686,-0.00226077650722889
Banana,mizoram,2025-10,-0.01834002111555666,-0.03657905680903539
Banana,mizoram,2025-11,-0.017272629164448272,0.023404679743566525
Banana,mizoram,2025-12,-0.0078267339083955,0.008835119763673127
Banana,nagaland,2025-02,-0.002255941490200364,-0.005501435853117798
Banana,nagaland,2025-03,0.0068714258834083886,-0.0010290472866545386
Banana,nagaland,2025-04,0.0050929684791301,0.2032540613912195
Banana,nagaland,2025-05,-0.003984315720321874,0.024073909089869616
Banana,nagaland,2025-06,0.005774491525889935,0.06453386077327039
Banana,nagaland,2025-07,0.0061101022080114475,0.01243546540132101
Banana,nagaland,2025-08,0.00900743415546934,-0.04859341467749889
Banana,nagaland,2025-09,-0.01564548527987686,-0.029345735139820306
Banana,nagaland,2025-10,-0.01834002111555666,-0.03478215301332099
Banana,nagaland,2025-11,-0.017272629164448272,-0.00923883750219101
Banana,nagaland,2025-12,-0.0078267339083955,0.1596288669511301
Banana,odisha,2025-02,-0.002255941490200364,-0.015743619237086115
Banana,odisha,2025-03,0.0068714258834083886,0.029772697380758828
Banana,odisha,2025-04,0.0050929684791301,0.0663273646252378
Banana,odisha,2025-05,-0.003984315720321874,0.014492346795131894
Banana,odisha,2025-06,0.005774491525889935,-0.026964216156777354
Banana,odisha,2025-07,0.0061101022080114475,-0.01905177046639217
Banana,odisha,2025-08,0.00900743415546934,-0.040707510517295376
Banana,odisha,2025-09,-0.01564548527987686,0.018189431667396505
Banana,odisha,2025-10,-0.01834002111555666,-0.0406443445064637
Banana,odisha,2025-11,-0.017272629164448272,0.01750832578396455
Banana,odisha,2025-12,-0.0078267339083955,-0.011169957564422184
Banana,puducherry,2025-02,-0.002255941490200364,0.004341398037330357
Banana,puducherry,2025-03,0.0068714258834083886,0.017566568628984314
Banana,puducherry,2025-04,0.0050929684791301,0.029078744587829775
Banana,puducherry,2025-05,-0.003984315720321874,-0.04075543656489167
Banana,puducherry,2025-06,0.005774491525889935,0.07083776416878518
Banana,puducherry,2025-07,0.0061101022080114475,0.027785809473794387
Banana,puducherry,2025-08,0.00900743415546934,-0.10737270785004505
Banana,puducherry,2025-09,-0.01564548527987686,0.012754023565255679
Banana,puducherry,2025-10,-0.01834002111555666,0.009894347864260133
Banana,puducherry,2025-11,-0.017272629164448272,-0.006391035600773698
Banana,puducherry,2025-12,-0.0078267339083955,-0.02011547980432038
Banana,punjab,2025-02,-0.002255941490200364,0.049501225092503987
Banana,punjab,2025-03,0.0068714258834083886,-0.022849132707725595
Banana,punjab,2025-04,0.0050929684791301,0.027512051589717146
Banana,punjab,2025-05,-0.003984315720321874,-0.016022226297256026
Banana,punjab,2025-06,0.005774491525889935,0.0289256311331636
Banana,punjab,2025-07,0.0061101022080114475,-0.002490661312451792
Banana,punjab,2025-08,0.00900743415546934,-0.03942023430318553
Banana,punjab,2025-09,-0.01564548527987686,-0.019036683052981118
Banana,punjab,2025-10,-0.01834002111555666,-0.014441793479276654
Banana,punjab,2025-11,-0.017272629164448272,0.02183760248042166
Banana,punjab,2025-12,-0.0078267339083955,-0.019570495161489454
Banana,rajasthan,2025-02,-0.002255941490200364,-0.028368401828880785
Banana,rajasthan,2025-03,0.0068714258834083886,0.11266419449747644
Banana,rajasthan,2025-04,0.0050929684791301,-0.0959555493007489
Banana,rajasthan,2025-05,-0.003984315720321874,0.14330166989794701
Banana,rajasthan,2025-06,0.005774491525889935,-0.05126385332610006
Banana,rajasthan,2025-07,0.0061101022080114475,-0.025342971230853273
Banana,rajasthan,2025-08,0.00900743415546934,-0.015213275155741002
Banana,rajasthan,2025-09,-0.01564548527987686,-0.08529408061251686
Banana,rajasthan,2025-10,-0.01834002111555666,-0.058317879829469454
Banana,rajasthan,2025-11,-0.017272629164448272,-0.08208979129526117
Banana,rajasthan,2025-12,-0.0078267339083955,0.0358506414027735
Banana,sikkim,2025-02,-0.002255941490200364,0.027606252344027027
Banana,sikkim,2025-03,0.0068714258834083886,-0.03500480638865877
Banana,sikkim,2025-04,0.0050929684791301,-0.021504023674880024
Banana,sikkim,2025-05,-0.003984315720321874,-0.0031835713666144017
Banana,sikkim,2025-06,0.005774491525889935,0.03059085897050373
Banana,sikkim,2025-07,0.0061101022080114475,0.006859896662955833
Banana,sikkim,2025-08,0.00900743415546934,-0.021228393043896787
Banana,sikkim,2025-09,-0.01564548527987686,0.012671126895492435
Banana,sikkim,2025-10,-0.01834002111555666,0.026039542075348976
Banana,sikkim,2025-11,-0.017272629164448272,0.026137742411145304
Banana,sikkim,2025-12,-0.0078267339083955,-0.004086875431335457
Banana,tamil nadu,2025-02,-0.002255941490200364,0.05034438498347793
Banana,tamil nadu,2025-03,0.0068714258834083886,0.006052915537273051
Banana,tamil nadu,2025-04,0.0050929684791301,-0.04343458166334724
Banana,tamil nadu,2025-05,-0.003984315720321874,-0.0063224657394869155
Banana,tamil nadu,2025-06,0.005774491525889935,0.013331095893963862
Banana,tamil nadu,2025-07,0.0061101022080114475,0.005878380029366248
Banana,tamil nadu,2025-08,0.00900743415546934,-0.008057623604977415
Banana,tamil nadu,2025-09,-0.01564548527987686,-0.009039919115209294
Banana,tamil nadu,2025-10,-0.01834002111555666,-0.010048482798879377
Banana,tamil nadu,2025-11,-0.017272629164448272,-0.011367994208781873
Banana,tamil nadu,2025-12,-0.0078267339083955,0.014605590117627187
Banana,telangana,2025-02,-0.002255941490200364,0.033486582916873786
Banana,telangana,2025-03,0.0068714258834083886,0.012440351826587204
Banana,telangana,2025-04,0.0050929684791301,-0.013692941478245402
Banana,telangana,2025-05,-0.003984315720321874,0.016921201023254007
Banana,telangana,2025-06,0.005774491525889935,0.038129967781583396
Banana,telangana,2025-07,0.0061101022080114475,0.01853327919282055
Banana,telangana,2025-08,0.00900743415546934,0.008651113040812675
Banana,telangana,2025-09,-0.01564548527987686,-0.036074969102235066
Banana,telangana,2025-10,-0.01834002111555666,-9.20683147542789e-05
Banana,telangana,2025-11,-0.017272629164448272,0.027874154722117517
Banana,telangana,2025-12,-0.0078267339083955,-0.014521111978761603
Banana,tripura,2025-02,-0.002255941490200364,0.04798576675375621
Banana,tripura,2025-03,0.0068714258834083886,0.01640616765551517
Banana,tripura,2025-04,0.0050929684791301,-0.08687545038978417
Banana,tripura,2025-05,-0.003984315720321874,-0.02241180392737796
Banana,tripura,2025-06,0.005774491525889935,-0.0492710490067827
Banana,tripura,2025-07,0.0061101022080114475,0.10154992505305493
Banana,tripura,2025-08,0.00900743415546934,0.04470679387427268
Banana,tripura,2025-09,-0.01564548527987686,-0.007418365342865663
Banana,tripura,2025-10,-0.01834002111555666,-0.01700936692623145
Banana,tripura,2025-11,-0.017272629164448272,0.03602540110651198
Banana,tripura,2025-12,-0.0078267339083955,0.08791317955599709
Banana,uttar pradesh,2025-02,-0.002255941490200364,0.06405499289900884
Banana,uttar pradesh,2025-03,0.0068714258834083886,0.05866866395412007
Banana,uttar pradesh,2025-04,0.0050929684791301,-0.0036975286749054703
Banana,uttar pradesh,2025-05,-0.003984315720321874,-0.010627285631057859
Banana,uttar pradesh,2025-06,0.005774491525889935,-0.009357866453308716
Banana,uttar pradesh,2025-07,0.0061101022080114475,0.002025783381549573
Banana,uttar pradesh,2025-08,0.00900743415546934,-0.022888978411382155
Banana,uttar pradesh,2025-09,-0.01564548527987686,-0.09005343250724707
Banana,uttar pradesh,2025-10,-0.01834002111555666,-0.09036875276478362
Banana,uttar pradesh,2025-11,-0.017272629164448272,-0.07124188395808151
Banana,uttar pradesh,2025-12,-0.0078267339083955,0.0216736017799386
Banana,uttarakhand,2025-02,-0.002255941490200364,-0.047663749632227415
Banana,uttarakhand,2025-03,0.0068714258834083886,0.10419311667421294
Banana,uttarakhand,2025-04,0.0050929684791301,-0.0024929609882669013
Banana,uttarakhand,2025-05,-0.003984315720321874,0.014227602427205
Banana,uttarakhand,2025-06,0.005774491525889935,0.0033665470129093933
Banana,uttarakhand,2025-07,0.0061101022080114475,-0.031370779878942656
Banana,uttarakhand,2025-08,0.00900743415546934,0.002807938947145594
Banana,uttarakhand,2025-09,-0.01564548527987686,-0.021445250548870476
Banana,uttarakhand,2025-10,-0.01834002111555666,-0.05546345061670621
Banana,uttarakhand,2025-11,-0.017272629164448272,-0.032729261418754874
Banana,uttarakhand,2025-12,-0.0078267339083955,0.012952877848055877
Banana,west bengal,2025-02,-0.002255941490200364,0.03590414474195125
Banana,west bengal,2025-03,0.0068714258834083886,0.034947431468375534
Banana,west bengal,2025-04,0.0050929684791301,0.003925516075419466
Banana,west bengal,2025-05,-0.003984315720321874,-0.013661940414510632
Banana,west bengal,2025-06,0.005774491525889935,0.016810347346654986
Banana,west bengal,2025-07,0.0061101022080114475,-0.011785696713345395
Banana,west bengal,2025-08,0.00900743415546934,-0.011243697011186882
Banana,west bengal,2025-09,-0.01564548527987686,-0.010583146303281055
Banana,west bengal,2025-10,-0.01834002111555666,9.850760979190909e-05
Banana,west bengal,2025-11,-0.017272629164448272,-0.007117467768863683
Banana,west bengal,2025-12,-0.0078267339083955,-0.0285791235533015
