op,h,RW,T12,CLIM,SEAS,SEASC,MR,AR1,KALMAN,PANEL,ENS,actual,origin,test,mode
48,1,0.002510569948220666,0.007380221411533499,0.006130377969734071,0.004750794311276167,0.00350095086947674,0.007380221411533499,0.007380221411533499,0.007380221411533499,0.007380221411533499,0.007380221411533499,-0.002510569948220666,2018-01,False,all
48,2,0.003298904965869304,0.013038207892494968,0.010538521008896112,0.009463096569479416,0.006963409685880565,0.013038207892494968,0.013038207892494968,0.013038207892494968,0.013038207892494968,0.013038207892494968,-0.003298904965869304,2018-01,False,all
48,3,0.0004056942113045899,0.015014648601243087,0.011265118275844803,0.012496891952550111,0.008747361627151824,0.015014648601243087,0.015014648601243087,0.015014648601243087,0.015014648601243087,0.015014648601243087,-0.0004056942113045899,2018-01,False,all
49,1,0.0007883350176486358,0.005114392660809424,0.004283033284677674,0.0041795927249006545,0.003348233348768901,0.005114392660809424,0.005114392660809424,0.005114392660809424,0.005114392660809424,0.005114392660809424,-0.0007883350176486358,2018-02,False,all
49,2,-0.002104875736916076,0.0065472395494055044,0.004884520797141998,0.006661909389791012,0.004999190637527507,0.0065472395494055044,0.0065472395494055044,0.0065472395494055044,0.0065472395494055044,0.0065472395494055044,0.002104875736916076,2018-02,False,all
49,3,-0.0065779114135976835,0.006400261515884684,0.003906183387489428,0.00795765669750241,0.005463578569107154,0.006400261515884684,0.006400261515884684,0.006400261515884684,0.006400261515884684,0.006400261515884684,0.0065779114135976835,2018-02,False,all
50,1,-0.002893210754564712,0.0009860724123875876,0.0005158268467707721,0.0020505313672638937,0.0015802858016470782,0.0009860724123875876,0.0009860724123875876,0.0009860724123875876,0.0009860724123875876,0.0009860724123875876,0.002893210754564712,2018-03,False,all
50,2,-0.007366246431246322,0.0003923199026582769,-0.0005481712285753514,0.002890085715474044,0.0019495945842404152,0.0003923199026582769,0.0003923199026582769,0.0003923199026582769,0.0003923199026582769,0.0003923199026582769,0.007366246431246322,2018-03,False,all
50,3,-0.012757910883044786,-0.0011200613821878884,-0.0025307980790383365,0.0030178514774924265,0.001607114780641984,-0.0011200613821878884,-0.0011200613821878884,-0.0011200613821878884,-0.0011200613821878884,-0.0011200613821878884,0.012757910883044786,2018-03,False,all
51,1,-0.004473035676681606,-0.00045571586042366877,-0.0010741123272435902,0.0009889317006904692,0.0003705352338705473,-0.0007543038806203399,-0.00014823017927569727,-0.0007098575744862439,0.0005240087268696365,3.414643322298415e-05,0.004473035676681606,2018-04,False,all
51,2,-0.009864700128480073,-0.0018300604959641956,-0.003066853429604038,0.0012593459621915253,2.2553028551680882e-05,-0.0018300604959641956,-0.0018300604959641956,-0.0018300604959641956,-0.0018300604959641956,-0.0018300604959641956,0.009864700128480073,2018-04,False,all
51,3,-0.018524400128314487,-0.0064724406795406714,-0.00832763008000044,0.0006502982002674572,-0.0012048912001923087,-0.0064724406795406714,-0.0064724406795406714,-0.0064724406795406714,-0.0064724406795406714,-0.0064724406795406714,0.018524400128314487,2018-04,False,all
52,1,-0.005391664451798467,-0.0010742610393535807,-0.0019720850960673023,0.0005925811955720478,-0.000305242861141674,-0.0014068473504075228,-0.0013203689198609285,-0.0016354073309589035,-0.0010131530881349036,-0.001043707063744242,0.005391664451798467,2018-05,False,all
52,2,-0.014051364451632879,-0.005416557626743112,-0.007212205740170557,0.00032296180648507753,-0.0014726863069423654,-0.005259824188080844,-0.006134907485558088,-0.00653884906988191,-0.004213962811637101,-0.004815260219190105,0.014051364451632879,2018-05,False,all
52,3,-0.019783018742330433,-0.006830808504995784,-0.00952428067513695,0.0008058562041356995,-0.0018876159660054681,-0.006830808504995784,-0.006830808504995784,-0.006830808504995784,-0.006830808504995784,-0.006830808504995784,0.019783018742330433,2018-05,False,all
53,1,-0.008659699999834415,-0.004121179449032676,-0.005202911491347266,4.4902056416787594e-05,-0.001036829985897804,-0.004623828574149005,-0.005390355906029403,-0.0049022152708635,-0.005369632198030994,-0.004745405823531837,0.008659699999834415,2018-06,False,all
53,2,-0.014391354290531976,-0.005314313188928491,-0.007477777273557672,0.0008419907629947358,-0.0013214733216344462,-0.005620560869010973,-0.007500937928223629,-0.0068763865030312165,-0.006921265023479102,-0.006117789106203796,0.014391354290531976,2018-06,False,all
53,3,-0.015647227062823118,-0.002031665410417895,-0.00527686153736167,0.002119721956833661,-0.0011254741701101146,-0.0017609137811753946,-0.005038175146504664,-0.004374776216792451,-0.002493693842904771,-0.0022626796266613327,0.015647227062823118,2018-06,False,all
54,1,-0.005731654290697553,-0.0015393542998164266,-0.0021785155694076784,0.0005988130609864574,-4.03482086047937e-05,-0.0018515970519252796,-0.002347579007490288,-0.0023526966817013504,-0.001664698855992187,-0.0016020265779043068,0.005731654290697553,2018-07,False,all
54,2,-0.006987527062988704,0.0013970729187735545,0.00011875037959105187,0.0015538638570070484,0.0002755413178245472,0.000967268157287042,-0.00022301676690514232,-0.00022961182778807814,0.0005926707761612724,0.0009948718474674133,0.006987527062988704,2018-07,False,all
54,3,-0.009315073811547904,0.00326182616109548,0.0013443423523217264,0.003339141570624573,0.0014216577618508146,0.0031631358056883373,0.0008288024216619527,0.000821799049857039,0.0024684133453318066,0.0028651197532136422,0.009315073811547904,2018-07,False,all
55,1,-0.0012558727722911463,0.0020041601653565,0.0023368753229879597,2.4806740470439968e-05,0.0003575218981019018,0.0019016862408031679,0.002214652258889385,0.0015549899733016403,0.0024764180797797884,0.0022402891225681443,0.0012558727722911463,2018-08,False,all
55,2,-0.0035834195208503477,0.0029366463544449445,0.003602076669707865,0.0008742101386497487,0.0015396404539126719,0.002826575590921976,0.00288959292477778,0.002038308190667173,0.003719740434384221,0.0033281933944145844,0.0035834195208503477,2018-08,False,all
55,3,-0.0023426355377380026,0.007437463275204938,0.008435608748099323,0.004594930049078042,0.0055930755219724205,0.007318714379727297,0.006996905638702106,0.00608995713970424,0.007602958217724778,0.00752021074646486,0.0023426355377380026,2018-08,False,all
56,1,-0.0023275467485592023,0.0008697623139004691,0.0012234714302379773,0.0007691134622942136,0.0011228225786317223,0.0006562759982641545,0.0009026478311092845,0.000559761103932241,0.0009471326808364231,0.0009084474973684468,0.0023275467485592023,2018-09,False,all
56,2,-0.0010867627654468548,0.0053078553594724884,0.0060152735921475044,0.004418548910812407,0.005125967143487425,0.005262318121590537,0.0051279385125662874,0.004687854124012424,0.00558661054358121,0.00544723295152685,0.0010867627654468548,2018-09,False,all
56,3,0.009574437892035534,0.019166365079414535,0.020227492428427075,0.01282711303216759,0.013888240381180113,0.019181973959769224,0.01870400079877259,0.018236363818462383,0.01901637143652879,0.019091368257971662,-0.009574437892035534,2018-09,False,all
57,1,0.0012407839831123466,0.004163998280377719,0.004770337750852722,0.003404924579966381,0.004011264050441382,0.004274886812864525,0.003675204471594558,0.003936254192224853,0.0036141976829475006,0.0038890979816626095,-0.0012407839831123466,2018-10,False,all
57,2,0.011901984640594733,0.017748413235125472,0.018961092176075483,0.011607790964284019,0.012820469905234026,0.017841258602341488,0.016951042013960877,0.01729292419870223,0.016068088906445108,0.01690825107078529,-0.011901984640594733,2018-10,False,all
57,3,0.014595028212483499,0.023364671104279613,0.025183689515704613,0.014320543950460129,0.016139562361885133,0.023646273614831917,0.022314525569684992,0.022681437119585715,0.022252246059953126,0.022808458582116366,-0.014595028212483499,2018-10,False,all
58,1,0.010661200657482389,0.012503991613919147,0.01410850722262185,0.007095985790561931,0.00870050139926464,0.01260191115229063,0.011213548093549722,0.012771415632573217,0.010337747555969418,0.011420869584944282,-0.010661200657482389,2018-11,False,all
58,2,0.013354244229371159,0.01703982614224467,0.020248857359650086,0.008676898980193259,0.01188593019759866,0.017286819278137345,0.015636414268235622,0.017574669665277706,0.014000903772095034,0.015520364957169866,-0.013354244229371159,2018-11,False,all
58,3,0.01128268164820884,0.016811054517519127,0.021624601343627238,0.005411423296480424,0.010224970122588533,0.017029712851204335,0.015532405085793819,0.017613317544930906,0.013514176864439157,0.015162615690979141,-0.01128268164820884,2018-11,False,all
59,1,0.0026930435718887694,0.003910661399614366,0.0059012228959668435,0.0010832078960199077,0.0030737693923723886,0.003985156679315512,0.0021716209079791996,0.004637536526233418,0.0013555021647539945,0.002633081782184181,-0.0026930435718887694,2018-12,False,all
59,2,0.0006214809907264536,0.003056716646177649,0.007037839638882608,-0.002707407302489709,0.0012737156902152512,0.003183844749366108,0.0012303358908789246,0.004510460002779789,-0.0012985049980196355,0.0008791058240790068,-0.0006214809907264536,2018-12,False,all
59,3,-0.0022764427208976515,0.001376410762279139,0.007348095251336576,-0.00541905490896758,0.0005526295800898579,0.001576327199364887,0.0002211393718662284,0.00355702234886425,-0.004502309463004643,-0.0015629493503627502,0.0022764427208976515,2018-12,False,all
60,1,-0.0020715625811623156,-0.0010016666214894556,0.001038263027982982,-0.003917368069878052,-0.0018774384204056141,-0.0010040837145969706,-0.0010128977185476068,-7.57997385579502e-05,-0.0018410083568349018,-0.0014213374891621792,0.0020715625811623156,2019-01,False,all
60,2,-0.0049694862927864205,-0.002829694373440705,0.0012501649255041714,-0.006761203159086817,-0.002681343860141943,-0.0027874626244445313,-0.002224545157586801,-0.0009779632863700248,-0.00471821071888525,-0.003773952546162977,0.0049694862927864205,2019-01,False,all
60,3,-0.009450799946592429,-0.00624111206757385,-0.00012132311915654046,-0.009134913038876896,-0.0030151240904595852,-0.0061860472581644,-0.004812308400213966,-0.003463516776364129,-0.010242370196436834,-0.008241741132005345,0.009450799946592429,2019-01,False,all
61,1,-0.002897923711624106,-0.001446183374502666,0.00019488119214441902,-0.0024518354739010853,-0.0008107709072539989,-0.00147696699613658,-0.00034517164576907745,-0.0005516646126502885,-0.0012227823794145234,-0.001334482876958595,0.002897923711624106,2019-02,False,all
61,2,-0.007379237365430118,-0.004475756691187235,-0.0011936275578930634,-0.004435993122965813,-0.0011538639896716421,-0.004519992176664854,-0.002414314444458952,-0.0026867185534924696,-0.004205883731632873,-0.004340820211410053,0.007379237365430118,2019-02,False,all
61,3,-0.013807520503072898,-0.009452299491708581,-0.004529105791767325,-0.0077896953960149805,-0.0028665016960737234,-0.009466902444850694,-0.006475299420987184,-0.006768741978171352,-0.01117724341064224,-0.010314771451175413,0.013807520503072898,2019-02,False,all
62,1,-0.004481313653806008,-0.002722385089245173,-0.00139165199507207,-0.0016435530712844127,-0.0003128199771113087,-0.0028044026155484045,-0.001813446863899522,-0.0017480628037986616,-0.0024444895775576868,-0.0025834373334014302,0.004481313653806008,2019-03,False,all
62,2,-0.010909596791448796,-0.007391739662327126,-0.004730273473980916,-0.0046777412141862556,-0.0020162750258400494,-0.007522425214891291,-0.005529220965127507,-0.005443095286336353,-0.007083731268031638,-0.00723773546517938,0.010909596791448796,2019-03,False,all
62,3,-0.015481868725499255,-0.010205083031816742,-0.006212883749297434,-0.005564108011941798,-0.0015719087294224887,-0.010392469721035068,-0.007374822074503277,-0.007282116565281487,-0.01153950108401998,-0.01087229205791836,0.015481868725499255,2019-03,False,all
63,1,-0.006428283137642786,-0.004537012664811844,-0.0033165317647013554,-0.002886516296927183,-0.0016660353968166943,-0.004657253354297111,-0.0034078450390941308,-0.0033378229939361867,-0.004334519279517135,-0.004435765972164491,0.006428283137642786,2019-04,False,all
63,2,-0.011000555071693242,-0.00721801412603136,-0.004777052325810379,-0.00362552580212849,-0.0011845640019075123,-0.007455445826284332,-0.004912240150178905,-0.004819634988246255,-0.007497298246937778,-0.007357656186484566,0.011000555071693242,2019-04,False,all
63,3,-0.01934188084927354,-0.013668069430780716,-0.01000662673044925,-0.005410269172762411,-0.001748826472430948,-0.014007459537066995,-0.010170389389234449,-0.010070500826086015,-0.014126632029078387,-0.013897350729929554,0.01934188084927354,2019-04,False,all
64,1,-0.004572271934050455,-0.0025180641728060798,-0.0014086997522855644,-0.0005816163537173788,0.0005277480668031358,-0.002683099141431611,-0.0012156663772509334,-0.0011823103774152054,-0.0029112407461030273,-0.002714652459454554,0.004572271934050455,2019-05,False,all
64,2,-0.012913597711630751,-0.008805182189142006,-0.006586453348100978,-0.0021600512901739383,5.867755086709255e-05,-0.009141136375946051,-0.006177875371692691,-0.0061336746952028506,-0.008705667790065348,-0.008755424989603681,0.012913597711630751,2019-05,False,all
64,3,-0.019065671338466088,-0.012903048054732962,-0.009574954793171421,-0.004010986198856688,-0.0006828929372951413,-0.013431644339123701,-0.008943513361788608,-0.008895786862245729,-0.012803592685934354,-0.012853320370333663,0.019065671338466088,2019-05,False,all
65,1,-0.008341325777580302,-0.006355400726148262,-0.0051560812919340965,-0.0016407843219587068,-0.0004414648877445401,-0.006512956152952692,-0.005785690884591102,-0.005009082981139927,-0.0063257848419447475,-0.006340592784046504,0.008341325777580302,2019-06,False,all
65,2,-0.014493399404415633,-0.01052154930155155,-0.008122910433123222,-0.003496285061303067,-0.0010976461928747336,-0.010864293393978415,-0.008858445644983776,-0.007828916023506358,-0.01040720063844429,-0.010464374969997924,0.014493399404415633,2019-06,False,all
65,3,-0.02269952947258522,-0.016741754318289108,-0.013143796015646607,-0.011881192453062522,-0.008283234150420028,-0.017294608787948584,-0.013814705623970872,-0.012702805507207366,-0.01715856045930112,-0.016950157388795104,0.02269952947258522,2019-06,False,all
66,1,-0.006152073626835329,-0.004192679760591134,-0.002888706697371941,-0.0018361508706592415,-0.0005321778074400497,-0.004423690231486651,-0.0020322719336830883,-0.003080499975549143,-0.00245321212140867,-0.003322945940999902,0.006152073626835329,2019-07,False,all
66,2,-0.014358203695004918,-0.01043941596251652,-0.007831469836078141,-0.010210388059322388,-0.007602441932884002,-0.01097870894885447,-0.006825022163943065,-0.008215053393372312,-0.008495266957437533,-0.009467341459977031,0.014358203695004918,2019-07,False,all
66,3,-0.02420772040925497,-0.018329538810522364,-0.014417619620864791,-0.018215164335577412,-0.014303245145919834,-0.019247063914144352,-0.013491507707817691,-0.014992993457276107,-0.016961929008884217,-0.017645733909703292,0.02420772040925497,2019-07,False,all
67,1,-0.00820613006816959,-0.006211701257247242,-0.00489964811337229,-0.008342906836936741,-0.007030853693061782,-0.006471775134341148,-0.004731011658673937,-0.0049568998810971205,-0.005918206032777763,-0.0060649536450125,0.00820613006816959,2019-08,False,all
67,2,-0.01805564678241963,-0.014066789160574938,-0.011442682872825027,-0.01631190572653724,-0.013687799438787332,-0.014686771257989272,-0.01125642455522236,-0.011557185772021427,-0.013728027982313458,-0.0138974085714442,0.01805564678241963,2019-08,False,all
67,3,-0.02509011577380807,-0.01910682934104103,-0.015170669909416167,-0.021794003261986265,-0.017857843830361417,-0.02020244095664883,-0.015016845222766962,-0.015342423940084208,-0.019187797986964707,-0.019147313664002866,0.02509011577380807,2019-08,False,all
68,1,-0.009849516714250045,-0.007275899795337827,-0.00647098111072668,-0.0073807523571317,-0.0065758336725205545,-0.007553576179887147,-0.005576533313069469,-0.006037022471508079,-0.006407559199537458,-0.006841729497437643,0.009849516714250045,2019-09,False,all
68,2,-0.016883985705638482,-0.01173675186781405,-0.010126914498591757,-0.012269192080534636,-0.010659354711312342,-0.012453401367478951,-0.00864300461863082,-0.009258995898199975,-0.010946373936438955,-0.0113415629021265,0.016883985705638482,2019-09,False,all
68,3,-0.025384719063312217,-0.017663868306575577,-0.015249112252742125,-0.023614629881609152,-0.02119987382777572,-0.01896294251503032,-0.013278730905852033,-0.013947233691177265,-0.01819819209913448,-0.017931030202855018,0.025384719063312217,2019-09,False,all
69,1,-0.0070344689913884395,-0.003834021242001989,-0.003562151052927012,-0.0042455030702594375,-0.00397363288118446,-0.004149624598679576,-0.0023974108758020424,-0.0027747743098536742,-0.0033079552348167585,-0.0035709882384093745,0.0070344689913884395,2019-10,False,all
69,2,-0.015535202349062175,-0.009134306850289273,-0.008590566472139311,-0.014985404449187754,-0.014441664071037792,-0.00992165216024739,-0.006511058652568387,-0.007015811911324513,-0.009553634315584144,-0.009343970582936704,0.015535202349062175,2019-10,False,all
69,3,-0.01529302497393714,-0.0056916817257777865,-0.0048760711585528515,-0.014566104172413373,-0.013750493605188438,-0.0071641347855463345,-0.0019661813184239352,-0.002513938779996479,-0.006156931076452371,-0.005924306401115078,0.01529302497393714,2019-10,False,all
70,1,-0.008500733357673734,-0.004610681193745551,-0.00497752754702763,-0.010067259600901001,-0.01043410595418308,-0.004912199925077893,-0.004314206582077804,-0.003921856108021222,-0.006072363310773355,-0.005341522252259447,0.008500733357673734,2019-11,False,all
70,2,-0.0082585559825487,-0.0004784516546923323,-0.0012121443612564985,-0.008989710359073975,-0.00972340306563814,-0.0012425956087347566,0.0003903573804165155,0.0008991974356354622,-0.0022318698786814107,-0.0013551607666868713,0.0082585559825487,2019-11,False,all
70,3,-0.0006109396404476498,0.011059216851336902,0.009958677791490659,-0.0005529681748237242,-0.001653507234669973,0.00964829697621219,0.012573516469307664,0.013125689946268383,0.00956716640990834,0.01031319163062262,0.0006109396404476498,2019-11,False,all
71,1,0.00024217737512503127,0.005729057373649557,0.0038354892075602555,0.002775540854458119,0.0008819726883688136,0.005472070912851062,0.005931249775886533,0.00569332201259212,0.00560025744226811,0.005664657407958834,-0.00024217737512503127,2019-12,False,all
71,2,0.007889793717226083,0.01886355371427514,0.015076417382096523,0.012878813322623825,0.00909167699044521,0.01813412506294522,0.01911484722607961,0.018792083631133452,0.018692095272306728,0.018777824493290934,-0.007889793717226083,2019-12,False,all
72,1,0.0076476163421010535,0.013338735190355892,0.01118765749109794,0.010322062890184489,0.008170985190926535,0.01317473550469128,0.01366433169938544,0.012909124768785194,0.013821631495000524,0.01358018334267821,-0.0076476163421010535,2020-01,False,all
88,1,-0.005456688992810391,-0.0007359208018441653,-0.0017522015947103523,0.0010401116327052988,2.3830839839111423e-05,-0.00025910104004499664,0.003468145308852734,-0.0017522154363626486,0.0045481492522198965,0.001906114225187866,0.005456688992810391,2021-05,False,all
88,2,-0.015917366241991384,-0.0064758298600589405,-0.00850839144579131,0.00011714354216463609,-0.0019154180435677392,-0.007298635922630839,-0.0030371192289681925,-0.010025581457216978,-0.002148201336093846,-0.004312015598076393,0.015917366241991384,2021-05,False,all
88,3,-0.020371732524207195,-0.006209427951308524,-0.009258270329907088,0.00256800338003286,-0.00048083899856570065,-0.008158639212618305,-0.0036482243594179405,-0.011534048774432874,-0.001627391316676206,-0.003918409633992366,0.020371732524207195,2021-05,False,all
89,1,-0.010460677249180997,-0.004645264530022483,-0.006735575714672603,0.00019742989905923813,-0.0018928812855908803,-0.004512171077878698,-0.0056009560608126585,-0.0067355777745129325,-0.0019279866836932702,-0.0032866256068578774,0.010460677249180997,2021-06,False,all
89,2,-0.014915043531396813,-0.00328421809307978,-0.007464840462380019,0.003762568537734587,-0.00041805383156565205,-0.004014125102364795,-0.007794276096014182,-0.006919942063086809,-0.004048237904136277,-0.003666227998608029,0.014915043531396813,2021-06,False,all
89,3,-0.015086335511899283,0.0023599026455762566,-0.003911030908374103,0.008752395205314373,0.0024814616513640186,0.0006307674010447191,-0.004062123979294971,-0.0030936842590728745,0.0011757889272409846,0.001767845786408621,0.015086335511899283,2021-06,False,all
90,1,-0.004454366282215813,0.0009725698028084965,-0.0006509440998623865,0.0031910501147297036,0.0015675362120588215,0.0005539233218249987,0.0024114199958130997,-0.0006509519960435138,0.003566813799107099,0.0022696918009577974,0.004454366282215813,2021-07,False,all
90,2,-0.0046256582627182885,0.006228213907330326,0.0029811861019885615,0.007817426983721957,0.004570399178380189,0.005356986397238702,0.007492408944643408,0.002981178205807515,0.007778607170997657,0.007003410539163993,0.0046256582627182885,2021-07,False,all
90,3,-0.021625766914832745,-0.005344958659759823,-0.010215500367772471,-0.002679218400486151,-0.0075497601084987985,-0.0071319563380632355,-0.009024578877978435,-0.010608119797816739,-0.004879550790185958,-0.005112254724972892,0.021625766914832745,2021-07,False,all
91,1,-0.00017129198050247724,0.0052608771531788435,0.0036396123179413195,0.004633114981097882,0.003011850145860361,0.004808335065088504,0.0038921028036772195,0.003639611561305627,0.004053870122628835,0.0046573736379038385,0.00017129198050247724,2021-08,False,all
91,2,-0.017171400632616934,-0.006307062365254298,-0.00954959203572934,-0.005864867512393123,-0.009107397182868163,-0.007379356820032465,-0.009195834452533583,-0.009549592792365015,-0.007864444248918964,-0.007085753307086631,0.017171400632616934,2021-08,False,all
91,3,-0.020299659992011217,-0.004003152590967261,-0.008866947096679824,-0.0036501775834299355,-0.008513972089142497,-0.005890102125930395,-0.008471479453779508,-0.008866947853315502,-0.006227968656390531,-0.005115560623678895,0.020299659992011217,2021-08,False,all
92,1,-0.017022028474075784,-0.01245605051788032,-0.013248718256723125,-0.011395460780250478,-0.012188128519093283,-0.012817049721259249,-0.014788565525580777,-0.013248714023730792,-0.013011925686163679,-0.012733988102022004,0.017022028474075784,2021-09,False,all
92,2,-0.020152881793412,-0.011020925881021102,-0.012606261358706706,-0.01005938421812154,-0.011644719695807132,-0.011861972655864115,-0.0148353490499542,-0.012606257125714546,-0.011601517437526227,-0.011311221659273663,0.020152881793412,2021-09,False,all
92,3,-0.015815659581460202,-0.0021177257128738546,-0.004495728929402255,-0.006448700964789241,-0.008826704181317643,-0.0037143679815372426,-0.007044496527231091,-0.004495724696409991,-0.006902643136671395,-0.004510184424772625,0.015815659581460202,2021-09,False,all
93,1,-0.003130853319336231,0.0020059439727284005,0.0007913449958583124,0.001902962837709842,0.0006883638608397545,0.0005976343297690285,0.007323053136971835,0.0007913288301935719,0.005576412055832282,0.003791178014280341,0.003130853319336231,2021-10,False,all
93,2,0.0012063688926155659,0.011479963476744832,0.00905076552300465,0.006072124138095882,0.0036429261843557077,0.00802538409184485,0.018915899165912766,0.009050749357339908,0.012080152900180476,0.011780058188462655,-0.0012063688926155659,2021-10,False,all
93,3,0.003556833412566674,0.018967225288760558,0.015323428358150305,0.009825534218375629,0.006181737287765372,0.013223373344082637,0.026920458469658036,0.015323412192485624,0.016370753890467566,0.01766898958961406,-0.003556833412566674,2021-10,False,all
94,1,0.0043372222119518,0.009377104697013944,0.008250626118178362,0.00408722874298634,0.0029607501641507584,0.007579479054270288,0.008527451247530862,0.0082506266974154,0.005429802138640387,0.007403453417827163,-0.0043372222119518,2021-11,False,all
94,2,0.006687686731902906,0.016767451702027186,0.014514494544356023,0.007742414447347793,0.005489457289676635,0.012517322149478602,0.015199052641866884,0.014514495123593044,0.00904324401533739,0.012905347858682284,-0.006687686731902906,2021-11,False,all
94,3,0.004973266435664491,0.020092913890850918,0.016713478154344173,0.007751115551620766,0.00437167981511403,0.01320838639633361,0.017713628150775138,0.016713478733581196,0.008740580149493813,0.014416747020172364,-0.004973266435664491,2021-11,False,all
95,1,0.0023504645199511048,0.00729430457074566,0.006173196793799388,0.0035801876187390824,0.002459079841792811,0.0059381231759750575,0.002571756381290046,0.006173206867616027,0.001156308819377647,0.004225306695061654,-0.0023504645199511048,2021-12,False,all
95,2,0.0006360442237126902,0.010523724325301801,0.008281508771409261,0.003562517463204194,0.0013203019093116527,0.00724198735286438,0.003033220188585999,0.008281518845225832,-0.0004959670781888155,0.005013878623556492,-0.0006360442237126902,2021-12,False,all
95,3,-0.004667058486752961,0.0101644616656307,0.00680113833479189,0.0012877868221048286,-0.002075536508733982,0.004921465159003011,0.0007741986529137159,0.006801148408608511,-0.00429855821562785,0.0029329517250014266,0.004667058486752961,2021-12,False,all
96,1,-0.0017144202962384137,0.0032613742759324722,0.0020411956907800274,4.057524468007329e-05,-0.001179603340472372,0.0024821006337246224,-0.0011430417059088295,0.0020412036248538237,-0.003152243697507038,5.45652892127171e-05,0.0017144202962384137,2022-01,False,all
96,2,-0.007017523006704066,0.0029340661376377032,0.0004937089673328135,-0.002179508408853698,-0.004619865579158587,0.0010975332095364246,-0.004367288435135122,0.0004937169014066676,-0.0077704973793506615,-0.0024182156208564795,0.007017523006704066,2022-01,False,all
96,3,-0.02336994840226862,-0.008442564685755969,-0.012103100441213306,-0.012900050189941063,-0.01656058594539839,-0.011463133381222044,-0.01785325503857725,-0.012103092507139434,-0.02177977638390527,-0.015111170534830614,0.02336994840226862,2022-01,False,all
97,1,-0.005303102710465651,-0.0006456881244510623,-0.0015694303535956286,-0.0025255845855063365,-0.0034493268146509035,-0.0011017070007553953,-0.0028072141667236667,-0.0015694275203253767,-0.004578509002244324,-0.0026120985633476933,0.005303102710465651,2022-02,False,all
97,2,-0.021655528106030213,-0.012340698934001026,-0.014188183392290162,-0.013568850779592556,-0.015416335237881683,-0.013459038744174222,-0.016157473604780856,-0.014188180559020075,-0.01833313815503203,-0.015336918544516529,0.021655528106030213,2022-02,False,all
97,3,-0.031503937873623225,-0.01753169411557945,-0.02030292080301315,-0.016779650690152813,-0.019550877377586505,-0.019450025379579003,-0.02269525300212255,-0.020302917969742956,-0.024300741689148475,-0.020916217902363973,0.031503937873623225,2022-02,False,all
98,1,-0.016352425395564568,-0.01129680023234357,-0.012602038076264676,-0.010624253103318793,-0.011929490947239893,-0.011337885573371665,-0.012695009467991104,-0.012602038554323687,-0.012876291096212687,-0.01208654566427813,0.016352425395564568,2022-03,False,all
98,2,-0.026200835163157583,-0.016089584836715597,-0.01870006052455779,-0.013435407082169247,-0.01604588277001145,-0.016263637650081878,-0.01919271044702756,-0.018700061002616716,-0.018118644675898757,-0.017104114756307177,0.026200835163157583,2022-03,False,all
98,3,-0.027583608962466408,-0.01241673347280344,-0.01633244700456675,-0.008179250631261034,-0.012094964163024339,-0.01292925000911535,-0.017173852777146757,-0.016332447482625734,-0.014998107619230731,-0.01370742054601709,0.027583608962466408,2022-03,False,all
99,1,-0.00984840976759301,-0.0037553964291539036,-0.005965358830487738,-0.0017602576411770478,-0.003970220042510882,-0.0036118647667332335,-0.0017629638571647023,-0.005965370465095685,-0.0014390368424548336,-0.00259721663580437,0.00984840976759301,2022-04,False,all
99,2,-0.011231183566901849,0.0009548431099763682,-0.0034650816926912998,0.004518108064707211,9.818326203954366e-05,0.0010443691553917436,0.0021026954036853195,-0.0034650933272993576,0.0043648961706687665,0.002659869640322568,0.011231183566901849,2022-04,False,all
99,3,-0.015800500153069295,0.0024785398622480287,-0.004151347341753471,0.010861272870637942,0.0042313856666364525,0.002153195322660835,0.0018304105078850567,-0.004151358976361503,0.007655248175709616,0.005066894018978821,0.015800500153069295,2022-04,False,all
100,1,-0.0013827737993088371,0.004227751543103482,0.0025624209477985646,0.005749427874759449,0.004084097279454528,0.003985400502277519,0.005565598902205583,0.0025624136909126096,0.005836666153499839,0.0050322088483016605,0.0013827737993088371,2022-05,False,all
100,2,-0.0059520903854762865,0.005268960299348354,0.0019382991087385187,0.011670229430422365,0.00833956823981253,0.004420064703422256,0.006509097877900369,0.0019382918518526773,0.009790667693270444,0.007529813996309398,0.0059520903854762865,2022-05,False,all
100,3,-0.011141184115426798,0.005690391911810158,0.0006944001258953961,0.014212872365096756,0.009216880579182,0.0038001256317743413,0.0060986464628715095,0.000694392869009473,0.010596097019620226,0.00814324446571519,0.011141184115426798,2022-05,False,all
101,1,-0.004569316586167445,0.0006864219065276327,-0.0006505357060837734,0.005564836782721697,0.004227879170110287,0.00038695603137714376,-0.0012031725164598588,-0.0006505340393381172,0.0021907708134350154,0.0014385963599813252,0.004569316586167445,2022-06,False,all
101,2,-0.009758410316117964,0.0007530666692721942,-0.0019208485559506223,0.007762102392377169,0.00508818716715435,-0.00021815217251034511,-0.0024816248590820763,-0.001920846889205034,0.002468901382176448,0.0016109840257243213,0.009758410316117964,2022-06,False,all
101,3,-0.015175571588978443,0.0005916438891067926,-0.003419228948727435,0.006642078802965937,0.00263120596513171,-0.00131040077658625,-0.003880421363155971,-0.00341922728198182,0.00035253436829191703,0.00047208912869935236,0.015175571588978443,2022-06,False,all
102,1,-0.005189093729950518,-0.0004101570715884419,-0.0012636750839892194,0.0017490825433082323,0.000895564530907455,-0.000399392504544121,-0.0013763278610067731,-0.0012636749666216159,0.00040943958016860564,-3.587457099184559e-07,0.005189093729950518,2022-07,False,all
102,2,-0.010606255002810998,-0.0010483816860868507,-0.0027554177108884033,0.00020096408571658193,-0.001506071939084972,-0.0013148502359342654,-0.003095492419670079,-0.002755417593520845,-0.0011716443007291784,-0.0011100129934080148,0.010606255002810998,2022-07,False,all
102,3,-0.018243809115296508,-0.00390699914021028,-0.0064675531774126115,-0.0007513504161287775,-0.0033119044533311084,-0.004787185593396467,-0.006991559733352908,-0.006467553060045022,-0.0029238053439508997,-0.0034154022420805905,0.018243809115296508,2022-07,False,all
103,1,-0.0054171612728604835,-0.0005812861310708898,-0.0014789800861520041,-0.0014976841138819059,-0.0023953780689630207,-0.00040995136888065414,-0.0012169949068683858,-0.0014789808975513561,-0.0014233932775063497,-0.0010023397042886201,0.0054171612728604835,2022-08,False,all
103,2,-0.013054715385345991,-0.0033829651017668015,-0.005178353011929032,-0.002396057178355892,-0.004191445088518122,-0.0032178848737795854,-0.004921747787591799,-0.005178353823328348,-0.0030818143456786233,-0.003232389723722713,0.013054715385345991,2022-08,False,all
103,3,-0.01301540676825756,0.0014922186571112153,-0.0012008632081321243,0.0026937331251841424,6.512599407975698e-07,0.001290087442408834,-0.0009996504600292466,-0.0012008640195314388,0.0017310281659343655,0.0016116234115227898,0.01301540676825756,2022-08,False,all
104,1,-0.007637554112485504,-0.002367395894180671,-0.0036845830100495575,-0.000474479284362204,-0.0017916664002310908,-0.002323690709284422,-0.002863892763827773,-0.003684585062726024,-0.001654443517321248,-0.0020109197057509597,0.007637554112485504,2022-09,False,all
104,2,-0.00759824549539708,0.0029420709412125894,0.00030769670947481824,0.005032498048347536,0.002398123816609762,0.002803061242734343,0.0015851603290398392,0.00030769465679825094,0.003044418618329045,0.0029932447797708177,0.00759824549539708,2022-09,False,all
104,3,-0.001776562205845872,0.014033912449068639,0.010082351101461976,0.010754152527565114,0.0068025911799584554,0.01346383900358179,0.011612921393550921,0.010082349048785478,0.008838966842998898,0.011436439646033771,0.001776562205845872,2022-09,False,all
105,1,3.930861708842681e-05,0.00452742730526074,0.00402876269146806,0.0047218450410808225,0.004223180427288146,0.00411523074548444,0.005931510585641011,0.0040287579016374695,0.005628243340431772,0.005077835322846257,-3.930861708842681e-05,2022-10,False,all
105,2,0.005860991906639638,0.014837229282984261,0.013839900055398905,0.009660248946811702,0.008662919719226343,0.013680335643098887,0.016753798406491414,0.013839895265568152,0.012077374780527776,0.01345730203175602,-0.005860991906639638,2022-10,False,all
105,3,0.0036494769766626523,0.017113833041179593,0.015617839199801559,0.00798941484759783,0.006493421006219793,0.015040560044098513,0.019076201968891995,0.015617834409970952,0.010639893571742788,0.013876863306461188,-0.0036494769766626523,2022-10,False,all
106,1,0.005821683289551206,0.010045621816354799,0.009771634674464064,0.0046711715733825845,0.004397184431491845,0.009872609089046695,0.007738841185653351,0.009771639735349459,0.005567058857328634,0.007806340336841718,-0.005821683289551206,2022-11,False,all
106,2,0.0036101683595742237,0.012058045413181404,0.01151007112939993,0.0027590792054057096,0.0022111049216242368,0.011533977868759485,0.008416689492630868,0.011510076190285197,0.004359417892457971,0.008208731652819684,-0.0036101683595742237,2022-11,False,all
106,3,0.0007395377242353607,0.013411353304646134,0.012589391878973923,0.0009182500042054952,9.628857853328775e-05,0.012429081352849189,0.008933016492226263,0.012589396939859238,0.0026940671229001415,0.008052710213773137,-0.0007395377242353607,2022-11,False,all
107,1,-0.0022115149299769855,0.0018887185070266565,0.0016435595495086321,-0.001989168353374049,-0.0022343273108920733,0.0025074512419527846,-0.0031295614918854233,0.0016435721012548114,-0.0033408871759462192,-0.0007260843344597808,0.0022115149299769855,2022-12,False,all
107,2,-0.005082145565315845,0.0031183213086914334,0.002628003393655385,-0.0038854389946958463,-0.004375756909731893,0.004550596178059131,-0.0045755214360788605,0.0026280159454015427,-0.005216800589721043,-0.0010492396405148072,0.005082145565315845,2022-12,False,all
107,3,-0.007797216731123249,0.004503483579887677,0.0037680067073335975,-0.00446631680160302,-0.005201793674157091,0.006519057607609897,-0.004703980226916223,0.0037680192590797343,-0.005835911538472267,-0.000666213979292293,0.007797216731123249,2022-12,False,all
108,1,-0.002870630635338863,0.0016097677558254517,0.0009686462066665116,-0.0014963066434968508,-0.002137428192655787,0.0024680218604396557,-5.863765419752964e-05,0.0009686491592179021,-0.001278020642320018,0.00016587355675271707,0.002870630635338863,2023-01,True,all
108,2,-0.005585701801146264,0.003375094981182365,0.00209285188286449,-0.0016850592606397017,-0.0029673023589575766,0.0054698641899872886,0.0004255998685277734,0.0020928548354158198,-0.0025196889256974488,0.00042770302774245496,0.005585701801146264,2023-01,True,all
108,3,-0.01046559159581484,0.0029756035776781027,0.0010522389302012904,-0.0010302446855507284,-0.002953609333027544,0.0060958995792936965,-0.0009785489122321072,0.0010522418827526756,-0.0033106120948348506,-0.00016750425857837054,0.01046559159581484,2023-01,True,all
109,1,-0.002715071165807402,0.001861678086948619,0.0011149809112615695,-8.155553883303407e-05,-0.000828252714520085,0.0029595546758237304,0.0004712435876966448,0.0011149828009207304,-0.00024215087599594628,0.0008097636054763362,0.002715071165807402,2023-02,True,all
109,2,-0.007594960960475975,0.0015585375450360615,6.514319366196489e-05,0.0006782784812263565,-0.0008151158701477419,0.004252677788294777,-0.0009641260158399872,6.514508332114912e-05,-0.0011554721697771806,0.0002015326876294384,0.007594960960475975,2023-02,True,all
109,3,-0.010421007605947722,0.003309240152320338,0.0010691486252591854,0.004531015940389058,0.0022909244133279064,0.007377615223505789,-0.00021577508872735841,0.0010691505149183296,0.0013544171534512488,0.0023318286528857934,0.010421007605947722,2023-02,True,all
110,1,-0.004879889794668576,-0.0005188098373007449,-0.0010603585035709024,0.0005403120097278919,-1.2366565422657575e-06,0.0004365168090476446,-0.0015002319527042064,-0.001060357342061443,-0.0005056527531821711,-0.0005122312952414582,0.004879889794668576,2023-03,True,all
110,2,-0.00770593644014032,0.0010162234745953436,-6.687385794497215e-05,0.004169017477872979,0.003085920145332664,0.003518994069786559,-0.0006873137377164575,-6.687269643537418e-05,0.0017300938719672335,0.0013731586732812881,0.00770593644014032,2023-03,True,all
110,3,-0.016231104356987783,-0.0031478644848842857,-0.004772510483694762,0.0016217963840679589,-2.849614742516142e-06,0.0006837877223096789,-0.005468393937245249,-0.004772509322185254,-0.0014156000573464856,-0.002281732271115387,0.016231104356987783,2023-03,True,all
111,1,-0.0028260466454717425,0.0005789886784880887,0.0010033896425441023,0.0026686193173480898,0.0030930202814041003,0.0013733348275252533,0.0013416635001367232,0.0010033887997753497,0.0026736615923582145,0.0016263251354231522,0.0028260466454717425,2023-04,True,all
111,2,-0.011351214562319203,-0.004541143914399539,-0.0036923419862875144,-0.000840407886226911,8.394041885115769e-06,-0.002415821573870951,-0.0032534911884587047,-0.0036923428290563053,-0.00011060444597509399,-0.0023258741801873164,0.011351214562319203,2023-04,True,all
111,3,-0.03362491483714463,-0.02340980886526513,-0.022136605973097096,-0.015403847353326484,-0.014130644461158451,-0.0200227786436984,-0.021672456412329236,-0.02213660681586594,-0.014678780648962959,-0.01904429475711405,0.03362491483714463,2023-04,True,all
112,1,-0.008525167916847461,-0.005705329519731068,-0.004705021053903935,-0.004121835888712277,-0.003121527422885143,-0.00495201802168177,-0.005287792698642438,-0.004705019387531427,-0.0038420291341666364,-0.004773679326948853,0.008525167916847461,2023-05,True,all
112,2,-0.030798868191672886,-0.025159191397440096,-0.023158574465785824,-0.019290883322621966,-0.017290266390967705,-0.023197302091990467,-0.02407316717938517,-0.023158572799413208,-0.017758471846246612,-0.021458831621843363,0.030798868191672886,2023-05,True,all
112,3,-0.03451664160226749,-0.0260571264109183,-0.0230562010134369,-0.018057270989538906,-0.015056345592057508,-0.022967489209394436,-0.0241564552435795,-0.023056199347064314,-0.015342249690333551,-0.02069968805062592,0.03451664160226749,2023-05,True,all
113,1,-0.022273700274825416,-0.01885866236791415,-0.01841039042653687,-0.014523791254631383,-0.014075519313254115,-0.01894251295138264,-0.015728101436598016,-0.018410398033803857,-0.01395661013347966,-0.016407636250696904,0.022273700274825416,2023-06,True,all
113,2,-0.025991473685420013,-0.01916139787159746,-0.018264853988842908,-0.012685809645418844,-0.011789265762664298,-0.019370099017562488,-0.014079116883172005,-0.018264861596109818,-0.01184356362976576,-0.015502480750681604,0.025991473685420013,2023-06,True,all
113,3,-0.01633647106030272,-0.006091357339568883,-0.0047465415154370645,-0.00019601365587945766,0.0011488021682523628,-0.006500414435543696,0.00026853828446400473,-0.004746549122704025,0.0011132700664442552,-0.002489043636562315,0.01633647106030272,2023-06,True,all
114,1,-0.003717773410594588,0.0011726298037048543,0.00031290513082192755,0.0033340876059584105,0.002474362933075483,-0.0007348246898869587,0.009754480402396626,0.0003128774255884902,0.007143352182206266,0.004157990992955559,0.003717773410594588,2023-07,True,all
114,2,0.005937229214522702,0.01571803564312159,0.013998586297355736,0.01728967038867927,0.015570221042913406,0.010418313535115471,0.028388778453748258,0.013998558592122411,0.019052464409397205,0.0173852500262594,-0.005937229214522702,2023-07,True,all
114,3,0.00021611544263903246,0.01488732508553736,0.01230815106688858,0.018636047695432235,0.016056873676783455,0.006406238089120764,0.029315034051393164,0.01230812336165514,0.018955793773779435,0.016921559429658402,-0.00021611544263903246,2023-07,True,all
115,1,0.00965500262511729,0.01442279581280374,0.013682865096832525,0.013835346815709916,0.013095416099738699,0.012635451913974105,0.01335471297698352,0.013682866362712903,0.012457302565807923,0.013440049189305834,-0.00965500262511729,2023-08,True,all
115,2,0.0039338888532336165,0.013469475228606519,0.011989613796664083,0.015069725696971159,0.013589864265028728,0.008790549847496002,0.01143351444942211,0.011989615062544538,0.013844480046896642,0.01365697763775158,-0.0039338888532336165,2023-08,True,all
115,3,-0.006487408370733744,0.007815971192325603,0.005596179044411954,0.009266262242247306,0.007046470094333657,0.000129520043858418,0.004902016917221294,0.005596180310292304,0.008158307434747939,0.007987139313536772,0.006487408370733744,2023-08,True,all
116,1,-0.005721113771883676,-0.002209334242362039,-0.0018154180644028154,-1.0142676385886636e-05,0.00038377350157333903,-0.0026189654227236877,-0.008456542566161063,-0.0018153973018990382,-0.004806348352123243,-0.003507841297242641,0.005721113771883676,2023-09,True,all
116,2,-0.016142410995851043,-0.009118851936807768,-0.00833101958088932,-0.007068753398920593,-0.006280921043002147,-0.010154165939540747,-0.018238304184847502,-0.008330998818385576,-0.007996609815674512,-0.008557730876241138,0.016142410995851043,2023-09,True,all
116,3,-0.011666037398601066,-0.0011306988100361576,5.104972384151198e-05,-0.004943903520605717,-0.003762154986728048,-0.0028571735880117462,-0.011467246608869854,5.107048634524574e-05,-0.005719106306942842,-0.0034249025584894995,0.011666037398601066,2023-09,True,all
117,1,-0.010421297223967367,-0.007069221056162549,-0.006499536387760605,-0.007214549763426984,-0.006644865095025043,-0.007733138504805984,-0.005708742043144058,-0.006499538622031,-0.006493644153097428,-0.006781432604629988,0.010421297223967367,2023-10,True,all
117,2,-0.005944923626717389,0.0007592287088922416,0.0018985980456961244,-0.00525114625488868,-0.004111776918084797,-0.0009863952486776583,0.003046216578830681,0.0018985958114258984,-0.0039055570413177505,-0.0015731641662127547,0.005944923626717389,2023-10,True,all
117,3,-0.0011734507764650265,0.008882777726949419,0.010591831732155242,-0.0010016086934220621,0.0007074453117837645,0.006053511795126766,0.011903951191764796,0.010591829497884942,-0.000576604523715795,0.004153086601616811,0.0011734507764650265,2023-10,True,all
118,1,0.004476373597249975,0.008700166918476108,0.008455144642428228,0.0028284670312218405,0.0025834447551739636,0.007169674437807575,0.011808845473633513,0.008455134215805226,0.004572292965605958,0.006636229942041035,-0.004476373597249975,2023-11,True,all
118,2,0.009247846447502336,0.017695433089954596,0.017205388537858843,0.00788828086662845,0.007398236314532693,0.013610897814486812,0.02227059306687429,0.017205378111235733,0.006139000083740555,0.011917216586847575,-0.009247846447502336,2023-11,True,all
118,3,0.011350493665504733,0.024021873629183132,0.023286806801039492,0.0110938852301723,0.010358818402028663,0.017439497640054834,0.029214485053299377,0.02328679637441643,0.006807733568517128,0.015414803598850125,-0.011350493665504733,2023-11,True,all
119,1,0.004771472850252363,0.009107375312503595,0.008676719400099136,0.005245325777179635,0.004814669864775178,0.008224566070893006,0.0050799007222970686,0.008676729583129945,0.0018988541976850664,0.005503114755094328,-0.004771472850252363,2023-12,True,all
119,2,0.006874120068254757,0.015545924992757223,0.014684613167948318,0.008612978185995261,0.007751666361186349,0.013305652080429673,0.009505730082956677,0.014684623350979144,0.0023570542476349554,0.008951489620196089,-0.006874120068254757,2023-12,True,all
119,3,0.006113262934668531,0.019120970321422234,0.017829002584208872,0.01010562785152056,0.008813660114307197,0.01549276679059811,0.011939352333184052,0.017829012767239763,0.001722530795401196,0.010421750558411713,-0.006113262934668531,2023-12,True,all
120,1,0.0021026472180023957,0.005856634031901185,0.005933092005196831,0.002797740422923745,0.0028741983962193894,0.0058679222247046735,0.0019072534940983825,0.005933103077089771,-0.00011521496250671834,0.0028707095346972326,-0.0021026472180023957,2024-01,True,all
120,2,0.0013417900844161696,0.008849763712213746,0.00900267965880504,0.003716073308888247,0.003868989255479534,0.008900372322611663,0.003071297066052944,0.00900269073069796,-0.0009330001588625282,0.00395838177667561,-0.0013417900844161696,2024-01,True,all
120,3,-0.0028673260236734234,0.00839463441802295,0.008624008337909881,0.004144095219549583,0.00437346913943652,0.008343007628546796,0.0017827891695815685,0.008624019409802806,-0.002497585304258592,0.0029485245568821746,0.0028673260236734234,2024-01,True,all
121,1,-0.0007608571335862269,0.0025786898592007894,0.0030188737737507445,0.0005100836634827887,0.000950267578032741,0.003114713168794042,0.0003694140534094913,0.003018880643698044,-0.0013761999979363525,0.0006012449306322189,0.0007608571335862269,2024-02,True,all
121,2,-0.004969973241675821,0.0017091207438982142,0.0025894885729981203,0.0005311734309228608,0.0014115412600227662,0.0031183174779864055,-0.001276269681278043,0.0025894954429455165,-0.003512992035196472,-0.0009019356456491296,0.004969973241675821,2024-02,True,all
121,3,-0.009928905333551886,8.973564480916671e-05,0.001410287388459026,0.0006037046874722115,0.0019242564311220713,0.0021272659449365046,-0.0030226415891864977,0.001410294258406416,-0.005007882666079581,-0.0024590735106352086,0.009928905333551886,2024-02,True,all
122,1,-0.004209116108089595,-0.0010324202846543405,-0.0004549737474659797,-0.00013800672003009114,0.0004394398171582706,-0.00048609388304746934,-0.0014838776913428872,-0.00045497142326279117,-0.001958509451996253,-0.0014954648683252973,0.004209116108089595,2024-03,True,all
122,2,-0.009168048199965658,-0.0028146565530951543,-0.0016597634787184317,-0.0002338344104948655,0.0009210586638818563,-0.0014023355246938762,-0.003039578561320119,-0.0016597611545152594,-0.004484965887401815,-0.0036498112202484854,0.009168048199965658,2024-03,True,all
122,3,-0.02115715592161689,-0.011627068451311133,-0.00989472883974605,-0.007188010563774251,-0.005455670952209167,-0.009556881001671583,-0.011392850791273975,-0.009894726515542879,-0.012910498853690704,-0.012268783652500921,0.02115715592161689,2024-03,True,all
123,1,-0.004958932091876065,-0.0018381340756557275,-0.0012009702285626486,-0.00014028346313702846,0.0004968803839560498,-0.0014299514524528946,-0.0009969732866805334,-0.0012009707057059388,-0.0011374159079092679,-0.0014877749917824976,0.004958932091876065,2024-04,True,all
123,2,-0.016948039813527296,-0.010706443781086622,-0.009432116086900467,-0.007152772453795778,-0.0058784447596096235,-0.009621934079588066,-0.009134436852948773,-0.009432116564043672,-0.009494442811075421,-0.010100443296081021,0.016948039813527296,2024-04,True,all
123,3,-0.030952846862984017,-0.021590452814323,-0.019678961273043766,-0.0129343131365864,-0.011022821595307165,-0.02004286053489371,-0.019337709800497007,-0.01967896175018695,-0.017047970076224564,-0.019319211445273782,0.030952846862984017,2024-04,True,all
124,1,-0.011989107721651234,-0.008690569251563869,-0.00822113718225484,-0.0068413587709174675,-0.006371926701608438,-0.008391199187141304,-0.00771355923374198,-0.008221138432575222,-0.007543864913259995,-0.008117217082411933,0.011989107721651234,2024-05,True,all
124,2,-0.025993914771107955,-0.01939683783093322,-0.018457973692315166,-0.01244561564595229,-0.011506751507334234,-0.01856874598809751,-0.017730509649052196,-0.01845797494263554,-0.014858464348234237,-0.017127651089583733,0.025993914771107955,2024-05,True,all
124,3,-0.029264541436644597,-0.019368926026382502,-0.017960629818455413,-0.01048410082356142,-0.00907580461563433,-0.01820348532123172,-0.017136801619757454,-0.017960631068775754,-0.014923400324359059,-0.017146163175370776,0.029264541436644597,2024-05,True,all
125,1,-0.014004807049456718,-0.010417606928969042,-0.010168898386776768,-0.005271420812727453,-0.005022712270535178,-0.011195886475783956,-0.006399056172541331,-0.010168908858704417,-0.0053427470571854796,-0.00788017699307726,0.014004807049456718,2024-06,True,all
125,2,-0.01727543371499336,-0.010101033474018,-0.009603616389633451,-0.002986316861559633,-0.002488899777175082,-0.012149410027704291,-0.004133888132863938,-0.009603626861561083,-0.005671434714734637,-0.00788623409437632,0.01727543371499336,2024-06,True,all
125,3,-0.022247814963284273,-0.01148621460182123,-0.01074008897524441,-0.005471773463373304,-0.004725647836796479,-0.014802298998392362,-0.0045147997657188224,-0.010740099447172087,-0.010893266374372546,-0.011189740488096893,0.022247814963284273,2024-06,True,all
126,1,-0.0032706266655366397,-0.00037250098049635344,0.0006486330356182702,0.0016251906627335255,0.0026463246788481485,-0.002112636031060796,0.0045912336695291545,0.0006486226243700351,0.003523207208178069,0.0015753531138408571,0.0032706266655366397,2024-07,True,all
126,2,-0.008243007913827555,-0.0024467565437469793,-0.000404488511517729,-0.0015294753885756352,0.0005127926436536141,-0.007178275637284298,0.0051479982358755595,-0.0004044989227660103,0.0002885607879483265,-0.0010790978778993266,0.008243007913827555,2024-07,True,all
126,3,-0.02009544371215077,-0.011401066657029904,-0.008337664608686027,-0.008237135818024505,-0.005173733769680632,-0.01899258181260281,-0.002110789275794694,-0.008337675019934276,-0.006492814601522094,-0.008946940629276002,0.02009544371215077,2024-07,True,all
127,1,-0.004972381248290913,-0.002111517792005454,-0.0010583935512330626,-0.003209140583338219,-0.0021560163425658274,-0.0037957364105136704,-0.0013547299807974019,-0.001058392588843904,-0.0036721215925440086,-0.0028918196922747296,0.004972381248290913,2024-08,True,all
127,2,-0.016824817046614128,-0.011103090134043207,-0.008996841652498425,-0.009950082075902181,-0.007843833594357402,-0.015578729090822526,-0.009420404173839134,-0.008996840690109175,-0.009699058761312463,-0.010401074447677836,0.016824817046614128,2024-08,True,all
127,3,-0.015677930731586687,-0.00709534036273031,-0.003935967640413135,-0.005618130287997162,-0.002458757565679989,-0.014325174800484269,-0.004412309155000815,-0.003935966678023929,-0.0043294151168845095,-0.005712377739807408,0.015677930731586687,2024-08,True,all
128,1,-0.011852435798323213,-0.007772623685920404,-0.007929915825720498,-0.005506575711213653,-0.005663867851013745,-0.009519933725707723,-0.007416525638549742,-0.007929917733966865,-0.007399070156779944,-0.007585846921350174,0.011852435798323213,2024-09,True,all
128,2,-0.010705549483295771,-0.0025459252584901547,-0.0028605095380903407,5.2641597135730666e-05,-0.00026194268246445705,-0.007210822219491548,-0.002126749767313715,-0.0028605114463366955,-0.003099456866335294,-0.0028226910624127247,0.010705549483295771,2024-09,True,all
128,3,-0.005103883796211823,0.0071355525409966016,0.006663676121596322,0.0036189226499912866,0.0031470462305910082,-0.00037482655135009013,0.007486589671241544,0.006663674213350034,-0.00131691622195291,0.002909318159521847,0.005103883796211823,2024-09,True,all
129,1,0.0011468863150274405,0.0057376419296335445,0.005132844483106269,0.006072050082127473,0.005467252635600201,0.0033811168374247077,0.007918897419975961,0.005132835270312581,0.005879231831425544,0.005808436880529543,-0.0011468863150274405,2024-10,True,all
129,2,0.006748552002111391,0.01593006323132359,0.014720468338269045,0.010150996533161179,0.008941401640106634,0.009519409585286815,0.018506484709363183,0.014720459125475456,0.0074919862201369355,0.011711024725730265,-0.006748552002111391,2024-10,True,all
129,3,0.015875894525152773,0.029648161368971082,0.027833769029389256,0.01951405996092047,0.017699667621338646,0.019373014387355916,0.031981790037603715,0.027833759816595565,0.013675975113516552,0.021662068241243813,-0.015875894525152773,2024-10,True,all
130,1,0.005601665687083947,0.009228406006773814,0.009546885337470277,0.0031141818088863387,0.0034326611395827937,0.007302349878019148,0.00792156248946903,0.009546890252364775,0.0015289550465706287,0.0053786805266722235,-0.005601665687083947,2024-11,True,all
130,2,0.014729008210125327,0.021982488849505058,0.022619447510897978,0.01156955725378863,0.01220651591518155,0.016855722545031485,0.020454214824940378,0.022619452425792455,0.008422768830482794,0.015202628839993933,-0.014729008210125327,2024-11,True,all
130,3,0.016902095631437526,0.027782316590507134,0.028737754582596507,0.014077352830843834,0.015032790822933207,0.019554866927855536,0.026387671808844708,0.028737759497490946,0.009539020292256756,0.018660668441381947,-0.016902095631437526,2024-11,True,all
131,1,0.00912734252304138,0.01266030850191175,0.012997390097283148,0.008431555708313311,0.008768637303684709,0.01143605661472549,0.010065667870392498,0.012997398647204053,0.005097575577926221,0.008878942039918986,-0.00912734252304138,2024-12,True,all
131,2,0.01130042994435358,0.01836636190209432,0.01904052509283712,0.010910104060714193,0.011584267251456995,0.015137075644090493,0.015156121705018604,0.019040533642758168,0.005408119386750307,0.011887240644422313,-0.01130042994435358,2024-12,True,all
131,3,0.011551445714497396,0.022150343651108514,0.02316158843722271,0.012682599819091308,0.013693844605205504,0.016994214990047038,0.018955636832411214,0.023161596987143616,0.005878526387993145,0.014014435019550828,-0.011551445714497396,2024-12,True,all
132,1,0.0021730874213122015,0.00534306426078349,0.005941590230223998,0.0021292137016812314,0.002727739671121743,0.005456003845114019,0.0015334087115293708,0.00594160553189363,-0.0017145120651254815,0.001814276097829003,-0.0021730874213122015,2025-01,True,all
132,2,0.002424103191456017,0.008764056870398588,0.009961108809279612,0.0035454436760731,0.004742495614954122,0.0090499640544644,0.004020442425141985,0.009961124110949425,-0.0013328477842362316,0.0037156045430811802,-0.002424103191456017,2025-01,True,all
132,3,0.0011090170734223811,0.010618947591836238,0.012414525500157772,0.006320906561397389,0.008116484469718922,0.010940784520268256,0.005935309818013561,0.012414540801827363,0.00027134327664487314,0.005445145434240558,-0.0011090170734223811,2025-01,True,all
133,1,0.0002510157701438153,0.003415122592672617,0.003973459978475348,0.0014169999997137965,0.0019753373855165264,0.004130264780551558,0.002482182630255315,0.003973466892358401,-0.0004320681572049475,0.0014915272177338345,-0.0002510157701438153,2025-02,True,all
133,2,-0.0010640703478898205,0.005264143297167782,0.00638081806877324,0.004189211896127947,0.005305886667733407,0.007199231647208443,0.004510086153101097,0.006380824982656154,8.128325649214914e-05,0.0026727132768299654,0.0010640703478898205,2025-02,True,all
133,3,-0.0034130714537212777,0.00607924901386513,0.007754261171273317,0.006689584616504918,0.0083645967739131,0.008964164944413829,0.005786495277612399,0.007754268085156371,0.0009170506917311182,0.0034981498527981232,0.0034130714537212777,2025-02,True,all
134,1,-0.0013150861180336358,0.0017646979625176625,0.002376793478896814,0.0026958773930737937,0.003307972909452944,0.0030250240304557628,0.0014643907151501987,0.002376796713963948,0.0013583975356615302,0.0015615477490895965,0.0013150861180336358,2025-03,True,all
134,2,-0.0036640872238650926,0.002495480937237504,0.003719671969995806,0.005112089904302941,0.006336280937061241,0.005977371182218578,0.0025921384227395126,0.0037196752050628738,0.0020119216318657362,0.0022537012845516187,0.0036640872238650926,2025-03,True,all
134,3,-0.009009401386239,0.00022995085541490157,0.0020662374045523554,0.005261527371165459,0.0070978139203029126,0.005665265275117323,0.0008871014921438205,0.002066240639619528,0.0012281078832150475,0.0007290293693149727,0.009009401386239,2025-03,True,all
135,1,-0.0023490011058314585,0.0004896138088818449,0.0013247325049333169,0.0021779985120391346,0.003013117208090607,0.0020152810294304436,0.0007633706727686579,0.001324735069712509,0.0017222745742159777,0.0011059441915489117,0.0023490011058314585,2025-04,True,all
135,2,-0.007694315268205361,-0.0020170854387787556,-0.0003468480466758109,0.0020918901574912985,0.0037621275495942426,0.0023108805666892094,-0.0010425131088210662,-0.0003468454818966082,0.0015244006133345183,-0.00024634241272211905,0.007694315268205361,2025-04,True,all
135,3,-0.01590491685424507,-0.007389072110105161,-0.004883716021950744,0.0023290856391524205,0.0048344417273068355,-0.0005489319116332287,-0.005611640896662608,-0.004883713457171617,0.0013837762393581312,-0.003002647935373513,0.01590491685424507,2025-04,True,all
136,1,-0.005345314162373904,-0.0027241934964976526,-0.0016816191137531758,-0.0003001653801440154,0.0007424090026004593,-0.0012478890422776504,-0.0019560579429489505,-0.0016816182371079747,-0.00014360053364921162,-0.0014338970150734314,0.005345314162373904,2025-05,True,all
136,2,-0.013555915748413612,-0.008313674416661108,-0.006228525651172155,-0.00025946289975939244,0.001825685865729557,-0.004130994100480752,-0.006561299615846329,-0.0062285247745269175,-0.00018941033716279496,-0.004251542376911949,0.013555915748413612,2025-05,True,all
136,3,-0.017673999634375066,-0.009810637636746314,-0.00668291448851289,0.00011191679497783732,0.003239639943211263,-0.0030730218302348414,-0.0070283143243410565,-0.006682913611867693,-0.000549680774538299,-0.005180159205642307,0.017673999634375066,2025-05,True,all
137,1,-0.008210601586039708,-0.006143130383436564,-0.0045342635204025615,-0.0004893454769657702,0.0011195213860682339,-0.0052194362622637646,-0.004158453038033611,-0.004534268334091827,4.3046162533753215e-05,-0.003050042110451405,0.008210601586039708,2025-06,True,all
137,2,-0.012328685472001163,-0.008193743066794884,-0.004976009340726877,-0.0006707484157572732,0.002546985310310733,-0.005627176574898766,-0.004516444197224412,-0.004976014154416239,-0.0002709717599881234,-0.004232357413391504,0.012328685472001163,2025-06,True,all
137,3,-0.008781807647658634,-0.002579394039849208,0.0022472065492528033,0.003912007364721929,0.008738607953823946,0.0015166013004384532,0.002725280936878376,0.0022472017355634516,0.003868433295689889,0.0006445196279203409,0.008781807647658634,2025-06,True,all
138,1,-0.004118083885961462,-0.0025334631386430707,-0.0004079068906528839,-0.0006520634827266839,0.0014734927652635035,-0.0022841556861381,0.0005269022676108071,-0.00040791301242100843,0.0014388857181111118,-0.0005472887102659785,0.004118083885961462,2025-07,True,all
138,2,-0.0005712060616189243,0.002598035433017856,0.006849147928998228,0.003452535417506912,0.007703647913487284,0.0032810971075750944,0.007978099755784656,0.006849141807230014,0.006140328982801773,0.0043691822079098145,0.0005712060616189243,2025-07,True,all
138,3,-0.0005950702760853389,0.004158791965869832,0.010535460709840384,0.007638087252960858,0.014014755996931413,0.005153203389014392,0.011704726042605515,0.010535454588072177,0.011282841144698155,0.007720816555283994,0.0005950702760853389,2025-07,True,all
139,1,0.003546877824342537,0.005202120006696329,0.007260074466249242,0.004187169925106785,0.006245124384659696,0.005178678560186596,0.0073452763089649105,0.007260072919955695,0.0055074721378942934,0.005354796072295312,-0.003546877824342537,2025-08,True,all
139,2,0.0035230136098761207,0.0068334979745837045,0.01094940689368953,0.008442815891176583,0.012558724810282411,0.006780292755050341,0.011052531578196181,0.010949405347396166,0.010776554986206737,0.00880502648039522,-0.0035230136098761207,2025-08,True,all
139,3,0.0011515048260191682,0.006117231373080542,0.012291094751739284,0.007571787806219812,0.01374565118487855,0.005926938229910984,0.012397988327791865,0.012291093205445816,0.011078235239535687,0.00859773330630812,-0.0011515048260191682,2025-08,True,all
140,1,-2.3864214466416008e-05,0.0009214397118345888,0.0036359481326888503,0.0035434187430451497,0.006257927163899413,0.0010813582775992877,0.00212137227774109,0.003635952684008826,0.002750923473230693,0.0018361815925326409,2.3864214466416008e-05,2025-09,True,all
140,2,-0.002395372998323368,-0.0005047651457213587,0.0049242516959871665,0.0019582625098157253,0.007387279351524248,-5.2308367086174224e-05,0.0030913184679927258,0.00492425624730718,0.003722746556110825,0.0016089907051947338,0.002395372998323368,2025-09,True,all
140,3,-0.0016009562732521771,0.001234955505650835,0.009378480768213626,-0.002734155943931225,0.00540936931863156,0.0018931234872864996,0.0074786196225142074,0.009378485319533591,-0.00010700408632507183,0.0005639757096628832,0.0016009562732521771,2025-09,True,all
141,1,-0.0023715087838569516,-0.0024119191562106805,0.0012617622076577667,-0.0025863548993736367,0.0010873264644948107,-0.002430101086195551,0.0005242464789127043,0.001261763780248096,-0.0012276358330486647,-0.0018197774946296728,0.0023715087838569516,2025-10,True,all
141,2,-0.0015770920587857612,-0.0016579128034932204,0.0056894499242436765,-0.008270552632698179,-0.0009231899049612836,-0.0016564460738477268,0.004801234548372261,0.00568945149683403,-0.004273903700387108,-0.002965908251940164,0.0015770920587857612,2025-10,True,all
142,1,0.000794416725071191,0.0010472059442911607,0.0044185433922112214,-0.005388158498858876,-0.0020168210509388137,0.0006542591563196913,0.004158318706278752,0.0044185412415665625,-0.0030338815592620963,-0.0009933378074854678,-0.000794416725071191,2025-11,True,all
48,1,-0.0001985397492114128,0.00016768382124291893,0.00029264889339252495,0.0001424822165898972,0.00026744728873950326,0.00016768382124291893,0.00016768382124291893,0.00016768382124291893,0.00016768382124291893,0.00016768382124291893,-0.002510569948220666,2018-01,False,live
48,2,-0.0010286883947492036,-0.00029624125384054,-4.6311109541328066e-05,-0.0003583184877221801,-0.00010838834342296817,-0.00029624125384054,-0.00029624125384054,-0.00029624125384054,-0.00029624125384054,-0.00029624125384054,-0.003298904965869304,2018-01,False,live
48,3,-0.0019119051394794954,-0.0008132344281165006,-0.0004383392116676827,-0.0009562424226152691,-0.0005813472061664513,-0.0008132344281165006,-0.0008132344281165006,-0.0008132344281165006,-0.0008132344281165006,-0.0008132344281165006,-0.0004056942113045899,2018-01,False,live
49,1,-0.0008301486455377908,-0.0004710764596478847,-0.0003449324293296188,-0.0005077696509845751,-0.0003816256206663089,-0.0004710764596478847,-0.0004710764596478847,-0.0004710764596478847,-0.0004710764596478847,-0.0004710764596478847,-0.0007883350176486358,2018-02,False,live
49,2,-0.0017133653902680832,-0.0009952210184882712,-0.0007429329578517391,-0.0011125871282839698,-0.0008602990676474379,-0.0009952210184882712,-0.0009952210184882712,-0.0009952210184882712,-0.0009952210184882712,-0.0009952210184882712,0.002104875736916076,2018-02,False,live
49,3,-0.0020870679699953884,-0.0010098514123256705,-0.0006314193213708727,-0.001150914396685217,-0.0007724823057304191,-0.0010098514123256705,-0.0010098514123256705,-0.0010098514123256705,-0.0010098514123256705,-0.0010098514123256705,0.0065779114135976835,2018-02,False,live
50,1,-0.0008832167447302923,-0.0004822192014163252,-0.00039110187993552796,-0.0005652768003818922,-0.00047415947890109514,-0.0004822192014163252,-0.0004822192014163252,-0.0004822192014163252,-0.0004822192014163252,-0.0004822192014163252,0.002893210754564712,2018-03,False,live
50,2,-0.0012569193244575975,-0.0004549242378296635,-0.00027268959486806914,-0.000562207198843052,-0.0003799725558814576,-0.0004549242378296635,-0.0004549242378296635,-0.0004549242378296635,-0.0004549242378296635,-0.0004549242378296635,0.007366246431246322,2018-03,False,live
50,3,-0.001371812352786204,-0.00016881972284430282,0.0001045322415980888,-0.00020732169598058418,6.60302684618074e-05,-0.00016881972284430282,-0.00016881972284430282,-0.00016881972284430282,-0.00016881972284430282,-0.00016881972284430282,0.012757910883044786,2018-03,False,live
51,1,-0.00037370257972730534,8.106916887757145e-05,0.00012608094937992023,5.770303820330884e-05,0.00010271481870565765,4.229841411133804e-05,0.00023608117887259766,0.00012608055748658054,0.0003198299439125017,0.00020044955639503655,0.004473035676681606,2018-04,False,live
51,2,-0.0004885956080559118,0.0004209478891538419,0.0005109714501585396,0.00046440344739540773,0.0005544270084001052,0.0004209478891538419,0.0004209478891538419,0.0004209478891538419,0.0004209478891538419,0.0004209478891538419,0.009864700128480073,2018-04,False,live
51,3,-0.0010283872620404889,0.0003359279837741418,0.0004709633252811882,0.00047423839389176006,0.0006092737353988063,0.0003359279837741418,0.0003359279837741418,0.0003359279837741418,0.0003359279837741418,0.0003359279837741418,0.018524400128314487,2018-04,False,live
52,1,-0.00011489302832860637,0.0003575689835906514,0.00038246586713669775,0.0004243758403610187,0.0004492727239070649,0.0003180885579297936,0.0003475701901181649,0.000382465993418173,0.00027988604058262436,0.0003187275120866379,0.005391664451798467,2018-05,False,live
52,2,-0.0006546846823131834,0.0002902393415253323,0.00034003310861742474,0.00045235786787285655,0.0005021516349649492,0.00030884474610156775,0.00029528990972090056,0.00034003323489892047,0.0002714559357992541,0.00028084763866229306,0.014051364451632879,2018-05,False,live
52,3,-0.0013710868837064265,4.62991520513465e-05,0.00012098980268948534,0.0003013883138935004,0.0003760789645316393,4.62991520513465e-05,4.62991520513465e-05,4.62991520513465e-05,4.62991520513465e-05,4.62991520513465e-05,0.019783018742330433,2018-05,False,live
53,1,-0.000539791653984577,-8.345030174907936e-05,-4.96490956350596e-05,9.907524559167068e-07,3.479195856993644e-05,-0.00014202304309304968,-0.0001558789630513008,-4.9648732109706974e-05,-0.0002485461336018043,-0.00016599821767544185,0.008659699999834415,2018-06,False,live
53,2,-0.0012561938553778207,-0.0003435111509068253,-0.0002759087386787859,-0.00017248578090559865,-0.00010488336867755918,-0.00037919760743554377,-0.0004118246200907219,-0.00027590837515341636,-0.0005503996584153035,-0.0004469554046610644,0.014391354290531976,2018-06,False,live
53,3,-0.0017072250066238455,-0.00033820094991735266,-0.00023679733157529342,-0.00015003245193437987,-4.862883359232062e-05,-0.00030665078031463165,-0.00038116729174923666,-0.00023679696804992592,-0.0004333216866156525,-0.0003857613182665026,0.015647227062823118,2018-06,False,live
54,1,-0.0007164022013932435,-0.00027610635927191905,-0.00022534021534678073,-0.00018889136817522908,-0.00013812522425009086,-0.0003155825127326226,-0.00021127273057807637,-0.0002253402626530448,-0.00023908756877257496,-0.0002575969640222469,0.005731654290697553,2018-07,False,live
54,2,-0.0011674333526392685,-0.0002868416683966194,-0.00018530938054634277,-0.00018155574362125357,-8.002345577097692e-05,-0.000341180924017412,-0.00016718083531711868,-0.00018530942785261733,-0.0002766606082649995,-0.00028175113833080943,0.006987527062988704,2018-07,False,live
54,3,-0.0015525343453570508,-0.00023164681899307706,-7.934838721766219e-05,-0.00011184378188582202,4.045464988959277e-05,-0.00024412402010929568,-6.009747140514855e-05,-7.934843452394044e-05,-0.0001689898014741236,-0.0002003183102336003,0.009315073811547904,2018-07,False,live
55,1,-0.0004510311512460249,-4.634434700606298e-06,4.412792962492489e-05,1.2227310816471475e-05,6.098967514200266e-05,-1.7781499380133004e-05,0.00010839610456269194,4.412771330639524e-05,8.946171794598117e-05,4.241364162268745e-05,0.0012558727722911463,2018-08,False,live
55,2,-0.0008361321439638071,5.6661289127030035e-05,0.0001541860177780924,8.78090441819076e-05,0.00018533377283296997,4.253957520156987e-05,0.0002371232401424221,0.00015418580145956304,0.0002029620119233313,0.00012981165052518065,0.0035834195208503477,2018-08,False,live
55,3,-0.0016012315998538273,-0.00026204145021757163,-0.00011575435724097804,-0.00019700817753603945,-5.0721084559445943e-05,-0.0002772765396929859,-2.7394025660418884e-05,-0.0001157545735595283,-0.00010723762100107874,-0.00018463953560932518,0.0023426355377380026,2018-08,False,live
56,1,-0.00038510099271778215,0.0001002032822149452,0.00010927008940986527,0.0001131523873218827,0.00012221919451680275,7.42572893513601e-05,9.698453227393775e-05,0.00010927013184924371,6.22321877620228e-05,8.121773498848399e-05,0.0023275467485592023,2018-09,False,live
56,2,-0.0011502004486078025,-0.00017959189874234755,-0.00016145828435250737,-0.0001388207162127826,-0.00012068710182294248,-0.0001851262527621398,-0.00017722642466449948,-0.0001614582419131146,-0.00018294408240088802,-0.00018126799057161783,0.0010867627654468548,2018-09,False,live
56,3,-0.0020281482006947074,-0.0005722353758965248,-0.0005450349543117647,-0.0006492985904464503,-0.0006220981688616899,-0.0005703383554852449,-0.0005617903014263478,-0.0005450349118723861,-0.0005908019049267751,-0.0005815186404116499,-0.009574437892035534,2018-09,False,live
57,1,-0.0007650994558900202,-0.00029464125161770345,-0.0002726453928748265,-0.0002676749063664801,-0.0002456790476236031,-0.0002807494722550775,-0.00030588673009027855,-0.00027264528334933484,-0.00029788508104651283,-0.00029626316633210814,-0.0012407839831123466,2018-10,False,live
57,2,-0.001643047207976925,-0.0007021307994322913,-0.0006581390819465373,-0.000790922721411076,-0.0007469310039253218,-0.0006904994131448031,-0.0007016734317121676,-0.0006581389724210079,-0.0007767748700626967,-0.000739452834747494,-0.011901984640594733,2018-10,False,live
57,3,-0.0017346700070366627,-0.00032329539421971273,-0.00025730781799108147,-0.0004902087436163619,-0.0004242211673877307,-0.0002880170849408012,-0.00030402934722158816,-0.0002573077084655753,-0.00037679856434301684,-0.0003500469792813647,-0.014595028212483499,2018-10,False,live
58,1,-0.0008779477520869047,-0.00041914651758114387,-0.00038079290643593805,-0.0005376805168358361,-0.0004993269056906303,-0.0004016569556806219,-0.00029313295585295905,-0.00038079316045116785,-0.000344646953702211,-0.00038189673564167746,-0.010661200657482389,2018-11,False,live
58,2,-0.0009695705511466428,-5.196808213512103e-05,2.473914015529068e-05,-0.0002570762902198378,-0.00018036906792942616,-7.852251821351192e-06,0.00013380327089181863,2.4738886140041278e-05,0.0001269342481141101,3.748308298949452e-05,-0.013354244229371159,2018-11,False,live
58,3,-0.0012016367289760758,0.00017476697454120693,0.0002898278079768244,-8.042768682484295e-05,3.463314661077463e-05,0.0002138218815153843,0.00040691915985854177,0.00028982755396158465,0.00039462973266850867,0.00028469835360485786,-0.01128268164820884,2018-11,False,live
59,1,-9.162279905973793e-05,0.00042983228143669204,0.00041198616364946505,0.0003527138040820945,0.0003348676862948675,0.00046553623185032703,0.0005355875845539233,0.0004119858179618765,0.00054221434049715,0.0004860233109669209,-0.0026930435718887694,2018-12,False,live
59,2,-0.0003236889768891709,0.0007192211841036889,0.0006835289485292348,0.0006015038091346453,0.000565811573560191,0.0007801508901284097,0.0008479418260155721,0.0006835286028416443,0.0009532913045826863,0.0008362562443431879,-0.0006214809907264536,2018-12,False,live
59,3,-0.0004979897579010446,0.0010663754835882455,0.0010128371302265643,0.0009374161826003918,0.0008838778292387105,0.0011621910384155428,0.0011800448698639679,0.001012836784538969,0.0014441640711614777,0.0012552697773748616,0.0022764427208976515,2018-12,False,live
60,1,-0.00023206617782943294,0.0002868918849967087,0.0002646763488189455,0.0002503325254545035,0.00022811698927674033,0.0002854926093897296,0.00013088202763646346,0.0002646767312837832,0.0001078550858009306,0.00019737348539881962,0.0020715625811623156,2019-01,False,live
60,2,-0.00040636695884130656,0.0006315491668109766,0.0005871180944554505,0.0005827345849007592,0.0005383035125452331,0.0006559974828591544,0.0004091370325105983,0.000587118476920304,0.00039829837936648674,0.0005149237730887316,0.0049694862927864205,2019-01,False,live
60,3,-0.00039887744001730835,0.0011579967484611161,0.001091350139927827,0.001113783390182076,0.001047136781648787,0.0011898742315295298,0.0008987760217011773,0.0010913505223926544,0.00100187596273897,0.001079936355600043,0.009450799946592429,2019-01,False,live
61,1,-0.00017430078101187364,0.00034745115086576956,0.00031810278909848936,0.00033811238216701245,0.00030876402039973225,0.00033527339542316673,0.0002350046276899336,0.000318103036186225,0.00021866475788811956,0.0002830579543769445,0.002897923711624106,2019-02,False,live
61,2,-0.00016681126218787544,0.000876692601567411,0.0008179958780328504,0.0008706351905906638,0.0008119384670561031,0.0008591933959691387,0.0007083732732126821,0.0008179961251206085,0.0006555170028391509,0.000766104802203281,0.007379237365430118,2019-02,False,live
61,3,-0.0003217663817767826,0.0012434894138561468,0.0011554443285543064,0.0012157721233362648,0.0011277270380344244,0.0012377126019456036,0.0010373552777096964,0.0011554445756420464,0.0009502675221593452,0.0010968784680077462,0.013807520503072898,2019-02,False,live
62,1,7.489518823998185e-06,0.0004745874619911483,0.0004947623987876113,0.00047725885072659414,0.0004974337875230572,0.00044892380206842215,0.00039547876180087986,0.0004947626947425711,0.0003397841353541363,0.0004071857986726423,0.004481313653806008,2019-03,False,live
62,2,-0.000147465600764909,0.0007867302855693911,0.0008270801591623173,0.000767403518091282,0.0008077533916842077,0.000745838177150753,0.0006963009332514338,0.0008270804551172954,0.0005706601946890805,0.0006786952401292358,0.010909596791448796,2019-03,False,live
62,3,-0.0004056048591081306,0.0009956889703933197,0.0010562137807827087,0.00096254862247125,0.0010230734328606395,0.0009370548164154864,0.0009154432597119616,0.0010562140767376806,0.0006950267481031393,0.0008453578592482297,0.015481868725499255,2019-03,False,live
63,1,-0.00015495511958890716,0.00023791730161538542,0.00032446438896537884,0.00021564660431476915,0.0003021936916647627,0.00021067226707044656,0.00016742876641057979,0.00032446484639287647,6.86599765285805e-05,0.000153288639071983,0.006428283137642786,2019-04,False,live
63,2,-0.00041309437793212876,0.00037265046447645635,0.0005457446391764432,0.00033624023631500784,0.0005093344110149948,0.00031885141439492423,0.00033806262198822815,0.0005457450966039607,9.865793727727936e-05,0.0002356542008768678,0.011000555071693242,2019-04,False,live
63,3,-0.0005482579283710682,0.0006303593352418095,0.0008900005972917898,0.0006613799483568428,0.0009210212104068232,0.0005534577871089452,0.0006659843417464873,0.0008900010547192806,0.0003317776080071428,0.00048106847162447615,0.01934188084927354,2019-04,False,live
64,1,-0.00025813925834322166,0.00011650420784953776,0.00021621049413348035,0.00010248178780208492,0.0002021880740860275,8.719453335005401e-05,0.00011236885868436854,0.00021621079561881865,-6.292112678850584e-06,5.510604758534361e-05,0.004572271934050455,2019-05,False,live
64,2,-0.00039330280878216114,0.0003559841236033577,0.0005553966961712428,0.0004092727922402182,0.0006086853648081032,0.0002963197509920737,0.0004177940511671133,0.0005553969976565725,0.0001802467239585497,0.0002681154237809537,0.012913597711630751,2019-05,False,live
64,3,-0.0005709544656093537,0.0005529759329689244,0.0008520947918207523,0.0006841935715408067,0.0009833124303926346,0.00045909894940501783,0.0007035157618507619,0.0008520950933060865,0.0003119953381737306,0.0004324856355713274,0.019065671338466088,2019-05,False,live
65,1,-0.00013516355043893946,0.0002514171015883712,0.0003358598867434013,0.00032274855164905037,0.00040719133680408055,0.0002223586436295196,0.0002665286510297172,0.0003358600842167783,0.00018635876994295872,0.000218887935765665,0.008341325777580302,2019-06,False,live
65,2,-0.00031281520726613213,0.00046034609678848916,0.0006292316670985494,0.0006101296285840293,0.0007790151988940892,0.0003971326930839399,0.0005373209223213051,0.0006292318645719298,0.00034992050985224916,0.00040513330332036916,0.014493399404415633,2019-06,False,live
65,3,-0.0004214079659940529,0.0007383339900878792,0.0009916623455529694,0.0008972200699598174,0.0011505484254249075,0.0006363692486010325,0.000892397999988097,0.0009916625430263473,0.0005083899106753513,0.0006233619503816152,0.02269952947258522,2019-06,False,live
66,1,-0.00017765165682719262,0.0001752099865713149,0.00028828299419236933,0.00025314845304535955,0.00036622146066641394,0.0001513579558234637,0.00018042579567549317,0.00028828330278126986,9.34328811788426e-05,0.00013432143387507873,0.006152073626835329,2019-07,False,live
66,2,-0.0002862444155551134,0.0004194788712419017,0.0006456248864840105,0.0005030854998466083,0.000729231515088717,0.00036379640437203005,0.0005025978220039701,0.0006456251950729261,0.00024968924009741817,0.00033458405566965993,0.014358203695004918,2019-07,False,live
66,3,-0.0003731775630923805,0.000685407367103142,0.0010246263899663054,0.0007737449109579337,0.001112963933821097,0.0005906721072740975,0.0008701312038506616,0.0010246266985552092,0.0004024104984904093,0.0005439089327967758,0.02420772040925497,2019-07,False,live
67,1,-0.00010859275872792075,0.00019937300595674915,0.0003530391610350385,0.00020792225576992773,0.0003615884108482172,0.00017846477005602568,0.00025891069213516266,0.0003530394261639399,0.0001079692791648157,0.00015367114256078246,0.00820613006816959,2019-08,False,live
67,2,-0.00019552590626518792,0.00042040562310415193,0.0007277379332607309,0.00043500726403511463,0.0007423395741916933,0.0003705631241503498,0.0006024095191046628,0.0007277381983896002,0.000266272295009265,0.00034333895905670845,0.01805564678241963,2019-08,False,live
67,3,-0.00038106996920748607,0.0005428273248465238,0.001003825790081392,0.0005970123936418541,0.0010580108588767222,0.0004547473286136477,0.0008681558013160013,0.0010038260552102916,0.0003093724537591277,0.0004260998893028258,0.02509011577380807,2019-08,False,live
68,1,-8.69331475372672e-05,0.00019249608443756068,0.0003695070198575298,0.00020002290075318743,0.0003770338361731565,0.00017636232045099907,0.00025204244079181663,0.0003695073570713824,8.148886304522135e-05,0.0001369924737413911,0.009849516714250045,2019-09,False,live
68,2,-0.00027247721047956544,0.0002863812534700905,0.0006404031243100286,0.0003338477466867886,0.0006878696175267267,0.00024474194047108624,0.0004832719357158279,0.0006404034615238673,0.00011801447167237837,0.0002021978625712344,0.016883985705638482,2019-09,False,live
68,3,-0.0005834016709486472,0.0002548860249758367,0.0007859188312357439,0.00023034049436618852,0.0007613733006260959,0.00017940622962249602,0.0006153926266801335,0.0007859191684495924,-3.99448358579028e-05,0.00010747059455896696,0.025384719063312217,2019-09,False,live
69,1,-0.00018554406294229815,6.903784860082016e-05,0.0002655409302516651,0.00011011756628152009,0.00030662064793236506,5.554143433133061e-05,0.00014261070514972736,0.0002655412803373997,-2.8141707352015466e-05,2.0448070624402344e-05,0.0070344689913884395,2019-10,False,live
69,2,-0.0004964685234113799,1.2695299674856757e-05,0.00040570146297654665,-2.1641153579428117e-05,0.00037136500972226175,-2.0974616222742802e-05,0.00024127250479428903,0.00040570181306229946,-0.0002158620836319948,-0.00010158339197856897,0.015535202349062175,2019-10,False,live
69,3,-0.0008026317197473728,-3.88859851180179e-05,0.0005506232598345168,-0.00012208438971508776,0.000467424855237447,-0.00010185374533520562,0.0003721851769976547,0.0005506236099202517,-0.0003891598777576678,-0.00021402293143784302,0.01529302497393714,2019-10,False,live
70,1,-0.0003109244604690817,-0.00010463883167160696,0.00013636709086414347,-0.0001772071925620532,6.379872997369717e-05,-0.00011750098568999029,4.526366281853911e-05,0.00013636734190070263,-0.00019901305780670143,-0.00015182594473915417,0.008500733357673734,2019-11,False,live
70,2,-0.0006170876568050747,-0.00020451639921012515,0.00027749544586137565,-0.0003281635074222995,0.00015384833764920126,-0.00023711317084577102,0.0001593431670552667,0.00027749569689795454,-0.0003829382847264456,-0.00029372734196828537,0.0082585559825487,2019-11,False,live
70,3,-0.0009236880917310945,-0.00030483120533867004,0.0004181865622685811,-0.0004522051961757845,0.00027081257143146665,-0.0003650180755250184,0.0002899722740884576,0.0004181868133051262,-0.0005780151494882612,-0.0004414231774134656,0.0006109396404476498,2019-11,False,live
71,1,-0.000306163196335993,-0.00014712950850667014,0.0001392076917456245,-0.000192744390463473,9.359280978882159e-05,-0.0001597438911912846,9.126917052128165e-05,0.000139207820488928,-0.000141265871157595,-0.00014419768983213254,-0.00024217737512503127,2019-12,False,live
71,2,-0.0006127636312620128,-0.0002946962556033669,0.0002779781449012223,-0.0003592782139450194,0.00021339618655956993,-0.00033050083503688275,0.00021294655651261284,0.0002779782736445291,-0.0003023378032489442,-0.0002985170294261556,-0.007889793717226083,2019-12,False,live
72,1,-0.00030660043492601976,-0.00012968838065700896,0.00013683701299246404,-0.00014792059749072653,0.0001186047961587465,-0.00013812086530819623,8.655482231882019e-05,0.000136837144502317,-0.0001098845911994343,-0.00011978648592822163,-0.0076476163421010535,2020-01,False,live
88,1,-0.0002659920769550061,0.0003075113008798429,0.00019692457957625007,0.0003009564790796491,0.0001903697577760562,0.00028301475986957855,0.0006463759580827976,0.00019692337211454477,0.0005621901841212923,0.0004348507425005676,0.005456688992810391,2021-05,False,live
88,2,-0.001053098890818703,9.390786485099482e-05,-0.000127265577756191,9.662605395888884e-05,-0.000124547388648297,1.1619111816181407e-05,0.0005146624280171323,-0.0001272667852179203,0.00046323108392144416,0.0002785694743862196,0.015917366241991384,2021-05,False,live
88,3,-0.0016032265273218417,0.00011728360618270539,-0.00021447655772807332,0.00016089521125171852,-0.00017086495265906032,-7.765681950306365e-05,0.0005098791672950944,-0.00021447776518978998,0.000423336824104959,0.0002703102151438323,0.020371732524207195,2021-05,False,live
89,1,-0.0007871068138636972,-0.00021704785475253454,-0.00032650691709216155,-0.00021013307250274512,-0.0003195921348423722,-0.0002504124711226488,-0.00040167861224344793,-0.0003265066907238061,-0.00033498128122264455,-0.0002760145679875895,0.010460677249180997,2021-06,False,live
89,2,-0.0013372344503668353,-0.00019711653214451045,-0.0004160346568237645,-0.00015244017044718604,-0.00037135829512644,-0.0002725670679825481,-0.000520243128386427,-0.000416034430455435,-0.0003915280570222726,-0.00029432229458339155,0.014915043531396813,2021-06,False,live
89,3,-0.0018988088315159027,-0.00018863195418241502,-0.0005170091412012962,-0.00013451854240777983,-0.00046289572942666095,-0.0003673727788035373,-0.0006324337278544514,-0.000517008914832959,-0.0004445968075351622,-0.00031661438085878857,0.015086335511899283,2021-06,False,live
90,1,-0.0005501276365031384,3.624032711185793e-05,-8.57311476723918e-05,7.230707960467242e-05,-4.9664395179577244e-05,-1.3665748310527262e-05,3.366257092355513e-05,-8.573152902165025e-05,3.2623191673539544e-05,3.443175939269873e-05,0.004454366282215813,2021-07,False,live
90,2,-0.0011117020176522054,6.103390957778712e-05,-0.00018290903999071216,0.00010708123535121046,-0.00013686171421728902,-4.499504536254992e-05,-1.934301287407359e-05,-0.0001829094213399637,3.4340765149909794e-05,4.768733736384847e-05,0.0046256582627182885,2021-07,False,live
90,3,-0.0014899627353347695,0.0002691411555102194,-9.677326884252958e-05,0.00032157144076472207,-4.434298358802695e-05,7.97056795375717e-05,8.313526659860807e-05,-9.677365019176951e-05,0.0002355597500726657,0.00025235045279144256,0.021625766914832745,2021-07,False,live
91,1,-0.0005615743811490671,6.216532292129821e-05,-9.619247682783324e-05,7.211437048525114e-05,-8.62434292638803e-05,1.1007429883386866e-05,-6.49991064806131e-05,-9.619257622880366e-05,-3.743950950322085e-05,1.2362906709038698e-05,0.00017129198050247724,2021-08,False,live
91,2,-0.0009398350988316311,0.00030764430930909953,-9.071290189163347e-06,0.0003223175097368542,5.601910238591336e-06,0.00018625385667092408,3.36037952670874e-05,-9.0713895901297e-06,0.00010684668598318303,0.00020724549764614123,0.017171400632616934,2021-08,False,live
91,3,-0.0014404492840961228,0.0004307698281149737,-4.4303571132420694e-05,0.00047488322633123023,-1.9017291616413495e-07,0.00021833735324725497,2.597725867421245e-06,-4.430367053338253e-05,0.00014421080476175772,0.0002874903164383657,0.020299659992011217,2021-08,False,live
92,1,-0.00037736878614308845,0.0002217642721002173,8.800627537379237e-05,0.00022490804854596055,9.115005181953565e-05,0.0001684699757025055,0.0001226971569449582,8.80061634635177e-05,0.00013294404214450557,0.00017735415712236136,0.017022028474075784,2021-09,False,live
92,2,-0.0008768025327310982,0.00032146358375551346,5.394759030266364e-05,0.0003549091829303409,8.739318947749105e-05,0.00019644703254755424,0.00010132311497227105,5.3947478392371314e-05,0.0001600295129416161,0.00024074654834856473,0.020152881793412,2021-09,False,live
92,3,-0.0013781574975222214,0.0004192416772076959,1.7967687028421152e-05,0.00044366155074751035,4.238756056823567e-05,0.00018994753299888997,6.998132301857157e-05,1.796757511814049e-05,0.00014722650884091385,0.0002832340930243049,0.015815659581460202,2021-09,False,live
93,1,-0.0004994337465880096,9.26351372399479e-05,-3.50475196258904e-05,0.00012094868049796441,-6.733976367873938e-06,4.210042414665053e-05,-6.703405128413644e-05,-3.504741708365574e-05,-2.887527339448659e-05,3.1879931922730646e-05,0.003130853319336231,2021-10,False,live
93,2,-0.001000788711379133,0.00018334905627678209,-7.201625745489465e-05,0.00020285676134862974,-5.250855238304691e-05,6.197778408668773e-05,-0.00011576064130798724,-7.201615491264548e-05,-6.925074476485629e-05,5.704915575596286e-05,-0.0012063688926155659,2021-10,False,live
93,3,-0.0013233276262817294,0.0004528790252021433,6.983105460462841e-05,0.00041798878931161785,3.494081871410285e-05,0.0002320796915040623,2.1764630159172202e-05,6.983115714688561e-05,4.9907474708207336e-05,0.0002513932499551753,-0.003556833412566674,2021-10,False,live
94,1,-0.0005013549647911235,8.198766754557856e-05,-3.6579320944272105e-05,7.493058218322596e-05,-4.3636406306624623e-05,3.0431331023228018e-05,-2.3799744039689113e-05,-3.657936162599827e-05,-4.1790607935991924e-05,2.009852980479335e-05,-0.0043372222119518,2021-11,False,live
94,2,-0.0008238938796937196,0.0003427913849796842,0.0001056574079999829,0.00028825137679270674,5.11173998130054e-05,0.00022092886955139517,0.000123149233208516,0.00010565736731823393,7.4763429963878e-05,0.0002087774074717811,-0.006687686731902906,2021-11,False,live
94,3,-0.0013157108793790916,0.000434317017631014,7.861605216146202e-05,0.0003430187349514295,-1.2682230518122516e-05,0.0002115670579277414,9.784543756027937e-05,7.861601147972111e-05,1.17380759179851e-05,0.00022302754677449958,-0.004973266435664491,2021-11,False,live
95,1,-0.00032253891490259626,0.0002520347280821785,0.0001426386995040822,0.00020701348913730038,9.761746055920408e-05,0.00020267806556329248,0.0001559276527720287,0.00014263865653641757,0.0001088305548800191,0.00018043264148109875,-0.0023504645199511048,2021-12,False,live
95,2,-0.0008143559145879686,0.00033479137138158106,0.00011599931422538855,0.0002541023871335348,3.5310329977342216e-05,0.00021397357630135774,0.00013416967193785728,0.00011599927125775375,4.955378753524355e-05,0.00019217257945841227,-0.0006360442237126902,2021-12,False,live
95,3,-0.0015352327232610373,0.00018848820569328643,-0.00013969988004100236,8.15760431983343e-05,-0.0002466120425359544,-3.1277132848186504e-05,-0.00011973644586340108,-0.00013969992300864672,-0.0002485412808842022,-3.0026537595457893e-05,0.004667058486752961,2021-12,False,live
96,1,-0.0004918169996853722,5.7576200032676125e-05,-2.8189805925477207e-05,2.6298892094867874e-05,-5.946711386328546e-05,1.412822592833264e-05,-8.040773747759958e-05,-2.8189639188596638e-05,-0.00010855146280947756,-2.5487631388400708e-05,0.0017144202962384137,2022-01,False,live
96,2,-0.0012126938083584415,-0.00011390740892234491,-0.00028543942083865154,-0.00017243260354242928,-0.00034396461545873594,-0.00022311460708609868,-0.0003569836380161023,-0.00028543925410174015,-0.0004345189986830745,-0.0002742132038027096,0.007017523006704066,2022-01,False,live
96,3,-0.0020809499340464217,-0.00043277033489227685,-0.0006900683527667367,-0.00048251403375977375,-0.0007398120516342337,-0.0006362342951179516,-0.0007687653870889828,-0.00069006818602985,-0.0008914687789799407,-0.0006621195569361087,0.02336994840226862,2022-01,False,live
97,1,-0.0007208768086730692,-0.0001708828679207297,-0.00025694649872042734,-0.00019796078223203705,-0.0002840244130317346,-0.00021194476784562396,-0.0002464990631560991,-0.0002569465293464216,-0.00030480659513658885,-0.0002378447315286593,0.005303102710465651,2022-02,False,live
97,2,-0.0015891329343610493,-0.0004891450528563702,-0.0006612723144557653,-0.0005082527672090197,-0.0006803800288084149,-0.0005919942388030082,-0.0006469108643233085,-0.0006612723450817575,-0.0007431437067042956,-0.0006161443797803327,0.021655528106030213,2022-02,False,live
97,3,-0.0025729149833919793,-0.0009229331611349605,-0.0011811240535340537,-0.0009311244345473526,-0.0011893153269464454,-0.0011174601994874335,-0.0011652962617385927,-0.0011811240841600266,-0.0013248090264213405,-0.0011238710937781506,0.031503937873623225,2022-02,False,live
98,1,-0.0008682561256879802,-0.0002787082381226447,-0.0004015923423446953,-0.00027370739540745904,-0.00039659149962950954,-0.00031626525139676667,-0.0003089518137637691,-0.0004015926018345903,-0.0003522925220461319,-0.0003155003800843883,0.016352425395564568,2022-03,False,live
98,2,-0.0018520381747189104,-0.0006729423995882393,-0.0009187106080323408,-0.0006560754603547207,-0.000901843668798822,-0.0007732355629210011,-0.0007923099386222029,-0.0009187108675221965,-0.0008577454048259174,-0.0007653439022070784,0.026200835163157583,2022-03,False,live
98,3,-0.0025742913297691727,-0.0008056476670731664,-0.0011742999797393183,-0.0008045875427069713,-0.0011732398553731232,-0.0009969259898645326,-0.0010355964108718168,-0.0011743002392291938,-0.0011766907392660297,-0.0009911692031695982,0.027583608962466408,2022-03,False,live
99,1,-0.00098378204903093,-0.00036293162114547537,-0.0005128909778734906,-0.0003519124999450473,-0.0005018718566730627,-0.00038954492359774724,-0.0003713980458023884,-0.0005128913612854122,-0.0003809073567779523,-0.0003719194889617139,0.00984840976759301,2022-04,False,live
99,2,-0.001706035204081193,-0.0004643343483102832,-0.0007642530617663136,-0.00046824348812595277,-0.0007681622015819833,-0.0005538508774682497,-0.0005723776171974023,-0.000764253445178249,-0.0005765703543767609,-0.000520452351343522,0.011231183566901849,2022-04,False,live
99,3,-0.0024625317693674426,-0.0005999804857110786,-0.0010498585558951243,-0.0005860802976744571,-0.001035958367858503,-0.0007854947807185903,-0.0008400430098071046,-0.001049858939307029,-0.0008801910446735726,-0.0007400857651923254,0.015800500153069295,2022-04,False,live
100,1,-0.0007222531550502625,-0.00014515942631487797,-0.0002460194695399742,-0.00016135441013178124,-0.0002622144533568775,-0.00016189172160377708,-6.759456859846512e-05,-0.00024601994298702385,-8.56416374840643e-05,-0.00011540053189947118,0.0013827737993088371,2022-05,False,live
100,2,-0.0014787497203365126,-0.00032456226286574336,-0.000526282349315936,-0.0003157100819257746,-0.0005174301683759671,-0.00039427544770651783,-0.0002851334843857366,-0.0005262828227629563,-0.00023864284918370925,-0.0002816025560247264,0.0059520903854762865,2022-05,False,live
100,3,-0.0020078290235380236,-0.00027654783733186935,-0.0005791279670071582,-0.00022995221512357703,-0.0005325323447988657,-0.0004482836246662707,-0.00031592895303557444,-0.0005791284404541891,-0.000252232810533178,-0.0002643903239325237,0.011141184115426798,2022-05,False,live
101,1,-0.00075649656528625,-0.00014132881302364754,-0.0002777265965848279,-0.0001146515608557127,-0.00025104934441689316,-0.000149040706838659,-0.00019242932918942505,-0.00027772682131149755,-0.000131767496733092,-0.00013654815487836982,0.004569316586167445,2022-06,False,live
101,2,-0.0012855758684877606,-5.5240363962555684e-05,-0.0003280359310849164,9.17762919638657e-06,-0.0002636179379259741,-0.00010621939623294462,-0.00021285724175552014,-0.00032803615581162687,-4.942566908084611e-05,-5.2333016521700886e-05,0.009758410316117964,2022-06,False,live
101,3,-0.0018597655879779682,-1.4262331190160767e-05,-0.0004234556818737018,6.266433151025749e-05,-0.0003465290191732836,-0.00014818326955159364,-0.000297808903658665,-0.00042345590660039,-6.252924528772485e-05,-3.839578823894281e-05,0.015175571588978443,2022-06,False,live
102,1,-0.0005290793032015106,8.36922602476896e-05,-4.747538963697795e-05,0.00012325112957216845,-7.916520312499039e-06,8.860829642336825e-05,4.9373820824574736e-05,-4.7475645089881884e-05,0.00013206178137512207,0.00010787702081140586,0.005189093729950518,2022-07,False,live
102,2,-0.0011032690226917183,0.00012227410420668233,-0.00014006119556265282,0.00017505524363841483,-8.728005613092031e-05,9.516889461717757e-05,-9.090412522573814e-06,-0.0001400614510155587,0.000175407879321781,0.0001488409917642317,0.010606255002810998,2022-07,False,live
102,3,-0.001547053505282179,0.00029126118506542155,-0.0001022417645885811,0.0003372003450869756,-5.6302604567027067e-05,0.00018687961361850934,4.07506106739129e-05,-0.00010224202004145691,0.0003038854681374166,0.0002975733266014191,0.018243809115296508,2022-07,False,live
103,1,-0.0005741897194902077,3.693591538783561e-05,-9.210625653540235e-05,4.868451575945046e-05,-8.035765616378755e-05,4.830217610163966e-05,-7.56117798368869e-05,-9.21063010672362e-05,1.301082880473755e-05,2.4973372096286593e-05,0.0054171612728604835,2022-08,False,live
103,2,-0.0010179742020806684,0.00020427706767541786,-5.3807276171058165e-05,0.00020722183158694603,-5.086251225953002e-05,0.00020016319889085995,-3.152361132036483e-05,-5.3807320702898315e-05,0.00015377633289974103,0.00017902670028757943,0.013054715385345991,2022-08,False,live
103,3,-0.001525536874119681,0.00030784003051444815,-7.92864852552658e-05,0.000333949580161141,-5.317693560857296e-05,0.0002443598428156862,-5.497094633703491e-05,-7.928652978710363e-05,0.0002409609625806991,0.00027440049654757346,0.01301540676825756,2022-08,False,live
104,1,-0.000443784482590461,0.00016850277895373906,3.9220042929698256e-05,0.00015887177214015996,2.9589036116119102e-05,0.00018611878544554574,7.147116047176848e-05,3.921995600904255e-05,0.00014334258286507898,0.00015592268090940898,0.007637554112485504,2022-09,False,live
104,2,-0.0009513471546294738,0.0002732273684589263,1.4661896410844613e-05,0.0002869358635965999,2.8370391548518148e-05,0.0002843534683939567,5.831985027608022e-05,1.4661809490208841e-05,0.0002485987993135593,0.0002609130838862428,0.00759824549539708,2022-09,False,live
104,3,-0.0013249864641544826,0.0005118753204781174,0.00012402711240599483,0.0005159899452741732,0.0001281417372020505,0.0004831175749424915,0.00017171952847967192,0.00012402702548532872,0.00046528467243742285,0.0004885799964577702,0.001776562205845872,2022-09,False,live
105,1,-0.0005075626720390129,0.00011025923087580155,-2.494646377558335e-05,0.00013217422660079226,-3.031468050592707e-06,0.00012544144388707088,-3.887288718803378e-05,-2.4946427137309197e-05,5.3531859078468396e-05,8.189554497713498e-05,-3.930861708842681e-05,2022-10,False,live
105,2,-0.0008812019815640217,0.000354441824265607,8.403043496283716e-05,0.00036687353831993153,9.646214901716177e-05,0.000371449191606317,6.510950600880443e-05,8.403047160110233e-05,0.0002486696226778152,0.00030155572347171115,-0.005860991906639638,2022-10,False,live
105,3,-0.0012801344963672403,0.0005733312123772026,0.00016771412842304782,0.0005224729568756274,0.00011685587292147271,0.0005630498532973629,0.00014700199401258794,0.00016771416506133183,0.0003916626576753038,0.0004824969350262532,-0.0036494769766626523,2022-10,False,live
106,1,-0.0003736393095250089,0.0002448600038440557,0.00010922147191269095,0.00023572855713046637,0.00010009002519910166,0.00025706051067163024,0.00011812215849075595,0.00010922144857197555,0.000174252087926448,0.00020955604588525185,-0.005821683289551206,2022-11,False,live
106,2,-0.0007725718243282275,0.00046442680240990153,0.00019314973854717206,0.0003960105827028828,0.00012473351884015346,0.00047773648010576914,0.0002052575570342715,0.00019314971520647224,0.00030543668654937786,0.0003849317444796396,-0.0036101683595742237,2022-11,False,live
106,3,-0.0012074694508480207,0.0006480284892591737,0.00024111289346507943,0.0005398091342382186,0.0001328935384441242,0.0006447567323619346,0.00025437631888112003,0.0002411128701243694,0.0004183121952504913,0.0005331703422548325,-0.0007395377242353607,2022-11,False,live
107,1,-0.0003989325148032188,0.0002089238272936697,8.28678639945521e-05,0.00014404023218359197,1.7984268884474384e-05,0.00021647549620513285,4.3643347308476326e-05,8.286796567900233e-05,5.653625779836961e-05,0.0001327300425460197,0.0022115149299769855,2022-12,False,live
107,2,-0.0008338301413230115,0.00038188254287076554,0.00012977061627253046,0.000275947332060703,2.383540546246793e-05,0.000388534740305424,7.632136309299171e-05,0.00012977071795695146,0.00011840465566050993,0.00025014359926563785,0.005082145565315845,2022-12,False,live
107,3,-0.0012468004680644003,0.0005767685582262652,0.00019860066832891237,0.0004602316981440057,8.206380824665281e-05,0.0005686355616013328,0.00013999282696515558,0.0001986007700133653,0.0002384504858136163,0.0004076095220199407,0.007797216731123249,2022-12,False,live
108,1,-0.0004348976265197926,0.00017932484890214784,4.610594589341534e-05,0.0001428110672066998,9.592164197967339e-06,0.00018235575391004945,1.6204017783304264e-05,4.610602267555275e-05,2.947441203541741e-05,0.00010439963046878261,0.002870630635338863,2023-01,True,live
108,2,-0.0008478679532611816,0.0003805769975826992,0.00011413919156523431,0.0003325036332180876,6.606582720062267e-05,0.00037908757209010176,7.334273704422667e-05,0.00011413926834738286,0.00011789021393522514,0.00024923360575896227,0.005585701801146264,2023-01,True,live
108,3,-0.0011198176292989256,0.0007228497969668954,0.00032319308794069796,0.0006781209818189516,0.0002784642727927542,0.0007063988210651308,0.00027842730056327195,0.00032319316472283975,0.0003644168106020594,0.0005436333037844771,0.01046559159581484,2023-01,True,live
109,1,-0.0004129703267413889,0.00019650886758341976,6.759414142521503e-05,0.00018493025980939473,5.601553365118998e-05,0.0001950147745184133,5.112283161315512e-05,6.759418378470796e-05,6.131655863857092e-05,0.00012891271311099537,0.002715071165807402,2023-02,True,live
109,2,-0.000684920002779133,0.0005340383858704842,0.00027620893355407466,0.0005252666828529657,0.00026743723053655613,0.0005245197251236108,0.0002537966819746131,0.00027620897591357506,0.00028675900102106695,0.00041039869344577565,0.007594960960475975,2023-02,True,live
109,3,-0.0011051377022458016,0.0007232998807286243,0.00033655570225401,0.000730331672424387,0.00034358749394977265,0.0006965137934506879,0.00031200064664218066,0.00033655574461350285,0.0003693474208539098,0.000546323650791267,0.010421007605947722,2023-02,True,live
110,1,-0.00027194967603774424,0.0003118706447927577,0.00020797711154937648,0.000314631931548382,0.0002107383983050007,0.0003042249248378563,0.00018375539140849472,0.00020797717354278228,0.00018147445523708223,0.00024667255001492003,0.004879889794668576,2023-03,True,live
110,2,-0.0006921673755044129,0.0004754732661565911,0.0002676861996698286,0.0004942321338216383,0.00028644506733487566,0.0004557339784801943,0.0002347021925267268,0.0002676862616632212,0.00024130491857399266,0.0003583890923652919,0.00770593644014032,2023-03,True,live
110,3,-0.001080823691717299,0.0006706372707742071,0.0003589566710440632,0.0006808719847246236,0.00036919138499447965,0.0006312007420496256,0.00032280287773124686,0.00035895673303745453,0.0003069077647439007,0.0004887725177590538,0.016231104356987783,2023-03,True,live
111,1,-0.0004202176994666687,0.00011391041722631361,5.776537679756065e-05,0.00013020228098684528,7.405724055809233e-05,0.00010221102266662856,-1.594801931939036e-05,5.776556633918972e-05,-3.244546234663875e-05,4.0732477439837444e-05,0.0028260466454717425,2023-04,True,live
111,2,-0.0008088740156795546,0.00025938221770641003,0.00014709213684890402,0.00026729866561151096,0.00015500858475400497,0.00023012104687735935,4.7006003296559095e-05,0.00014709232639052047,-2.2912151422376316e-05,0.00011823503314201675,0.011351214562319203,2023-04,True,live
111,3,-0.0011391259266792218,0.0004632584233997253,0.00029482330211346645,0.0004987846494654498,0.000330349528179191,0.00041205770905300144,0.00018530168849271246,0.000294823491655088,8.268711364131981e-05,0.00027297276852052246,0.03362491483714463,2023-04,True,live
112,1,-0.00038865631621288593,9.850810468307456e-05,8.879189545136598e-05,8.987037923687264e-05,8.015417000516403e-05,8.334888213798835e-05,6.818057350085309e-05,8.879194730898153e-05,-1.0098314172590061e-07,4.9203560770674365e-05,0.008525167916847461,2023-05,True,live
112,2,-0.0007189082272125531,0.00025542061457936815,0.0002359881961159509,0.0002762382080088629,0.00025680578954544566,0.00021724434388744528,0.00020795379552722806,0.00023598824797356802,8.606990506689074e-05,0.00017074525982312946,0.030798868191672886,2023-05,True,live
112,3,-0.0011245019073232699,0.00033699135536461173,0.0003078427276694858,0.00037572207146009434,0.0003465734437649685,0.0002701889854226971,0.00027713493734858835,0.00030784277952709615,8.102277899552074e-05,0.0002090070671800662,0.03451664160226749,2023-05,True,live
113,1,-0.00033025191099966697,0.0001291127733265121,0.00014638169611915958,0.00016039784009842589,0.0001776667628910733,0.00011154519221595672,0.00011472287203445378,0.0001463817768782755,6.366865006311337e-05,9.639071169481275e-05,0.022273700274825416,2023-06,True,live
113,2,-0.0007358455911103839,0.00018288377754197439,0.00021742162312726927,0.00023261248818381972,0.00026715033376911447,0.00013838721913590223,0.0001743703006818453,0.0002174217038863857,4.4690021968953756e-05,0.00011378689975546407,0.025991473685420013,2023-06,True,live
113,3,-0.0009597014240523733,0.0004183926289261642,0.0004701993973041064,0.00047972019976068574,0.0005315269681386279,0.0003392655198185684,0.000423048458949017,0.00047019947806321486,0.0001949959223893119,0.00030669427565773805,0.01633647106030272,2023-06,True,live
114,1,-0.0004055936801107169,1.8250616358246955e-05,6.970918431611729e-05,3.6241385992916524e-05,8.769995395078687e-05,6.096259370218821e-07,1.8213539873655773e-05,6.970931093494446e-05,-5.1756231102684106e-05,-1.6752807372218585e-05,0.003717773410594588,2023-07,True,live
114,2,-0.0006294495130527062,0.00021823907988522147,0.0003211562158009622,0.00024722764759701744,0.00035014478351275813,0.0001714483597074827,0.00025137871016497226,0.0003211563424197915,7.641813144515576e-05,0.00014732860566518858,-0.005937229214522702,2023-07,True,live
114,3,-0.0008443501744425218,0.00042718271496437006,0.000581558418837981,0.0004385742647149116,0.0005929499685885227,0.00034191775505994736,0.0005052905303294575,0.0005815585454567955,0.00018664728102475955,0.00030691499799456485,-0.00021611544263903246,2023-07,True,live
115,1,-0.00022385583294198935,0.00018969799493607505,0.00025081902081533036,0.00019958786771753578,0.000260708893596791,0.00017027408453842104,0.00022674775281899593,0.00025081908030450827,0.00014000768690351352,0.0001648528409197943,-0.00965500262511729,2023-08,True,live
115,2,-0.00043875649433180476,0.00038835116142432415,0.0005105932131828346,0.00038098694748029256,0.0005032289992388032,0.00033882344696391996,0.00047813433518561176,0.0005105932726720291,0.00026266103313409554,0.0003255060972792099,-0.0039338888532336165,2023-08,True,live
115,3,-0.0005506746820113462,0.0006899868016228472,0.0008733498792606131,0.000695981728338323,0.0008793448059760889,0.0005983737439067266,0.0008379683466887448,0.0008733499387498122,0.0004929850899443115,0.0005914859457835794,0.006487408370733744,2023-08,True,live
116,1,-0.00021490066138981544,0.00016945867594256425,0.0002575347368245103,0.00015143891586854859,0.00023951497675049466,0.00014954471399079204,0.00017411130789514096,0.000257534954071379,6.0223738311579214e-05,0.00011484120712707171,0.005721113771883676,2023-09,True,live
116,2,-0.0003268188490693566,0.00044189982559540264,0.0006180519473592946,0.0004363652870780025,0.0006125174088418947,0.000391793157673138,0.000506631573119039,0.0006180521646061628,0.00025614413926353596,0.0003490219824294693,0.016142410995851043,2023-09,True,live
116,3,-0.0004862233267988343,0.0006668546851983044,0.0009310828678441424,0.0006486235322230754,0.0009128517148689135,0.0005765654770769284,0.0008102667044736605,0.0009310830850910122,0.00038966411014859816,0.0005282593976734515,0.011666037398601066,2023-09,True,live
117,1,-0.00011191818767954127,0.0002533674978861179,0.0003582381420673108,0.00026654871125674217,0.00037141935543793506,0.00023371779645680555,0.0002720582275778782,0.0003582383648384418,0.00016549367919800983,0.0002094305885420638,0.010421297223967367,2023-10,True,live
117,2,-0.00027132266540901896,0.00045924870572229933,0.0006689899940846853,0.00045891028147516694,0.0006686515698375529,0.0004093162924144115,0.0005537138494930576,0.0006689902168558029,0.00027232885214135516,0.00036578877893182727,0.005944923626717389,2023-10,True,live
117,3,-0.000622931880047019,0.0004729251766499584,0.0007875371091935372,0.0004322106649839535,0.0007468225975275322,0.00038329690996835765,0.0006624374388862547,0.0007875373319646517,0.00016678259627164383,0.00031985388646080113,0.0011734507764650265,2023-10,True,live
118,1,-0.00015940447772947765,0.00017291083413955885,0.0003076094121746788,0.0001621395019829384,0.0002968380800180583,0.00015412580574491018,0.00018730935367948355,0.0003076097199668127,4.852441609871257e-05,0.00011071762511913571,-0.004476373597249975,2023-11,True,live
118,2,-0.0005110136923674779,0.00015361693137059526,0.00042301408744083505,0.00010951331783486548,0.00037891047390510525,0.00010690151990063266,0.00026195852561715095,0.0004230143952329436,-9.889438568372689e-05,2.7361272843434225e-05,-0.009247846447502336,2023-11,True,live
118,3,-0.0007461042426524148,0.00025084169295469457,0.0006549374270600544,0.0001760911145177871,0.0005801868486231467,0.00016670933772672052,0.0004800746312887257,0.0006549377348521883,-0.00012323217917201845,6.380475689133807e-05,-0.011350493665504733,2023-11,True,live
119,1,-0.0003516092146380001,-3.714680541859119e-05,0.00011272981081246343,-7.363719812688892e-05,7.623941810416572e-05,-5.560526637934302e-05,8.019821728844304e-06,0.0001127300711847748,-0.000165515696993312,-0.00010133125120595156,-0.004771472850252363,2023-12,True,live
119,2,-0.0005866997649229374,4.2225053515880485e-05,0.0003419782859779897,-2.6502838312689463e-05,0.00027325039414941986,-3.05638061687079e-06,0.00020131244375855658,0.0003419785463503269,-0.0002107471401325306,-8.426104330832509e-05,-0.006874120068254757,2023-12,True,live
119,3,-0.0008075654184974689,0.00013582180916075782,0.0005854516578539217,5.8033171446319305e-05,0.0005076630201394832,5.5462851986517156e-05,0.0004324391103579576,0.000585451918226244,-0.00022886910660625186,-4.6523648722746964e-05,-0.006113262934668531,2023-12,True,live
120,1,-0.0002350905502849372,7.542825058737012e-05,0.00022827666645162576,4.634449193449156e-05,0.00019919290779874717,5.52953330577815e-05,0.00018886802854681085,0.00022827675973136728,1.0729248461333468e-05,4.3078749524351794e-05,-0.0021026472180023957,2024-01,True,live
120,2,-0.0004559562038594688,0.00016508139788514592,0.00047077822961365723,0.00012598015897609223,0.0004316769907046035,0.00011558707838561724,0.00041747313049487794,0.0004707783228934216,2.8544730434836107e-05,9.681306415999098e-05,-0.0013417900844161696,2024-01,True,live
120,3,-0.0006314040379361495,0.0003001523646807726,0.0007586976122735394,0.0002641208320678355,0.0007226660796606023,0.000212731401254849,0.000700492276949245,0.0007586977055532875,7.483849834491879e-05,0.00018749543151284573,0.0028673260236734234,2024-01,True,live
121,1,-0.00022086565357453146,7.300255761153787e-05,0.0002405504805427868,6.283380998422702e-05,0.00023038173291547594,5.244199224419536e-05,0.00016085850919941952,0.00024055066319271507,-1.8845883982864792e-06,3.555898460662571e-05,0.0007608571335862269,2024-02,True,live
121,2,-0.00039631348765121213,0.00019142293472092665,0.0005265187805834245,0.0001844405612501916,0.0005195364071126895,0.00014138233113170743,0.00041876630371057394,0.0005265189632333784,4.696122740375752e-05,0.00011919208106234205,0.004969973241675821,2024-02,True,live
121,3,-0.000591033121818395,0.00029057151173981306,0.0007932152805335597,0.000297749367246636,0.0008003931360403827,0.00020224468011733525,0.0006755823607842549,0.0007932154631835154,7.508267182839192e-05,0.00018282709178410244,0.009928905333551886,2024-02,True,live
122,1,-0.0001754478340766806,0.00010241165434548399,0.0002839297366462073,0.0001056564331441153,0.00028717451544483857,8.229406974992138e-05,0.0002004182501633498,0.0002839299272798166,4.219523764070442e-05,7.230344599309421e-05,0.004209116108089595,2024-03,True,live
122,2,-0.0003701674682438636,0.00018555150860046556,0.0005485876732019123,0.00020198493323298028,0.0005650210978344269,0.00013573443896871187,0.0004358358516533712,0.0005485878638355296,6.911864110335576e-05,0.00012733507485191073,0.009168048199965658,2024-03,True,live
122,3,-0.000680684623527534,0.0001528938417389598,0.0006974480886411297,0.00016258526804767485,0.0007071395149498449,6.499429657211098e-05,0.0005744581881077423,0.0006974482792747407,-4.36030074321689e-05,5.464541715339547e-05,0.02115715592161689,2024-03,True,live
123,1,-0.000194719634167183,7.509803409155962e-05,0.0002622719723822074,8.909643128683214e-05,0.00027627036957747996,5.608022793164918e-05,0.00016215636337379467,0.0002622722018998363,9.152924635135439e-06,4.2125479363347527e-05,0.004958932091876065,2024-04,True,live
123,2,-0.0005052367894508534,3.439854706663188e-05,0.00040874642364792743,4.215127403507218e-05,0.0004164991506163677,-1.2749878544396931e-05,0.0002730301864349008,0.0004087466531655661,-0.00011142174096848285,-3.851159695092551e-05,0.016948039813527296,2024-04,True,live
123,3,-0.0007114055871533224,9.80474176229056e-05,0.0006595692324948488,0.0001268710503177334,0.0006883928651896766,1.4043258769584546e-05,0.000511193583416719,0.0006595694620124836,-0.00011155967113635827,-6.756126756726304e-06,0.030952846862984017,2024-04,True,live
124,1,-0.00031051715528367037,-5.9490992466551556e-05,0.00014428885149586824,-6.537415198854302e-05,0.0001384056919738768,-7.773834171888253e-05,6.746857033515082e-05,0.00014428897952185678,-0.0001225664421928437,-9.102871732969763e-05,0.011989107721651234,2024-05,True,live
124,2,-0.0005166859529861393,-1.4633627351901651e-05,0.00039292606057293787,-1.556361063896798e-06,0.00040600332686094277,-6.0078450550666365e-05,0.0002934157955490239,0.0003929261885989008,-0.0001262580167418073,-7.044582204685448e-05,0.025993914771107955,2024-05,True,live
124,3,-0.0009592083918863105,-0.00020612990343495395,0.0004052096284523053,-0.00018358995441422886,0.00042774957747303044,-0.00028726180629091557,0.0002989975477108074,0.00040520975647827923,-0.00038055717224911597,-0.000293343537842035,0.029264541436644597,2024-05,True,live
125,1,-0.00020616879770246895,3.834576837054861e-05,0.00024744473922999643,5.931200172637928e-05,0.0002684109725858271,1.9068524120263145e-05,0.00020889409504495346,0.0002474448048163417,3.756176145455659e-05,3.7953764912552596e-05,0.014004807049456718,2024-06,True,live
125,2,-0.0006486912366026401,-0.00015966210445660502,0.0002585358372622906,-0.00012711545706797244,0.0002910824846509232,-0.00020754849358570857,0.00020959952049798367,0.0002585359028486575,-0.00018262981119976935,-0.0001711459578281872,0.01727543371499336,2024-06,True,live
125,3,-0.0009398155340598584,-0.0002062718358408057,0.0004210250767375378,-0.0001712734246775131,0.00045602348790083037,-0.0002920821262770697,0.00036929082501769705,0.0004210251423238713,-0.00027938194576771527,-0.00024282689080426048,0.022247814963284273,2024-06,True,live
126,1,-0.00044252243890017124,-0.00020834813226858684,9.062862464835205e-06,-0.00019706497873554866,2.0346015997873332e-05,-0.0002269269425754457,-4.601792113587109e-05,9.062959986008396e-06,-0.00023810472753725637,-0.00022322642990292162,0.0032706266655366397,2024-07,True,live
126,2,-0.0007336467363573894,-0.00026529812309422065,0.00016952386637262334,-0.00025255066997481384,0.00018227131949203015,-0.00031189959071827044,0.00010208086312983625,0.00016952396389378603,-0.00033533508560876224,-0.00030031660435149156,0.008243007913827555,2024-07,True,live
126,3,-0.0011185846119730293,-0.00041606169207827616,0.0002361712921219899,-0.00042091159385950367,0.00023132139034076236,-0.0004996537848940045,0.00016595373731169202,0.00023617138964318084,-0.0005511468109634972,-0.0004836042515208867,0.02009544371215077,2024-07,True,live
127,1,-0.0002911242974572182,-5.3872594259846e-05,0.00016038732209913096,-5.201773575349779e-05,0.0001622421806054791,-7.361703880020705e-05,0.00015831934318332285,0.00016038732563464063,-1.1037769773169545e-05,-3.245518201650777e-05,0.004972381248290913,2024-08,True,live
127,2,-0.0006760621730728579,-0.0002015587666781136,0.0002269610660398403,-0.00021728487602326287,0.000211234956694691,-0.0002541199358705409,0.00022441734445517307,0.00022696106957535058,-0.00016249144136096791,-0.0001820251040195408,0.016824817046614128,2024-08,True,live
127,3,-0.0010107692797524691,-0.0002990141701603524,0.00034376557891657847,-0.0003097907797093915,0.0003329889693675394,-0.00039491952405596933,0.00034111241178329206,0.00034376558245208835,-0.00027819581164844893,-0.0002886049909044007,0.015677930731586687,2024-08,True,live
128,1,-0.00038493787561563975,-0.00014208046704199855,6.528029779474863e-05,-0.00016081230790805054,4.65484569286966e-05,-0.00016143510754131133,2.859726194887281e-05,6.528035930202148e-05,-0.0001565025827992611,-0.00014929152492062982,0.011852435798323213,2024-09,True,live
128,2,-0.0007196449822952508,-0.0002339301651479683,0.00018079136452552605,-0.0002476961263371254,0.00016702540333636898,-0.00028515996308733276,0.00013565014566784212,0.00018079142603279243,-0.0002568141194264012,-0.00024537214228718474,0.010705549483295771,2024-09,True,live
128,3,-0.0010274717797092274,-0.00029889955398830346,0.00032318274052193813,-0.0003240614959248289,0.00029802079858541256,-0.0003953370174118755,0.0002760912779559139,0.0003231828020292068,-0.0003558491641364298,-0.00032737435906236655,0.005103883796211823,2024-09,True,live
129,1,-0.0003347071066796111,-7.767993025381773e-05,0.00011498882434841942,-7.249165691446432e-05,0.00012017709768777283,-9.782432964304625e-05,0.00010035965742053258,0.00011498884879466569,-4.9857893347340256e-05,-6.376891180057903e-05,-0.0011468863150274405,2024-10,True,live
129,2,-0.0006425339040935874,-0.00012847955124200078,0.00025685795796247354,-0.000134815783747351,0.0002505217254571234,-0.00018207459361662488,0.00023892398943668334,0.0002568579824087186,-0.00010563641717386177,-0.00011705798420793131,-0.006748552002111391,2024-10,True,live
129,3,-0.00102836886893374,-0.00025728733965636,0.00032071892415035135,-0.00028551457533511994,0.00029249168847159145,-0.00035770006824214606,0.00030203838450022167,0.00032071894859659873,-0.00026966673947391087,-0.0002634770395651353,-0.015875894525152773,2024-10,True,live
130,1,-0.0003078267974139764,-3.223387773817724e-05,0.00014095652389700314,-4.4664214469650804e-05,0.0001285261871655296,-5.3234653366485906e-05,0.00011496680401926747,0.00014095656695449165,-4.200161628198937e-05,-3.711774701008331e-05,-0.005601665687083947,2024-11,True,live
130,2,-0.000693661762254129,-0.00014247592290253064,0.00020390488036783015,-0.00017924996637924375,0.00016713083689111702,-0.00019706834429666922,0.00017199398278003544,0.00020390492342531574,-0.00018525808524828979,-0.00016386700407541022,-0.014729008210125327,2024-11,True,live
130,3,-0.0011369082518326438,-0.0003101294928052462,0.00020944171210029493,-0.0003716478671614861,0.00014792333774405505,-0.0004119649178680152,0.0001761818063031376,0.00020944175515777536,-0.00040298723056231403,-0.00035655836168378013,-0.016902095631437526,2024-11,True,live
131,1,-0.00038583496484015254,-9.787351852397852e-05,6.18384625818742e-05,-0.00012124634204642495,3.846563905942777e-05,-0.00011886625486302636,3.0502477258081393e-05,6.183851490563053e-05,-0.00013071106183537427,-0.0001142922901796764,-0.00912734252304138,2024-12,True,live
131,2,-0.0008290814544186674,-0.00025315856178631936,6.626540042538616e-05,-0.00030055186927012385,1.8872092941581675e-05,-0.0003082324251948447,2.790783741926779e-05,6.62654527491131e-05,-0.0003323894620638273,-0.00029277401192507333,-0.01130042994435358,2024-12,True,live
131,3,-0.001230559520929457,-0.0003666751819809351,0.00011246076133662293,-0.00042165323604179735,5.7482707275760795e-05,-0.00046831267626318615,7.252984575711366e-05,0.0001124608136603653,-0.0004894400431967387,-0.00042805761258883683,-0.011551445714497396,2024-12,True,live
132,1,-0.0004432464895785148,-0.0001524328974121614,3.943824854591059e-06,-0.00017362262376434875,-1.724590149759639e-05,-0.00017393328867156335,-9.296008529033422e-06,3.943847652790368e-06,-0.00015627140619525875,-0.00015435215180371008,-0.0021730874213122015,2025-01,True,live
132,2,-0.0008447245560893049,-0.0002630973717565979,4.965607277690695e-05,-0.0002920470100775421,2.070643445596281e-05,-0.0003202332401828008,3.355922384061957e-05,4.9656095575130384e-05,-0.00028076142240722864,-0.00027192939708191327,-0.002424103191456017,2025-01,True,live
132,3,-0.0010508989980076383,-0.00017845822150857832,0.0002906719452916789,-0.00020810158505972393,0.0002610285817405334,-0.00028471768528032113,0.0002739585827157069,0.0002906719680898856,-0.00022135962264336327,-0.00019990892207597072,-0.0011090170734223811,2025-01,True,live
133,1,-0.0004014780665107899,-9.331814606997175e-05,4.568167563662139e-05,-0.00010084933680746546,3.8150484899127686e-05,-0.00011436617178089987,4.4865424524083006e-05,4.5681677093693517e-05,-7.236271900820262e-05,-8.284043253908719e-05,-0.0002510157701438153,2025-02,True,live
133,2,-0.0006076525084291236,8.667332452512582e-06,0.0002866669758656989,4.0893430205111027e-07,0.0002784085777152375,-5.000460932139237e-05,0.0002856804659040344,0.0002866669773227703,3.144056700273525e-05,2.005394972762391e-05,0.0010640703478898205,2025-02,True,live
133,3,-0.0009140461766366197,1.0433584685834985e-05,0.00042743304980561434,1.0220880643143644e-05,0.000427220345762923,-0.00010052262182265455,0.0004264110261702035,0.00042743305126269885,2.2330274500744676e-05,1.638192959328984e-05,0.0034130714537212777,2025-02,True,live
134,1,-0.00020617444191833382,0.00011703651293383921,0.00024063390272418043,0.00011663476097382018,0.00024023215076416138,9.590131855782196e-05,0.00023176520333987875,0.00024063391911200674,0.00012588931166785847,0.00012146291230084882,0.0013150861180336358,2025-03,True,live
134,2,-0.0005125681101258297,0.0001338537995785165,0.0003810485791591987,0.00014122922597594272,0.0003884240055566251,7.585715636405665e-05,0.00037044475190869356,0.00038104859554699333,0.0001441598523390503,0.0001390068259587834,0.0036640872238650926,2025-03,True,live
134,3,-0.0008903383430782151,7.929452147830412e-05,0.0004500866908493278,7.891116012909578e-05,0.0004497033295001195,-3.2390790863348876e-05,0.0004391433923210605,0.0004500867072371386,6.279380207157011e-05,7.104416177493708e-05,0.009009401386239,2025-03,True,live
135,1,-0.00030639366820749586,1.9377837298148334e-05,0.00013857777641422314,2.717339221684449e-05,0.0001463733313329193,-6.551495756401257e-07,9.559175659262328e-05,0.00013857785173409913,-3.2515705592036916e-05,-6.568934146944292e-06,0.0023490011058314585,2025-04,True,live
135,2,-0.0006841639011598812,-3.262089014859292e-05,0.00020577898808355665,-3.228805545395193e-05,0.0002061118227781977,-8.62059949233662e-05,0.00015505502398634058,0.00020577906340342255,-0.0001386759074000886,-8.564839877434076e-05,0.007694315268205361,2025-04,True,live
135,3,-0.0010674901071473983,-9.017559063046567e-05,0.00026742422671775865,-7.676846192938391e-05,0.00028083135541884046,-0.00019193140186153486,0.0002153073497186029,0.000267424302037622,-0.00022361310763436396,-0.00015689434913241482,0.01590491685424507,2025-04,True,live
136,1,-0.00037777023295238545,-4.269255794338184e-05,6.61513800298319e-05,-5.091527844753247e-05,5.7928659525681286e-05,-6.119010376455262e-05,4.063824128791883e-05,6.615142087392597e-05,-8.601925988794282e-05,-6.435590891566236e-05,0.005345314162373904,2025-05,True,live
136,2,-0.0007610964389399023,-9.094108892189525e-05,0.0001267467870245322,-8.768770129411211e-05,0.00013000017465231533,-0.00014233793445111949,9.650064474991645e-05,0.00012674682786861032,-0.00016809301850839346,-0.0001295170537151444,0.013555915748413612,2025-05,True,live
136,3,-0.0009467833613662611,5.844966366074966e-05,0.0003849814775803908,7.238141100165239e-05,0.0003989132249212935,-3.9074341418122465e-05,0.000353857304473615,0.00038498151842451356,-5.745030357997668e-05,4.996800403864345e-07,0.017673999634375066,2025-05,True,live
137,1,-0.00038332620598751694,-4.2644107839453805e-05,6.0098028197483505e-05,-2.930093683949459e-05,7.344119919744272e-05,-6.111306302418655e-05,4.723539923672517e-05,6.0098037820158124e-05,-5.067468978934379e-05,-4.6659398814398764e-05,0.008210601586039708,2025-06,True,live
137,2,-0.0005690131284138756,0.00011235106788225068,0.00031783533995612524,0.00013692353257867157,0.0003424078046525462,6.202563628082038e-05,0.0003024527240840446,0.0003178353495788106,8.472821296198541e-05,9.853964042211802e-05,0.012328685472001163,2025-06,True,live
137,3,-0.0008082169323547724,0.00021382936208941692,0.0005220557702002288,0.00023780478246165923,0.0005460311905724712,0.00011685102492380556,0.0005061794501209748,0.0005220557798229044,0.00014067916882672273,0.00017725426545806984,0.008781807647658634,2025-06,True,live
138,1,-0.00018568692242635867,0.0001697582930787918,0.00025728881901089935,0.00018276392998041528,0.0002702944559125228,0.00015230872991983777,0.0002453659609320165,0.0002572888275478581,0.00015441001520000318,0.00016208415413939743,0.004118083885961462,2025-07,True,live
138,2,-0.0004248907263672556,0.00028599970464304546,0.00046106075650726054,0.00029916233174907814,0.0004742233836132933,0.0002369653488849897,0.0004467547357818058,0.000461060765044216,0.00023403067021632692,0.0002600151874296862,0.0005712060616189243,2025-07,True,live
138,3,-0.0006071934805566737,0.0004591421659587778,0.0007217337437551005,0.0004567563527110205,0.0007193479305073431,0.0003649569349970685,0.000706951372127669,0.0007217337522920553,0.0003390699884921342,0.000399106077225456,0.0005950702760853389,2025-07,True,live
139,1,-0.00023920380394089693,9.48384518581025e-05,0.00020186609439257674,9.327820046600836e-05,0.00020030584300048256,7.834929885672319e-05,0.00014934002007299603,0.00020186613007777468,1.757399651578623e-05,5.620622418694438e-05,-0.003546877824342537,2025-08,True,live
139,2,-0.000421506558130315,0.0002465779534676839,0.00046063323853663235,0.00022812154339972885,0.0004421768284686773,0.00020282077985710488,0.0003973038267055113,0.0004606332742218434,8.955739446042217e-05,0.000168067673964053,-0.0035230136098761207,2025-08,True,live
139,3,-0.000578035074955303,0.0004240916924416953,0.0007451746200451178,0.000408458329476226,0.0007295412570796485,0.00033976827330459196,0.0006796232241251393,0.0007451746557303217,0.0002062944323319902,0.00031519306238684283,-0.0011515048260191682,2025-08,True,live
140,1,-0.00018230275418941807,0.00014741279381655457,0.000257282834626463,0.00012966509994156647,0.00023953514075147488,0.00013054245226461558,0.0002146859265533865,0.00025728286196952506,6.855497969936134e-05,0.00010798388675795798,2.3864214466416008e-05,2025-09,True,live
140,2,-0.0003388312710144061,0.0003205998249975392,0.0005403399066173562,0.0003059737438668752,0.0005257138254866923,0.0002777083516697392,0.0004886878013440043,0.0005403399339604008,0.00017974408044971296,0.00025017195272362616,0.002395372998323368,2025-09,True,live
140,3,-0.0005114006490338351,0.00047774599498408293,0.0008073561174138083,0.0004558918117288821,0.0007855019341586074,0.0003986789546357545,0.0007537790696963898,0.000807356144756857,0.00026242125425278786,0.00037008362461843537,0.0016009562732521771,2025-09,True,live
141,1,-0.00015652851682498796,0.00015630077106213288,0.00028117909509580954,0.00015940655740574787,0.00028428488143942453,0.00013618832059994758,0.000229105368757537,0.00028117913060838614,7.341787454598388e-05,0.0001148593228040584,0.0023715087838569516,2025-10,True,live
141,2,-0.00032909789484441703,0.0002965606809298247,0.0005463173289971781,0.00029148441753280353,0.0005412410656001568,0.00025115445247045863,0.0004836264476100955,0.0005463173645097428,0.00013676666427436465,0.00021666367260209468,0.0015770920587857612,2025-10,True,live
142,1,-0.00017256937801942907,0.00012541169404647323,0.0002631007042267611,0.00011772710121523436,0.0002554161113955223,0.00010479463691011238,0.00020545523100277656,0.0002631007428619739,2.6375387104595287e-05,7.589354057553426e-05,-0.000794416725071191,2025-11,True,live
