ts,url,sku,name,price
20250911024415,https://www.ceat.com/scooter-tyres/yamaha/alpha-tyres.html,103686,90/100-10 ZOOM D TL 53J,1319.58
20250911025636,https://www.ceat.com/bike-tyres/bajaj/wind-tyres.html,100227,2.75-18 SECURA ZOOM F TT 42P,1545.86
20250911025636,https://www.ceat.com/bike-tyres/bajaj/wind-tyres.html,100226,2.75-18 SECURA F85 TT 42P,1556.7
20250911025636,https://www.ceat.com/bike-tyres/bajaj/wind-tyres.html,103202,2.75-18 SECURA F85 TL 42P,1539.51
20250911025636,https://www.ceat.com/bike-tyres/bajaj/wind-tyres.html,105762,2.75-18 PSAFE Gripp F TL 42P,1671.88
20250911025636,https://www.ceat.com/bike-tyres/bajaj/wind-tyres.html,101494,3.00-18 MILAZE  TT 52P,1986.82
20250911025636,https://www.ceat.com/bike-tyres/bajaj/wind-tyres.html,105765,3.00-18 PSAFE Milaze TL 52P,2125.0
20250911025636,https://www.ceat.com/bike-tyres/bajaj/wind-tyres.html,113310,3.00-18 GRIPP X5 TT 52P,1829.29
20260412190915,https://www.ceat.com/bike-tyres/yamaha/enticer-tyres.html,100227,2.75-18 SECURA ZOOM F TT 42P,1774.82
20260412190915,https://www.ceat.com/bike-tyres/yamaha/enticer-tyres.html,100226,2.75-18 SECURA F85 TT 42P,1785.82
20260412190915,https://www.ceat.com/bike-tyres/yamaha/enticer-tyres.html,103202,2.75-18 SECURA F85 TL 42P,1540.0
20260412190915,https://www.ceat.com/bike-tyres/yamaha/enticer-tyres.html,114491,2.75-18 SecuraLYFE TL 48P,1562.01
20260412190915,https://www.ceat.com/bike-tyres/yamaha/enticer-tyres.html,113484,2.75-18 MILAZE X5 TL 48P,1614.0
20260412190915,https://www.ceat.com/bike-tyres/yamaha/enticer-tyres.html,114036,2.75-18 MILAZE X5 TT 48P WITH 2.75-18 TU,0.0
20260412190915,https://www.ceat.com/bike-tyres/yamaha/enticer-tyres.html,113269,2.75-18 GRIPP X5 TT 48P,1920.82
20260412190915,https://www.ceat.com/bike-tyres/yamaha/enticer-tyres.html,114804,2.75-18 SecuraLYFE TT 48P WITH 2.75-18 T,0.0
20251001015853,https://www.ceat.com/bike-tyres/hero/passion-tyres.html,100227,2.75-18 SECURA ZOOM F TT 42P,1604.91
20251001015853,https://www.ceat.com/bike-tyres/hero/passion-tyres.html,100226,2.75-18 SECURA F85 TT 42P,1614.9
20251001015853,https://www.ceat.com/bike-tyres/hero/passion-tyres.html,103202,2.75-18 SECURA F85 TL 42P,1419.24
20251001015853,https://www.ceat.com/bike-tyres/hero/passion-tyres.html,105762,2.75-18 PSAFE Gripp F TL 42P,1671.88
20251001015853,https://www.ceat.com/bike-tyres/hero/passion-tyres.html,101922,80/100-18 SECURA ZOOM F  TL 47P,1577.72
20251001015853,https://www.ceat.com/bike-tyres/hero/passion-tyres.html,102572,80/100-18 ZOOM PLUS F TL 47P,1590.57
20251001015853,https://www.ceat.com/bike-tyres/hero/passion-tyres.html,105740,80/100-18 PSAFE  Secura Zoom F TL 47P,2058.0
20251001015853,https://www.ceat.com/bike-tyres/hero/passion-tyres.html,101957,80/100-18 SECURA ZOOM+ TL 54P,1726.21
20251001015853,https://www.ceat.com/bike-tyres/hero/passion-tyres.html,103065,80/100-18 MILAZE  TL 54P,1843.0
20251001015853,https://www.ceat.com/bike-tyres/hero/passion-tyres.html,106500,80/100-18 PSAFE Gripp X3 TL 54P,2231.0
20251001015853,https://www.ceat.com/bike-tyres/hero/passion-tyres.html,113267,80/100-18 GRIPP X5 TL 54P,1786.18
20251001015853,https://www.ceat.com/bike-tyres/hero/passion-tyres.html,101494,3.00-18 MILAZE  TT 52P,1986.82
20251001015853,https://www.ceat.com/bike-tyres/hero/passion-tyres.html,105765,3.00-18 PSAFE Milaze TL 52P,2125.0
20251001015853,https://www.ceat.com/bike-tyres/hero/passion-tyres.html,113310,3.00-18 GRIPP X5 TT 52P,1866.2
20260119031941,https://www.ceat.com/scooter-tyres/honda/activa-tyres.html,103686,90/100-10 ZOOM D TL 53J,1216.49
20260119031941,https://www.ceat.com/scooter-tyres/honda/activa-tyres.html,106198,90/100-10 GRIPP X3 TL 53J,1403.0
20260611162456,https://www.ceat.com/bike-tyres/kawasaki/z650rs-tyres.html,113895,120/70ZR17 SPORTRAD ST TL 58W,0.0
20251113014453,https://www.ceat.com/bike-tyres/tvs/apache-tyres.html,106385,110/80-17 ZOOM X3 TL 57P,1927.64
20251113014453,https://www.ceat.com/bike-tyres/tvs/apache-tyres.html,102453,110/80-17 ZOOM XL TL 57P,0.0
20251113014453,https://www.ceat.com/bike-tyres/tvs/apache-tyres.html,103061,130/70-17 ZOOM XL TL 62P,2601.53
20251113014453,https://www.ceat.com/bike-tyres/tvs/apache-tyres.html,113496,150/60ZR17 SPORTRAD TL 66W,6914.06
20251113014453,https://www.ceat.com/bike-tyres/tvs/apache-tyres.html,104974,150/60R17 ZOOM RAD X1 TL 66H,4143.48
20251113014453,https://www.ceat.com/bike-tyres/tvs/apache-tyres.html,113494,110/70ZR17 SPORTRAD TL 54W,5530.33
20251113014453,https://www.ceat.com/bike-tyres/tvs/apache-tyres.html,104976,110/70R17 ZOOM RAD X1 F TL 54H,3202.56
20251113014453,https://www.ceat.com/bike-tyres/tvs/apache-tyres.html,106073,90/90-17 ZOOM X3 F TL 49P,1690.72
20251113014453,https://www.ceat.com/bike-tyres/tvs/apache-tyres.html,106760,90/90-17 PSAFE Zoom X3 F TL 49P,2148.0
20251113014453,https://www.ceat.com/bike-tyres/tvs/apache-tyres.html,106384,100/90-18 ZOOM X3 TL 56P,2040.11
20251113014453,https://www.ceat.com/bike-tyres/tvs/apache-tyres.html,106762,100/90-18 PSAFE GRIPP X3 TL 56P,2750.0
20251113014453,https://www.ceat.com/bike-tyres/tvs/apache-tyres.html,106763,100/90-18 PSAFE Zoom X3 TL 56P,2631.0
20251113014453,https://www.ceat.com/bike-tyres/tvs/apache-tyres.html,113265,100/90-18 GRIPP X5 TL 56P,2334.19
20260217025938,https://www.ceat.com/bike-tyres/bmw/s1000r-tyres.html,113895,120/70ZR17 SPORTRAD ST TL 58W,0.0
20260217025938,https://www.ceat.com/bike-tyres/bmw/s1000r-tyres.html,113921,190/55ZR17 SPORTRAD ST TL 75W,0.0
20250914142905,https://www.ceat.com/scooter-tyres/piaggio/sr125-tyres.html,104935,120/70-14 ZOOM PLUS TL 55P,2279.83
20260412200746,https://www.ceat.com/scooter-tyres/mahindra/gusto-tyres.html,102074,90/90-12 ZOOM D TL 54J,1068.0
20260412200746,https://www.ceat.com/scooter-tyres/mahindra/gusto-tyres.html,106061,90/90-12 MILAZE TL 54J SW,1380.0
20260217105324,https://www.ceat.com/bike-tyres/royal-enfield/super-meteor-tyres.html,106970,100/90-19 ZOOM CRUZ z F TL 57H,0.0
20251106233736,https://www.ceat.com/bike-tyres/bajaj/calliber-tyres.html,101494,3.00-18 MILAZE  TT 52P,1986.82
20251106233736,https://www.ceat.com/bike-tyres/bajaj/calliber-tyres.html,105765,3.00-18 PSAFE Milaze TL 52P,2125.0
20251106233736,https://www.ceat.com/bike-tyres/bajaj/calliber-tyres.html,113310,3.00-18 GRIPP X5 TT 52P,1866.2
20260119165520,https://www.ceat.com/bike-tyres/yamaha/yzf-r15-tyres.html,104975,130/70R17 M/C 62P CEAT ZOOM RAD TUBELESS,3401.35
20260121131000,https://www.ceat.com/bike-tyres/honda/cb-twister-tyres.html,114486,110/80-17 SecuraLYFE TL 57P,0.0
20260121131000,https://www.ceat.com/bike-tyres/honda/cb-twister-tyres.html,106385,110/80-17 ZOOM X3 TL 57P,1927.64
20260121131000,https://www.ceat.com/bike-tyres/honda/cb-twister-tyres.html,105171,110/80-17 ZOOM PLUS  TL 57P,0.0
20260121131000,https://www.ceat.com/bike-tyres/honda/cb-twister-tyres.html,106207,80/100-17 ZOOM X3 F TL 46P,1511.88
20260121131000,https://www.ceat.com/bike-tyres/honda/cb-twister-tyres.html,105169,80/100-17 ZOOM PLUS F  TL 46P,1574.56
20251001015947,https://www.ceat.com/bike-tyres/mahindra/mojo-tyres.html,113496,150/60ZR17 SPORTRAD TL 66W,7500.0
20251001015947,https://www.ceat.com/bike-tyres/mahindra/mojo-tyres.html,104974,150/60R17 ZOOM RAD X1 TL 66H,4143.48
20251001015947,https://www.ceat.com/bike-tyres/mahindra/mojo-tyres.html,113494,110/70ZR17 SPORTRAD TL 54W,5999.0
20251001015947,https://www.ceat.com/bike-tyres/mahindra/mojo-tyres.html,104976,110/70R17 ZOOM RAD X1 F TL 54H,3202.56
20260611154824,https://www.ceat.com/bike-tyres/kawasaki/ninja-tyres.html,113496,150/60ZR17 SPORTRAD TL 66W,6914.06
20260611154824,https://www.ceat.com/bike-tyres/kawasaki/ninja-tyres.html,104974,150/60R17 ZOOM RAD X1 TL 66H,4433.0
20260611154824,https://www.ceat.com/bike-tyres/kawasaki/ninja-tyres.html,113494,110/70ZR17 SPORTRAD TL 54W,5531.0
20260611154824,https://www.ceat.com/bike-tyres/kawasaki/ninja-tyres.html,104976,110/70R17 ZOOM RAD X1 F TL 54H,3412.0
20260412195945,https://www.ceat.com/scooter-tyres/vespa/vxl-tyres.html,114307,120/70-10 ZOOM X3 TL 54L,0.0
20251117200133,https://www.ceat.com/bike-tyres/hero/achiever-tyres.html,101922,80/100-18 SECURA ZOOM F  TL 47P,1577.72
20251117200133,https://www.ceat.com/bike-tyres/hero/achiever-tyres.html,102572,80/100-18 ZOOM PLUS F TL 47P,1590.57
20251117200133,https://www.ceat.com/bike-tyres/hero/achiever-tyres.html,105740,80/100-18 PSAFE  Secura Zoom F TL 47P,2058.0
20251117200133,https://www.ceat.com/bike-tyres/hero/achiever-tyres.html,113239,80/100-18 SecuraLYFE TL 54P,0.0
20251117200133,https://www.ceat.com/bike-tyres/hero/achiever-tyres.html,101957,80/100-18 SECURA ZOOM+ TL 54P,1726.21
20251117200133,https://www.ceat.com/bike-tyres/hero/achiever-tyres.html,103065,80/100-18 MILAZE  TL 54P,1843.0
20251117200133,https://www.ceat.com/bike-tyres/hero/achiever-tyres.html,106500,80/100-18 PSAFE Gripp X3 TL 54P,2231.0
20251117200133,https://www.ceat.com/bike-tyres/hero/achiever-tyres.html,113267,80/100-18 GRIPP X5 TL 54P,1786.18
20260307212348,https://www.ceat.com/bike-tyres/kawasaki/zx-10r-tyres.html,113895,120/70ZR17 SPORTRAD ST TL 58W,0.0
20260307212348,https://www.ceat.com/bike-tyres/kawasaki/zx-10r-tyres.html,113921,190/55ZR17 SPORTRAD ST TL 75W,0.0
20260513224759,https://www.ceat.com/bike-tyres/hero/ambition-tyres.html,100227,2.75-18 SECURA ZOOM F TT 42P,1774.82
20260513224759,https://www.ceat.com/bike-tyres/hero/ambition-tyres.html,100226,2.75-18 SECURA F85 TT 42P,1785.82
20260513224759,https://www.ceat.com/bike-tyres/hero/ambition-tyres.html,103202,2.75-18 SECURA F85 TL 42P,1540.0
20260513224759,https://www.ceat.com/bike-tyres/hero/ambition-tyres.html,114481,3.00-18 SecuraLYFE TL 52P,1720.5
20260513224759,https://www.ceat.com/bike-tyres/hero/ambition-tyres.html,113613,3.00-18 MILAZE X5 TL 52P,1778.0
20260513224759,https://www.ceat.com/bike-tyres/hero/ambition-tyres.html,113310,3.00-18 GRIPP X5 TT 52P,2058.82
20260309125146,https://www.ceat.com/bike-tyres/royal-enfield/meteor-tyres.html,105726,100/90-19 ZOOM PLUS F TL 57 P,2222.64
20260309125146,https://www.ceat.com/bike-tyres/royal-enfield/meteor-tyres.html,105808,140/70-17 ZOOM PLUS  TL 66P,3309.53
20260309125146,https://www.ceat.com/bike-tyres/royal-enfield/meteor-tyres.html,101824,140/70-17 ZOOM XL TL 66H,3309.53
20260309125146,https://www.ceat.com/bike-tyres/royal-enfield/meteor-tyres.html,106361,140/70-17 ZOOM CRUZ 66 H TL,3499.44
20260309125146,https://www.ceat.com/bike-tyres/royal-enfield/meteor-tyres.html,105724,100/90-19 ZOOM PLUS F TT 57 P J1AB,0.0
20260309125146,https://www.ceat.com/bike-tyres/royal-enfield/meteor-tyres.html,106524,140/70-17 ZOOM XL 66P TL,0.0
20260412194046,https://www.ceat.com/bike-tyres/suzuki/zeus-tyres.html,100227,2.75-18 SECURA ZOOM F TT 42P,1774.82
20260412194046,https://www.ceat.com/bike-tyres/suzuki/zeus-tyres.html,100226,2.75-18 SECURA F85 TT 42P,1785.82
20260412194046,https://www.ceat.com/bike-tyres/suzuki/zeus-tyres.html,103202,2.75-18 SECURA F85 TL 42P,1540.0
20260412194046,https://www.ceat.com/bike-tyres/suzuki/zeus-tyres.html,114481,3.00-18 SecuraLYFE TL 52P,1720.5
20260412194046,https://www.ceat.com/bike-tyres/suzuki/zeus-tyres.html,113613,3.00-18 MILAZE X5 TL 52P,1778.0
20260412194046,https://www.ceat.com/bike-tyres/suzuki/zeus-tyres.html,113310,3.00-18 GRIPP X5 TT 52P,2058.82
20260120004654,https://www.ceat.com/bike-tyres/suzuki/hayate-tyres.html,102442,80/100-17 ZOOM XL  TL 53P,1496.2
20260412192833,https://www.ceat.com/bike-tyres/mahindra/pantero-tyres.html,100227,2.75-18 SECURA ZOOM F TT 42P,1774.82
20260412192833,https://www.ceat.com/bike-tyres/mahindra/pantero-tyres.html,100226,2.75-18 SECURA F85 TT 42P,1785.82
20260412192833,https://www.ceat.com/bike-tyres/mahindra/pantero-tyres.html,103202,2.75-18 SECURA F85 TL 42P,1540.0
20260412192833,https://www.ceat.com/bike-tyres/mahindra/pantero-tyres.html,114481,3.00-18 SecuraLYFE TL 52P,1720.5
20260412192833,https://www.ceat.com/bike-tyres/mahindra/pantero-tyres.html,113613,3.00-18 MILAZE X5 TL 52P,1778.0
20260412192833,https://www.ceat.com/bike-tyres/mahindra/pantero-tyres.html,113310,3.00-18 GRIPP X5 TT 52P,2058.82
20251001015930,https://www.ceat.com/bike-tyres/bajaj/platina-tyres.html,100523,2.75-17 SECURA ZOOM F TT 41P,1541.73
20251001015930,https://www.ceat.com/bike-tyres/bajaj/platina-tyres.html,100670,2.75-17 SECURA F85 TT 41P,1513.17
20251001015930,https://www.ceat.com/bike-tyres/bajaj/platina-tyres.html,105766,2.75-17 PSAFE Gripp F TL 41P,1835.0
20251001015930,https://www.ceat.com/bike-tyres/bajaj/platina-tyres.html,102442,80/100-17 ZOOM XL  TL 53P,1623.0
20251001015930,https://www.ceat.com/bike-tyres/bajaj/platina-tyres.html,106207,80/100-17 ZOOM X3 F TL 46P,1640.0
20251001015930,https://www.ceat.com/bike-tyres/bajaj/platina-tyres.html,105169,80/100-17 ZOOM PLUS F  TL 46P,1708.0
20251001015930,https://www.ceat.com/bike-tyres/bajaj/platina-tyres.html,106501,80/100-17 PSAFE Zoom X3 F TL 46P,1985.0
20251001015930,https://www.ceat.com/bike-tyres/bajaj/platina-tyres.html,106517,80/100-17 GRIPP X3 F TL 46P,1713.0
20251001015930,https://www.ceat.com/bike-tyres/bajaj/platina-tyres.html,105764,3.00-17 PSAFE Milaze TL 50P,2060.0
20251001015930,https://www.ceat.com/bike-tyres/bajaj/platina-tyres.html,113268,3.00-17 GRIPP X5 TT 50P,1828.69
20260606040615,https://www.ceat.com/scooter-tyres/hero/maestro-edge-tyres.html,102074,90/90-12 ZOOM D TL 54J,1068.0
20260606040615,https://www.ceat.com/scooter-tyres/hero/maestro-edge-tyres.html,106198,90/100-10 GRIPP X3 TL 53J,1403.0
20260606040615,https://www.ceat.com/scooter-tyres/hero/maestro-edge-tyres.html,105918,90/100-10 MILAZE  TL 53J SW,1224.0
20260513221329,https://www.ceat.com/bike-tyres/hero/glamour-tyres.html,100227,2.75-18 SECURA ZOOM F TT 42P,1774.82
20260513221329,https://www.ceat.com/bike-tyres/hero/glamour-tyres.html,100226,2.75-18 SECURA F85 TT 42P,1785.82
20260513221329,https://www.ceat.com/bike-tyres/hero/glamour-tyres.html,103202,2.75-18 SECURA F85 TL 42P,1540.0
20260513221329,https://www.ceat.com/bike-tyres/hero/glamour-tyres.html,101922,80/100-18 SECURA ZOOM F  TL 47P,1711.0
20260513221329,https://www.ceat.com/bike-tyres/hero/glamour-tyres.html,102572,80/100-18 ZOOM PLUS F TL 47P,1725.0
20260513221329,https://www.ceat.com/bike-tyres/hero/glamour-tyres.html,113239,80/100-18 SecuraLYFE TL 54P,1790.46
20260513221329,https://www.ceat.com/bike-tyres/hero/glamour-tyres.html,101957,80/100-18 SECURA ZOOM+ TL 54P,1872.0
20260513221329,https://www.ceat.com/bike-tyres/hero/glamour-tyres.html,102573,80/100-18 ZOOM PLUS TL 54P,1872.0
20260513221329,https://www.ceat.com/bike-tyres/hero/glamour-tyres.html,113615,80/100-18 MILAZE X5 TL 54P,1871.0
20260513221329,https://www.ceat.com/bike-tyres/hero/glamour-tyres.html,113267,80/100-18 GRIPP X5 TL 54P,1938.0
20260513221329,https://www.ceat.com/bike-tyres/hero/glamour-tyres.html,114481,3.00-18 SecuraLYFE TL 52P,1720.5
20260513221329,https://www.ceat.com/bike-tyres/hero/glamour-tyres.html,113613,3.00-18 MILAZE X5 TL 52P,1778.0
20260513221329,https://www.ceat.com/bike-tyres/hero/glamour-tyres.html,113310,3.00-18 GRIPP X5 TT 52P,2058.82
20260513221329,https://www.ceat.com/bike-tyres/hero/glamour-tyres.html,105980,80/100-18 ZOOM-H F  TL 47P,1701.0
20260513221329,https://www.ceat.com/bike-tyres/hero/glamour-tyres.html,105998,100/80-18 ZOOM-H  TL 53P,1993.0
20260606050319,https://www.ceat.com/bike-tyres/bajaj/platina-tyres.html,100523,2.75-17 SECURA ZOOM F TT 41P,1700.66
20260606050319,https://www.ceat.com/bike-tyres/bajaj/platina-tyres.html,100670,2.75-17 SECURA F85 TT 41P,1669.66
20260606050319,https://www.ceat.com/bike-tyres/bajaj/platina-tyres.html,102442,80/100-17 ZOOM XL  TL 53P,1496.2
20260606050319,https://www.ceat.com/bike-tyres/bajaj/platina-tyres.html,106207,80/100-17 ZOOM X3 F TL 46P,1511.88
20260606050319,https://www.ceat.com/bike-tyres/bajaj/platina-tyres.html,105169,80/100-17 ZOOM PLUS F  TL 46P,1574.56
20260606050319,https://www.ceat.com/bike-tyres/bajaj/platina-tyres.html,114489,3.00-17 SecuraLYFE TL 50P,1666.24
20260606050319,https://www.ceat.com/bike-tyres/bajaj/platina-tyres.html,113614,3.00-17 MILAZE X5 TL 50P,1721.0
20260606050319,https://www.ceat.com/bike-tyres/bajaj/platina-tyres.html,113268,3.00-17 GRIPP X5 TT 50P,2017.39
20260606050319,https://www.ceat.com/bike-tyres/bajaj/platina-tyres.html,114035,3.00-17 MILAZE X5 TT 50P WITH 3.00-17 TU,0.0
20260606050319,https://www.ceat.com/bike-tyres/bajaj/platina-tyres.html,114805,3.00-17 SecuraLYFE TT 50P WITH 3.00-17 T,0.0
20260606050319,https://www.ceat.com/bike-tyres/bajaj/platina-tyres.html,102443,80/100-17 ZOOM XL F TL 46P O,1594.84
20251001015935,https://www.ceat.com/scooter-tyres/hero/duet-tyres.html,103686,90/100-10 ZOOM D TL 53J,1216.49
20260212212924,https://www.ceat.com/bike-tyres/honda/dream-tyres.html,101922,80/100-18 SECURA ZOOM F  TL 47P,1586.29
20260212212924,https://www.ceat.com/bike-tyres/honda/dream-tyres.html,102572,80/100-18 ZOOM PLUS F TL 47P,1599.14
20260212212924,https://www.ceat.com/bike-tyres/honda/dream-tyres.html,113239,80/100-18 SecuraLYFE TL 54P,1790.46
20260212212924,https://www.ceat.com/bike-tyres/honda/dream-tyres.html,101957,80/100-18 SECURA ZOOM+ TL 54P,1734.78
20260212212924,https://www.ceat.com/bike-tyres/honda/dream-tyres.html,102573,80/100-18 ZOOM PLUS TL 54P,1734.78
20260212212924,https://www.ceat.com/bike-tyres/honda/dream-tyres.html,113615,80/100-18 MILAZE X5 TL 54P,1681.95
20260212212924,https://www.ceat.com/bike-tyres/honda/dream-tyres.html,113267,80/100-18 GRIPP X5 TL 54P,1794.74
20260119164934,https://www.ceat.com/bike-tyres/hero/karizma-tyres.html,101922,80/100-18 SECURA ZOOM F  TL 47P,1586.29
20260119164934,https://www.ceat.com/bike-tyres/hero/karizma-tyres.html,102572,80/100-18 ZOOM PLUS F TL 47P,1599.14
20260119164934,https://www.ceat.com/bike-tyres/hero/karizma-tyres.html,106202,120/80-18 GRIPP XL TL 62P,2388.58
20260217105514,https://www.ceat.com/bike-tyres/bmw/gs-310-tyres.html,113577,110/80R19 CROSSRAD TL 59V,0.0
20260217105514,https://www.ceat.com/bike-tyres/bmw/gs-310-tyres.html,113578,150/70R17 CROSSRAD TL 69V,0.0
20260305210815,https://www.ceat.com/bike-tyres/honda/hness-tyres.html,105726,100/90-19 ZOOM PLUS F TL 57 P,2222.64
20260212213325,https://www.ceat.com/bike-tyres/mahindra/mojo-tyres.html,113496,150/60ZR17 SPORTRAD TL 66W,6914.06
20260212213325,https://www.ceat.com/bike-tyres/mahindra/mojo-tyres.html,104974,150/60R17 ZOOM RAD X1 TL 66H,4289.3
20260212213325,https://www.ceat.com/bike-tyres/mahindra/mojo-tyres.html,113494,110/70ZR17 SPORTRAD TL 54W,5531.0
20260212213325,https://www.ceat.com/bike-tyres/mahindra/mojo-tyres.html,104976,110/70R17 ZOOM RAD X1 F TL 54H,3317.28
20250918015911,https://www.ceat.com/bike-tyres/tvs/apache-tyres.html,106385,110/80-17 ZOOM X3 TL 57P,2091.0
20250918015911,https://www.ceat.com/bike-tyres/tvs/apache-tyres.html,103061,130/70-17 ZOOM XL TL 62P,2822.0
20250918015911,https://www.ceat.com/bike-tyres/tvs/apache-tyres.html,113496,150/60ZR17 SPORTRAD TL 66W,7500.0
20250918015911,https://www.ceat.com/bike-tyres/tvs/apache-tyres.html,104974,150/60R17 ZOOM RAD X1 TL 66H,4494.62
20250918015911,https://www.ceat.com/bike-tyres/tvs/apache-tyres.html,113494,110/70ZR17 SPORTRAD TL 54W,5999.0
20250918015911,https://www.ceat.com/bike-tyres/tvs/apache-tyres.html,104976,110/70R17 ZOOM RAD X1 F TL 54H,3473.96
20250918015911,https://www.ceat.com/bike-tyres/tvs/apache-tyres.html,106073,90/90-17 ZOOM X3 F TL 49P,1834.0
20250918015911,https://www.ceat.com/bike-tyres/tvs/apache-tyres.html,106760,90/90-17 PSAFE Zoom X3 F TL 49P,2148.0
20250918015911,https://www.ceat.com/bike-tyres/tvs/apache-tyres.html,106384,100/90-18 ZOOM X3 TL 56P,2213.0
20250918015911,https://www.ceat.com/bike-tyres/tvs/apache-tyres.html,106762,100/90-18 PSAFE GRIPP X3 TL 56P,2750.0
20250918015911,https://www.ceat.com/bike-tyres/tvs/apache-tyres.html,106763,100/90-18 PSAFE Zoom X3 TL 56P,2631.0
20250918015911,https://www.ceat.com/bike-tyres/tvs/apache-tyres.html,113265,100/90-18 GRIPP X5 TL 56P,2532.0
20260217031208,https://www.ceat.com/bike-tyres/kawasaki/zx-10r-tyres.html,113895,120/70ZR17 SPORTRAD ST TL 58W,0.0
20260217031208,https://www.ceat.com/bike-tyres/kawasaki/zx-10r-tyres.html,113921,190/55ZR17 SPORTRAD ST TL 75W,0.0
20260513221253,https://www.ceat.com/bike-tyres/tvs/flame-tyres.html,100523,2.75-17 SECURA ZOOM F TT 41P,1700.66
20260513221253,https://www.ceat.com/bike-tyres/tvs/flame-tyres.html,100670,2.75-17 SECURA F85 TT 41P,1669.66
20260513221253,https://www.ceat.com/bike-tyres/tvs/flame-tyres.html,114482,100/90-17 SecuraLYFE TL 55P,0.0
20260513221253,https://www.ceat.com/bike-tyres/tvs/flame-tyres.html,106210,100/90-17 ZOOM X3 TL 55P,0.0
20260513221253,https://www.ceat.com/bike-tyres/tvs/flame-tyres.html,113266,100/90-17 GRIPP X5 TL 55P,2000.47
20260917021207,https://www.ceat.com/bike-tyres/honda/sp160-tyres.html,102572,80/100-18 ZOOM PLUS F TL 47P,1813.0
20260917021207,https://www.ceat.com/bike-tyres/honda/sp160-tyres.html,105782,100/80-18 ZOOM PLUS TL 53P,2072.0
20260517205107,https://www.ceat.com/bike-tyres/honda/shine-100-tyres.html,114489,3.00-17 SecuraLYFE TL 50P,1666.24
20260517205107,https://www.ceat.com/bike-tyres/honda/shine-100-tyres.html,113614,3.00-17 MILAZE X5 TL 50P,1721.0
20260517205107,https://www.ceat.com/bike-tyres/honda/shine-100-tyres.html,113268,3.00-17 GRIPP X5 TT 50P,2017.39
20260517205107,https://www.ceat.com/bike-tyres/honda/shine-100-tyres.html,114035,3.00-17 MILAZE X5 TT 50P WITH 3.00-17 TU,0.0
20260517205107,https://www.ceat.com/bike-tyres/honda/shine-100-tyres.html,114805,3.00-17 SecuraLYFE TT 50P WITH 3.00-17 T,0.0
20260611170726,https://www.ceat.com/bike-tyres/honda/hness-tyres.html,105726,100/90-19 ZOOM PLUS F TL 57 P,2222.64
20250918024528,https://www.ceat.com/bike-tyres/bajaj/boxer-tyres.html,100523,2.75-17 SECURA ZOOM F TT 41P,1508.96
20250918024528,https://www.ceat.com/bike-tyres/bajaj/boxer-tyres.html,100670,2.75-17 SECURA F85 TT 41P,1477.98
20250918024528,https://www.ceat.com/bike-tyres/bajaj/boxer-tyres.html,105766,2.75-17 PSAFE Gripp F TL 41P,1835.0
20250918024528,https://www.ceat.com/bike-tyres/bajaj/boxer-tyres.html,105764,3.00-17 PSAFE Milaze TL 50P,2060.0
20250918024528,https://www.ceat.com/bike-tyres/bajaj/boxer-tyres.html,113268,3.00-17 GRIPP X5 TT 50P,1791.24
20251106235937,https://www.ceat.com/bike-tyres/bajaj/dominar-tyres.html,113496,150/60ZR17 SPORTRAD TL 66W,6914.06
20251106235937,https://www.ceat.com/bike-tyres/bajaj/dominar-tyres.html,104974,150/60R17 ZOOM RAD X1 TL 66H,4143.48
20251106235937,https://www.ceat.com/bike-tyres/bajaj/dominar-tyres.html,113494,110/70ZR17 SPORTRAD TL 54W,5530.33
20251106235937,https://www.ceat.com/bike-tyres/bajaj/dominar-tyres.html,104976,110/70R17 ZOOM RAD X1 F TL 54H,3202.56
20260510120742,https://www.ceat.com/scooter-tyres/mahindra/kine-tyres.html,100834,3.00-10 SECURA NEO  TT 42J,1104.0
20251001015858,https://www.ceat.com/bike-tyres/hero/glamour-tyres.html,100227,2.75-18 SECURA ZOOM F TT 42P,1604.91
20251001015858,https://www.ceat.com/bike-tyres/hero/glamour-tyres.html,100226,2.75-18 SECURA F85 TT 42P,1614.9
20251001015858,https://www.ceat.com/bike-tyres/hero/glamour-tyres.html,103202,2.75-18 SECURA F85 TL 42P,1419.24
20251001015858,https://www.ceat.com/bike-tyres/hero/glamour-tyres.html,105762,2.75-18 PSAFE Gripp F TL 42P,1671.88
20251001015858,https://www.ceat.com/bike-tyres/hero/glamour-tyres.html,101922,80/100-18 SECURA ZOOM F  TL 47P,1577.72
20251001015858,https://www.ceat.com/bike-tyres/hero/glamour-tyres.html,102572,80/100-18 ZOOM PLUS F TL 47P,1590.57
20251001015858,https://www.ceat.com/bike-tyres/hero/glamour-tyres.html,105740,80/100-18 PSAFE  Secura Zoom F TL 47P,2058.0
20251001015858,https://www.ceat.com/bike-tyres/hero/glamour-tyres.html,101957,80/100-18 SECURA ZOOM+ TL 54P,1726.21
20251001015858,https://www.ceat.com/bike-tyres/hero/glamour-tyres.html,103065,80/100-18 MILAZE  TL 54P,1843.0
20251001015858,https://www.ceat.com/bike-tyres/hero/glamour-tyres.html,106500,80/100-18 PSAFE Gripp X3 TL 54P,2231.0
20251001015858,https://www.ceat.com/bike-tyres/hero/glamour-tyres.html,113267,80/100-18 GRIPP X5 TL 54P,1786.18
20251001015858,https://www.ceat.com/bike-tyres/hero/glamour-tyres.html,101494,3.00-18 MILAZE  TT 52P,1986.82
20251001015858,https://www.ceat.com/bike-tyres/hero/glamour-tyres.html,105765,3.00-18 PSAFE Milaze TL 52P,2125.0
20251001015858,https://www.ceat.com/bike-tyres/hero/glamour-tyres.html,113310,3.00-18 GRIPP X5 TT 52P,1866.2
20260731152054,https://www.ceat.com/bike-tyres/suzuki/v-storm-650-tyres.html,113577,110/80R19 CROSSRAD TL 59V,8537.0
20260731152054,https://www.ceat.com/bike-tyres/suzuki/v-storm-650-tyres.html,113578,150/70R17 CROSSRAD TL 69V,9729.0
20260114105413,https://www.ceat.com/bike-tyres/suzuki/heat-tyres.html,103202,2.75-18 SECURA F85 TL 42P,1427.8
20260114105413,https://www.ceat.com/bike-tyres/suzuki/heat-tyres.html,114481,3.00-18 SecuraLYFE TL 52P,1720.5
20260114105413,https://www.ceat.com/bike-tyres/suzuki/heat-tyres.html,113613,3.00-18 MILAZE X5 TL 52P,1661.96
20251107095806,https://www.ceat.com/bike-tyres/yamaha/saluto-rx-tyres.html,100523,2.75-17 SECURA ZOOM F TT 41P,1541.73
20251107095806,https://www.ceat.com/bike-tyres/yamaha/saluto-rx-tyres.html,100670,2.75-17 SECURA F85 TT 41P,1513.17
20251107095806,https://www.ceat.com/bike-tyres/yamaha/saluto-rx-tyres.html,105766,2.75-17 PSAFE Gripp F TL 41P,1835.0
20251107095806,https://www.ceat.com/bike-tyres/yamaha/saluto-rx-tyres.html,105764,3.00-17 PSAFE Milaze TL 50P,2060.0
20251107095806,https://www.ceat.com/bike-tyres/yamaha/saluto-rx-tyres.html,113268,3.00-17 GRIPP X5 TT 50P,1828.69
20260207042812,https://www.ceat.com/bike-tyres/tvs/flame-tyres.html,100523,2.75-17 SECURA ZOOM F TT 41P,1411.41
20260207042812,https://www.ceat.com/bike-tyres/tvs/flame-tyres.html,100670,2.75-17 SECURA F85 TT 41P,1513.17
20260207042812,https://www.ceat.com/bike-tyres/tvs/flame-tyres.html,114482,100/90-17 SecuraLYFE TL 55P,0.0
20260207042812,https://www.ceat.com/bike-tyres/tvs/flame-tyres.html,106210,100/90-17 ZOOM X3 TL 55P,0.0
20260207042812,https://www.ceat.com/bike-tyres/tvs/flame-tyres.html,113266,100/90-17 GRIPP X5 TL 55P,2000.47
20260611163539,https://www.ceat.com/bike-tyres/royal-enfield/guerilla-tyres.html,106968,120/70 R17 GRIPP XL RAD STEEL F TL 58 H,0.0
20260611163539,https://www.ceat.com/bike-tyres/royal-enfield/guerilla-tyres.html,106969,160/60 R17 GRIPP XL RAD STEEL TL 69H,0.0
20260611163539,https://www.ceat.com/bike-tyres/royal-enfield/guerilla-tyres.html,113895,120/70ZR17 SPORTRAD ST TL 58W,0.0
20260513223914,https://www.ceat.com/bike-tyres/hero/impulse-tyres.html,103033,90/90-19 ZOOM PLUS F  TT 52P,2514.39
20251212131448,https://www.ceat.com/bike-tyres/aprilia/rs-457-tyres.html,113494,110/70ZR17 SPORTRAD TL 54W,5530.33
20251212131448,https://www.ceat.com/bike-tyres/aprilia/rs-457-tyres.html,104976,110/70R17 ZOOM RAD X1 F TL 54H,3317.28
20251212131448,https://www.ceat.com/bike-tyres/aprilia/rs-457-tyres.html,113496,150/60ZR17 SPORTRAD TL 66W,6914.06
20251212131448,https://www.ceat.com/bike-tyres/aprilia/rs-457-tyres.html,104974,150/60R17 ZOOM RAD X1 TL 66H,4289.3
20251001015916,https://www.ceat.com/scooter-tyres/honda/activa-tyres.html,103686,90/100-10 ZOOM D TL 53J,1216.49
20260611162741,https://www.ceat.com/bike-tyres/yamaha/crux-r-tyres.html,100227,2.75-18 SECURA ZOOM F TT 42P,1774.82
20260611162741,https://www.ceat.com/bike-tyres/yamaha/crux-r-tyres.html,100226,2.75-18 SECURA F85 TT 42P,1785.82
20260611162741,https://www.ceat.com/bike-tyres/yamaha/crux-r-tyres.html,103202,2.75-18 SECURA F85 TL 42P,1540.0
20260611162741,https://www.ceat.com/bike-tyres/yamaha/crux-r-tyres.html,114481,3.00-18 SecuraLYFE TL 52P,1826.0
20260611162741,https://www.ceat.com/bike-tyres/yamaha/crux-r-tyres.html,113613,3.00-18 MILAZE X5 TL 52P,1778.0
20260611162741,https://www.ceat.com/bike-tyres/yamaha/crux-r-tyres.html,113310,3.00-18 GRIPP X5 TT 52P,2058.82
20251001020109,https://www.ceat.com/bike-tyres/suzuki/gixxer-tyres.html,103742,100/80-17 ZOOM PLUS F TL 52P SZ,2027.0
20251001020109,https://www.ceat.com/bike-tyres/suzuki/gixxer-tyres.html,106502,100/80-17 PSAFE Zoom Plus F TL 52P,2344.0
20251001020109,https://www.ceat.com/bike-tyres/suzuki/gixxer-tyres.html,113496,150/60ZR17 SPORTRAD TL 66W,7500.0
20251001020109,https://www.ceat.com/bike-tyres/suzuki/gixxer-tyres.html,104974,150/60R17 ZOOM RAD X1 TL 66H,4143.48
20251001020109,https://www.ceat.com/bike-tyres/suzuki/gixxer-tyres.html,113494,110/70ZR17 SPORTRAD TL 54W,5999.0
20251001020109,https://www.ceat.com/bike-tyres/suzuki/gixxer-tyres.html,104976,110/70R17 ZOOM RAD X1 F TL 54H,3202.56
20251001020109,https://www.ceat.com/bike-tyres/suzuki/gixxer-tyres.html,113709,140/60R17 CROSSRAD TL 63H,4700.0
20251001020109,https://www.ceat.com/bike-tyres/suzuki/gixxer-tyres.html,107819,140/60R17 ZOOM RAD X3 63P TL,3006.94
20260120003122,https://www.ceat.com/bike-tyres/royal-enfield/hunter-tyres.html,106523,110/70-17 ZOOM XL F 54P TL,0.0
20260120003122,https://www.ceat.com/bike-tyres/royal-enfield/hunter-tyres.html,106524,140/70-17 ZOOM XL 66P TL,0.0
20251107083543,https://www.ceat.com/scooter-tyres/hero/maestro-edge-tyres.html,106198,90/100-10 GRIPP X3 TL 53J,1403.0
20260305201259,https://www.ceat.com/bike-tyres/hero/ignitor-tyres.html,106207,80/100-17 ZOOM X3 F TL 46P,1511.88
20260305201259,https://www.ceat.com/bike-tyres/hero/ignitor-tyres.html,105169,80/100-17 ZOOM PLUS F  TL 46P,1574.56
20260305201259,https://www.ceat.com/bike-tyres/hero/ignitor-tyres.html,114482,100/90-17 SecuraLYFE TL 55P,0.0
20260305201259,https://www.ceat.com/bike-tyres/hero/ignitor-tyres.html,106210,100/90-17 ZOOM X3 TL 55P,0.0
20260305201259,https://www.ceat.com/bike-tyres/hero/ignitor-tyres.html,113266,100/90-17 GRIPP X5 TL 55P,2000.47
20260513224301,https://www.ceat.com/bike-tyres/honda/africa-twin-tyres.html,103172,90/90-21 GRIPP XL F TT 54S RE,3171.2
20250914141847,https://www.ceat.com/bike-tyres/hero/karizma-tyres.html,101922,80/100-18 SECURA ZOOM F  TL 47P,1711.42
20250914141847,https://www.ceat.com/bike-tyres/hero/karizma-tyres.html,102572,80/100-18 ZOOM PLUS F TL 47P,1725.36
20250914141847,https://www.ceat.com/bike-tyres/hero/karizma-tyres.html,105740,80/100-18 PSAFE  Secura Zoom F TL 47P,2058.0
20250914141847,https://www.ceat.com/bike-tyres/hero/karizma-tyres.html,106202,120/80-18 GRIPP XL TL 62P,2591.0
20260611163254,https://www.ceat.com/scooter-tyres/tvs/jupiter-tyres.html,102074,90/90-12 ZOOM D TL 54J,1068.0
20260611163254,https://www.ceat.com/scooter-tyres/tvs/jupiter-tyres.html,106061,90/90-12 MILAZE TL 54J SW,1380.0
20251212131732,https://www.ceat.com/scooter-tyres/mahindra/gusto-tyres.html,106061,90/90-12 MILAZE TL 54J SW,1380.0
20260412195918,https://www.ceat.com/scooter-tyres/yamaha/aerox-155-tyres.html,106730,110/80-14 Zoom Plus Y TL 53P,0.0
20260119233127,https://www.ceat.com/bike-tyres/mahindra/pantero-tyres.html,103202,2.75-18 SECURA F85 TL 42P,1427.8
20260119233127,https://www.ceat.com/bike-tyres/mahindra/pantero-tyres.html,114481,3.00-18 SecuraLYFE TL 52P,1720.5
20260119233127,https://www.ceat.com/bike-tyres/mahindra/pantero-tyres.html,113613,3.00-18 MILAZE X5 TL 52P,1661.96
20260805212215,https://www.ceat.com/bike-tyres/yamaha/yzf-r15-tyres.html,104975,130/70R17 M/C 62P CEAT ZOOM RAD TUBELESS,3500.0
20260821062237,https://www.ceat.com/bike-tyres/yamaha/saluto-rx-tyres.html,100523,2.75-17 SECURA ZOOM F TT 41P,1700.66
20260821062237,https://www.ceat.com/bike-tyres/yamaha/saluto-rx-tyres.html,100670,2.75-17 SECURA F85 TT 41P,1669.66
20260821062237,https://www.ceat.com/bike-tyres/yamaha/saluto-rx-tyres.html,114489,3.00-17 SecuraLYFE TL 50P,1770.0
20260821062237,https://www.ceat.com/bike-tyres/yamaha/saluto-rx-tyres.html,113614,3.00-17 MILAZE X5 TL 50P,1721.0
20260821062237,https://www.ceat.com/bike-tyres/yamaha/saluto-rx-tyres.html,113268,3.00-17 GRIPP X5 TT 50P,2194.78
20260821062237,https://www.ceat.com/bike-tyres/yamaha/saluto-rx-tyres.html,114035,3.00-17 MILAZE X5 TT 50P WITH 3.00-17 TU,1801.0
20260821062237,https://www.ceat.com/bike-tyres/yamaha/saluto-rx-tyres.html,114805,3.00-17 SecuraLYFE TT 50P WITH 3.00-17 T,1846.0
20260120004435,https://www.ceat.com/bike-tyres/tvs/jive-tyres.html,100523,2.75-17 SECURA ZOOM F TT 41P,1411.41
20260120004435,https://www.ceat.com/bike-tyres/tvs/jive-tyres.html,114489,3.00-17 SecuraLYFE TL 50P,1666.24
20260120004435,https://www.ceat.com/bike-tyres/tvs/jive-tyres.html,113614,3.00-17 MILAZE X5 TL 50P,1594.85
20260120004435,https://www.ceat.com/bike-tyres/tvs/jive-tyres.html,114035,3.00-17 MILAZE X5 TT 50P WITH 3.00-17 TU,0.0
20260120004435,https://www.ceat.com/bike-tyres/tvs/jive-tyres.html,114805,3.00-17 SecuraLYFE TT 50P WITH 3.00-17 T,0.0
20251013001841,https://www.ceat.com/bike-tyres/kawasaki/ninja-tyres.html,113496,150/60ZR17 SPORTRAD TL 66W,7500.0
20251013001841,https://www.ceat.com/bike-tyres/kawasaki/ninja-tyres.html,104974,150/60R17 ZOOM RAD X1 TL 66H,4143.48
20251013001841,https://www.ceat.com/bike-tyres/kawasaki/ninja-tyres.html,113494,110/70ZR17 SPORTRAD TL 54W,5999.0
20251013001841,https://www.ceat.com/bike-tyres/kawasaki/ninja-tyres.html,104976,110/70R17 ZOOM RAD X1 F TL 54H,3202.56
20250914150200,https://www.ceat.com/bike-tyres/honda/cbf-stunner-tyres.html,106207,80/100-17 ZOOM X3 F TL 46P,1640.0
20250914150200,https://www.ceat.com/bike-tyres/honda/cbf-stunner-tyres.html,105169,80/100-17 ZOOM PLUS F  TL 46P,1708.0
20250914150200,https://www.ceat.com/bike-tyres/honda/cbf-stunner-tyres.html,106501,80/100-17 PSAFE Zoom X3 F TL 46P,1985.0
20250914150200,https://www.ceat.com/bike-tyres/honda/cbf-stunner-tyres.html,106517,80/100-17 GRIPP X3 F TL 46P,1713.0
20250914150200,https://www.ceat.com/bike-tyres/honda/cbf-stunner-tyres.html,106503,100/90-17 PSAFE Gripp X3  TL 55P,2512.0
20250914150200,https://www.ceat.com/bike-tyres/honda/cbf-stunner-tyres.html,106761,100/90-17 PSAFE Zoom X3 TL 55P,2408.0
20250914150200,https://www.ceat.com/bike-tyres/honda/cbf-stunner-tyres.html,113266,100/90-17 GRIPP X5 TL 55P,2170.0
20260914154938,https://www.ceat.com/bike-tyres/royal-enfield/shotgun-tyres.html,106970,100/90-19 ZOOM CRUZ z F TL 57H,2586.0
20260914154938,https://www.ceat.com/bike-tyres/royal-enfield/shotgun-tyres.html,106971,150/80 B16 ZOOM CRUZ z TL 71H,7397.0
20260412202714,https://www.ceat.com/scooter-tyres/yamaha/fascino-125-fi-tyres.html,114078,110/90-10 ZOOM X3 TL 61J,0.0
20260728113748,https://www.ceat.com/bike-tyres/bajaj/pulsar-200-ns-tyres.html,107247,100/80-17 Zoom X3 P F  TL 52P,2079.0
20260728113748,https://www.ceat.com/bike-tyres/bajaj/pulsar-200-ns-tyres.html,107251,130/70-17 Zoom X3  P TL 62P,2691.0
20260606232310,https://www.ceat.com/bike-tyres/hero/hunk-tyres.html,101922,80/100-18 SECURA ZOOM F  TL 47P,1711.0
20260606232310,https://www.ceat.com/bike-tyres/hero/hunk-tyres.html,102572,80/100-18 ZOOM PLUS F TL 47P,1725.0
20260606232310,https://www.ceat.com/bike-tyres/hero/hunk-tyres.html,114487,100/90-18 SecuraLYFE TL 56P,0.0
20260606232310,https://www.ceat.com/bike-tyres/hero/hunk-tyres.html,106384,100/90-18 ZOOM X3 TL 56P,2040.11
20260606232310,https://www.ceat.com/bike-tyres/hero/hunk-tyres.html,113265,100/90-18 GRIPP X5 TL 56P,2334.19
20260818022052,https://www.ceat.com/bike-tyres/yamaha/mt15-tyres.html,103742,100/80-17 ZOOM PLUS F TL 52P SZ,2048.0
20260818022052,https://www.ceat.com/bike-tyres/yamaha/mt15-tyres.html,113920,140/70ZR17 SPORTRAD TL 66W,5000.0
20260818022052,https://www.ceat.com/bike-tyres/yamaha/mt15-tyres.html,113263,140/70-17 GRIPP X5 TL 66H,3279.0
20260818022052,https://www.ceat.com/bike-tyres/yamaha/mt15-tyres.html,101824,140/70-17 ZOOM XL TL 66H,3161.0
20260818022052,https://www.ceat.com/bike-tyres/yamaha/mt15-tyres.html,105808,140/70-17 ZOOM PLUS  TL 66P,3486.0
20260818022052,https://www.ceat.com/bike-tyres/yamaha/mt15-tyres.html,106361,140/70-17 ZOOM CRUZ 66 H TL,3835.0
20260520165326,https://www.ceat.com/scooter-tyres/yamaha/aerox-155-tyres.html,106730,110/80-14 Zoom Plus Y TL 53P,0.0
20260115093815,https://www.ceat.com/bike-tyres/hero/hf-deluxe-tyres.html,103202,2.75-18 SECURA F85 TL 42P,1427.8
20260115093815,https://www.ceat.com/bike-tyres/hero/hf-deluxe-tyres.html,114491,2.75-18 SecuraLYFE TL 48P,1562.01
20260115093815,https://www.ceat.com/bike-tyres/hero/hf-deluxe-tyres.html,113484,2.75-18 MILAZE X5 TL 48P,1510.61
20260115093815,https://www.ceat.com/bike-tyres/hero/hf-deluxe-tyres.html,114036,2.75-18 MILAZE X5 TT 48P WITH 2.75-18 TU,0.0
20260115093815,https://www.ceat.com/bike-tyres/hero/hf-deluxe-tyres.html,114804,2.75-18 SecuraLYFE TT 48P WITH 2.75-18 T,0.0
20260217024915,https://www.ceat.com/bike-tyres/honda/cbf-stunner-tyres.html,106207,80/100-17 ZOOM X3 F TL 46P,1511.88
20260217024915,https://www.ceat.com/bike-tyres/honda/cbf-stunner-tyres.html,105169,80/100-17 ZOOM PLUS F  TL 46P,1574.56
20260217024915,https://www.ceat.com/bike-tyres/honda/cbf-stunner-tyres.html,114482,100/90-17 SecuraLYFE TL 55P,0.0
20260217024915,https://www.ceat.com/bike-tyres/honda/cbf-stunner-tyres.html,106210,100/90-17 ZOOM X3 TL 55P,0.0
20260217024915,https://www.ceat.com/bike-tyres/honda/cbf-stunner-tyres.html,113266,100/90-17 GRIPP X5 TL 55P,2000.47
20260611161300,https://www.ceat.com/bike-tyres/royal-enfield/interceptor-tyres.html,106205,100/90-18 ZOOM CRUZ F TT 56H,3682.77
20260611161300,https://www.ceat.com/bike-tyres/royal-enfield/interceptor-tyres.html,106360,100/90-18 ZOOM CRUZ F  56 H TL,2484.45
20260611161300,https://www.ceat.com/bike-tyres/royal-enfield/interceptor-tyres.html,106206,130/70-18 ZOOM CRUZ TT 63H,4578.58
20260611161300,https://www.ceat.com/bike-tyres/royal-enfield/interceptor-tyres.html,107455,130/70-18 ZOOM CRUZ 63H TL,0.0
20260412192355,https://www.ceat.com/bike-tyres/royal-enfield/himalayan-tyres.html,103172,90/90-21 GRIPP XL F TT 54S RE,3171.2
20260412192355,https://www.ceat.com/bike-tyres/royal-enfield/himalayan-tyres.html,107820,120/90-17 GRIPP XL PLUS 64S TT,3579.69
20260412192355,https://www.ceat.com/bike-tyres/royal-enfield/himalayan-tyres.html,106966,90/90-21 GRIPP RE F TL  54H,0.0
20260412192355,https://www.ceat.com/bike-tyres/royal-enfield/himalayan-tyres.html,103171,120/90-17 GRIPP XL TT 64S,2644.51
20260412192355,https://www.ceat.com/bike-tyres/royal-enfield/himalayan-tyres.html,106967,140/80 R17 GRIPP RAD STEEL RE TL 69H,0.0
20260412192355,https://www.ceat.com/bike-tyres/royal-enfield/himalayan-tyres.html,115113,120/90-17 Gripp XC TT 64R,0.0
20260217022947,https://www.ceat.com/bike-tyres/kawasaki/z650rs-tyres.html,113895,120/70ZR17 SPORTRAD ST TL 58W,0.0
20251107085504,https://www.ceat.com/bike-tyres/yamaha/yzf-r15-tyres.html,104975,130/70R17 M/C 62P CEAT ZOOM RAD TUBELESS,3283.94
20251001015851,https://www.ceat.com/bike-tyres/bajaj/ktm-duke-tyres.html,113496,150/60ZR17 SPORTRAD TL 66W,7500.0
20251001015851,https://www.ceat.com/bike-tyres/bajaj/ktm-duke-tyres.html,104974,150/60R17 ZOOM RAD X1 TL 66H,4143.48
20251001015851,https://www.ceat.com/bike-tyres/bajaj/ktm-duke-tyres.html,113494,110/70ZR17 SPORTRAD TL 54W,5999.0
20251001015851,https://www.ceat.com/bike-tyres/bajaj/ktm-duke-tyres.html,104976,110/70R17 ZOOM RAD X1 F TL 54H,3202.56
20260520164511,https://www.ceat.com/scooter-tyres/hero/pleasure-tyres.html,103686,90/100-10 ZOOM D TL 53J,1338.0
20260520164511,https://www.ceat.com/scooter-tyres/hero/pleasure-tyres.html,106198,90/100-10 GRIPP X3 TL 53J,1403.0
20260520164511,https://www.ceat.com/scooter-tyres/hero/pleasure-tyres.html,105918,90/100-10 MILAZE  TL 53J SW,1224.0
20260412200010,https://www.ceat.com/bike-tyres/yamaha/r15-tyres.html,103742,100/80-17 ZOOM PLUS F TL 52P SZ,1868.64
20260412200010,https://www.ceat.com/bike-tyres/yamaha/r15-tyres.html,113920,140/70ZR17 SPORTRAD TL 66W,0.0
20260412200010,https://www.ceat.com/bike-tyres/yamaha/r15-tyres.html,113263,140/70-17 GRIPP X5 TL 66H,3382.36
20260412200010,https://www.ceat.com/bike-tyres/yamaha/r15-tyres.html,101824,140/70-17 ZOOM XL TL 66H,3309.53
20260412200010,https://www.ceat.com/bike-tyres/yamaha/r15-tyres.html,105808,140/70-17 ZOOM PLUS  TL 66P,3309.53
20260412200010,https://www.ceat.com/bike-tyres/yamaha/r15-tyres.html,106361,140/70-17 ZOOM CRUZ 66 H TL,3499.44
20260520155027,https://www.ceat.com/bike-tyres/bajaj/boxer-tyres.html,100523,2.75-17 SECURA ZOOM F TT 41P,1700.66
20260520155027,https://www.ceat.com/bike-tyres/bajaj/boxer-tyres.html,100670,2.75-17 SECURA F85 TT 41P,1669.66
20260520155027,https://www.ceat.com/bike-tyres/bajaj/boxer-tyres.html,114489,3.00-17 SecuraLYFE TL 50P,1666.24
20260520155027,https://www.ceat.com/bike-tyres/bajaj/boxer-tyres.html,113614,3.00-17 MILAZE X5 TL 50P,1721.0
20260520155027,https://www.ceat.com/bike-tyres/bajaj/boxer-tyres.html,113268,3.00-17 GRIPP X5 TT 50P,2017.39
20260520155027,https://www.ceat.com/bike-tyres/bajaj/boxer-tyres.html,114035,3.00-17 MILAZE X5 TT 50P WITH 3.00-17 TU,0.0
20260520155027,https://www.ceat.com/bike-tyres/bajaj/boxer-tyres.html,114805,3.00-17 SecuraLYFE TT 50P WITH 3.00-17 T,0.0
20260412192927,https://www.ceat.com/bike-tyres/yamaha/fz25-tyres.html,103742,100/80-17 ZOOM PLUS F TL 52P SZ,1868.64
20260412192927,https://www.ceat.com/bike-tyres/yamaha/fz25-tyres.html,113920,140/70ZR17 SPORTRAD TL 66W,0.0
20260412192927,https://www.ceat.com/bike-tyres/yamaha/fz25-tyres.html,113263,140/70-17 GRIPP X5 TL 66H,3382.36
20260412192927,https://www.ceat.com/bike-tyres/yamaha/fz25-tyres.html,101824,140/70-17 ZOOM XL TL 66H,3309.53
20260412192927,https://www.ceat.com/bike-tyres/yamaha/fz25-tyres.html,105808,140/70-17 ZOOM PLUS  TL 66P,3309.53
20260412192927,https://www.ceat.com/bike-tyres/yamaha/fz25-tyres.html,106361,140/70-17 ZOOM CRUZ 66 H TL,3499.44
20260412203139,https://www.ceat.com/scooter-tyres/aprilia/sxr-tyres.html,114626,120/70-12 ZOOM X3 51P,0.0
20260217112334,https://www.ceat.com/bike-tyres/royal-enfield/hunter-tyres.html,106523,110/70-17 ZOOM XL F 54P TL,0.0
20260217112334,https://www.ceat.com/bike-tyres/royal-enfield/hunter-tyres.html,106524,140/70-17 ZOOM XL 66P TL,0.0
20260412200450,https://www.ceat.com/bike-tyres/suzuki/heat-tyres.html,100227,2.75-18 SECURA ZOOM F TT 42P,1774.82
20260412200450,https://www.ceat.com/bike-tyres/suzuki/heat-tyres.html,100226,2.75-18 SECURA F85 TT 42P,1785.82
20260412200450,https://www.ceat.com/bike-tyres/suzuki/heat-tyres.html,103202,2.75-18 SECURA F85 TL 42P,1540.0
20260412200450,https://www.ceat.com/bike-tyres/suzuki/heat-tyres.html,114481,3.00-18 SecuraLYFE TL 52P,1720.5
20260412200450,https://www.ceat.com/bike-tyres/suzuki/heat-tyres.html,113613,3.00-18 MILAZE X5 TL 52P,1778.0
20260412200450,https://www.ceat.com/bike-tyres/suzuki/heat-tyres.html,113310,3.00-18 GRIPP X5 TT 52P,2058.82
20260412203443,https://www.ceat.com/scooter-tyres/ultraviolet/tesseract-tyres.html,106730,110/80-14 Zoom Plus Y TL 53P,0.0
20260412203443,https://www.ceat.com/scooter-tyres/ultraviolet/tesseract-tyres.html,106731,140/70-14 Zoom Plus Y TL 62P,0.0
20260418031615,https://www.ceat.com/scooter-tyres/honda/navi-tyres.html,102074,90/90-12 ZOOM D TL 54J,1068.0
20260418031615,https://www.ceat.com/scooter-tyres/honda/navi-tyres.html,106198,90/100-10 GRIPP X3 TL 53J,1403.0
20260418031615,https://www.ceat.com/scooter-tyres/honda/navi-tyres.html,105918,90/100-10 MILAZE  TL 53J SW,1224.0
20251212122849,https://www.ceat.com/bike-tyres/yamaha/fz25-tyres.html,103742,100/80-17 ZOOM PLUS F TL 52P SZ,1868.64
20251212122849,https://www.ceat.com/bike-tyres/yamaha/fz25-tyres.html,106502,100/80-17 PSAFE Zoom Plus F TL 52P,2344.0
20251212122849,https://www.ceat.com/bike-tyres/yamaha/fz25-tyres.html,113920,140/70ZR17 SPORTRAD TL 66W,0.0
20251212122849,https://www.ceat.com/bike-tyres/yamaha/fz25-tyres.html,113263,140/70-17 GRIPP X5 TL 66H,3382.36
20251212122849,https://www.ceat.com/bike-tyres/yamaha/fz25-tyres.html,101824,140/70-17 ZOOM XL TL 66H,3309.53
20251212122849,https://www.ceat.com/bike-tyres/yamaha/fz25-tyres.html,105808,140/70-17 ZOOM PLUS  TL 66P,3309.53
20251212122849,https://www.ceat.com/bike-tyres/yamaha/fz25-tyres.html,106361,140/70-17 ZOOM CRUZ 66 H TL,3499.44
20260412201253,https://www.ceat.com/bike-tyres/tvs/phoenix-tyres.html,100523,2.75-17 SECURA ZOOM F TT 41P,1700.66
20260412201253,https://www.ceat.com/bike-tyres/tvs/phoenix-tyres.html,100670,2.75-17 SECURA F85 TT 41P,1669.66
20260611161358,https://www.ceat.com/bike-tyres/royal-enfield/bullet-standard-tyres.html,100529,3.25-19 SECURA F67  TT 54P,2479.79
20260611161358,https://www.ceat.com/bike-tyres/royal-enfield/bullet-standard-tyres.html,113619,3.50-19 MILAZE X5 TT 63P,0.0
20260611161358,https://www.ceat.com/bike-tyres/royal-enfield/bullet-standard-tyres.html,100236,3.25-19 SECURA SPORT TT 60P (6 PR),2477.02
20260510122856,https://www.ceat.com/bike-tyres/tvs/xl-super-tyres.html,101859,2.50-16 SECURA F85  TT 41L,706.0
20260510122856,https://www.ceat.com/bike-tyres/tvs/xl-super-tyres.html,113483,2.50-16 MILAZE X5 TT 41L,897.0
20260119182954,https://www.ceat.com/scooter-tyres/mahindra/kine-tyres.html,100834,3.00-10 SECURA NEO  TT 42J,1018.02
20260720094645,https://www.ceat.com/bike-tyres/royal-enfield/bullet-tyres.html,105726,100/90-19 ZOOM PLUS F TL 57 P,2436.0
20260119232740,https://www.ceat.com/bike-tyres/royal-enfield/scram-tyres.html,106522,100/90-19 Gripp XL F 57S TT,0.0
20260119232740,https://www.ceat.com/bike-tyres/royal-enfield/scram-tyres.html,103171,120/90-17 GRIPP XL TT 64S,2644.51
20260724073036,https://www.ceat.com/bike-tyres/mahindra/mojo-tyres.html,113496,150/60ZR17 SPORTRAD TL 66W,7500.0
20260724073036,https://www.ceat.com/bike-tyres/mahindra/mojo-tyres.html,104974,150/60R17 ZOOM RAD X1 TL 66H,4433.0
20260724073036,https://www.ceat.com/bike-tyres/mahindra/mojo-tyres.html,113494,110/70ZR17 SPORTRAD TL 54W,5999.0
20260724073036,https://www.ceat.com/bike-tyres/mahindra/mojo-tyres.html,104976,110/70R17 ZOOM RAD X1 F TL 54H,3412.0
20260119012948,https://www.ceat.com/scooter-tyres/suzuki/burgman-street-tyres.html,106198,90/100-10 GRIPP X3 TL 53J,1403.0
20251014112317,https://www.ceat.com/scooter-tyres/mahindra/kine-tyres.html,100834,3.00-10 SECURA NEO  TT 42J,1018.02
20260611171800,https://www.ceat.com/bike-tyres/suzuki/sling-shot-tyres.html,100227,2.75-18 SECURA ZOOM F TT 42P,1774.82
20260611171800,https://www.ceat.com/bike-tyres/suzuki/sling-shot-tyres.html,100226,2.75-18 SECURA F85 TT 42P,1785.82
20260611171800,https://www.ceat.com/bike-tyres/suzuki/sling-shot-tyres.html,103202,2.75-18 SECURA F85 TL 42P,1540.0
20260611171800,https://www.ceat.com/bike-tyres/suzuki/sling-shot-tyres.html,114481,3.00-18 SecuraLYFE TL 52P,1826.0
20260611171800,https://www.ceat.com/bike-tyres/suzuki/sling-shot-tyres.html,113613,3.00-18 MILAZE X5 TL 52P,1778.0
20260611171800,https://www.ceat.com/bike-tyres/suzuki/sling-shot-tyres.html,113310,3.00-18 GRIPP X5 TT 52P,2058.82
20260801115309,https://www.ceat.com/scooter-tyres/hero/destini-tyres.html,103686,90/100-10 ZOOM D TL 53J,1338.0
20260801115309,https://www.ceat.com/scooter-tyres/hero/destini-tyres.html,106198,90/100-10 GRIPP X3 TL 53J,1403.0
20260801115309,https://www.ceat.com/scooter-tyres/hero/destini-tyres.html,105918,90/100-10 MILAZE  TL 53J SW,1224.0
20260218233458,https://www.ceat.com/bike-tyres/mahindra/centuro-tyres.html,100227,2.75-18 SECURA ZOOM F TT 42P,1604.91
20260218233458,https://www.ceat.com/bike-tyres/mahindra/centuro-tyres.html,100226,2.75-18 SECURA F85 TT 42P,1614.9
20260218233458,https://www.ceat.com/bike-tyres/mahindra/centuro-tyres.html,103202,2.75-18 SECURA F85 TL 42P,1427.8
20260218233458,https://www.ceat.com/bike-tyres/mahindra/centuro-tyres.html,114481,3.00-18 SecuraLYFE TL 52P,1720.5
20260218233458,https://www.ceat.com/bike-tyres/mahindra/centuro-tyres.html,113613,3.00-18 MILAZE X5 TL 52P,1661.96
20260218233458,https://www.ceat.com/bike-tyres/mahindra/centuro-tyres.html,113310,3.00-18 GRIPP X5 TT 52P,1866.2
20251113015248,https://www.ceat.com/bike-tyres/yamaha/yzf-r3-tyres.html,113494,110/70ZR17 SPORTRAD TL 54W,5530.33
20251113015248,https://www.ceat.com/bike-tyres/yamaha/yzf-r3-tyres.html,104976,110/70R17 ZOOM RAD X1 F TL 54H,3202.56
20260611162540,https://www.ceat.com/bike-tyres/bmw/r1200rs-tyres.html,113895,120/70ZR17 SPORTRAD ST TL 58W,0.0
20260611162540,https://www.ceat.com/bike-tyres/bmw/r1200rs-tyres.html,113896,180/55ZR17 SPORTRAD ST TL 73W,0.0
20260606233824,https://www.ceat.com/bike-tyres/royal-enfield/continental-gt-tyres.html,106205,100/90-18 ZOOM CRUZ F TT 56H,3682.77
20260606233824,https://www.ceat.com/bike-tyres/royal-enfield/continental-gt-tyres.html,106360,100/90-18 ZOOM CRUZ F  56 H TL,2484.45
20260606233824,https://www.ceat.com/bike-tyres/royal-enfield/continental-gt-tyres.html,106206,130/70-18 ZOOM CRUZ TT 63H,4578.58
20260412185623,https://www.ceat.com/bike-tyres/mahindra/yezdi-tyres.html,103172,90/90-21 GRIPP XL F TT 54S RE,3171.2
20260412185623,https://www.ceat.com/bike-tyres/mahindra/yezdi-tyres.html,106596,130/80-17 GRIPP XL TT 65S,0.0
20251107001856,https://www.ceat.com/bike-tyres/honda/xblade-tyres.html,103061,130/70-17 ZOOM XL TL 62P,2601.53
20251107001856,https://www.ceat.com/bike-tyres/honda/xblade-tyres.html,106207,80/100-17 ZOOM X3 F TL 46P,1511.88
20260305205637,https://www.ceat.com/bike-tyres/hero/hunk-tyres.html,101922,80/100-18 SECURA ZOOM F  TL 47P,1586.29
20260305205637,https://www.ceat.com/bike-tyres/hero/hunk-tyres.html,102572,80/100-18 ZOOM PLUS F TL 47P,1599.14
20260305205637,https://www.ceat.com/bike-tyres/hero/hunk-tyres.html,114487,100/90-18 SecuraLYFE TL 56P,0.0
20260305205637,https://www.ceat.com/bike-tyres/hero/hunk-tyres.html,106384,100/90-18 ZOOM X3 TL 56P,2040.11
20260305205637,https://www.ceat.com/bike-tyres/hero/hunk-tyres.html,113265,100/90-18 GRIPP X5 TL 56P,2334.19
20260119232300,https://www.ceat.com/bike-tyres/hero/xtreme-160r-tyres.html,104975,130/70R17 M/C 62P CEAT ZOOM RAD TUBELESS,3401.35
20260724035744,https://www.ceat.com/bike-tyres/yamaha/yzf-r3-tyres.html,113494,110/70ZR17 SPORTRAD TL 54W,5999.0
20260724035744,https://www.ceat.com/bike-tyres/yamaha/yzf-r3-tyres.html,104976,110/70R17 ZOOM RAD X1 F TL 54H,3412.0
20260120015840,https://www.ceat.com/bike-tyres/yamaha/fz-16-tyres.html,113919,140/60R17 SPORTRAD TL 63H,0.0
20260120015840,https://www.ceat.com/bike-tyres/yamaha/fz-16-tyres.html,113709,140/60R17 CROSSRAD TL 63H,4332.81
20260119231531,https://www.ceat.com/bike-tyres/suzuki/v-storm-1000-tyres.html,113577,110/80R19 CROSSRAD TL 59V,0.0
20260119231531,https://www.ceat.com/bike-tyres/suzuki/v-storm-1000-tyres.html,113578,150/70R17 CROSSRAD TL 69V,0.0
20260808105454,https://www.ceat.com/scooter-tyres/vespa/vxl-tyres.html,114307,120/70-10 ZOOM X3 TL 54L,1688.0
20260217021119,https://www.ceat.com/bike-tyres/bmw/s1000xr-tyres.html,113895,120/70ZR17 SPORTRAD ST TL 58W,0.0
20260217021119,https://www.ceat.com/bike-tyres/bmw/s1000xr-tyres.html,113921,190/55ZR17 SPORTRAD ST TL 75W,0.0
20251014113104,https://www.ceat.com/bike-tyres/tvs/xl-super-tyres.html,101859,2.50-16 SECURA F85  TT 41L,651.07
20260121134717,https://www.ceat.com/scooter-tyres/yamaha/fascino-tyres.html,103686,90/100-10 ZOOM D TL 53J,1216.49
20260121134717,https://www.ceat.com/scooter-tyres/yamaha/fascino-tyres.html,106198,90/100-10 GRIPP X3 TL 53J,1403.0
20260309130744,https://www.ceat.com/bike-tyres/hero/achiever-tyres.html,101922,80/100-18 SECURA ZOOM F  TL 47P,1586.29
20260309130744,https://www.ceat.com/bike-tyres/hero/achiever-tyres.html,102572,80/100-18 ZOOM PLUS F TL 47P,1599.14
20260309130744,https://www.ceat.com/bike-tyres/hero/achiever-tyres.html,113239,80/100-18 SecuraLYFE TL 54P,1790.46
20260309130744,https://www.ceat.com/bike-tyres/hero/achiever-tyres.html,101957,80/100-18 SECURA ZOOM+ TL 54P,1734.78
20260309130744,https://www.ceat.com/bike-tyres/hero/achiever-tyres.html,102573,80/100-18 ZOOM PLUS TL 54P,1734.78
20260309130744,https://www.ceat.com/bike-tyres/hero/achiever-tyres.html,113615,80/100-18 MILAZE X5 TL 54P,1681.95
20260309130744,https://www.ceat.com/bike-tyres/hero/achiever-tyres.html,113267,80/100-18 GRIPP X5 TL 54P,1794.74
20251113013708,https://www.ceat.com/bike-tyres/hero/passion-tyres.html,100227,2.75-18 SECURA ZOOM F TT 42P,1604.91
20251113013708,https://www.ceat.com/bike-tyres/hero/passion-tyres.html,100226,2.75-18 SECURA F85 TT 42P,1614.9
20251113013708,https://www.ceat.com/bike-tyres/hero/passion-tyres.html,103202,2.75-18 SECURA F85 TL 42P,1419.24
20251113013708,https://www.ceat.com/bike-tyres/hero/passion-tyres.html,105762,2.75-18 PSAFE Gripp F TL 42P,1671.88
20251113013708,https://www.ceat.com/bike-tyres/hero/passion-tyres.html,101922,80/100-18 SECURA ZOOM F  TL 47P,1577.72
20251113013708,https://www.ceat.com/bike-tyres/hero/passion-tyres.html,102572,80/100-18 ZOOM PLUS F TL 47P,1590.57
20251113013708,https://www.ceat.com/bike-tyres/hero/passion-tyres.html,105740,80/100-18 PSAFE  Secura Zoom F TL 47P,2058.0
20251113013708,https://www.ceat.com/bike-tyres/hero/passion-tyres.html,101957,80/100-18 SECURA ZOOM+ TL 54P,1726.21
20251113013708,https://www.ceat.com/bike-tyres/hero/passion-tyres.html,103065,80/100-18 MILAZE  TL 54P,1843.0
20251113013708,https://www.ceat.com/bike-tyres/hero/passion-tyres.html,106500,80/100-18 PSAFE Gripp X3 TL 54P,2231.0
20251113013708,https://www.ceat.com/bike-tyres/hero/passion-tyres.html,113267,80/100-18 GRIPP X5 TL 54P,1786.18
20251113013708,https://www.ceat.com/bike-tyres/hero/passion-tyres.html,101494,3.00-18 MILAZE  TT 52P,1986.82
20251113013708,https://www.ceat.com/bike-tyres/hero/passion-tyres.html,105765,3.00-18 PSAFE Milaze TL 52P,2125.0
20251113013708,https://www.ceat.com/bike-tyres/hero/passion-tyres.html,113310,3.00-18 GRIPP X5 TT 52P,1866.2
20260814030648,https://www.ceat.com/bike-tyres/hero/xtreme-tyres.html,103742,100/80-17 ZOOM PLUS F TL 52P SZ,2048.0
20260814030648,https://www.ceat.com/bike-tyres/hero/xtreme-tyres.html,104975,130/70R17 M/C 62P CEAT ZOOM RAD TUBELESS,3500.0
20260120003810,https://www.ceat.com/bike-tyres/royal-enfield/bullet-tyres.html,105726,100/90-19 ZOOM PLUS F TL 57 P,2222.64
20260115073545,https://www.ceat.com/scooter-tyres/honda/navi-tyres.html,106198,90/100-10 GRIPP X3 TL 53J,1403.0
20260412195248,https://www.ceat.com/bike-tyres/tvs/max-1-tyres.html,100523,2.75-17 SECURA ZOOM F TT 41P,1700.66
20260412195248,https://www.ceat.com/bike-tyres/tvs/max-1-tyres.html,100670,2.75-17 SECURA F85 TT 41P,1669.66
20260412195248,https://www.ceat.com/bike-tyres/tvs/max-1-tyres.html,114489,3.00-17 SecuraLYFE TL 50P,1666.24
20260412195248,https://www.ceat.com/bike-tyres/tvs/max-1-tyres.html,113614,3.00-17 MILAZE X5 TL 50P,1721.0
20260412195248,https://www.ceat.com/bike-tyres/tvs/max-1-tyres.html,113268,3.00-17 GRIPP X5 TT 50P,2017.39
20260412195248,https://www.ceat.com/bike-tyres/tvs/max-1-tyres.html,114035,3.00-17 MILAZE X5 TT 50P WITH 3.00-17 TU,0.0
20260412195248,https://www.ceat.com/bike-tyres/tvs/max-1-tyres.html,114805,3.00-17 SecuraLYFE TT 50P WITH 3.00-17 T,0.0
20260217023309,https://www.ceat.com/bike-tyres/bmw/r1200rs-tyres.html,113895,120/70ZR17 SPORTRAD ST TL 58W,0.0
20260217023309,https://www.ceat.com/bike-tyres/bmw/r1200rs-tyres.html,113896,180/55ZR17 SPORTRAD ST TL 73W,0.0
20260520172304,https://www.ceat.com/bike-tyres/honda/trigger-tyres.html,114486,110/80-17 SecuraLYFE TL 57P,0.0
20260520172304,https://www.ceat.com/bike-tyres/honda/trigger-tyres.html,106385,110/80-17 ZOOM X3 TL 57P,1927.64
20260520172304,https://www.ceat.com/bike-tyres/honda/trigger-tyres.html,105171,110/80-17 ZOOM PLUS  TL 57P,0.0
20260520172304,https://www.ceat.com/bike-tyres/honda/trigger-tyres.html,106207,80/100-17 ZOOM X3 F TL 46P,1511.88
20260520172304,https://www.ceat.com/bike-tyres/honda/trigger-tyres.html,105169,80/100-17 ZOOM PLUS F  TL 46P,1574.56
20260611163635,https://www.ceat.com/bike-tyres/tvs/radeon-tyres.html,100227,2.75-18 SECURA ZOOM F TT 42P,1774.82
20260611163635,https://www.ceat.com/bike-tyres/tvs/radeon-tyres.html,100226,2.75-18 SECURA F85 TT 42P,1785.82
20260611163635,https://www.ceat.com/bike-tyres/tvs/radeon-tyres.html,103202,2.75-18 SECURA F85 TL 42P,1540.0
20260611163635,https://www.ceat.com/bike-tyres/tvs/radeon-tyres.html,114481,3.00-18 SecuraLYFE TL 52P,1826.0
20260611163635,https://www.ceat.com/bike-tyres/tvs/radeon-tyres.html,113613,3.00-18 MILAZE X5 TL 52P,1778.0
20260611163635,https://www.ceat.com/bike-tyres/tvs/radeon-tyres.html,113310,3.00-18 GRIPP X5 TT 52P,2058.82
20260121115811,https://www.ceat.com/bike-tyres/bajaj/boxer-tyres.html,100523,2.75-17 SECURA ZOOM F TT 41P,1411.41
20260121115811,https://www.ceat.com/bike-tyres/bajaj/boxer-tyres.html,114489,3.00-17 SecuraLYFE TL 50P,1666.24
20260121115811,https://www.ceat.com/bike-tyres/bajaj/boxer-tyres.html,113614,3.00-17 MILAZE X5 TL 50P,1594.85
20260121115811,https://www.ceat.com/bike-tyres/bajaj/boxer-tyres.html,114035,3.00-17 MILAZE X5 TT 50P WITH 3.00-17 TU,0.0
20260121115811,https://www.ceat.com/bike-tyres/bajaj/boxer-tyres.html,114805,3.00-17 SecuraLYFE TT 50P WITH 3.00-17 T,0.0
20251107092429,https://www.ceat.com/bike-tyres/suzuki/zeus-tyres.html,100227,2.75-18 SECURA ZOOM F TT 42P,1604.91
20251107092429,https://www.ceat.com/bike-tyres/suzuki/zeus-tyres.html,100226,2.75-18 SECURA F85 TT 42P,1614.9
20251107092429,https://www.ceat.com/bike-tyres/suzuki/zeus-tyres.html,103202,2.75-18 SECURA F85 TL 42P,1419.24
20251107092429,https://www.ceat.com/bike-tyres/suzuki/zeus-tyres.html,105762,2.75-18 PSAFE Gripp F TL 42P,1671.88
20251107092429,https://www.ceat.com/bike-tyres/suzuki/zeus-tyres.html,101494,3.00-18 MILAZE  TT 52P,1986.82
20251107092429,https://www.ceat.com/bike-tyres/suzuki/zeus-tyres.html,105765,3.00-18 PSAFE Milaze TL 52P,2125.0
20251107092429,https://www.ceat.com/bike-tyres/suzuki/zeus-tyres.html,113310,3.00-18 GRIPP X5 TT 52P,1866.2
20251001020104,https://www.ceat.com/bike-tyres/aprilia/rs-457-tyres.html,113494,110/70ZR17 SPORTRAD TL 54W,5999.0
20251001020104,https://www.ceat.com/bike-tyres/aprilia/rs-457-tyres.html,104976,110/70R17 ZOOM RAD X1 F TL 54H,3202.56
20251001020104,https://www.ceat.com/bike-tyres/aprilia/rs-457-tyres.html,113496,150/60ZR17 SPORTRAD TL 66W,7500.0
20251001020104,https://www.ceat.com/bike-tyres/aprilia/rs-457-tyres.html,104974,150/60R17 ZOOM RAD X1 TL 66H,4143.48
20260219010336,https://www.ceat.com/scooter-tyres/honda/grazia-tyres.html,106198,90/100-10 GRIPP X3 TL 53J,1403.0
20260219010336,https://www.ceat.com/scooter-tyres/honda/grazia-tyres.html,105918,90/100-10 MILAZE  TL 53J SW,1224.0
20260305210715,https://www.ceat.com/bike-tyres/yamaha/saluto-tyres.html,101922,80/100-18 SECURA ZOOM F  TL 47P,1586.29
20260305210715,https://www.ceat.com/bike-tyres/yamaha/saluto-tyres.html,102572,80/100-18 ZOOM PLUS F TL 47P,1599.14
20260305210715,https://www.ceat.com/bike-tyres/yamaha/saluto-tyres.html,113239,80/100-18 SecuraLYFE TL 54P,1790.46
20260305210715,https://www.ceat.com/bike-tyres/yamaha/saluto-tyres.html,101957,80/100-18 SECURA ZOOM+ TL 54P,1734.78
20260305210715,https://www.ceat.com/bike-tyres/yamaha/saluto-tyres.html,102573,80/100-18 ZOOM PLUS TL 54P,1734.78
20260305210715,https://www.ceat.com/bike-tyres/yamaha/saluto-tyres.html,113615,80/100-18 MILAZE X5 TL 54P,1681.95
20260305210715,https://www.ceat.com/bike-tyres/yamaha/saluto-tyres.html,113267,80/100-18 GRIPP X5 TL 54P,1794.74
20260119015831,https://www.ceat.com/bike-tyres/tvs/victor-tyres.html,100523,2.75-17 SECURA ZOOM F TT 41P,1411.41
20260119015831,https://www.ceat.com/bike-tyres/tvs/victor-tyres.html,114489,3.00-17 SecuraLYFE TL 50P,1666.24
20260119015831,https://www.ceat.com/bike-tyres/tvs/victor-tyres.html,113614,3.00-17 MILAZE X5 TL 50P,1594.85
20260119015831,https://www.ceat.com/bike-tyres/tvs/victor-tyres.html,114035,3.00-17 MILAZE X5 TT 50P WITH 3.00-17 TU,0.0
20260119015831,https://www.ceat.com/bike-tyres/tvs/victor-tyres.html,114805,3.00-17 SecuraLYFE TT 50P WITH 3.00-17 T,0.0
20251001020122,https://www.ceat.com/bike-tyres/bajaj/pulsar-tyres.html,100523,2.75-17 SECURA ZOOM F TT 41P,1541.73
20251001020122,https://www.ceat.com/bike-tyres/bajaj/pulsar-tyres.html,100670,2.75-17 SECURA F85 TT 41P,1513.17
20251001020122,https://www.ceat.com/bike-tyres/bajaj/pulsar-tyres.html,105766,2.75-17 PSAFE Gripp F TL 41P,1835.0
20251001020122,https://www.ceat.com/bike-tyres/bajaj/pulsar-tyres.html,106385,110/80-17 ZOOM X3 TL 57P,2091.0
20251001020122,https://www.ceat.com/bike-tyres/bajaj/pulsar-tyres.html,103061,130/70-17 ZOOM XL TL 62P,2822.0
20251001020122,https://www.ceat.com/bike-tyres/bajaj/pulsar-tyres.html,103742,100/80-17 ZOOM PLUS F TL 52P SZ,2027.0
20251001020122,https://www.ceat.com/bike-tyres/bajaj/pulsar-tyres.html,102502,100/80-17 ZOOM PLUS F  TL 52P,2027.0
20251001020122,https://www.ceat.com/bike-tyres/bajaj/pulsar-tyres.html,106502,100/80-17 PSAFE Zoom Plus F TL 52P,2344.0
20251001020122,https://www.ceat.com/bike-tyres/bajaj/pulsar-tyres.html,106073,90/90-17 ZOOM X3 F TL 49P,1834.0
20251001020122,https://www.ceat.com/bike-tyres/bajaj/pulsar-tyres.html,106760,90/90-17 PSAFE Zoom X3 F TL 49P,2148.0
20251001020122,https://www.ceat.com/bike-tyres/bajaj/pulsar-tyres.html,106207,80/100-17 ZOOM X3 F TL 46P,1640.0
20251001020122,https://www.ceat.com/bike-tyres/bajaj/pulsar-tyres.html,105169,80/100-17 ZOOM PLUS F  TL 46P,1708.0
20251001020122,https://www.ceat.com/bike-tyres/bajaj/pulsar-tyres.html,106501,80/100-17 PSAFE Zoom X3 F TL 46P,1985.0
20251001020122,https://www.ceat.com/bike-tyres/bajaj/pulsar-tyres.html,106517,80/100-17 GRIPP X3 F TL 46P,1713.0
20251001020122,https://www.ceat.com/bike-tyres/bajaj/pulsar-tyres.html,106074,120/80-17 ZOOM X3 TL 61P,2726.0
20251001020122,https://www.ceat.com/bike-tyres/bajaj/pulsar-tyres.html,113264,120/80-17 GRIPP X5 TL 61P,2947.0
20251001020122,https://www.ceat.com/bike-tyres/bajaj/pulsar-tyres.html,106503,100/90-17 PSAFE Gripp X3  TL 55P,2512.0
20251001020122,https://www.ceat.com/bike-tyres/bajaj/pulsar-tyres.html,106761,100/90-17 PSAFE Zoom X3 TL 55P,2408.0
20251001020122,https://www.ceat.com/bike-tyres/bajaj/pulsar-tyres.html,113266,100/90-17 GRIPP X5 TL 55P,2170.0
20260217113253,https://www.ceat.com/bike-tyres/royal-enfield/bullet-tyres.html,105726,100/90-19 ZOOM PLUS F TL 57 P,2222.64
20260121121957,https://www.ceat.com/bike-tyres/royal-enfield/bullet-standard-tyres.html,100529,3.25-19 SECURA F67  TT 54P,2479.79
20260121121957,https://www.ceat.com/bike-tyres/royal-enfield/bullet-standard-tyres.html,113619,3.50-19 MILAZE X5 TT 63P,0.0
20251117185810,https://www.ceat.com/scooter-tyres/piaggio/sr150-tyres.html,104935,120/70-14 ZOOM PLUS TL 55P,2101.72
20260114092548,https://www.ceat.com/bike-tyres/hero/xtreme-tyres.html,104975,130/70R17 M/C 62P CEAT ZOOM RAD TUBELESS,3401.35
20260217022314,https://www.ceat.com/bike-tyres/honda/cbr650f-tyres.html,113895,120/70ZR17 SPORTRAD ST TL 58W,0.0
20260217022314,https://www.ceat.com/bike-tyres/honda/cbr650f-tyres.html,113896,180/55ZR17 SPORTRAD ST TL 73W,0.0
20260309120459,https://www.ceat.com/scooter-tyres/tvs/jupiter-tyres.html,106061,90/90-12 MILAZE TL 54J SW,1380.0
20260606231925,https://www.ceat.com/bike-tyres/aprilia/rs-457-tyres.html,113494,110/70ZR17 SPORTRAD TL 54W,5531.0
20260606231925,https://www.ceat.com/bike-tyres/aprilia/rs-457-tyres.html,104976,110/70R17 ZOOM RAD X1 F TL 54H,3412.0
20260606231925,https://www.ceat.com/bike-tyres/aprilia/rs-457-tyres.html,113496,150/60ZR17 SPORTRAD TL 66W,6914.06
20260606231925,https://www.ceat.com/bike-tyres/aprilia/rs-457-tyres.html,104974,150/60R17 ZOOM RAD X1 TL 66H,4433.0
20260120004128,https://www.ceat.com/bike-tyres/bajaj/pulsar-200-ns-tyres.html,107247,100/80-17 Zoom X3 P F  TL 52P,1703.37
20260120004128,https://www.ceat.com/bike-tyres/bajaj/pulsar-200-ns-tyres.html,107251,130/70-17 Zoom X3  P TL 62P,0.0
20250914152341,https://www.ceat.com/bike-tyres/hero/ambition-tyres.html,100227,2.75-18 SECURA ZOOM F TT 42P,1545.86
20250914152341,https://www.ceat.com/bike-tyres/hero/ambition-tyres.html,100226,2.75-18 SECURA F85 TT 42P,1556.7
20250914152341,https://www.ceat.com/bike-tyres/hero/ambition-tyres.html,103202,2.75-18 SECURA F85 TL 42P,1539.51
20250914152341,https://www.ceat.com/bike-tyres/hero/ambition-tyres.html,105762,2.75-18 PSAFE Gripp F TL 42P,1671.88
20250914152341,https://www.ceat.com/bike-tyres/hero/ambition-tyres.html,101494,3.00-18 MILAZE  TT 52P,1986.82
20250914152341,https://www.ceat.com/bike-tyres/hero/ambition-tyres.html,105765,3.00-18 PSAFE Milaze TL 52P,2125.0
20250914152341,https://www.ceat.com/bike-tyres/hero/ambition-tyres.html,113310,3.00-18 GRIPP X5 TT 52P,1829.29
20260207043204,https://www.ceat.com/bike-tyres/honda/xblade-tyres.html,103061,130/70-17 ZOOM XL TL 62P,2601.53
20260207043204,https://www.ceat.com/bike-tyres/honda/xblade-tyres.html,106207,80/100-17 ZOOM X3 F TL 46P,1511.88
20260207043204,https://www.ceat.com/bike-tyres/honda/xblade-tyres.html,105169,80/100-17 ZOOM PLUS F  TL 46P,1574.56
20251012151012,https://www.ceat.com/bike-tyres/honda/trigger-tyres.html,106385,110/80-17 ZOOM X3 TL 57P,2091.0
20251012151012,https://www.ceat.com/bike-tyres/honda/trigger-tyres.html,106207,80/100-17 ZOOM X3 F TL 46P,1640.0
20251012151012,https://www.ceat.com/bike-tyres/honda/trigger-tyres.html,105169,80/100-17 ZOOM PLUS F  TL 46P,1708.0
20251012151012,https://www.ceat.com/bike-tyres/honda/trigger-tyres.html,106501,80/100-17 PSAFE Zoom X3 F TL 46P,1985.0
20251012151012,https://www.ceat.com/bike-tyres/honda/trigger-tyres.html,106517,80/100-17 GRIPP X3 F TL 46P,1713.0
20251001020336,https://www.ceat.com/bike-tyres/honda/unicorn-tyres.html,100227,2.75-18 SECURA ZOOM F TT 42P,1604.91
20251001020336,https://www.ceat.com/bike-tyres/honda/unicorn-tyres.html,100226,2.75-18 SECURA F85 TT 42P,1614.9
20251001020336,https://www.ceat.com/bike-tyres/honda/unicorn-tyres.html,103202,2.75-18 SECURA F85 TL 42P,1419.24
20251001020336,https://www.ceat.com/bike-tyres/honda/unicorn-tyres.html,105762,2.75-18 PSAFE Gripp F TL 42P,1671.88
20251001020336,https://www.ceat.com/bike-tyres/honda/unicorn-tyres.html,101922,80/100-18 SECURA ZOOM F  TL 47P,1577.72
20251001020336,https://www.ceat.com/bike-tyres/honda/unicorn-tyres.html,102572,80/100-18 ZOOM PLUS F TL 47P,1590.57
20251001020336,https://www.ceat.com/bike-tyres/honda/unicorn-tyres.html,105740,80/100-18 PSAFE  Secura Zoom F TL 47P,2058.0
20251001020336,https://www.ceat.com/bike-tyres/honda/unicorn-tyres.html,106385,110/80-17 ZOOM X3 TL 57P,2091.0
20251001020336,https://www.ceat.com/bike-tyres/honda/unicorn-tyres.html,106207,80/100-17 ZOOM X3 F TL 46P,1640.0
20251001020336,https://www.ceat.com/bike-tyres/honda/unicorn-tyres.html,105169,80/100-17 ZOOM PLUS F  TL 46P,1708.0
20251001020336,https://www.ceat.com/bike-tyres/honda/unicorn-tyres.html,106501,80/100-17 PSAFE Zoom X3 F TL 46P,1985.0
20251001020336,https://www.ceat.com/bike-tyres/honda/unicorn-tyres.html,106517,80/100-17 GRIPP X3 F TL 46P,1713.0
20251001020336,https://www.ceat.com/bike-tyres/honda/unicorn-tyres.html,106384,100/90-18 ZOOM X3 TL 56P,2213.0
20251001020336,https://www.ceat.com/bike-tyres/honda/unicorn-tyres.html,106762,100/90-18 PSAFE GRIPP X3 TL 56P,2750.0
20251001020336,https://www.ceat.com/bike-tyres/honda/unicorn-tyres.html,106763,100/90-18 PSAFE Zoom X3 TL 56P,2631.0
20251001020336,https://www.ceat.com/bike-tyres/honda/unicorn-tyres.html,113265,100/90-18 GRIPP X5 TL 56P,2532.0
20260513213508,https://www.ceat.com/bike-tyres/hero/xtreme-tyres.html,103742,100/80-17 ZOOM PLUS F TL 52P SZ,1868.64
20260513213508,https://www.ceat.com/bike-tyres/hero/xtreme-tyres.html,104975,130/70R17 M/C 62P CEAT ZOOM RAD TUBELESS,3500.0
20260510104208,https://www.ceat.com/bike-tyres/hero/cd-tyres.html,100227,2.75-18 SECURA ZOOM F TT 42P,1774.82
20260510104208,https://www.ceat.com/bike-tyres/hero/cd-tyres.html,100226,2.75-18 SECURA F85 TT 42P,1785.82
20260510104208,https://www.ceat.com/bike-tyres/hero/cd-tyres.html,103202,2.75-18 SECURA F85 TL 42P,1540.0
20260510104208,https://www.ceat.com/bike-tyres/hero/cd-tyres.html,114491,2.75-18 SecuraLYFE TL 48P,1562.01
20260510104208,https://www.ceat.com/bike-tyres/hero/cd-tyres.html,113484,2.75-18 MILAZE X5 TL 48P,1614.0
20260510104208,https://www.ceat.com/bike-tyres/hero/cd-tyres.html,114036,2.75-18 MILAZE X5 TT 48P WITH 2.75-18 TU,0.0
20260510104208,https://www.ceat.com/bike-tyres/hero/cd-tyres.html,113269,2.75-18 GRIPP X5 TT 48P,1920.82
20260510104208,https://www.ceat.com/bike-tyres/hero/cd-tyres.html,114804,2.75-18 SecuraLYFE TT 48P WITH 2.75-18 T,0.0
20260606050649,https://www.ceat.com/bike-tyres/yamaha/ybr-tyres.html,100227,2.75-18 SECURA ZOOM F TT 42P,1774.82
20260606050649,https://www.ceat.com/bike-tyres/yamaha/ybr-tyres.html,100226,2.75-18 SECURA F85 TT 42P,1785.82
20260606050649,https://www.ceat.com/bike-tyres/yamaha/ybr-tyres.html,103202,2.75-18 SECURA F85 TL 42P,1540.0
20260606050649,https://www.ceat.com/bike-tyres/yamaha/ybr-tyres.html,114481,3.00-18 SecuraLYFE TL 52P,1720.5
20260606050649,https://www.ceat.com/bike-tyres/yamaha/ybr-tyres.html,113613,3.00-18 MILAZE X5 TL 52P,1778.0
20260606050649,https://www.ceat.com/bike-tyres/yamaha/ybr-tyres.html,113310,3.00-18 GRIPP X5 TT 52P,2058.82
20260412192115,https://www.ceat.com/scooter-tyres/ather-energy/450-tyres.html,102074,90/90-12 ZOOM D TL 54J,1068.0
20260412192115,https://www.ceat.com/scooter-tyres/ather-energy/450-tyres.html,107249,100/80-12 Zoom X3 TL 56L ( REP),1684.8
20260212225350,https://www.ceat.com/bike-tyres/jawa/perak-tyres.html,106360,100/90-18 ZOOM CRUZ F  56 H TL,2484.45
20260212225350,https://www.ceat.com/bike-tyres/jawa/perak-tyres.html,106361,140/70-17 ZOOM CRUZ 66 H TL,3499.44
20260212225350,https://www.ceat.com/bike-tyres/jawa/perak-tyres.html,101824,140/70-17 ZOOM XL TL 66H,3309.53
20260212225350,https://www.ceat.com/bike-tyres/jawa/perak-tyres.html,105808,140/70-17 ZOOM PLUS  TL 66P,3309.53
20250914151942,https://www.ceat.com/scooter-tyres/hero/destini-tyres.html,103686,90/100-10 ZOOM D TL 53J,1319.58
20260412200604,https://www.ceat.com/bike-tyres/kawasaki/versys-650-tyres.html,113895,120/70ZR17 SPORTRAD ST TL 58W,0.0
20250914152212,https://www.ceat.com/bike-tyres/yamaha/fazer-tyres.html,103742,100/80-17 ZOOM PLUS F TL 52P SZ,2027.0
20250914152212,https://www.ceat.com/bike-tyres/yamaha/fazer-tyres.html,106502,100/80-17 PSAFE Zoom Plus F TL 52P,2344.0
20250914152212,https://www.ceat.com/bike-tyres/yamaha/fazer-tyres.html,113709,140/60R17 CROSSRAD TL 63H,4700.0
20250914152212,https://www.ceat.com/bike-tyres/yamaha/fazer-tyres.html,107819,140/60R17 ZOOM RAD X3 63P TL,3261.77
20260120035610,https://www.ceat.com/bike-tyres/tvs/sport-tyres.html,100523,2.75-17 SECURA ZOOM F TT 41P,1411.41
20260120035610,https://www.ceat.com/bike-tyres/tvs/sport-tyres.html,114489,3.00-17 SecuraLYFE TL 50P,1666.24
20260120035610,https://www.ceat.com/bike-tyres/tvs/sport-tyres.html,113614,3.00-17 MILAZE X5 TL 50P,1594.85
20260120035610,https://www.ceat.com/bike-tyres/tvs/sport-tyres.html,114035,3.00-17 MILAZE X5 TT 50P WITH 3.00-17 TU,0.0
20260120035610,https://www.ceat.com/bike-tyres/tvs/sport-tyres.html,114805,3.00-17 SecuraLYFE TT 50P WITH 3.00-17 T,0.0
20250918033218,https://www.ceat.com/bike-tyres/yamaha/crux-r-tyres.html,100227,2.75-18 SECURA ZOOM F TT 42P,1545.86
20250918033218,https://www.ceat.com/bike-tyres/yamaha/crux-r-tyres.html,100226,2.75-18 SECURA F85 TT 42P,1556.7
20250918033218,https://www.ceat.com/bike-tyres/yamaha/crux-r-tyres.html,103202,2.75-18 SECURA F85 TL 42P,1539.51
20250918033218,https://www.ceat.com/bike-tyres/yamaha/crux-r-tyres.html,105762,2.75-18 PSAFE Gripp F TL 42P,1671.88
20250918033218,https://www.ceat.com/bike-tyres/yamaha/crux-r-tyres.html,101494,3.00-18 MILAZE  TT 52P,1986.82
20250918033218,https://www.ceat.com/bike-tyres/yamaha/crux-r-tyres.html,105765,3.00-18 PSAFE Milaze TL 52P,2125.0
20250918033218,https://www.ceat.com/bike-tyres/yamaha/crux-r-tyres.html,113310,3.00-18 GRIPP X5 TT 52P,1829.29
20251001015911,https://www.ceat.com/bike-tyres/bajaj/boxer-tyres.html,100523,2.75-17 SECURA ZOOM F TT 41P,1541.73
20251001015911,https://www.ceat.com/bike-tyres/bajaj/boxer-tyres.html,100670,2.75-17 SECURA F85 TT 41P,1513.17
20251001015911,https://www.ceat.com/bike-tyres/bajaj/boxer-tyres.html,105766,2.75-17 PSAFE Gripp F TL 41P,1835.0
20251001015911,https://www.ceat.com/bike-tyres/bajaj/boxer-tyres.html,105764,3.00-17 PSAFE Milaze TL 50P,2060.0
20251001015911,https://www.ceat.com/bike-tyres/bajaj/boxer-tyres.html,113268,3.00-17 GRIPP X5 TT 50P,1828.69
20260606045054,https://www.ceat.com/scooter-tyres/ola/s1-tyres.html,107261,110/70-12 Energy Ride EV 47P,1568.0
20260801101721,https://www.ceat.com/scooter-tyres/yamaha/aerox-155-tyres.html,106730,110/80-14 Zoom Plus Y TL 53P,2083.0
20251001015918,https://www.ceat.com/bike-tyres/yamaha/fz25-tyres.html,103742,100/80-17 ZOOM PLUS F TL 52P SZ,2027.0
20251001015918,https://www.ceat.com/bike-tyres/yamaha/fz25-tyres.html,106502,100/80-17 PSAFE Zoom Plus F TL 52P,2344.0
20251001015918,https://www.ceat.com/bike-tyres/yamaha/fz25-tyres.html,113263,140/70-17 GRIPP X5 TL 66H,3669.0
20251001015918,https://www.ceat.com/bike-tyres/yamaha/fz25-tyres.html,101824,140/70-17 ZOOM XL TL 66H,3590.0
20251001015918,https://www.ceat.com/bike-tyres/yamaha/fz25-tyres.html,105808,140/70-17 ZOOM PLUS  TL 66P,3590.0
20251001015918,https://www.ceat.com/bike-tyres/yamaha/fz25-tyres.html,106361,140/70-17 ZOOM CRUZ 66 H TL,3796.0
20260217111307,https://www.ceat.com/bike-tyres/bmw/gs-750-tyres.html,113578,150/70R17 CROSSRAD TL 69V,0.0
20260907152617,https://www.ceat.com/scooter-tyres/piaggio/sr150-tyres.html,104935,120/70-14 ZOOM PLUS TL 55P,1781.0
20260722172140,https://www.ceat.com/scooter-tyres/suzuki/access-tyres.html,102074,90/90-12 ZOOM D TL 54J,1352.0
20260722172140,https://www.ceat.com/scooter-tyres/suzuki/access-tyres.html,101784,90/100-10 ZOOM D  TT 53J,1345.0
20260722172140,https://www.ceat.com/scooter-tyres/suzuki/access-tyres.html,106198,90/100-10 GRIPP X3 TL 53J,1403.0
20260722172140,https://www.ceat.com/scooter-tyres/suzuki/access-tyres.html,105918,90/100-10 MILAZE  TL 53J SW,1224.0
20260611163036,https://www.ceat.com/bike-tyres/honda/xblade-tyres.html,103061,130/70-17 ZOOM XL TL 62P,2601.53
20260611163036,https://www.ceat.com/bike-tyres/honda/xblade-tyres.html,106207,80/100-17 ZOOM X3 F TL 46P,1511.88
20260611163036,https://www.ceat.com/bike-tyres/honda/xblade-tyres.html,105169,80/100-17 ZOOM PLUS F  TL 46P,1574.56
20251107100708,https://www.ceat.com/bike-tyres/yamaha/saluto-tyres.html,101922,80/100-18 SECURA ZOOM F  TL 47P,1577.72
20251107100708,https://www.ceat.com/bike-tyres/yamaha/saluto-tyres.html,102572,80/100-18 ZOOM PLUS F TL 47P,1590.57
20251107100708,https://www.ceat.com/bike-tyres/yamaha/saluto-tyres.html,105740,80/100-18 PSAFE  Secura Zoom F TL 47P,2058.0
20251107100708,https://www.ceat.com/bike-tyres/yamaha/saluto-tyres.html,101957,80/100-18 SECURA ZOOM+ TL 54P,1726.21
20251107100708,https://www.ceat.com/bike-tyres/yamaha/saluto-tyres.html,103065,80/100-18 MILAZE  TL 54P,1843.0
20251107100708,https://www.ceat.com/bike-tyres/yamaha/saluto-tyres.html,106500,80/100-18 PSAFE Gripp X3 TL 54P,2231.0
20251107100708,https://www.ceat.com/bike-tyres/yamaha/saluto-tyres.html,113267,80/100-18 GRIPP X5 TL 54P,1786.18
20260217025304,https://www.ceat.com/bike-tyres/bajaj/wind-tyres.html,100227,2.75-18 SECURA ZOOM F TT 42P,1604.91
20260217025304,https://www.ceat.com/bike-tyres/bajaj/wind-tyres.html,100226,2.75-18 SECURA F85 TT 42P,1614.9
20260217025304,https://www.ceat.com/bike-tyres/bajaj/wind-tyres.html,103202,2.75-18 SECURA F85 TL 42P,1427.8
20260217025304,https://www.ceat.com/bike-tyres/bajaj/wind-tyres.html,114481,3.00-18 SecuraLYFE TL 52P,1720.5
20260217025304,https://www.ceat.com/bike-tyres/bajaj/wind-tyres.html,113613,3.00-18 MILAZE X5 TL 52P,1661.96
20260217025304,https://www.ceat.com/bike-tyres/bajaj/wind-tyres.html,113310,3.00-18 GRIPP X5 TT 52P,1866.2
20260418041619,https://www.ceat.com/bike-tyres/tvs/star-city-tyres.html,100523,2.75-17 SECURA ZOOM F TT 41P,1700.66
20260418041619,https://www.ceat.com/bike-tyres/tvs/star-city-tyres.html,100670,2.75-17 SECURA F85 TT 41P,1669.66
20260418041619,https://www.ceat.com/bike-tyres/tvs/star-city-tyres.html,114489,3.00-17 SecuraLYFE TL 50P,1666.24
20260418041619,https://www.ceat.com/bike-tyres/tvs/star-city-tyres.html,113614,3.00-17 MILAZE X5 TL 50P,1721.0
20260418041619,https://www.ceat.com/bike-tyres/tvs/star-city-tyres.html,113268,3.00-17 GRIPP X5 TT 50P,2017.39
20260418041619,https://www.ceat.com/bike-tyres/tvs/star-city-tyres.html,114035,3.00-17 MILAZE X5 TT 50P WITH 3.00-17 TU,0.0
20260418041619,https://www.ceat.com/bike-tyres/tvs/star-city-tyres.html,114805,3.00-17 SecuraLYFE TT 50P WITH 3.00-17 T,0.0
20260212221144,https://www.ceat.com/bike-tyres/tvs/radeon-tyres.html,100227,2.75-18 SECURA ZOOM F TT 42P,1604.91
20260212221144,https://www.ceat.com/bike-tyres/tvs/radeon-tyres.html,100226,2.75-18 SECURA F85 TT 42P,1614.9
20260212221144,https://www.ceat.com/bike-tyres/tvs/radeon-tyres.html,103202,2.75-18 SECURA F85 TL 42P,1427.8
20260212221144,https://www.ceat.com/bike-tyres/tvs/radeon-tyres.html,114481,3.00-18 SecuraLYFE TL 52P,1720.5
20260212221144,https://www.ceat.com/bike-tyres/tvs/radeon-tyres.html,113613,3.00-18 MILAZE X5 TL 52P,1661.96
20260212221144,https://www.ceat.com/bike-tyres/tvs/radeon-tyres.html,113310,3.00-18 GRIPP X5 TT 52P,1866.2
20250914143857,https://www.ceat.com/bike-tyres/yamaha/sz-rr-tyres.html,100523,2.75-17 SECURA ZOOM F TT 41P,1508.96
20250914143857,https://www.ceat.com/bike-tyres/yamaha/sz-rr-tyres.html,100670,2.75-17 SECURA F85 TT 41P,1477.98
20250914143857,https://www.ceat.com/bike-tyres/yamaha/sz-rr-tyres.html,105766,2.75-17 PSAFE Gripp F TL 41P,1835.0
20250914143857,https://www.ceat.com/bike-tyres/yamaha/sz-rr-tyres.html,106503,100/90-17 PSAFE Gripp X3  TL 55P,2512.0
20250914143857,https://www.ceat.com/bike-tyres/yamaha/sz-rr-tyres.html,106761,100/90-17 PSAFE Zoom X3 TL 55P,2408.0
20250914143857,https://www.ceat.com/bike-tyres/yamaha/sz-rr-tyres.html,113266,100/90-17 GRIPP X5 TL 55P,2170.0
20251212125110,https://www.ceat.com/scooter-tyres/hero/pleasure-tyres.html,103686,90/100-10 ZOOM D TL 53J,1216.49
20251212125110,https://www.ceat.com/scooter-tyres/hero/pleasure-tyres.html,106198,90/100-10 GRIPP X3 TL 53J,1403.0
20260120000924,https://www.ceat.com/bike-tyres/hero/super-splendor-tyres.html,101922,80/100-18 SECURA ZOOM F  TL 47P,1586.29
20260120000924,https://www.ceat.com/bike-tyres/hero/super-splendor-tyres.html,104941,90/90-18 SECURA ZOOM+ TL 51P,1863.28
20260412193935,https://www.ceat.com/scooter-tyres/aprilia/storm-tyres.html,114627,130/80-12 ZOOM X3 TL 69J,0.0
20260210233007,https://www.ceat.com/bike-tyres/yamaha/gladiator-tyres.html,100227,2.75-18 SECURA ZOOM F TT 42P,1604.91
20260210233007,https://www.ceat.com/bike-tyres/yamaha/gladiator-tyres.html,100226,2.75-18 SECURA F85 TT 42P,1614.9
20260210233007,https://www.ceat.com/bike-tyres/yamaha/gladiator-tyres.html,103202,2.75-18 SECURA F85 TL 42P,1427.8
20260210233007,https://www.ceat.com/bike-tyres/yamaha/gladiator-tyres.html,114481,3.00-18 SecuraLYFE TL 52P,1720.5
20260210233007,https://www.ceat.com/bike-tyres/yamaha/gladiator-tyres.html,113613,3.00-18 MILAZE X5 TL 52P,1661.96
20260210233007,https://www.ceat.com/bike-tyres/yamaha/gladiator-tyres.html,113310,3.00-18 GRIPP X5 TT 52P,1866.2
20260520162140,https://www.ceat.com/bike-tyres/tvs/victor-tyres.html,100523,2.75-17 SECURA ZOOM F TT 41P,1700.66
20260520162140,https://www.ceat.com/bike-tyres/tvs/victor-tyres.html,100670,2.75-17 SECURA F85 TT 41P,1669.66
20260520162140,https://www.ceat.com/bike-tyres/tvs/victor-tyres.html,114489,3.00-17 SecuraLYFE TL 50P,1666.24
20260520162140,https://www.ceat.com/bike-tyres/tvs/victor-tyres.html,113614,3.00-17 MILAZE X5 TL 50P,1721.0
20260520162140,https://www.ceat.com/bike-tyres/tvs/victor-tyres.html,113268,3.00-17 GRIPP X5 TT 50P,2017.39
20260520162140,https://www.ceat.com/bike-tyres/tvs/victor-tyres.html,114035,3.00-17 MILAZE X5 TT 50P WITH 3.00-17 TU,0.0
20260520162140,https://www.ceat.com/bike-tyres/tvs/victor-tyres.html,114805,3.00-17 SecuraLYFE TT 50P WITH 3.00-17 T,0.0
20260730020302,https://www.ceat.com/scooter-tyres/ola/s1-tyres.html,107261,110/70-12 Energy Ride EV 47P,1568.0
20260207035414,https://www.ceat.com/bike-tyres/suzuki/intruder-tyres.html,103742,100/80-17 ZOOM PLUS F TL 52P SZ,1868.64
20260207035414,https://www.ceat.com/bike-tyres/suzuki/intruder-tyres.html,113919,140/60R17 SPORTRAD TL 63H,0.0
20260207035414,https://www.ceat.com/bike-tyres/suzuki/intruder-tyres.html,113709,140/60R17 CROSSRAD TL 63H,4332.81
20260207035414,https://www.ceat.com/bike-tyres/suzuki/intruder-tyres.html,107819,140/60R17 ZOOM RAD X3 63P TL,3006.94
20260115074156,https://www.ceat.com/bike-tyres/yamaha/enticer-tyres.html,103202,2.75-18 SECURA F85 TL 42P,1427.8
20260115074156,https://www.ceat.com/bike-tyres/yamaha/enticer-tyres.html,114491,2.75-18 SecuraLYFE TL 48P,1562.01
20260115074156,https://www.ceat.com/bike-tyres/yamaha/enticer-tyres.html,113484,2.75-18 MILAZE X5 TL 48P,1510.61
20260115074156,https://www.ceat.com/bike-tyres/yamaha/enticer-tyres.html,114036,2.75-18 MILAZE X5 TT 48P WITH 2.75-18 TU,0.0
20260115074156,https://www.ceat.com/bike-tyres/yamaha/enticer-tyres.html,114804,2.75-18 SecuraLYFE TT 48P WITH 2.75-18 T,0.0
20251107091324,https://www.ceat.com/bike-tyres/honda/trigger-tyres.html,106385,110/80-17 ZOOM X3 TL 57P,1927.64
20251107091324,https://www.ceat.com/bike-tyres/honda/trigger-tyres.html,102453,110/80-17 ZOOM XL TL 57P,0.0
20251107091324,https://www.ceat.com/bike-tyres/honda/trigger-tyres.html,106207,80/100-17 ZOOM X3 F TL 46P,1511.88
20251107091324,https://www.ceat.com/bike-tyres/honda/trigger-tyres.html,105169,80/100-17 ZOOM PLUS F  TL 46P,1574.56
20251107091324,https://www.ceat.com/bike-tyres/honda/trigger-tyres.html,106501,80/100-17 PSAFE Zoom X3 F TL 46P,1985.0
20251107091324,https://www.ceat.com/bike-tyres/honda/trigger-tyres.html,106517,80/100-17 GRIPP X3 F TL 46P,1713.0
20260305203019,https://www.ceat.com/bike-tyres/hero/glamour-tyres.html,100227,2.75-18 SECURA ZOOM F TT 42P,1604.91
20260305203019,https://www.ceat.com/bike-tyres/hero/glamour-tyres.html,100226,2.75-18 SECURA F85 TT 42P,1614.9
20260305203019,https://www.ceat.com/bike-tyres/hero/glamour-tyres.html,103202,2.75-18 SECURA F85 TL 42P,1427.8
20260305203019,https://www.ceat.com/bike-tyres/hero/glamour-tyres.html,101922,80/100-18 SECURA ZOOM F  TL 47P,1586.29
20260305203019,https://www.ceat.com/bike-tyres/hero/glamour-tyres.html,102572,80/100-18 ZOOM PLUS F TL 47P,1599.14
20260305203019,https://www.ceat.com/bike-tyres/hero/glamour-tyres.html,113239,80/100-18 SecuraLYFE TL 54P,1790.46
20260305203019,https://www.ceat.com/bike-tyres/hero/glamour-tyres.html,101957,80/100-18 SECURA ZOOM+ TL 54P,1734.78
20260305203019,https://www.ceat.com/bike-tyres/hero/glamour-tyres.html,102573,80/100-18 ZOOM PLUS TL 54P,1734.78
20260305203019,https://www.ceat.com/bike-tyres/hero/glamour-tyres.html,113615,80/100-18 MILAZE X5 TL 54P,1681.95
20260305203019,https://www.ceat.com/bike-tyres/hero/glamour-tyres.html,113267,80/100-18 GRIPP X5 TL 54P,1794.74
20260305203019,https://www.ceat.com/bike-tyres/hero/glamour-tyres.html,114481,3.00-18 SecuraLYFE TL 52P,1720.5
20260305203019,https://www.ceat.com/bike-tyres/hero/glamour-tyres.html,113613,3.00-18 MILAZE X5 TL 52P,1661.96
20260305203019,https://www.ceat.com/bike-tyres/hero/glamour-tyres.html,113310,3.00-18 GRIPP X5 TT 52P,1866.2
20260305203019,https://www.ceat.com/bike-tyres/hero/glamour-tyres.html,105980,80/100-18 ZOOM-H F  TL 47P,1590.57
20260305203019,https://www.ceat.com/bike-tyres/hero/glamour-tyres.html,105998,100/80-18 ZOOM-H  TL 53P,1823.3
20260519102826,https://www.ceat.com/bike-tyres/jawa/perak-tyres.html,106360,100/90-18 ZOOM CRUZ F  56 H TL,2484.45
20260519102826,https://www.ceat.com/bike-tyres/jawa/perak-tyres.html,106361,140/70-17 ZOOM CRUZ 66 H TL,3499.44
20260519102826,https://www.ceat.com/bike-tyres/jawa/perak-tyres.html,101824,140/70-17 ZOOM XL TL 66H,3309.53
20260519102826,https://www.ceat.com/bike-tyres/jawa/perak-tyres.html,105808,140/70-17 ZOOM PLUS  TL 66P,3309.53
20251005115358,https://www.ceat.com/bike-tyres/yamaha/fz-16-tyres.html,103742,100/80-17 ZOOM PLUS F TL 52P SZ,2027.0
20251005115358,https://www.ceat.com/bike-tyres/yamaha/fz-16-tyres.html,106502,100/80-17 PSAFE Zoom Plus F TL 52P,2344.0
20251005115358,https://www.ceat.com/bike-tyres/yamaha/fz-16-tyres.html,113709,140/60R17 CROSSRAD TL 63H,4700.0
20251005115358,https://www.ceat.com/bike-tyres/yamaha/fz-16-tyres.html,107819,140/60R17 ZOOM RAD X3 63P TL,3006.94
20251001020059,https://www.ceat.com/bike-tyres/tvs/apache-tyres.html,106385,110/80-17 ZOOM X3 TL 57P,2091.0
20251001020059,https://www.ceat.com/bike-tyres/tvs/apache-tyres.html,103061,130/70-17 ZOOM XL TL 62P,2822.0
20251001020059,https://www.ceat.com/bike-tyres/tvs/apache-tyres.html,113496,150/60ZR17 SPORTRAD TL 66W,7500.0
20251001020059,https://www.ceat.com/bike-tyres/tvs/apache-tyres.html,104974,150/60R17 ZOOM RAD X1 TL 66H,4143.48
20251001020059,https://www.ceat.com/bike-tyres/tvs/apache-tyres.html,113494,110/70ZR17 SPORTRAD TL 54W,5999.0
20251001020059,https://www.ceat.com/bike-tyres/tvs/apache-tyres.html,104976,110/70R17 ZOOM RAD X1 F TL 54H,3202.56
20251001020059,https://www.ceat.com/bike-tyres/tvs/apache-tyres.html,106073,90/90-17 ZOOM X3 F TL 49P,1834.0
20251001020059,https://www.ceat.com/bike-tyres/tvs/apache-tyres.html,106760,90/90-17 PSAFE Zoom X3 F TL 49P,2148.0
20251001020059,https://www.ceat.com/bike-tyres/tvs/apache-tyres.html,106384,100/90-18 ZOOM X3 TL 56P,2213.0
20251001020059,https://www.ceat.com/bike-tyres/tvs/apache-tyres.html,106762,100/90-18 PSAFE GRIPP X3 TL 56P,2750.0
20251001020059,https://www.ceat.com/bike-tyres/tvs/apache-tyres.html,106763,100/90-18 PSAFE Zoom X3 TL 56P,2631.0
20251001020059,https://www.ceat.com/bike-tyres/tvs/apache-tyres.html,113265,100/90-18 GRIPP X5 TL 56P,2532.0
20260606223624,https://www.ceat.com/bike-tyres/bajaj/ct-tyres.html,100523,2.75-17 SECURA ZOOM F TT 41P,1700.66
20260606223624,https://www.ceat.com/bike-tyres/bajaj/ct-tyres.html,100670,2.75-17 SECURA F85 TT 41P,1669.66
20260606223624,https://www.ceat.com/bike-tyres/bajaj/ct-tyres.html,114489,3.00-17 SecuraLYFE TL 50P,1666.24
20260606223624,https://www.ceat.com/bike-tyres/bajaj/ct-tyres.html,113614,3.00-17 MILAZE X5 TL 50P,1721.0
20260606223624,https://www.ceat.com/bike-tyres/bajaj/ct-tyres.html,113268,3.00-17 GRIPP X5 TT 50P,2017.39
20260606223624,https://www.ceat.com/bike-tyres/bajaj/ct-tyres.html,114035,3.00-17 MILAZE X5 TT 50P WITH 3.00-17 TU,0.0
20260606223624,https://www.ceat.com/bike-tyres/bajaj/ct-tyres.html,114805,3.00-17 SecuraLYFE TT 50P WITH 3.00-17 T,0.0
20260211002401,https://www.ceat.com/bike-tyres/yamaha/g5-tyres.html,100227,2.75-18 SECURA ZOOM F TT 42P,1604.91
20260211002401,https://www.ceat.com/bike-tyres/yamaha/g5-tyres.html,100226,2.75-18 SECURA F85 TT 42P,1614.9
20260211002401,https://www.ceat.com/bike-tyres/yamaha/g5-tyres.html,103202,2.75-18 SECURA F85 TL 42P,1427.8
20260211002401,https://www.ceat.com/bike-tyres/yamaha/g5-tyres.html,114481,3.00-18 SecuraLYFE TL 52P,1720.5
20260211002401,https://www.ceat.com/bike-tyres/yamaha/g5-tyres.html,113613,3.00-18 MILAZE X5 TL 52P,1661.96
20260211002401,https://www.ceat.com/bike-tyres/yamaha/g5-tyres.html,113310,3.00-18 GRIPP X5 TT 52P,1866.2
20260606051832,https://www.ceat.com/bike-tyres/yamaha/fazer-tyres.html,103742,100/80-17 ZOOM PLUS F TL 52P SZ,1868.64
20260606051832,https://www.ceat.com/bike-tyres/yamaha/fazer-tyres.html,113919,140/60R17 SPORTRAD TL 63H,0.0
20260606051832,https://www.ceat.com/bike-tyres/yamaha/fazer-tyres.html,113709,140/60R17 CROSSRAD TL 63H,4332.81
20260606051832,https://www.ceat.com/bike-tyres/yamaha/fazer-tyres.html,107819,140/60R17 ZOOM RAD X3 63P TL,3045.0
20260606051832,https://www.ceat.com/bike-tyres/yamaha/fazer-tyres.html,102501,140/60R17 ZOOM RAD TL 63P,3045.0
20260208044121,https://www.ceat.com/bike-tyres/yamaha/mt15-tyres.html,103742,100/80-17 ZOOM PLUS F TL 52P SZ,1868.64
20260208044121,https://www.ceat.com/bike-tyres/yamaha/mt15-tyres.html,113920,140/70ZR17 SPORTRAD TL 66W,0.0
20260208044121,https://www.ceat.com/bike-tyres/yamaha/mt15-tyres.html,113263,140/70-17 GRIPP X5 TL 66H,3382.36
20260208044121,https://www.ceat.com/bike-tyres/yamaha/mt15-tyres.html,101824,140/70-17 ZOOM XL TL 66H,3309.53
20260208044121,https://www.ceat.com/bike-tyres/yamaha/mt15-tyres.html,105808,140/70-17 ZOOM PLUS  TL 66P,3309.53
20260208044121,https://www.ceat.com/bike-tyres/yamaha/mt15-tyres.html,106361,140/70-17 ZOOM CRUZ 66 H TL,3499.44
20260212043329,https://www.ceat.com/bike-tyres/hero/ambition-tyres.html,100227,2.75-18 SECURA ZOOM F TT 42P,1604.91
20260212043329,https://www.ceat.com/bike-tyres/hero/ambition-tyres.html,100226,2.75-18 SECURA F85 TT 42P,1614.9
20260212043329,https://www.ceat.com/bike-tyres/hero/ambition-tyres.html,103202,2.75-18 SECURA F85 TL 42P,1427.8
20260212043329,https://www.ceat.com/bike-tyres/hero/ambition-tyres.html,114481,3.00-18 SecuraLYFE TL 52P,1720.5
20260212043329,https://www.ceat.com/bike-tyres/hero/ambition-tyres.html,113613,3.00-18 MILAZE X5 TL 52P,1661.96
20260212043329,https://www.ceat.com/bike-tyres/hero/ambition-tyres.html,113310,3.00-18 GRIPP X5 TT 52P,1866.2
20260606230423,https://www.ceat.com/bike-tyres/royal-enfield/shotgun-tyres.html,106970,100/90-19 ZOOM CRUZ z F TL 57H,0.0
20260606230423,https://www.ceat.com/bike-tyres/royal-enfield/shotgun-tyres.html,106971,150/80 B16 ZOOM CRUZ z TL 71H,0.0
20260305200520,https://www.ceat.com/bike-tyres/royal-enfield/goan-classic-tyres.html,112903,100/90-19 Zoom Classic F TL 63P,0.0
20260305200520,https://www.ceat.com/bike-tyres/royal-enfield/goan-classic-tyres.html,112902,130/90-16 Zoom Classic TL 74P,0.0
20260510112727,https://www.ceat.com/bike-tyres/royal-enfield/bullet-electra-tyres.html,100529,3.25-19 SECURA F67  TT 54P,2479.79
20260510112727,https://www.ceat.com/bike-tyres/royal-enfield/bullet-electra-tyres.html,113619,3.50-19 MILAZE X5 TT 63P,0.0
20260510112727,https://www.ceat.com/bike-tyres/royal-enfield/bullet-electra-tyres.html,100236,3.25-19 SECURA SPORT TT 60P (6 PR),2477.02
20260804122941,https://www.ceat.com/bike-tyres/hero/xtreme-160r-tyres.html,104975,130/70R17 M/C 62P CEAT ZOOM RAD TUBELESS,3500.0
20260208230705,https://www.ceat.com/bike-tyres/bajaj/dominar-tyres.html,113496,150/60ZR17 SPORTRAD TL 66W,6914.06
20260208230705,https://www.ceat.com/bike-tyres/bajaj/dominar-tyres.html,104974,150/60R17 ZOOM RAD X1 TL 66H,4289.3
20260208230705,https://www.ceat.com/bike-tyres/bajaj/dominar-tyres.html,113494,110/70ZR17 SPORTRAD TL 54W,5531.0
20260208230705,https://www.ceat.com/bike-tyres/bajaj/dominar-tyres.html,104976,110/70R17 ZOOM RAD X1 F TL 54H,3317.28
20260208230705,https://www.ceat.com/bike-tyres/bajaj/dominar-tyres.html,107247,100/80-17 Zoom X3 P F  TL 52P,1703.37
20260208230705,https://www.ceat.com/bike-tyres/bajaj/dominar-tyres.html,107251,130/70-17 Zoom X3  P TL 62P,0.0
20250914143502,https://www.ceat.com/bike-tyres/honda/cbr-tyres.html,103061,130/70-17 ZOOM XL TL 62P,2822.0
20250914143502,https://www.ceat.com/bike-tyres/honda/cbr-tyres.html,113496,150/60ZR17 SPORTRAD TL 66W,7500.0
20250914143502,https://www.ceat.com/bike-tyres/honda/cbr-tyres.html,113494,110/70ZR17 SPORTRAD TL 54W,5999.0
20251016132338,https://www.ceat.com/scooter-tyres/tvs/scooty-tyres.html,100834,3.00-10 SECURA NEO  TT 42J,1018.02
20260510112031,https://www.ceat.com/bike-tyres/yamaha/g5-tyres.html,100227,2.75-18 SECURA ZOOM F TT 42P,1774.82
20260510112031,https://www.ceat.com/bike-tyres/yamaha/g5-tyres.html,100226,2.75-18 SECURA F85 TT 42P,1785.82
20260510112031,https://www.ceat.com/bike-tyres/yamaha/g5-tyres.html,103202,2.75-18 SECURA F85 TL 42P,1540.0
20260510112031,https://www.ceat.com/bike-tyres/yamaha/g5-tyres.html,114481,3.00-18 SecuraLYFE TL 52P,1720.5
20260510112031,https://www.ceat.com/bike-tyres/yamaha/g5-tyres.html,113613,3.00-18 MILAZE X5 TL 52P,1778.0
20260510112031,https://www.ceat.com/bike-tyres/yamaha/g5-tyres.html,113310,3.00-18 GRIPP X5 TT 52P,2058.82
20260217113526,https://www.ceat.com/bike-tyres/royal-enfield/guerilla-tyres.html,106968,120/70 R17 GRIPP XL RAD STEEL F TL 58 H,0.0
20260217113526,https://www.ceat.com/bike-tyres/royal-enfield/guerilla-tyres.html,106969,160/60 R17 GRIPP XL RAD STEEL TL 69H,0.0
20260217113526,https://www.ceat.com/bike-tyres/royal-enfield/guerilla-tyres.html,113895,120/70ZR17 SPORTRAD ST TL 58W,0.0
20250916130533,https://www.ceat.com/bike-tyres/suzuki/intruder-tyres.html,103742,100/80-17 ZOOM PLUS F TL 52P SZ,2027.0
20250916130533,https://www.ceat.com/bike-tyres/suzuki/intruder-tyres.html,106502,100/80-17 PSAFE Zoom Plus F TL 52P,2344.0
20250916130533,https://www.ceat.com/bike-tyres/suzuki/intruder-tyres.html,113709,140/60R17 CROSSRAD TL 63H,4700.0
20250916130533,https://www.ceat.com/bike-tyres/suzuki/intruder-tyres.html,107819,140/60R17 ZOOM RAD X3 63P TL,3261.77
20260815185532,https://www.ceat.com/bike-tyres/royal-enfield/himalayan-tyres.html,103172,90/90-21 GRIPP XL F TT 54S RE,3450.96
20260815185532,https://www.ceat.com/bike-tyres/royal-enfield/himalayan-tyres.html,107820,120/90-17 GRIPP XL PLUS 64S TT,3601.01
20260815185532,https://www.ceat.com/bike-tyres/royal-enfield/himalayan-tyres.html,106966,90/90-21 GRIPP RE F TL  54H,2737.0
20260815185532,https://www.ceat.com/bike-tyres/royal-enfield/himalayan-tyres.html,103171,120/90-17 GRIPP XL TT 64S,2644.51
20260815185532,https://www.ceat.com/bike-tyres/royal-enfield/himalayan-tyres.html,106967,140/80 R17 GRIPP RAD STEEL RE TL 69H,4326.0
20260815185532,https://www.ceat.com/bike-tyres/royal-enfield/himalayan-tyres.html,115113,120/90-17 Gripp XC TT 64R,4127.02
20251107093043,https://www.ceat.com/scooter-tyres/suzuki/lets-tyres.html,103686,90/100-10 ZOOM D TL 53J,1216.49
20251107093043,https://www.ceat.com/scooter-tyres/suzuki/lets-tyres.html,106198,90/100-10 GRIPP X3 TL 53J,1403.0
20260721234230,https://www.ceat.com/bike-tyres/tvs/apache-tyres.html,114486,110/80-17 SecuraLYFE TL 57P,2360.0
20260721234230,https://www.ceat.com/bike-tyres/tvs/apache-tyres.html,106385,110/80-17 ZOOM X3 TL 57P,2113.0
20260721234230,https://www.ceat.com/bike-tyres/tvs/apache-tyres.html,105171,110/80-17 ZOOM PLUS  TL 57P,2027.0
20260721234230,https://www.ceat.com/bike-tyres/tvs/apache-tyres.html,103061,130/70-17 ZOOM XL TL 62P,2850.0
20260721234230,https://www.ceat.com/bike-tyres/tvs/apache-tyres.html,113496,150/60ZR17 SPORTRAD TL 66W,7500.0
20260721234230,https://www.ceat.com/bike-tyres/tvs/apache-tyres.html,104974,150/60R17 ZOOM RAD X1 TL 66H,4433.0
20260721234230,https://www.ceat.com/bike-tyres/tvs/apache-tyres.html,113494,110/70ZR17 SPORTRAD TL 54W,5999.0
20260721234230,https://www.ceat.com/bike-tyres/tvs/apache-tyres.html,104976,110/70R17 ZOOM RAD X1 F TL 54H,3412.0
20260721234230,https://www.ceat.com/bike-tyres/tvs/apache-tyres.html,106073,90/90-17 ZOOM X3 F TL 49P,1852.0
20260721234230,https://www.ceat.com/bike-tyres/tvs/apache-tyres.html,114487,100/90-18 SecuraLYFE TL 56P,2287.0
20260721234230,https://www.ceat.com/bike-tyres/tvs/apache-tyres.html,106384,100/90-18 ZOOM X3 TL 56P,2235.0
20260721234230,https://www.ceat.com/bike-tyres/tvs/apache-tyres.html,113265,100/90-18 GRIPP X5 TL 56P,2583.0
20260721234230,https://www.ceat.com/bike-tyres/tvs/apache-tyres.html,107576,90/90-17 ZOOM PLUS F TL 49P,1829.0
20251107102311,https://www.ceat.com/bike-tyres/hero/hf-deluxe-tyres.html,100227,2.75-18 SECURA ZOOM F TT 42P,1604.91
20251107102311,https://www.ceat.com/bike-tyres/hero/hf-deluxe-tyres.html,100226,2.75-18 SECURA F85 TT 42P,1614.9
20251107102311,https://www.ceat.com/bike-tyres/hero/hf-deluxe-tyres.html,103202,2.75-18 SECURA F85 TL 42P,1419.24
20251107102311,https://www.ceat.com/bike-tyres/hero/hf-deluxe-tyres.html,105762,2.75-18 PSAFE Gripp F TL 42P,1671.88
20251107102311,https://www.ceat.com/bike-tyres/hero/hf-deluxe-tyres.html,105763,2.75-18 PSAFE Milaze TL 48P,1948.0
20251107102311,https://www.ceat.com/bike-tyres/hero/hf-deluxe-tyres.html,113269,2.75-18 GRIPP X5 TT 48P,1739.13
20260513214523,https://www.ceat.com/bike-tyres/bajaj/calliber-tyres.html,114481,3.00-18 SecuraLYFE TL 52P,1720.5
20260513214523,https://www.ceat.com/bike-tyres/bajaj/calliber-tyres.html,113613,3.00-18 MILAZE X5 TL 52P,1778.0
20260513214523,https://www.ceat.com/bike-tyres/bajaj/calliber-tyres.html,113310,3.00-18 GRIPP X5 TT 52P,2058.82
20251005135743,https://www.ceat.com/bike-tyres/hero/achiever-tyres.html,101922,80/100-18 SECURA ZOOM F  TL 47P,1577.72
20251005135743,https://www.ceat.com/bike-tyres/hero/achiever-tyres.html,102572,80/100-18 ZOOM PLUS F TL 47P,1590.57
20251005135743,https://www.ceat.com/bike-tyres/hero/achiever-tyres.html,105740,80/100-18 PSAFE  Secura Zoom F TL 47P,2058.0
20251005135743,https://www.ceat.com/bike-tyres/hero/achiever-tyres.html,101957,80/100-18 SECURA ZOOM+ TL 54P,1726.21
20251005135743,https://www.ceat.com/bike-tyres/hero/achiever-tyres.html,103065,80/100-18 MILAZE  TL 54P,1843.0
20251005135743,https://www.ceat.com/bike-tyres/hero/achiever-tyres.html,106500,80/100-18 PSAFE Gripp X3 TL 54P,2231.0
20251005135743,https://www.ceat.com/bike-tyres/hero/achiever-tyres.html,113267,80/100-18 GRIPP X5 TL 54P,1786.18
20260721230737,https://www.ceat.com/bike-tyres/bmw/r1200rs-tyres.html,113895,120/70ZR17 SPORTRAD ST TL 58W,14000.0
20260721230737,https://www.ceat.com/bike-tyres/bmw/r1200rs-tyres.html,113896,180/55ZR17 SPORTRAD ST TL 73W,18000.0
20260210234542,https://www.ceat.com/bike-tyres/yamaha/yzf-r3-tyres.html,113494,110/70ZR17 SPORTRAD TL 54W,5531.0
20260210234542,https://www.ceat.com/bike-tyres/yamaha/yzf-r3-tyres.html,104976,110/70R17 ZOOM RAD X1 F TL 54H,3317.28
20251212134619,https://www.ceat.com/bike-tyres/hero/splendor-tyres.html,100227,2.75-18 SECURA ZOOM F TT 42P,1604.91
20251212134619,https://www.ceat.com/bike-tyres/hero/splendor-tyres.html,100226,2.75-18 SECURA F85 TT 42P,1614.9
20251212134619,https://www.ceat.com/bike-tyres/hero/splendor-tyres.html,103202,2.75-18 SECURA F85 TL 42P,1427.8
20251212134619,https://www.ceat.com/bike-tyres/hero/splendor-tyres.html,105762,2.75-18 PSAFE Gripp F TL 42P,1671.88
20251212134619,https://www.ceat.com/bike-tyres/hero/splendor-tyres.html,101922,80/100-18 SECURA ZOOM F  TL 47P,1586.29
20251212134619,https://www.ceat.com/bike-tyres/hero/splendor-tyres.html,102572,80/100-18 ZOOM PLUS F TL 47P,1599.14
20251212134619,https://www.ceat.com/bike-tyres/hero/splendor-tyres.html,105740,80/100-18 PSAFE  Secura Zoom F TL 47P,2058.0
20251212134619,https://www.ceat.com/bike-tyres/hero/splendor-tyres.html,113239,80/100-18 SecuraLYFE TL 54P,1790.46
20251212134619,https://www.ceat.com/bike-tyres/hero/splendor-tyres.html,101957,80/100-18 SECURA ZOOM+ TL 54P,1734.78
20251212134619,https://www.ceat.com/bike-tyres/hero/splendor-tyres.html,103065,80/100-18 MILAZE  TL 54P,1843.0
20251212134619,https://www.ceat.com/bike-tyres/hero/splendor-tyres.html,106500,80/100-18 PSAFE Gripp X3 TL 54P,2231.0
20251212134619,https://www.ceat.com/bike-tyres/hero/splendor-tyres.html,113615,80/100-18 MILAZE X5 TL 54P,1681.95
20251212134619,https://www.ceat.com/bike-tyres/hero/splendor-tyres.html,113267,80/100-18 GRIPP X5 TL 54P,1794.74
20251212134619,https://www.ceat.com/bike-tyres/hero/splendor-tyres.html,114491,2.75-18 SecuraLYFE TL 48P,1562.01
20251212134619,https://www.ceat.com/bike-tyres/hero/splendor-tyres.html,113484,2.75-18 MILAZE X5 TL 48P,1510.61
20251212134619,https://www.ceat.com/bike-tyres/hero/splendor-tyres.html,105763,2.75-18 PSAFE Milaze TL 48P,1948.0
20251212134619,https://www.ceat.com/bike-tyres/hero/splendor-tyres.html,114036,2.75-18 MILAZE X5 TT 48P WITH 2.75-18 TU,0.0
20251212134619,https://www.ceat.com/bike-tyres/hero/splendor-tyres.html,113269,2.75-18 GRIPP X5 TT 48P,1739.13
20251212134619,https://www.ceat.com/bike-tyres/hero/splendor-tyres.html,114804,2.75-18 SecuraLYFE TT 48P WITH 2.75-18 T,0.0
20260120020448,https://www.ceat.com/bike-tyres/hero/cd-tyres.html,103202,2.75-18 SECURA F85 TL 42P,1427.8
20260120020448,https://www.ceat.com/bike-tyres/hero/cd-tyres.html,114491,2.75-18 SecuraLYFE TL 48P,1562.01
20260120020448,https://www.ceat.com/bike-tyres/hero/cd-tyres.html,113484,2.75-18 MILAZE X5 TL 48P,1510.61
20260120020448,https://www.ceat.com/bike-tyres/hero/cd-tyres.html,114036,2.75-18 MILAZE X5 TT 48P WITH 2.75-18 TU,0.0
20260120020448,https://www.ceat.com/bike-tyres/hero/cd-tyres.html,114804,2.75-18 SecuraLYFE TT 48P WITH 2.75-18 T,0.0
20260513224541,https://www.ceat.com/bike-tyres/tvs/apache-tyres.html,114486,110/80-17 SecuraLYFE TL 57P,0.0
20260513224541,https://www.ceat.com/bike-tyres/tvs/apache-tyres.html,106385,110/80-17 ZOOM X3 TL 57P,1927.64
20260513224541,https://www.ceat.com/bike-tyres/tvs/apache-tyres.html,105171,110/80-17 ZOOM PLUS  TL 57P,0.0
20260513224541,https://www.ceat.com/bike-tyres/tvs/apache-tyres.html,103061,130/70-17 ZOOM XL TL 62P,2601.53
20260513224541,https://www.ceat.com/bike-tyres/tvs/apache-tyres.html,113496,150/60ZR17 SPORTRAD TL 66W,6914.06
20260513224541,https://www.ceat.com/bike-tyres/tvs/apache-tyres.html,104974,150/60R17 ZOOM RAD X1 TL 66H,4433.0
20260513224541,https://www.ceat.com/bike-tyres/tvs/apache-tyres.html,113494,110/70ZR17 SPORTRAD TL 54W,5531.0
20260513224541,https://www.ceat.com/bike-tyres/tvs/apache-tyres.html,104976,110/70R17 ZOOM RAD X1 F TL 54H,3412.0
20260513224541,https://www.ceat.com/bike-tyres/tvs/apache-tyres.html,106073,90/90-17 ZOOM X3 F TL 49P,1690.72
20260513224541,https://www.ceat.com/bike-tyres/tvs/apache-tyres.html,114487,100/90-18 SecuraLYFE TL 56P,0.0
20260513224541,https://www.ceat.com/bike-tyres/tvs/apache-tyres.html,106384,100/90-18 ZOOM X3 TL 56P,2040.11
20260513224541,https://www.ceat.com/bike-tyres/tvs/apache-tyres.html,113265,100/90-18 GRIPP X5 TL 56P,2334.19
20260513224541,https://www.ceat.com/bike-tyres/tvs/apache-tyres.html,107576,90/90-17 ZOOM PLUS F TL 49P,0.0
20260114110218,https://www.ceat.com/scooter-tyres/tvs/scooty-tyres.html,100834,3.00-10 SECURA NEO  TT 42J,1018.02
20260119225232,https://www.ceat.com/bike-tyres/mahindra/yezdi-tyres.html,103172,90/90-21 GRIPP XL F TT 54S RE,3171.2
20260119225232,https://www.ceat.com/bike-tyres/mahindra/yezdi-tyres.html,106596,130/80-17 GRIPP XL TT 65S,0.0
20260731105333,https://www.ceat.com/bike-tyres/honda/cbr-tyres.html,103061,130/70-17 ZOOM XL TL 62P,2850.0
20260731105333,https://www.ceat.com/bike-tyres/honda/cbr-tyres.html,113496,150/60ZR17 SPORTRAD TL 66W,7500.0
20260731105333,https://www.ceat.com/bike-tyres/honda/cbr-tyres.html,104974,150/60R17 ZOOM RAD X1 TL 66H,4433.0
20260731105333,https://www.ceat.com/bike-tyres/honda/cbr-tyres.html,113494,110/70ZR17 SPORTRAD TL 54W,5999.0
20260731105333,https://www.ceat.com/bike-tyres/honda/cbr-tyres.html,104976,110/70R17 ZOOM RAD X1 F TL 54H,3412.0
20260731105333,https://www.ceat.com/bike-tyres/honda/cbr-tyres.html,113920,140/70ZR17 SPORTRAD TL 66W,5000.0
20260731105333,https://www.ceat.com/bike-tyres/honda/cbr-tyres.html,113263,140/70-17 GRIPP X5 TL 66H,3279.0
20260731105333,https://www.ceat.com/bike-tyres/honda/cbr-tyres.html,101824,140/70-17 ZOOM XL TL 66H,3161.0
20260731105333,https://www.ceat.com/bike-tyres/honda/cbr-tyres.html,105808,140/70-17 ZOOM PLUS  TL 66P,3486.0
20260731105333,https://www.ceat.com/bike-tyres/honda/cbr-tyres.html,106361,140/70-17 ZOOM CRUZ 66 H TL,3835.0
20251212133535,https://www.ceat.com/bike-tyres/bajaj/ktm-rc-tyres.html,113496,150/60ZR17 SPORTRAD TL 66W,6914.06
20251212133535,https://www.ceat.com/bike-tyres/bajaj/ktm-rc-tyres.html,104974,150/60R17 ZOOM RAD X1 TL 66H,4289.3
20251212133535,https://www.ceat.com/bike-tyres/bajaj/ktm-rc-tyres.html,113494,110/70ZR17 SPORTRAD TL 54W,5530.33
20251212133535,https://www.ceat.com/bike-tyres/bajaj/ktm-rc-tyres.html,104976,110/70R17 ZOOM RAD X1 F TL 54H,3317.28
20260513213711,https://www.ceat.com/bike-tyres/bmw/gs-310-tyres.html,113577,110/80R19 CROSSRAD TL 59V,0.0
20260513213711,https://www.ceat.com/bike-tyres/bmw/gs-310-tyres.html,113578,150/70R17 CROSSRAD TL 69V,0.0
20260724030708,https://www.ceat.com/bike-tyres/mahindra/stallion-tyres.html,100227,2.75-18 SECURA ZOOM F TT 42P,1774.82
20260724030708,https://www.ceat.com/bike-tyres/mahindra/stallion-tyres.html,100226,2.75-18 SECURA F85 TT 42P,1785.82
20260724030708,https://www.ceat.com/bike-tyres/mahindra/stallion-tyres.html,103202,2.75-18 SECURA F85 TL 42P,1540.0
20260724030708,https://www.ceat.com/bike-tyres/mahindra/stallion-tyres.html,114481,3.00-18 SecuraLYFE TL 52P,1826.0
20260724030708,https://www.ceat.com/bike-tyres/mahindra/stallion-tyres.html,113613,3.00-18 MILAZE X5 TL 52P,1778.0
20260724030708,https://www.ceat.com/bike-tyres/mahindra/stallion-tyres.html,113310,3.00-18 GRIPP X5 TT 52P,2058.82
20251001020123,https://www.ceat.com/bike-tyres/honda/cbr-tyres.html,103061,130/70-17 ZOOM XL TL 62P,2822.0
20251001020123,https://www.ceat.com/bike-tyres/honda/cbr-tyres.html,113496,150/60ZR17 SPORTRAD TL 66W,7500.0
20251001020123,https://www.ceat.com/bike-tyres/honda/cbr-tyres.html,113494,110/70ZR17 SPORTRAD TL 54W,5999.0
20251212123212,https://www.ceat.com/scooter-tyres/honda/aviator-tyres.html,106198,90/100-10 GRIPP X3 TL 53J,1403.0
20251113022409,https://www.ceat.com/scooter-tyres/tvs/jupiter-tyres.html,106061,90/90-12 MILAZE TL 54J SW,1380.0
20260305203557,https://www.ceat.com/bike-tyres/suzuki/gsx-r1000-tyres.html,113895,120/70ZR17 SPORTRAD ST TL 58W,0.0
20260305203557,https://www.ceat.com/bike-tyres/suzuki/gsx-r1000-tyres.html,113921,190/55ZR17 SPORTRAD ST TL 75W,0.0
20260609091804,https://www.ceat.com/bike-tyres/bmw/s1000xr-tyres.html,113895,120/70ZR17 SPORTRAD ST TL 58W,0.0
20260609091804,https://www.ceat.com/bike-tyres/bmw/s1000xr-tyres.html,113921,190/55ZR17 SPORTRAD ST TL 75W,0.0
20260510110109,https://www.ceat.com/bike-tyres/hero/cbz-xtreme-tyres.html,101922,80/100-18 SECURA ZOOM F  TL 47P,1711.0
20260510110109,https://www.ceat.com/bike-tyres/hero/cbz-xtreme-tyres.html,102572,80/100-18 ZOOM PLUS F TL 47P,1725.0
20260510110109,https://www.ceat.com/bike-tyres/hero/cbz-xtreme-tyres.html,103034,110/90-18 ZOOM PLUS  TT 61P,2787.63
20251106233103,https://www.ceat.com/bike-tyres/yamaha/gladiator-tyres.html,100227,2.75-18 SECURA ZOOM F TT 42P,1604.91
20251106233103,https://www.ceat.com/bike-tyres/yamaha/gladiator-tyres.html,100226,2.75-18 SECURA F85 TT 42P,1614.9
20251106233103,https://www.ceat.com/bike-tyres/yamaha/gladiator-tyres.html,103202,2.75-18 SECURA F85 TL 42P,1419.24
20251106233103,https://www.ceat.com/bike-tyres/yamaha/gladiator-tyres.html,105762,2.75-18 PSAFE Gripp F TL 42P,1671.88
20251106233103,https://www.ceat.com/bike-tyres/yamaha/gladiator-tyres.html,101494,3.00-18 MILAZE  TT 52P,1986.82
20251106233103,https://www.ceat.com/bike-tyres/yamaha/gladiator-tyres.html,105765,3.00-18 PSAFE Milaze TL 52P,2125.0
20251106233103,https://www.ceat.com/bike-tyres/yamaha/gladiator-tyres.html,113310,3.00-18 GRIPP X5 TT 52P,1866.2
20251107005842,https://www.ceat.com/scooter-tyres/tvs/zest-tyres.html,103686,90/100-10 ZOOM D TL 53J,1216.49
20251107005842,https://www.ceat.com/scooter-tyres/tvs/zest-tyres.html,106198,90/100-10 GRIPP X3 TL 53J,1403.0
20260520154349,https://www.ceat.com/scooter-tyres/yamaha/alpha-tyres.html,103686,90/100-10 ZOOM D TL 53J,1338.0
20260520154349,https://www.ceat.com/scooter-tyres/yamaha/alpha-tyres.html,106198,90/100-10 GRIPP X3 TL 53J,1403.0
20260520154349,https://www.ceat.com/scooter-tyres/yamaha/alpha-tyres.html,105918,90/100-10 MILAZE  TL 53J SW,1224.0
20260309125803,https://www.ceat.com/bike-tyres/hero/splendor-tyres.html,100227,2.75-18 SECURA ZOOM F TT 42P,1604.91
20260309125803,https://www.ceat.com/bike-tyres/hero/splendor-tyres.html,100226,2.75-18 SECURA F85 TT 42P,1614.9
20260309125803,https://www.ceat.com/bike-tyres/hero/splendor-tyres.html,103202,2.75-18 SECURA F85 TL 42P,1427.8
20260309125803,https://www.ceat.com/bike-tyres/hero/splendor-tyres.html,101922,80/100-18 SECURA ZOOM F  TL 47P,1586.29
20260309125803,https://www.ceat.com/bike-tyres/hero/splendor-tyres.html,102572,80/100-18 ZOOM PLUS F TL 47P,1599.14
20260309125803,https://www.ceat.com/bike-tyres/hero/splendor-tyres.html,113239,80/100-18 SecuraLYFE TL 54P,1790.46
20260309125803,https://www.ceat.com/bike-tyres/hero/splendor-tyres.html,101957,80/100-18 SECURA ZOOM+ TL 54P,1734.78
20260309125803,https://www.ceat.com/bike-tyres/hero/splendor-tyres.html,102573,80/100-18 ZOOM PLUS TL 54P,1734.78
20260309125803,https://www.ceat.com/bike-tyres/hero/splendor-tyres.html,113615,80/100-18 MILAZE X5 TL 54P,1681.95
20260309125803,https://www.ceat.com/bike-tyres/hero/splendor-tyres.html,113267,80/100-18 GRIPP X5 TL 54P,1794.74
20260309125803,https://www.ceat.com/bike-tyres/hero/splendor-tyres.html,114491,2.75-18 SecuraLYFE TL 48P,1562.01
20260309125803,https://www.ceat.com/bike-tyres/hero/splendor-tyres.html,113484,2.75-18 MILAZE X5 TL 48P,1510.61
20260309125803,https://www.ceat.com/bike-tyres/hero/splendor-tyres.html,114036,2.75-18 MILAZE X5 TT 48P WITH 2.75-18 TU,0.0
20260309125803,https://www.ceat.com/bike-tyres/hero/splendor-tyres.html,113269,2.75-18 GRIPP X5 TT 48P,1739.13
20260309125803,https://www.ceat.com/bike-tyres/hero/splendor-tyres.html,114804,2.75-18 SecuraLYFE TT 48P WITH 2.75-18 T,0.0
20260606043130,https://www.ceat.com/bike-tyres/royal-enfield/scram-tyres.html,106522,100/90-19 Gripp XL F 57S TT,0.0
20260606043130,https://www.ceat.com/bike-tyres/royal-enfield/scram-tyres.html,103171,120/90-17 GRIPP XL TT 64S,2644.51
20251107002831,https://www.ceat.com/bike-tyres/bajaj/platina-tyres.html,100523,2.75-17 SECURA ZOOM F TT 41P,1541.73
20251107002831,https://www.ceat.com/bike-tyres/bajaj/platina-tyres.html,100670,2.75-17 SECURA F85 TT 41P,1513.17
20251107002831,https://www.ceat.com/bike-tyres/bajaj/platina-tyres.html,105766,2.75-17 PSAFE Gripp F TL 41P,1835.0
20251107002831,https://www.ceat.com/bike-tyres/bajaj/platina-tyres.html,102442,80/100-17 ZOOM XL  TL 53P,1496.2
20251107002831,https://www.ceat.com/bike-tyres/bajaj/platina-tyres.html,106207,80/100-17 ZOOM X3 F TL 46P,1511.88
20251107002831,https://www.ceat.com/bike-tyres/bajaj/platina-tyres.html,105169,80/100-17 ZOOM PLUS F  TL 46P,1574.56
20251107002831,https://www.ceat.com/bike-tyres/bajaj/platina-tyres.html,106501,80/100-17 PSAFE Zoom X3 F TL 46P,1985.0
20251107002831,https://www.ceat.com/bike-tyres/bajaj/platina-tyres.html,106517,80/100-17 GRIPP X3 F TL 46P,1713.0
20251107002831,https://www.ceat.com/bike-tyres/bajaj/platina-tyres.html,105764,3.00-17 PSAFE Milaze TL 50P,2060.0
20251107002831,https://www.ceat.com/bike-tyres/bajaj/platina-tyres.html,113268,3.00-17 GRIPP X5 TT 50P,1828.69
20260914015043,https://www.ceat.com/scooter-tyres/tvs/ntorq-125-tyres.html,107249,100/80-12 Zoom X3 TL 56L ( REP),1903.0
20260914015043,https://www.ceat.com/scooter-tyres/tvs/ntorq-125-tyres.html,107250,110/80-12 Zoom X3 Y TL 61L,2047.0
20260119171118,https://www.ceat.com/bike-tyres/bajaj/ct-tyres.html,100523,2.75-17 SECURA ZOOM F TT 41P,1411.41
20260119171118,https://www.ceat.com/bike-tyres/bajaj/ct-tyres.html,114489,3.00-17 SecuraLYFE TL 50P,1666.24
20260119171118,https://www.ceat.com/bike-tyres/bajaj/ct-tyres.html,113614,3.00-17 MILAZE X5 TL 50P,1594.85
20260119171118,https://www.ceat.com/bike-tyres/bajaj/ct-tyres.html,114035,3.00-17 MILAZE X5 TT 50P WITH 3.00-17 TU,0.0
20260119171118,https://www.ceat.com/bike-tyres/bajaj/ct-tyres.html,114805,3.00-17 SecuraLYFE TT 50P WITH 3.00-17 T,0.0
20260305200956,https://www.ceat.com/bike-tyres/royal-enfield/interceptor-tyres.html,106205,100/90-18 ZOOM CRUZ F TT 56H,3682.77
20260305200956,https://www.ceat.com/bike-tyres/royal-enfield/interceptor-tyres.html,106360,100/90-18 ZOOM CRUZ F  56 H TL,2484.45
20260305200956,https://www.ceat.com/bike-tyres/royal-enfield/interceptor-tyres.html,106206,130/70-18 ZOOM CRUZ TT 63H,4578.58
20260305200956,https://www.ceat.com/bike-tyres/royal-enfield/interceptor-tyres.html,107455,130/70-18 ZOOM CRUZ 63H TL,0.0
20250911032902,https://www.ceat.com/bike-tyres/honda/cb-twister-tyres.html,106385,110/80-17 ZOOM X3 TL 57P,2091.0
20250911032902,https://www.ceat.com/bike-tyres/honda/cb-twister-tyres.html,106207,80/100-17 ZOOM X3 F TL 46P,1640.0
20250911032902,https://www.ceat.com/bike-tyres/honda/cb-twister-tyres.html,105169,80/100-17 ZOOM PLUS F  TL 46P,1708.0
20250911032902,https://www.ceat.com/bike-tyres/honda/cb-twister-tyres.html,106501,80/100-17 PSAFE Zoom X3 F TL 46P,1985.0
20250911032902,https://www.ceat.com/bike-tyres/honda/cb-twister-tyres.html,106517,80/100-17 GRIPP X3 F TL 46P,1713.0
20260412203032,https://www.ceat.com/bike-tyres/suzuki/v-storm-650-tyres.html,113577,110/80R19 CROSSRAD TL 59V,0.0
20260412203032,https://www.ceat.com/bike-tyres/suzuki/v-storm-650-tyres.html,113578,150/70R17 CROSSRAD TL 69V,0.0
20260412190243,https://www.ceat.com/bike-tyres/yamaha/fz-16-tyres.html,103742,100/80-17 ZOOM PLUS F TL 52P SZ,1868.64
20260412190243,https://www.ceat.com/bike-tyres/yamaha/fz-16-tyres.html,113919,140/60R17 SPORTRAD TL 63H,0.0
20260412190243,https://www.ceat.com/bike-tyres/yamaha/fz-16-tyres.html,113709,140/60R17 CROSSRAD TL 63H,4332.81
20260412190243,https://www.ceat.com/bike-tyres/yamaha/fz-16-tyres.html,107819,140/60R17 ZOOM RAD X3 63P TL,3045.0
20251113022522,https://www.ceat.com/bike-tyres/tvs/radeon-tyres.html,100227,2.75-18 SECURA ZOOM F TT 42P,1604.91
20251113022522,https://www.ceat.com/bike-tyres/tvs/radeon-tyres.html,100226,2.75-18 SECURA F85 TT 42P,1614.9
20251113022522,https://www.ceat.com/bike-tyres/tvs/radeon-tyres.html,103202,2.75-18 SECURA F85 TL 42P,1419.24
20251113022522,https://www.ceat.com/bike-tyres/tvs/radeon-tyres.html,105762,2.75-18 PSAFE Gripp F TL 42P,1671.88
20251113022522,https://www.ceat.com/bike-tyres/tvs/radeon-tyres.html,101494,3.00-18 MILAZE  TT 52P,1986.82
20251113022522,https://www.ceat.com/bike-tyres/tvs/radeon-tyres.html,105765,3.00-18 PSAFE Milaze TL 52P,2125.0
20251113022522,https://www.ceat.com/bike-tyres/tvs/radeon-tyres.html,113310,3.00-18 GRIPP X5 TT 52P,1866.2
20260217032540,https://www.ceat.com/bike-tyres/bajaj/avenger-tyres.html,106073,90/90-17 ZOOM X3 F TL 49P,1690.72
20260217032540,https://www.ceat.com/bike-tyres/bajaj/avenger-tyres.html,106209,130/90-15 ZOOM X3 TL 66P,0.0
20251001020035,https://www.ceat.com/scooter-tyres/suzuki/access-tyres.html,101784,90/100-10 ZOOM D  TT 53J,1266.46
20251001015942,https://www.ceat.com/bike-tyres/yamaha/yzf-r3-tyres.html,113494,110/70ZR17 SPORTRAD TL 54W,5999.0
20251001015942,https://www.ceat.com/bike-tyres/yamaha/yzf-r3-tyres.html,104976,110/70R17 ZOOM RAD X1 F TL 54H,3202.56
20260120033535,https://www.ceat.com/bike-tyres/hero/impulse-tyres.html,103033,90/90-19 ZOOM PLUS F  TT 52P,2514.39
20260305211044,https://www.ceat.com/scooter-tyres/tvs/zest-tyres.html,103686,90/100-10 ZOOM D TL 53J,1216.49
20260305211044,https://www.ceat.com/scooter-tyres/tvs/zest-tyres.html,106198,90/100-10 GRIPP X3 TL 53J,1403.0
20260305211044,https://www.ceat.com/scooter-tyres/tvs/zest-tyres.html,105918,90/100-10 MILAZE  TL 53J SW,1224.0
20260412191655,https://www.ceat.com/scooter-tyres/tvs/ntorq-125-tyres.html,107249,100/80-12 Zoom X3 TL 56L ( REP),1684.8
20260412191655,https://www.ceat.com/scooter-tyres/tvs/ntorq-125-tyres.html,107250,110/80-12 Zoom X3 Y TL 61L,1834.72
20260606052016,https://www.ceat.com/bike-tyres/royal-enfield/hunter-tyres.html,106523,110/70-17 ZOOM XL F 54P TL,0.0
20260606052016,https://www.ceat.com/bike-tyres/royal-enfield/hunter-tyres.html,106524,140/70-17 ZOOM XL 66P TL,0.0
20260412202124,https://www.ceat.com/bike-tyres/bajaj/ktm-rc-tyres.html,113496,150/60ZR17 SPORTRAD TL 66W,6914.06
20260412202124,https://www.ceat.com/bike-tyres/bajaj/ktm-rc-tyres.html,104974,150/60R17 ZOOM RAD X1 TL 66H,4433.0
20260412202124,https://www.ceat.com/bike-tyres/bajaj/ktm-rc-tyres.html,113494,110/70ZR17 SPORTRAD TL 54W,5531.0
20260412202124,https://www.ceat.com/bike-tyres/bajaj/ktm-rc-tyres.html,104976,110/70R17 ZOOM RAD X1 F TL 54H,3412.0
20260510115439,https://www.ceat.com/bike-tyres/royal-enfield/bullet-tyres.html,105726,100/90-19 ZOOM PLUS F TL 57 P,2222.64
20260120000258,https://www.ceat.com/bike-tyres/royal-enfield/shotgun-tyres.html,106970,100/90-19 ZOOM CRUZ z F TL 57H,0.0
20260120000258,https://www.ceat.com/bike-tyres/royal-enfield/shotgun-tyres.html,106971,150/80 B16 ZOOM CRUZ z TL 71H,0.0
20260307213146,https://www.ceat.com/bike-tyres/kawasaki/ninja-tyres.html,113496,150/60ZR17 SPORTRAD TL 66W,6914.06
20260307213146,https://www.ceat.com/bike-tyres/kawasaki/ninja-tyres.html,104974,150/60R17 ZOOM RAD X1 TL 66H,4289.3
20260307213146,https://www.ceat.com/bike-tyres/kawasaki/ninja-tyres.html,113494,110/70ZR17 SPORTRAD TL 54W,5531.0
20260307213146,https://www.ceat.com/bike-tyres/kawasaki/ninja-tyres.html,104976,110/70R17 ZOOM RAD X1 F TL 54H,3317.28
20260806015107,https://www.ceat.com/bike-tyres/hero/xpulse-tyres.html,103172,90/90-21 GRIPP XL F TT 54S RE,3450.96
20260806015107,https://www.ceat.com/bike-tyres/hero/xpulse-tyres.html,103742,100/80-17 ZOOM PLUS F TL 52P SZ,2048.0
20260806015107,https://www.ceat.com/bike-tyres/hero/xpulse-tyres.html,104975,130/70R17 M/C 62P CEAT ZOOM RAD TUBELESS,3500.0
20260806015107,https://www.ceat.com/bike-tyres/hero/xpulse-tyres.html,106202,120/80-18 GRIPP XL TL 62P,2617.0
20251214111419,https://www.ceat.com/bike-tyres/honda/trigger-tyres.html,114486,110/80-17 SecuraLYFE TL 57P,0.0
20251214111419,https://www.ceat.com/bike-tyres/honda/trigger-tyres.html,106385,110/80-17 ZOOM X3 TL 57P,1927.64
20251214111419,https://www.ceat.com/bike-tyres/honda/trigger-tyres.html,102453,110/80-17 ZOOM XL TL 57P,0.0
20251214111419,https://www.ceat.com/bike-tyres/honda/trigger-tyres.html,105171,110/80-17 ZOOM PLUS  TL 57P,0.0
20251214111419,https://www.ceat.com/bike-tyres/honda/trigger-tyres.html,106207,80/100-17 ZOOM X3 F TL 46P,1511.88
20251214111419,https://www.ceat.com/bike-tyres/honda/trigger-tyres.html,105169,80/100-17 ZOOM PLUS F  TL 46P,1574.56
20251214111419,https://www.ceat.com/bike-tyres/honda/trigger-tyres.html,106501,80/100-17 PSAFE Zoom X3 F TL 46P,1985.0
20251214111419,https://www.ceat.com/bike-tyres/honda/trigger-tyres.html,106517,80/100-17 GRIPP X3 F TL 46P,1713.0
20260606233628,https://www.ceat.com/bike-tyres/bajaj/avenger-tyres.html,106073,90/90-17 ZOOM X3 F TL 49P,1690.72
20260606233628,https://www.ceat.com/bike-tyres/bajaj/avenger-tyres.html,106209,130/90-15 ZOOM X3 TL 66P,0.0
20251011100029,https://www.ceat.com/bike-tyres/tvs/flame-tyres.html,100523,2.75-17 SECURA ZOOM F TT 41P,1541.73
20251011100029,https://www.ceat.com/bike-tyres/tvs/flame-tyres.html,100670,2.75-17 SECURA F85 TT 41P,1513.17
20251011100029,https://www.ceat.com/bike-tyres/tvs/flame-tyres.html,105766,2.75-17 PSAFE Gripp F TL 41P,1835.0
20251011100029,https://www.ceat.com/bike-tyres/tvs/flame-tyres.html,106503,100/90-17 PSAFE Gripp X3  TL 55P,2512.0
20251011100029,https://www.ceat.com/bike-tyres/tvs/flame-tyres.html,106761,100/90-17 PSAFE Zoom X3 TL 55P,2408.0
20251011100029,https://www.ceat.com/bike-tyres/tvs/flame-tyres.html,113266,100/90-17 GRIPP X5 TL 55P,2170.0
20251008032504,https://www.ceat.com/bike-tyres/yamaha/mt15-tyres.html,103742,100/80-17 ZOOM PLUS F TL 52P SZ,2027.0
20251008032504,https://www.ceat.com/bike-tyres/yamaha/mt15-tyres.html,106502,100/80-17 PSAFE Zoom Plus F TL 52P,2344.0
20251008032504,https://www.ceat.com/bike-tyres/yamaha/mt15-tyres.html,113263,140/70-17 GRIPP X5 TL 66H,3669.0
20251008032504,https://www.ceat.com/bike-tyres/yamaha/mt15-tyres.html,101824,140/70-17 ZOOM XL TL 66H,3590.0
20251008032504,https://www.ceat.com/bike-tyres/yamaha/mt15-tyres.html,105808,140/70-17 ZOOM PLUS  TL 66P,3590.0
20251008032504,https://www.ceat.com/bike-tyres/yamaha/mt15-tyres.html,106361,140/70-17 ZOOM CRUZ 66 H TL,3796.0
20260719133855,https://www.ceat.com/scooter-tyres/yamaha/ray-tyres.html,103686,90/100-10 ZOOM D TL 53J,1338.0
20260719133855,https://www.ceat.com/scooter-tyres/yamaha/ray-tyres.html,106198,90/100-10 GRIPP X3 TL 53J,1403.0
20260719133855,https://www.ceat.com/scooter-tyres/yamaha/ray-tyres.html,105918,90/100-10 MILAZE  TL 53J SW,1224.0
20260719133855,https://www.ceat.com/scooter-tyres/yamaha/ray-tyres.html,114078,110/90-10 ZOOM X3 TL 61J,1752.0
20260606223344,https://www.ceat.com/scooter-tyres/piaggio/sr125-tyres.html,104935,120/70-14 ZOOM PLUS TL 55P,1781.0
20260209164627,https://www.ceat.com/scooter-tyres/hero/maestro-edge-tyres.html,106198,90/100-10 GRIPP X3 TL 53J,1403.0
20260209164627,https://www.ceat.com/scooter-tyres/hero/maestro-edge-tyres.html,105918,90/100-10 MILAZE  TL 53J SW,1224.0
20260212212119,https://www.ceat.com/bike-tyres/bajaj/calliber-tyres.html,114481,3.00-18 SecuraLYFE TL 52P,1720.5
20260212212119,https://www.ceat.com/bike-tyres/bajaj/calliber-tyres.html,113613,3.00-18 MILAZE X5 TL 52P,1661.96
20260212212119,https://www.ceat.com/bike-tyres/bajaj/calliber-tyres.html,113310,3.00-18 GRIPP X5 TT 52P,1866.2
20260211013029,https://www.ceat.com/bike-tyres/suzuki/gixxer-tyres.html,103742,100/80-17 ZOOM PLUS F TL 52P SZ,1868.64
20260211013029,https://www.ceat.com/bike-tyres/suzuki/gixxer-tyres.html,113496,150/60ZR17 SPORTRAD TL 66W,6914.06
20260211013029,https://www.ceat.com/bike-tyres/suzuki/gixxer-tyres.html,104974,150/60R17 ZOOM RAD X1 TL 66H,4289.3
20260211013029,https://www.ceat.com/bike-tyres/suzuki/gixxer-tyres.html,113494,110/70ZR17 SPORTRAD TL 54W,5531.0
20260211013029,https://www.ceat.com/bike-tyres/suzuki/gixxer-tyres.html,104976,110/70R17 ZOOM RAD X1 F TL 54H,3317.28
20260211013029,https://www.ceat.com/bike-tyres/suzuki/gixxer-tyres.html,113919,140/60R17 SPORTRAD TL 63H,0.0
20260211013029,https://www.ceat.com/bike-tyres/suzuki/gixxer-tyres.html,113709,140/60R17 CROSSRAD TL 63H,4332.81
20260211013029,https://www.ceat.com/bike-tyres/suzuki/gixxer-tyres.html,107819,140/60R17 ZOOM RAD X3 63P TL,3006.94
20260211013029,https://www.ceat.com/bike-tyres/suzuki/gixxer-tyres.html,102501,140/60R17 ZOOM RAD TL 63P,3115.2
20260513214823,https://www.ceat.com/scooter-tyres/honda/activa-tyres.html,103686,90/100-10 ZOOM D TL 53J,1338.0
20260513214823,https://www.ceat.com/scooter-tyres/honda/activa-tyres.html,102074,90/90-12 ZOOM D TL 54J,1068.0
20260513214823,https://www.ceat.com/scooter-tyres/honda/activa-tyres.html,106198,90/100-10 GRIPP X3 TL 53J,1403.0
20260513214823,https://www.ceat.com/scooter-tyres/honda/activa-tyres.html,105918,90/100-10 MILAZE  TL 53J SW,1224.0
20260208222929,https://www.ceat.com/bike-tyres/hero/passion-tyres.html,100227,2.75-18 SECURA ZOOM F TT 42P,1604.91
20260208222929,https://www.ceat.com/bike-tyres/hero/passion-tyres.html,100226,2.75-18 SECURA F85 TT 42P,1614.9
20260208222929,https://www.ceat.com/bike-tyres/hero/passion-tyres.html,103202,2.75-18 SECURA F85 TL 42P,1427.8
20260208222929,https://www.ceat.com/bike-tyres/hero/passion-tyres.html,101922,80/100-18 SECURA ZOOM F  TL 47P,1586.29
20260208222929,https://www.ceat.com/bike-tyres/hero/passion-tyres.html,102572,80/100-18 ZOOM PLUS F TL 47P,1599.14
20260208222929,https://www.ceat.com/bike-tyres/hero/passion-tyres.html,113239,80/100-18 SecuraLYFE TL 54P,1790.46
20260208222929,https://www.ceat.com/bike-tyres/hero/passion-tyres.html,101957,80/100-18 SECURA ZOOM+ TL 54P,1734.78
20260208222929,https://www.ceat.com/bike-tyres/hero/passion-tyres.html,102573,80/100-18 ZOOM PLUS TL 54P,1734.78
20260208222929,https://www.ceat.com/bike-tyres/hero/passion-tyres.html,113615,80/100-18 MILAZE X5 TL 54P,1681.95
20260208222929,https://www.ceat.com/bike-tyres/hero/passion-tyres.html,113267,80/100-18 GRIPP X5 TL 54P,1794.74
20260208222929,https://www.ceat.com/bike-tyres/hero/passion-tyres.html,114481,3.00-18 SecuraLYFE TL 52P,1720.5
20260208222929,https://www.ceat.com/bike-tyres/hero/passion-tyres.html,113613,3.00-18 MILAZE X5 TL 52P,1661.96
20260208222929,https://www.ceat.com/bike-tyres/hero/passion-tyres.html,113310,3.00-18 GRIPP X5 TT 52P,1866.2
20250916132218,https://www.ceat.com/bike-tyres/hero/ignitor-tyres.html,106207,80/100-17 ZOOM X3 F TL 46P,1640.0
20250916132218,https://www.ceat.com/bike-tyres/hero/ignitor-tyres.html,105169,80/100-17 ZOOM PLUS F  TL 46P,1708.0
20250916132218,https://www.ceat.com/bike-tyres/hero/ignitor-tyres.html,106501,80/100-17 PSAFE Zoom X3 F TL 46P,1985.0
20250916132218,https://www.ceat.com/bike-tyres/hero/ignitor-tyres.html,106517,80/100-17 GRIPP X3 F TL 46P,1713.0
20250916132218,https://www.ceat.com/bike-tyres/hero/ignitor-tyres.html,106503,100/90-17 PSAFE Gripp X3  TL 55P,2512.0
20250916132218,https://www.ceat.com/bike-tyres/hero/ignitor-tyres.html,106761,100/90-17 PSAFE Zoom X3 TL 55P,2408.0
20250916132218,https://www.ceat.com/bike-tyres/hero/ignitor-tyres.html,113266,100/90-17 GRIPP X5 TL 55P,2170.0
20250914153830,https://www.ceat.com/scooter-tyres/yamaha/fascino-tyres.html,103686,90/100-10 ZOOM D TL 53J,1319.58
20260412201548,https://www.ceat.com/bike-tyres/bajaj/pulsar-tyres.html,100523,2.75-17 SECURA ZOOM F TT 41P,1700.66
20260412201548,https://www.ceat.com/bike-tyres/bajaj/pulsar-tyres.html,100670,2.75-17 SECURA F85 TT 41P,1669.66
20260412201548,https://www.ceat.com/bike-tyres/bajaj/pulsar-tyres.html,114486,110/80-17 SecuraLYFE TL 57P,0.0
20260412201548,https://www.ceat.com/bike-tyres/bajaj/pulsar-tyres.html,106385,110/80-17 ZOOM X3 TL 57P,1927.64
20260412201548,https://www.ceat.com/bike-tyres/bajaj/pulsar-tyres.html,105171,110/80-17 ZOOM PLUS  TL 57P,0.0
20260412201548,https://www.ceat.com/bike-tyres/bajaj/pulsar-tyres.html,103061,130/70-17 ZOOM XL TL 62P,2601.53
20260412201548,https://www.ceat.com/bike-tyres/bajaj/pulsar-tyres.html,103742,100/80-17 ZOOM PLUS F TL 52P SZ,1868.64
20260412201548,https://www.ceat.com/bike-tyres/bajaj/pulsar-tyres.html,102502,100/80-17 ZOOM PLUS F  TL 52P,1868.64
20260412201548,https://www.ceat.com/bike-tyres/bajaj/pulsar-tyres.html,106073,90/90-17 ZOOM X3 F TL 49P,1690.72
20260412201548,https://www.ceat.com/bike-tyres/bajaj/pulsar-tyres.html,106207,80/100-17 ZOOM X3 F TL 46P,1511.88
20260412201548,https://www.ceat.com/bike-tyres/bajaj/pulsar-tyres.html,105169,80/100-17 ZOOM PLUS F  TL 46P,1574.56
20260412201548,https://www.ceat.com/bike-tyres/bajaj/pulsar-tyres.html,114624,120/80-17 SecuraLYFE TL 61P,0.0
20260412201548,https://www.ceat.com/bike-tyres/bajaj/pulsar-tyres.html,106074,120/80-17 ZOOM X3 TL 61P,2513.03
20260412201548,https://www.ceat.com/bike-tyres/bajaj/pulsar-tyres.html,113264,120/80-17 GRIPP X5 TL 61P,2716.77
20260412201548,https://www.ceat.com/bike-tyres/bajaj/pulsar-tyres.html,114482,100/90-17 SecuraLYFE TL 55P,0.0
20260412201548,https://www.ceat.com/bike-tyres/bajaj/pulsar-tyres.html,106210,100/90-17 ZOOM X3 TL 55P,0.0
20260412201548,https://www.ceat.com/bike-tyres/bajaj/pulsar-tyres.html,113266,100/90-17 GRIPP X5 TL 55P,2000.47
20260412201548,https://www.ceat.com/bike-tyres/bajaj/pulsar-tyres.html,105170,100/90-17 ZOOM PLUS  TL 55P,0.0
20260208052153,https://www.ceat.com/bike-tyres/yamaha/alba-tyres.html,100227,2.75-18 SECURA ZOOM F TT 42P,1604.91
20260208052153,https://www.ceat.com/bike-tyres/yamaha/alba-tyres.html,100226,2.75-18 SECURA F85 TT 42P,1614.9
20260208052153,https://www.ceat.com/bike-tyres/yamaha/alba-tyres.html,103202,2.75-18 SECURA F85 TL 42P,1427.8
20260208052153,https://www.ceat.com/bike-tyres/yamaha/alba-tyres.html,114481,3.00-18 SecuraLYFE TL 52P,1720.5
20260208052153,https://www.ceat.com/bike-tyres/yamaha/alba-tyres.html,113613,3.00-18 MILAZE X5 TL 52P,1661.96
20260208052153,https://www.ceat.com/bike-tyres/yamaha/alba-tyres.html,113310,3.00-18 GRIPP X5 TT 52P,1866.2
20260812120716,https://www.ceat.com/bike-tyres/yamaha/ybr-tyres.html,100227,2.75-18 SECURA ZOOM F TT 42P,1774.82
20260812120716,https://www.ceat.com/bike-tyres/yamaha/ybr-tyres.html,100226,2.75-18 SECURA F85 TT 42P,1785.82
20260812120716,https://www.ceat.com/bike-tyres/yamaha/ybr-tyres.html,103202,2.75-18 SECURA F85 TL 42P,1540.0
20260812120716,https://www.ceat.com/bike-tyres/yamaha/ybr-tyres.html,114481,3.00-18 SecuraLYFE TL 52P,1826.0
20260812120716,https://www.ceat.com/bike-tyres/yamaha/ybr-tyres.html,113613,3.00-18 MILAZE X5 TL 52P,1778.0
20260812120716,https://www.ceat.com/bike-tyres/yamaha/ybr-tyres.html,113310,3.00-18 GRIPP X5 TT 52P,2058.82
20260513225851,https://www.ceat.com/bike-tyres/tvs/jive-tyres.html,100523,2.75-17 SECURA ZOOM F TT 41P,1700.66
20260513225851,https://www.ceat.com/bike-tyres/tvs/jive-tyres.html,100670,2.75-17 SECURA F85 TT 41P,1669.66
20260513225851,https://www.ceat.com/bike-tyres/tvs/jive-tyres.html,114489,3.00-17 SecuraLYFE TL 50P,1666.24
20260513225851,https://www.ceat.com/bike-tyres/tvs/jive-tyres.html,113614,3.00-17 MILAZE X5 TL 50P,1721.0
20260513225851,https://www.ceat.com/bike-tyres/tvs/jive-tyres.html,113268,3.00-17 GRIPP X5 TT 50P,2017.39
20260513225851,https://www.ceat.com/bike-tyres/tvs/jive-tyres.html,114035,3.00-17 MILAZE X5 TT 50P WITH 3.00-17 TU,0.0
20260513225851,https://www.ceat.com/bike-tyres/tvs/jive-tyres.html,114805,3.00-17 SecuraLYFE TT 50P WITH 3.00-17 T,0.0
20260611161547,https://www.ceat.com/bike-tyres/hero/ignitor-tyres.html,106207,80/100-17 ZOOM X3 F TL 46P,1511.88
20260611161547,https://www.ceat.com/bike-tyres/hero/ignitor-tyres.html,105169,80/100-17 ZOOM PLUS F  TL 46P,1574.56
20260611161547,https://www.ceat.com/bike-tyres/hero/ignitor-tyres.html,114482,100/90-17 SecuraLYFE TL 55P,0.0
20260611161547,https://www.ceat.com/bike-tyres/hero/ignitor-tyres.html,106210,100/90-17 ZOOM X3 TL 55P,0.0
20260611161547,https://www.ceat.com/bike-tyres/hero/ignitor-tyres.html,113266,100/90-17 GRIPP X5 TL 55P,2000.47
20260513222940,https://www.ceat.com/bike-tyres/hero/xtreme-125r-tyres.html,107251,130/70-17 Zoom X3  P TL 62P,0.0
20250911033402,https://www.ceat.com/bike-tyres/honda/unicorn-tyres.html,100227,2.75-18 SECURA ZOOM F TT 42P,1545.86
20250911033402,https://www.ceat.com/bike-tyres/honda/unicorn-tyres.html,100226,2.75-18 SECURA F85 TT 42P,1556.7
20250911033402,https://www.ceat.com/bike-tyres/honda/unicorn-tyres.html,103202,2.75-18 SECURA F85 TL 42P,1539.51
20250911033402,https://www.ceat.com/bike-tyres/honda/unicorn-tyres.html,105762,2.75-18 PSAFE Gripp F TL 42P,1671.88
20250911033402,https://www.ceat.com/bike-tyres/honda/unicorn-tyres.html,101922,80/100-18 SECURA ZOOM F  TL 47P,1711.42
20250911033402,https://www.ceat.com/bike-tyres/honda/unicorn-tyres.html,102572,80/100-18 ZOOM PLUS F TL 47P,1725.36
20250911033402,https://www.ceat.com/bike-tyres/honda/unicorn-tyres.html,105740,80/100-18 PSAFE  Secura Zoom F TL 47P,2058.0
20250911033402,https://www.ceat.com/bike-tyres/honda/unicorn-tyres.html,106385,110/80-17 ZOOM X3 TL 57P,2091.0
20250911033402,https://www.ceat.com/bike-tyres/honda/unicorn-tyres.html,106207,80/100-17 ZOOM X3 F TL 46P,1640.0
20250911033402,https://www.ceat.com/bike-tyres/honda/unicorn-tyres.html,105169,80/100-17 ZOOM PLUS F  TL 46P,1708.0
20250911033402,https://www.ceat.com/bike-tyres/honda/unicorn-tyres.html,106501,80/100-17 PSAFE Zoom X3 F TL 46P,1985.0
20250911033402,https://www.ceat.com/bike-tyres/honda/unicorn-tyres.html,106517,80/100-17 GRIPP X3 F TL 46P,1713.0
20250911033402,https://www.ceat.com/bike-tyres/honda/unicorn-tyres.html,106384,100/90-18 ZOOM X3 TL 56P,2213.0
20250911033402,https://www.ceat.com/bike-tyres/honda/unicorn-tyres.html,106762,100/90-18 PSAFE GRIPP X3 TL 56P,2750.0
20250911033402,https://www.ceat.com/bike-tyres/honda/unicorn-tyres.html,106763,100/90-18 PSAFE Zoom X3 TL 56P,2631.0
20250911033402,https://www.ceat.com/bike-tyres/honda/unicorn-tyres.html,113265,100/90-18 GRIPP X5 TL 56P,2532.0
20260830224754,https://www.ceat.com/bike-tyres/honda/dream-tyres.html,101922,80/100-18 SECURA ZOOM F  TL 47P,1711.0
20260830224754,https://www.ceat.com/bike-tyres/honda/dream-tyres.html,102572,80/100-18 ZOOM PLUS F TL 47P,1725.0
20260830224754,https://www.ceat.com/bike-tyres/honda/dream-tyres.html,113239,80/100-18 SecuraLYFE TL 54P,1875.0
20260830224754,https://www.ceat.com/bike-tyres/honda/dream-tyres.html,101957,80/100-18 SECURA ZOOM+ TL 54P,1872.0
20260830224754,https://www.ceat.com/bike-tyres/honda/dream-tyres.html,102573,80/100-18 ZOOM PLUS TL 54P,1872.0
20260830224754,https://www.ceat.com/bike-tyres/honda/dream-tyres.html,113615,80/100-18 MILAZE X5 TL 54P,1871.0
20260830224754,https://www.ceat.com/bike-tyres/honda/dream-tyres.html,113267,80/100-18 GRIPP X5 TL 54P,1938.0
20260121133134,https://www.ceat.com/bike-tyres/bajaj/pulsar-tyres.html,100523,2.75-17 SECURA ZOOM F TT 41P,1411.41
20260121133134,https://www.ceat.com/bike-tyres/bajaj/pulsar-tyres.html,114486,110/80-17 SecuraLYFE TL 57P,0.0
20260121133134,https://www.ceat.com/bike-tyres/bajaj/pulsar-tyres.html,106385,110/80-17 ZOOM X3 TL 57P,1927.64
20260121133134,https://www.ceat.com/bike-tyres/bajaj/pulsar-tyres.html,105171,110/80-17 ZOOM PLUS  TL 57P,0.0
20260121133134,https://www.ceat.com/bike-tyres/bajaj/pulsar-tyres.html,103061,130/70-17 ZOOM XL TL 62P,2601.53
20260121133134,https://www.ceat.com/bike-tyres/bajaj/pulsar-tyres.html,102502,100/80-17 ZOOM PLUS F  TL 52P,1868.64
20260121133134,https://www.ceat.com/bike-tyres/bajaj/pulsar-tyres.html,106073,90/90-17 ZOOM X3 F TL 49P,1690.72
20260121133134,https://www.ceat.com/bike-tyres/bajaj/pulsar-tyres.html,106207,80/100-17 ZOOM X3 F TL 46P,1511.88
20260121133134,https://www.ceat.com/bike-tyres/bajaj/pulsar-tyres.html,105169,80/100-17 ZOOM PLUS F  TL 46P,1574.56
20260121133134,https://www.ceat.com/bike-tyres/bajaj/pulsar-tyres.html,114624,120/80-17 SecuraLYFE TL 61P,0.0
20260121133134,https://www.ceat.com/bike-tyres/bajaj/pulsar-tyres.html,106074,120/80-17 ZOOM X3 TL 61P,2513.03
20260121133134,https://www.ceat.com/bike-tyres/bajaj/pulsar-tyres.html,113264,120/80-17 GRIPP X5 TL 61P,2716.77
20260121133134,https://www.ceat.com/bike-tyres/bajaj/pulsar-tyres.html,114482,100/90-17 SecuraLYFE TL 55P,0.0
20260121133134,https://www.ceat.com/bike-tyres/bajaj/pulsar-tyres.html,106210,100/90-17 ZOOM X3 TL 55P,0.0
20260121133134,https://www.ceat.com/bike-tyres/bajaj/pulsar-tyres.html,113266,100/90-17 GRIPP X5 TL 55P,2000.47
20260121133134,https://www.ceat.com/bike-tyres/bajaj/pulsar-tyres.html,105170,100/90-17 ZOOM PLUS  TL 55P,0.0
20260606234344,https://www.ceat.com/bike-tyres/hero/hf-deluxe-tyres.html,100227,2.75-18 SECURA ZOOM F TT 42P,1774.82
20260606234344,https://www.ceat.com/bike-tyres/hero/hf-deluxe-tyres.html,100226,2.75-18 SECURA F85 TT 42P,1785.82
20260606234344,https://www.ceat.com/bike-tyres/hero/hf-deluxe-tyres.html,103202,2.75-18 SECURA F85 TL 42P,1540.0
20260606234344,https://www.ceat.com/bike-tyres/hero/hf-deluxe-tyres.html,114491,2.75-18 SecuraLYFE TL 48P,1562.01
20260606234344,https://www.ceat.com/bike-tyres/hero/hf-deluxe-tyres.html,113484,2.75-18 MILAZE X5 TL 48P,1614.0
20260606234344,https://www.ceat.com/bike-tyres/hero/hf-deluxe-tyres.html,114036,2.75-18 MILAZE X5 TT 48P WITH 2.75-18 TU,0.0
20260606234344,https://www.ceat.com/bike-tyres/hero/hf-deluxe-tyres.html,113269,2.75-18 GRIPP X5 TT 48P,1920.82
20260606234344,https://www.ceat.com/bike-tyres/hero/hf-deluxe-tyres.html,114804,2.75-18 SecuraLYFE TT 48P WITH 2.75-18 T,0.0
20251006195107,https://www.ceat.com/bike-tyres/bajaj/ct-tyres.html,100523,2.75-17 SECURA ZOOM F TT 41P,1541.73
20251006195107,https://www.ceat.com/bike-tyres/bajaj/ct-tyres.html,100670,2.75-17 SECURA F85 TT 41P,1513.17
20251006195107,https://www.ceat.com/bike-tyres/bajaj/ct-tyres.html,105766,2.75-17 PSAFE Gripp F TL 41P,1835.0
20251006195107,https://www.ceat.com/bike-tyres/bajaj/ct-tyres.html,105764,3.00-17 PSAFE Milaze TL 50P,2060.0
20251006195107,https://www.ceat.com/bike-tyres/bajaj/ct-tyres.html,113268,3.00-17 GRIPP X5 TT 50P,1828.69
20260513214234,https://www.ceat.com/bike-tyres/mahindra/centuro-tyres.html,100227,2.75-18 SECURA ZOOM F TT 42P,1774.82
20260513214234,https://www.ceat.com/bike-tyres/mahindra/centuro-tyres.html,100226,2.75-18 SECURA F85 TT 42P,1785.82
20260513214234,https://www.ceat.com/bike-tyres/mahindra/centuro-tyres.html,103202,2.75-18 SECURA F85 TL 42P,1540.0
20260513214234,https://www.ceat.com/bike-tyres/mahindra/centuro-tyres.html,114481,3.00-18 SecuraLYFE TL 52P,1720.5
20260513214234,https://www.ceat.com/bike-tyres/mahindra/centuro-tyres.html,113613,3.00-18 MILAZE X5 TL 52P,1778.0
20260513214234,https://www.ceat.com/bike-tyres/mahindra/centuro-tyres.html,113310,3.00-18 GRIPP X5 TT 52P,2058.82
20260606233921,https://www.ceat.com/bike-tyres/honda/unicorn-tyres.html,100227,2.75-18 SECURA ZOOM F TT 42P,1774.82
20260606233921,https://www.ceat.com/bike-tyres/honda/unicorn-tyres.html,100226,2.75-18 SECURA F85 TT 42P,1785.82
20260606233921,https://www.ceat.com/bike-tyres/honda/unicorn-tyres.html,103202,2.75-18 SECURA F85 TL 42P,1540.0
20260606233921,https://www.ceat.com/bike-tyres/honda/unicorn-tyres.html,101922,80/100-18 SECURA ZOOM F  TL 47P,1711.0
20260606233921,https://www.ceat.com/bike-tyres/honda/unicorn-tyres.html,102572,80/100-18 ZOOM PLUS F TL 47P,1725.0
20260606233921,https://www.ceat.com/bike-tyres/honda/unicorn-tyres.html,114486,110/80-17 SecuraLYFE TL 57P,0.0
20260606233921,https://www.ceat.com/bike-tyres/honda/unicorn-tyres.html,106385,110/80-17 ZOOM X3 TL 57P,1927.64
20260606233921,https://www.ceat.com/bike-tyres/honda/unicorn-tyres.html,105171,110/80-17 ZOOM PLUS  TL 57P,0.0
20260606233921,https://www.ceat.com/bike-tyres/honda/unicorn-tyres.html,106207,80/100-17 ZOOM X3 F TL 46P,1511.88
20260606233921,https://www.ceat.com/bike-tyres/honda/unicorn-tyres.html,105169,80/100-17 ZOOM PLUS F  TL 46P,1574.56
20260606233921,https://www.ceat.com/bike-tyres/honda/unicorn-tyres.html,114487,100/90-18 SecuraLYFE TL 56P,0.0
20260606233921,https://www.ceat.com/bike-tyres/honda/unicorn-tyres.html,106384,100/90-18 ZOOM X3 TL 56P,2040.11
20260606233921,https://www.ceat.com/bike-tyres/honda/unicorn-tyres.html,113265,100/90-18 GRIPP X5 TL 56P,2334.19
20260611163511,https://www.ceat.com/scooter-tyres/piaggio/sr150-tyres.html,104935,120/70-14 ZOOM PLUS TL 55P,1781.0
20260305200549,https://www.ceat.com/scooter-tyres/hero/duet-tyres.html,103686,90/100-10 ZOOM D TL 53J,1216.49
20260305200549,https://www.ceat.com/scooter-tyres/hero/duet-tyres.html,106198,90/100-10 GRIPP X3 TL 53J,1403.0
20260305200549,https://www.ceat.com/scooter-tyres/hero/duet-tyres.html,105918,90/100-10 MILAZE  TL 53J SW,1224.0
20260816143210,https://www.ceat.com/bike-tyres/suzuki/heat-tyres.html,100227,2.75-18 SECURA ZOOM F TT 42P,1774.82
20260816143210,https://www.ceat.com/bike-tyres/suzuki/heat-tyres.html,100226,2.75-18 SECURA F85 TT 42P,1785.82
20260816143210,https://www.ceat.com/bike-tyres/suzuki/heat-tyres.html,103202,2.75-18 SECURA F85 TL 42P,1540.0
20260816143210,https://www.ceat.com/bike-tyres/suzuki/heat-tyres.html,114481,3.00-18 SecuraLYFE TL 52P,1826.0
20260816143210,https://www.ceat.com/bike-tyres/suzuki/heat-tyres.html,113613,3.00-18 MILAZE X5 TL 52P,1778.0
20260816143210,https://www.ceat.com/bike-tyres/suzuki/heat-tyres.html,113310,3.00-18 GRIPP X5 TT 52P,2058.82
20260611165931,https://www.ceat.com/bike-tyres/bajaj/ktm-duke-tyres.html,113496,150/60ZR17 SPORTRAD TL 66W,6914.06
20260611165931,https://www.ceat.com/bike-tyres/bajaj/ktm-duke-tyres.html,104974,150/60R17 ZOOM RAD X1 TL 66H,4433.0
20260611165931,https://www.ceat.com/bike-tyres/bajaj/ktm-duke-tyres.html,113494,110/70ZR17 SPORTRAD TL 54W,5531.0
20260611165931,https://www.ceat.com/bike-tyres/bajaj/ktm-duke-tyres.html,104976,110/70R17 ZOOM RAD X1 F TL 54H,3412.0
20260611165931,https://www.ceat.com/bike-tyres/bajaj/ktm-duke-tyres.html,113895,120/70ZR17 SPORTRAD ST TL 58W,0.0
20260611165931,https://www.ceat.com/bike-tyres/bajaj/ktm-duke-tyres.html,113896,180/55ZR17 SPORTRAD ST TL 73W,0.0
20260513223229,https://www.ceat.com/bike-tyres/honda/cb-twister-tyres.html,114486,110/80-17 SecuraLYFE TL 57P,0.0
20260513223229,https://www.ceat.com/bike-tyres/honda/cb-twister-tyres.html,106385,110/80-17 ZOOM X3 TL 57P,1927.64
20260513223229,https://www.ceat.com/bike-tyres/honda/cb-twister-tyres.html,105171,110/80-17 ZOOM PLUS  TL 57P,0.0
20260513223229,https://www.ceat.com/bike-tyres/honda/cb-twister-tyres.html,106207,80/100-17 ZOOM X3 F TL 46P,1511.88
20260513223229,https://www.ceat.com/bike-tyres/honda/cb-twister-tyres.html,105169,80/100-17 ZOOM PLUS F  TL 46P,1574.56
20260211010001,https://www.ceat.com/bike-tyres/yamaha/saluto-rx-tyres.html,100523,2.75-17 SECURA ZOOM F TT 41P,1411.41
20260211010001,https://www.ceat.com/bike-tyres/yamaha/saluto-rx-tyres.html,100670,2.75-17 SECURA F85 TT 41P,1513.17
20260211010001,https://www.ceat.com/bike-tyres/yamaha/saluto-rx-tyres.html,114489,3.00-17 SecuraLYFE TL 50P,1666.24
20260211010001,https://www.ceat.com/bike-tyres/yamaha/saluto-rx-tyres.html,113614,3.00-17 MILAZE X5 TL 50P,1594.85
20260211010001,https://www.ceat.com/bike-tyres/yamaha/saluto-rx-tyres.html,113268,3.00-17 GRIPP X5 TT 50P,1828.69
20260211010001,https://www.ceat.com/bike-tyres/yamaha/saluto-rx-tyres.html,114035,3.00-17 MILAZE X5 TT 50P WITH 3.00-17 TU,0.0
20260211010001,https://www.ceat.com/bike-tyres/yamaha/saluto-rx-tyres.html,114805,3.00-17 SecuraLYFE TT 50P WITH 3.00-17 T,0.0
20251001015906,https://www.ceat.com/bike-tyres/honda/dream-tyres.html,101922,80/100-18 SECURA ZOOM F  TL 47P,1577.72
20251001015906,https://www.ceat.com/bike-tyres/honda/dream-tyres.html,102572,80/100-18 ZOOM PLUS F TL 47P,1590.57
20251001015906,https://www.ceat.com/bike-tyres/honda/dream-tyres.html,105740,80/100-18 PSAFE  Secura Zoom F TL 47P,2058.0
20251001015906,https://www.ceat.com/bike-tyres/honda/dream-tyres.html,101957,80/100-18 SECURA ZOOM+ TL 54P,1726.21
20251001015906,https://www.ceat.com/bike-tyres/honda/dream-tyres.html,103065,80/100-18 MILAZE  TL 54P,1843.0
20251001015906,https://www.ceat.com/bike-tyres/honda/dream-tyres.html,106500,80/100-18 PSAFE Gripp X3 TL 54P,2231.0
20251001015906,https://www.ceat.com/bike-tyres/honda/dream-tyres.html,113267,80/100-18 GRIPP X5 TL 54P,1786.18
20260119173328,https://www.ceat.com/scooter-tyres/yamaha/alpha-tyres.html,103686,90/100-10 ZOOM D TL 53J,1216.49
20260119173328,https://www.ceat.com/scooter-tyres/yamaha/alpha-tyres.html,106198,90/100-10 GRIPP X3 TL 53J,1403.0
20251001015949,https://www.ceat.com/scooter-tyres/hero/destini-tyres.html,103686,90/100-10 ZOOM D TL 53J,1216.49
20260305200447,https://www.ceat.com/bike-tyres/honda/livo-tyres.html,101922,80/100-18 SECURA ZOOM F  TL 47P,1586.29
20260305200447,https://www.ceat.com/bike-tyres/honda/livo-tyres.html,102572,80/100-18 ZOOM PLUS F TL 47P,1599.14
20260305200447,https://www.ceat.com/bike-tyres/honda/livo-tyres.html,113239,80/100-18 SecuraLYFE TL 54P,1790.46
20260305200447,https://www.ceat.com/bike-tyres/honda/livo-tyres.html,101957,80/100-18 SECURA ZOOM+ TL 54P,1734.78
20260305200447,https://www.ceat.com/bike-tyres/honda/livo-tyres.html,102573,80/100-18 ZOOM PLUS TL 54P,1734.78
20260305200447,https://www.ceat.com/bike-tyres/honda/livo-tyres.html,113615,80/100-18 MILAZE X5 TL 54P,1681.95
20260305200447,https://www.ceat.com/bike-tyres/honda/livo-tyres.html,113267,80/100-18 GRIPP X5 TL 54P,1794.74
20260418033421,https://www.ceat.com/bike-tyres/yamaha/yzf-r3-tyres.html,113494,110/70ZR17 SPORTRAD TL 54W,5531.0
20260418033421,https://www.ceat.com/bike-tyres/yamaha/yzf-r3-tyres.html,104976,110/70R17 ZOOM RAD X1 F TL 54H,3412.0
20260119230641,https://www.ceat.com/bike-tyres/bmw/gs-310-tyres.html,113577,110/80R19 CROSSRAD TL 59V,0.0
20260119230641,https://www.ceat.com/bike-tyres/bmw/gs-310-tyres.html,113578,150/70R17 CROSSRAD TL 69V,0.0
20250916132747,https://www.ceat.com/bike-tyres/honda/hornet-tyres.html,103742,100/80-17 ZOOM PLUS F TL 52P SZ,2027.0
20250916132747,https://www.ceat.com/bike-tyres/honda/hornet-tyres.html,106502,100/80-17 PSAFE Zoom Plus F TL 52P,2344.0
20250916132747,https://www.ceat.com/bike-tyres/honda/hornet-tyres.html,113263,140/70-17 GRIPP X5 TL 66H,3669.0
20250916132747,https://www.ceat.com/bike-tyres/honda/hornet-tyres.html,101824,140/70-17 ZOOM XL TL 66H,3590.0
20250916132747,https://www.ceat.com/bike-tyres/honda/hornet-tyres.html,105808,140/70-17 ZOOM PLUS  TL 66P,3590.0
20250916132747,https://www.ceat.com/bike-tyres/honda/hornet-tyres.html,106361,140/70-17 ZOOM CRUZ 66 H TL,3796.0
20251005125912,https://www.ceat.com/scooter-tyres/piaggio/sr150-tyres.html,104935,120/70-14 ZOOM PLUS TL 55P,2101.72
20260821223644,https://www.ceat.com/bike-tyres/honda/trigger-tyres.html,114486,110/80-17 SecuraLYFE TL 57P,2360.0
20260821223644,https://www.ceat.com/bike-tyres/honda/trigger-tyres.html,106385,110/80-17 ZOOM X3 TL 57P,2113.0
20260821223644,https://www.ceat.com/bike-tyres/honda/trigger-tyres.html,105171,110/80-17 ZOOM PLUS  TL 57P,2027.0
20260821223644,https://www.ceat.com/bike-tyres/honda/trigger-tyres.html,106207,80/100-17 ZOOM X3 F TL 46P,1657.0
20260821223644,https://www.ceat.com/bike-tyres/honda/trigger-tyres.html,105169,80/100-17 ZOOM PLUS F  TL 46P,1578.0
20251113015215,https://www.ceat.com/bike-tyres/honda/livo-tyres.html,101922,80/100-18 SECURA ZOOM F  TL 47P,1577.72
20251113015215,https://www.ceat.com/bike-tyres/honda/livo-tyres.html,102572,80/100-18 ZOOM PLUS F TL 47P,1590.57
20251113015215,https://www.ceat.com/bike-tyres/honda/livo-tyres.html,105740,80/100-18 PSAFE  Secura Zoom F TL 47P,2058.0
20251113015215,https://www.ceat.com/bike-tyres/honda/livo-tyres.html,101957,80/100-18 SECURA ZOOM+ TL 54P,1726.21
20251113015215,https://www.ceat.com/bike-tyres/honda/livo-tyres.html,103065,80/100-18 MILAZE  TL 54P,1843.0
20251113015215,https://www.ceat.com/bike-tyres/honda/livo-tyres.html,106500,80/100-18 PSAFE Gripp X3 TL 54P,2231.0
20251113015215,https://www.ceat.com/bike-tyres/honda/livo-tyres.html,113267,80/100-18 GRIPP X5 TL 54P,1786.18
20251107005606,https://www.ceat.com/bike-tyres/honda/hness-tyres.html,105726,100/90-19 ZOOM PLUS F TL 57 P,2222.64
20251001015903,https://www.ceat.com/scooter-tyres/yamaha/fascino-tyres.html,103686,90/100-10 ZOOM D TL 53J,1216.49
20250916141123,https://www.ceat.com/bike-tyres/bajaj/pulsar-tyres.html,100523,2.75-17 SECURA ZOOM F TT 41P,1508.96
20250916141123,https://www.ceat.com/bike-tyres/bajaj/pulsar-tyres.html,100670,2.75-17 SECURA F85 TT 41P,1477.98
20250916141123,https://www.ceat.com/bike-tyres/bajaj/pulsar-tyres.html,105766,2.75-17 PSAFE Gripp F TL 41P,1835.0
20250916141123,https://www.ceat.com/bike-tyres/bajaj/pulsar-tyres.html,106385,110/80-17 ZOOM X3 TL 57P,2091.0
20250916141123,https://www.ceat.com/bike-tyres/bajaj/pulsar-tyres.html,103061,130/70-17 ZOOM XL TL 62P,2822.0
20250916141123,https://www.ceat.com/bike-tyres/bajaj/pulsar-tyres.html,103742,100/80-17 ZOOM PLUS F TL 52P SZ,2027.0
20250916141123,https://www.ceat.com/bike-tyres/bajaj/pulsar-tyres.html,102502,100/80-17 ZOOM PLUS F  TL 52P,2027.0
20250916141123,https://www.ceat.com/bike-tyres/bajaj/pulsar-tyres.html,106502,100/80-17 PSAFE Zoom Plus F TL 52P,2344.0
20250916141123,https://www.ceat.com/bike-tyres/bajaj/pulsar-tyres.html,106073,90/90-17 ZOOM X3 F TL 49P,1834.0
20250916141123,https://www.ceat.com/bike-tyres/bajaj/pulsar-tyres.html,106760,90/90-17 PSAFE Zoom X3 F TL 49P,2148.0
20250916141123,https://www.ceat.com/bike-tyres/bajaj/pulsar-tyres.html,106207,80/100-17 ZOOM X3 F TL 46P,1640.0
20250916141123,https://www.ceat.com/bike-tyres/bajaj/pulsar-tyres.html,105169,80/100-17 ZOOM PLUS F  TL 46P,1708.0
20250916141123,https://www.ceat.com/bike-tyres/bajaj/pulsar-tyres.html,106501,80/100-17 PSAFE Zoom X3 F TL 46P,1985.0
20250916141123,https://www.ceat.com/bike-tyres/bajaj/pulsar-tyres.html,106517,80/100-17 GRIPP X3 F TL 46P,1713.0
20250916141123,https://www.ceat.com/bike-tyres/bajaj/pulsar-tyres.html,106074,120/80-17 ZOOM X3 TL 61P,2726.0
20250916141123,https://www.ceat.com/bike-tyres/bajaj/pulsar-tyres.html,113264,120/80-17 GRIPP X5 TL 61P,2947.0
20250916141123,https://www.ceat.com/bike-tyres/bajaj/pulsar-tyres.html,106503,100/90-17 PSAFE Gripp X3  TL 55P,2512.0
20250916141123,https://www.ceat.com/bike-tyres/bajaj/pulsar-tyres.html,106761,100/90-17 PSAFE Zoom X3 TL 55P,2408.0
20250916141123,https://www.ceat.com/bike-tyres/bajaj/pulsar-tyres.html,113266,100/90-17 GRIPP X5 TL 55P,2170.0
20251113025142,https://www.ceat.com/bike-tyres/bajaj/ktm-duke-tyres.html,113496,150/60ZR17 SPORTRAD TL 66W,6914.06
20251113025142,https://www.ceat.com/bike-tyres/bajaj/ktm-duke-tyres.html,104974,150/60R17 ZOOM RAD X1 TL 66H,4143.48
20251113025142,https://www.ceat.com/bike-tyres/bajaj/ktm-duke-tyres.html,113494,110/70ZR17 SPORTRAD TL 54W,5530.33
20251113025142,https://www.ceat.com/bike-tyres/bajaj/ktm-duke-tyres.html,104976,110/70R17 ZOOM RAD X1 F TL 54H,3202.56
20260830201739,https://www.ceat.com/bike-tyres/tvs/sport-tyres.html,100523,2.75-17 SECURA ZOOM F TT 41P,1700.66
20260830201739,https://www.ceat.com/bike-tyres/tvs/sport-tyres.html,100670,2.75-17 SECURA F85 TT 41P,1669.66
20260830201739,https://www.ceat.com/bike-tyres/tvs/sport-tyres.html,114489,3.00-17 SecuraLYFE TL 50P,1770.0
20260830201739,https://www.ceat.com/bike-tyres/tvs/sport-tyres.html,113614,3.00-17 MILAZE X5 TL 50P,1721.0
20260830201739,https://www.ceat.com/bike-tyres/tvs/sport-tyres.html,113268,3.00-17 GRIPP X5 TT 50P,2194.78
20260830201739,https://www.ceat.com/bike-tyres/tvs/sport-tyres.html,114035,3.00-17 MILAZE X5 TT 50P WITH 3.00-17 TU,1801.0
20260830201739,https://www.ceat.com/bike-tyres/tvs/sport-tyres.html,114805,3.00-17 SecuraLYFE TT 50P WITH 3.00-17 T,1846.0
20260119235745,https://www.ceat.com/bike-tyres/royal-enfield/guerilla-tyres.html,106968,120/70 R17 GRIPP XL RAD STEEL F TL 58 H,0.0
20260119235745,https://www.ceat.com/bike-tyres/royal-enfield/guerilla-tyres.html,106969,160/60 R17 GRIPP XL RAD STEEL TL 69H,0.0
20251212124919,https://www.ceat.com/bike-tyres/yamaha/g5-tyres.html,100227,2.75-18 SECURA ZOOM F TT 42P,1604.91
20251212124919,https://www.ceat.com/bike-tyres/yamaha/g5-tyres.html,100226,2.75-18 SECURA F85 TT 42P,1614.9
20251212124919,https://www.ceat.com/bike-tyres/yamaha/g5-tyres.html,103202,2.75-18 SECURA F85 TL 42P,1427.8
20251212124919,https://www.ceat.com/bike-tyres/yamaha/g5-tyres.html,105762,2.75-18 PSAFE Gripp F TL 42P,1671.88
20251212124919,https://www.ceat.com/bike-tyres/yamaha/g5-tyres.html,114481,3.00-18 SecuraLYFE TL 52P,1720.5
20251212124919,https://www.ceat.com/bike-tyres/yamaha/g5-tyres.html,113613,3.00-18 MILAZE X5 TL 52P,1661.96
20251212124919,https://www.ceat.com/bike-tyres/yamaha/g5-tyres.html,101494,3.00-18 MILAZE  TT 52P,1986.82
20251212124919,https://www.ceat.com/bike-tyres/yamaha/g5-tyres.html,105765,3.00-18 PSAFE Milaze TL 52P,2125.0
20251212124919,https://www.ceat.com/bike-tyres/yamaha/g5-tyres.html,113310,3.00-18 GRIPP X5 TT 52P,1866.2
20260611171751,https://www.ceat.com/bike-tyres/hero/splendor-tyres.html,100227,2.75-18 SECURA ZOOM F TT 42P,1774.82
20260611171751,https://www.ceat.com/bike-tyres/hero/splendor-tyres.html,100226,2.75-18 SECURA F85 TT 42P,1785.82
20260611171751,https://www.ceat.com/bike-tyres/hero/splendor-tyres.html,103202,2.75-18 SECURA F85 TL 42P,1540.0
20260611171751,https://www.ceat.com/bike-tyres/hero/splendor-tyres.html,101922,80/100-18 SECURA ZOOM F  TL 47P,1711.0
20260611171751,https://www.ceat.com/bike-tyres/hero/splendor-tyres.html,102572,80/100-18 ZOOM PLUS F TL 47P,1725.0
20260611171751,https://www.ceat.com/bike-tyres/hero/splendor-tyres.html,113239,80/100-18 SecuraLYFE TL 54P,1875.0
20260611171751,https://www.ceat.com/bike-tyres/hero/splendor-tyres.html,101957,80/100-18 SECURA ZOOM+ TL 54P,1872.0
20260611171751,https://www.ceat.com/bike-tyres/hero/splendor-tyres.html,102573,80/100-18 ZOOM PLUS TL 54P,1872.0
20260611171751,https://www.ceat.com/bike-tyres/hero/splendor-tyres.html,113615,80/100-18 MILAZE X5 TL 54P,1871.0
20260611171751,https://www.ceat.com/bike-tyres/hero/splendor-tyres.html,113267,80/100-18 GRIPP X5 TL 54P,1938.0
20260611171751,https://www.ceat.com/bike-tyres/hero/splendor-tyres.html,114491,2.75-18 SecuraLYFE TL 48P,1665.0
20260611171751,https://www.ceat.com/bike-tyres/hero/splendor-tyres.html,113484,2.75-18 MILAZE X5 TL 48P,1614.0
20260611171751,https://www.ceat.com/bike-tyres/hero/splendor-tyres.html,114036,2.75-18 MILAZE X5 TT 48P WITH 2.75-18 TU,0.0
20260611171751,https://www.ceat.com/bike-tyres/hero/splendor-tyres.html,113269,2.75-18 GRIPP X5 TT 48P,1920.82
20260611171751,https://www.ceat.com/bike-tyres/hero/splendor-tyres.html,114804,2.75-18 SecuraLYFE TT 48P WITH 2.75-18 T,0.0
20251001015938,https://www.ceat.com/bike-tyres/honda/shine-tyres.html,101922,80/100-18 SECURA ZOOM F  TL 47P,1577.72
20251001015938,https://www.ceat.com/bike-tyres/honda/shine-tyres.html,102572,80/100-18 ZOOM PLUS F TL 47P,1590.57
20251001015938,https://www.ceat.com/bike-tyres/honda/shine-tyres.html,105740,80/100-18 PSAFE  Secura Zoom F TL 47P,2058.0
20251001015938,https://www.ceat.com/bike-tyres/honda/shine-tyres.html,101957,80/100-18 SECURA ZOOM+ TL 54P,1726.21
20251001015938,https://www.ceat.com/bike-tyres/honda/shine-tyres.html,103065,80/100-18 MILAZE  TL 54P,1843.0
20251001015938,https://www.ceat.com/bike-tyres/honda/shine-tyres.html,106500,80/100-18 PSAFE Gripp X3 TL 54P,2231.0
20251001015938,https://www.ceat.com/bike-tyres/honda/shine-tyres.html,113267,80/100-18 GRIPP X5 TL 54P,1786.18
20260606051723,https://www.ceat.com/scooter-tyres/numeros/diplo-max-ev-tyres.html,102074,90/90-12 ZOOM D TL 54J,1068.0
20260412191430,https://www.ceat.com/bike-tyres/suzuki/v-storm-1000-tyres.html,113577,110/80R19 CROSSRAD TL 59V,0.0
20260412191430,https://www.ceat.com/bike-tyres/suzuki/v-storm-1000-tyres.html,113578,150/70R17 CROSSRAD TL 69V,0.0
20251214110043,https://www.ceat.com/bike-tyres/yamaha/saluto-tyres.html,101922,80/100-18 SECURA ZOOM F  TL 47P,1586.29
20251214110043,https://www.ceat.com/bike-tyres/yamaha/saluto-tyres.html,102572,80/100-18 ZOOM PLUS F TL 47P,1599.14
20251214110043,https://www.ceat.com/bike-tyres/yamaha/saluto-tyres.html,105740,80/100-18 PSAFE  Secura Zoom F TL 47P,2058.0
20251214110043,https://www.ceat.com/bike-tyres/yamaha/saluto-tyres.html,113239,80/100-18 SecuraLYFE TL 54P,1790.46
20251214110043,https://www.ceat.com/bike-tyres/yamaha/saluto-tyres.html,101957,80/100-18 SECURA ZOOM+ TL 54P,1734.78
20251214110043,https://www.ceat.com/bike-tyres/yamaha/saluto-tyres.html,103065,80/100-18 MILAZE  TL 54P,1843.0
20251214110043,https://www.ceat.com/bike-tyres/yamaha/saluto-tyres.html,106500,80/100-18 PSAFE Gripp X3 TL 54P,2231.0
20251214110043,https://www.ceat.com/bike-tyres/yamaha/saluto-tyres.html,113615,80/100-18 MILAZE X5 TL 54P,1681.95
20251214110043,https://www.ceat.com/bike-tyres/yamaha/saluto-tyres.html,113267,80/100-18 GRIPP X5 TL 54P,1794.74
20260510113331,https://www.ceat.com/bike-tyres/bajaj/wind-tyres.html,100227,2.75-18 SECURA ZOOM F TT 42P,1774.82
20260510113331,https://www.ceat.com/bike-tyres/bajaj/wind-tyres.html,100226,2.75-18 SECURA F85 TT 42P,1785.82
20260510113331,https://www.ceat.com/bike-tyres/bajaj/wind-tyres.html,103202,2.75-18 SECURA F85 TL 42P,1540.0
20260510113331,https://www.ceat.com/bike-tyres/bajaj/wind-tyres.html,114481,3.00-18 SecuraLYFE TL 52P,1720.5
20260510113331,https://www.ceat.com/bike-tyres/bajaj/wind-tyres.html,113613,3.00-18 MILAZE X5 TL 52P,1778.0
20260510113331,https://www.ceat.com/bike-tyres/bajaj/wind-tyres.html,113310,3.00-18 GRIPP X5 TT 52P,2058.82
20260120001121,https://www.ceat.com/bike-tyres/bmw/gs-750-tyres.html,113578,150/70R17 CROSSRAD TL 69V,0.0
20260418040400,https://www.ceat.com/scooter-tyres/yamaha/alpha-tyres.html,103686,90/100-10 ZOOM D TL 53J,1338.0
20260418040400,https://www.ceat.com/scooter-tyres/yamaha/alpha-tyres.html,106198,90/100-10 GRIPP X3 TL 53J,1403.0
20260418040400,https://www.ceat.com/scooter-tyres/yamaha/alpha-tyres.html,105918,90/100-10 MILAZE  TL 53J SW,1224.0
20251001015926,https://www.ceat.com/scooter-tyres/hero/pleasure-tyres.html,103686,90/100-10 ZOOM D TL 53J,1216.49
20251107004218,https://www.ceat.com/bike-tyres/hero/hunk-tyres.html,101922,80/100-18 SECURA ZOOM F  TL 47P,1577.72
20251107004218,https://www.ceat.com/bike-tyres/hero/hunk-tyres.html,102572,80/100-18 ZOOM PLUS F TL 47P,1590.57
20251107004218,https://www.ceat.com/bike-tyres/hero/hunk-tyres.html,105740,80/100-18 PSAFE  Secura Zoom F TL 47P,2058.0
20251107004218,https://www.ceat.com/bike-tyres/hero/hunk-tyres.html,106384,100/90-18 ZOOM X3 TL 56P,2040.11
20251107004218,https://www.ceat.com/bike-tyres/hero/hunk-tyres.html,106762,100/90-18 PSAFE GRIPP X3 TL 56P,2750.0
20251107004218,https://www.ceat.com/bike-tyres/hero/hunk-tyres.html,106763,100/90-18 PSAFE Zoom X3 TL 56P,2631.0
20251107004218,https://www.ceat.com/bike-tyres/hero/hunk-tyres.html,113265,100/90-18 GRIPP X5 TL 56P,2334.19
20260418032131,https://www.ceat.com/scooter-tyres/suzuki/burgman-street-tyres.html,102074,90/90-12 ZOOM D TL 54J,1068.0
20260418032131,https://www.ceat.com/scooter-tyres/suzuki/burgman-street-tyres.html,106198,90/100-10 GRIPP X3 TL 53J,1403.0
20260418032131,https://www.ceat.com/scooter-tyres/suzuki/burgman-street-tyres.html,105918,90/100-10 MILAZE  TL 53J SW,1224.0
20260309125153,https://www.ceat.com/bike-tyres/honda/unicorn-tyres.html,100227,2.75-18 SECURA ZOOM F TT 42P,1604.91
20260309125153,https://www.ceat.com/bike-tyres/honda/unicorn-tyres.html,100226,2.75-18 SECURA F85 TT 42P,1614.9
20260309125153,https://www.ceat.com/bike-tyres/honda/unicorn-tyres.html,103202,2.75-18 SECURA F85 TL 42P,1427.8
20260309125153,https://www.ceat.com/bike-tyres/honda/unicorn-tyres.html,101922,80/100-18 SECURA ZOOM F  TL 47P,1586.29
20260309125153,https://www.ceat.com/bike-tyres/honda/unicorn-tyres.html,102572,80/100-18 ZOOM PLUS F TL 47P,1599.14
20260309125153,https://www.ceat.com/bike-tyres/honda/unicorn-tyres.html,114486,110/80-17 SecuraLYFE TL 57P,0.0
20260309125153,https://www.ceat.com/bike-tyres/honda/unicorn-tyres.html,106385,110/80-17 ZOOM X3 TL 57P,1927.64
20260309125153,https://www.ceat.com/bike-tyres/honda/unicorn-tyres.html,105171,110/80-17 ZOOM PLUS  TL 57P,0.0
20260309125153,https://www.ceat.com/bike-tyres/honda/unicorn-tyres.html,106207,80/100-17 ZOOM X3 F TL 46P,1511.88
20260309125153,https://www.ceat.com/bike-tyres/honda/unicorn-tyres.html,105169,80/100-17 ZOOM PLUS F  TL 46P,1574.56
20260309125153,https://www.ceat.com/bike-tyres/honda/unicorn-tyres.html,114487,100/90-18 SecuraLYFE TL 56P,0.0
20260309125153,https://www.ceat.com/bike-tyres/honda/unicorn-tyres.html,106384,100/90-18 ZOOM X3 TL 56P,2040.11
20260309125153,https://www.ceat.com/bike-tyres/honda/unicorn-tyres.html,113265,100/90-18 GRIPP X5 TL 56P,2334.19
20260119022631,https://www.ceat.com/bike-tyres/tvs/max-1-tyres.html,100523,2.75-17 SECURA ZOOM F TT 41P,1411.41
20260119022631,https://www.ceat.com/bike-tyres/tvs/max-1-tyres.html,114489,3.00-17 SecuraLYFE TL 50P,1666.24
20260119022631,https://www.ceat.com/bike-tyres/tvs/max-1-tyres.html,113614,3.00-17 MILAZE X5 TL 50P,1594.85
20260119022631,https://www.ceat.com/bike-tyres/tvs/max-1-tyres.html,114035,3.00-17 MILAZE X5 TT 50P WITH 3.00-17 TU,0.0
20260119022631,https://www.ceat.com/bike-tyres/tvs/max-1-tyres.html,114805,3.00-17 SecuraLYFE TT 50P WITH 3.00-17 T,0.0
20260207042646,https://www.ceat.com/bike-tyres/mahindra/stallion-tyres.html,100227,2.75-18 SECURA ZOOM F TT 42P,1604.91
20260207042646,https://www.ceat.com/bike-tyres/mahindra/stallion-tyres.html,100226,2.75-18 SECURA F85 TT 42P,1614.9
20260207042646,https://www.ceat.com/bike-tyres/mahindra/stallion-tyres.html,103202,2.75-18 SECURA F85 TL 42P,1427.8
20260207042646,https://www.ceat.com/bike-tyres/mahindra/stallion-tyres.html,114481,3.00-18 SecuraLYFE TL 52P,1720.5
20260207042646,https://www.ceat.com/bike-tyres/mahindra/stallion-tyres.html,113613,3.00-18 MILAZE X5 TL 52P,1661.96
20260207042646,https://www.ceat.com/bike-tyres/mahindra/stallion-tyres.html,113310,3.00-18 GRIPP X5 TT 52P,1866.2
20260609092433,https://www.ceat.com/bike-tyres/hero/glamour-tyres.html,100227,2.75-18 SECURA ZOOM F TT 42P,1774.82
20260609092433,https://www.ceat.com/bike-tyres/hero/glamour-tyres.html,100226,2.75-18 SECURA F85 TT 42P,1785.82
20260609092433,https://www.ceat.com/bike-tyres/hero/glamour-tyres.html,103202,2.75-18 SECURA F85 TL 42P,1540.0
20260609092433,https://www.ceat.com/bike-tyres/hero/glamour-tyres.html,101922,80/100-18 SECURA ZOOM F  TL 47P,1711.0
20260609092433,https://www.ceat.com/bike-tyres/hero/glamour-tyres.html,102572,80/100-18 ZOOM PLUS F TL 47P,1725.0
20260609092433,https://www.ceat.com/bike-tyres/hero/glamour-tyres.html,113239,80/100-18 SecuraLYFE TL 54P,1875.0
20260609092433,https://www.ceat.com/bike-tyres/hero/glamour-tyres.html,101957,80/100-18 SECURA ZOOM+ TL 54P,1872.0
20260609092433,https://www.ceat.com/bike-tyres/hero/glamour-tyres.html,102573,80/100-18 ZOOM PLUS TL 54P,1872.0
20260609092433,https://www.ceat.com/bike-tyres/hero/glamour-tyres.html,113615,80/100-18 MILAZE X5 TL 54P,1871.0
20260609092433,https://www.ceat.com/bike-tyres/hero/glamour-tyres.html,113267,80/100-18 GRIPP X5 TL 54P,1938.0
20260609092433,https://www.ceat.com/bike-tyres/hero/glamour-tyres.html,114481,3.00-18 SecuraLYFE TL 52P,1826.0
20260609092433,https://www.ceat.com/bike-tyres/hero/glamour-tyres.html,113613,3.00-18 MILAZE X5 TL 52P,1778.0
20260609092433,https://www.ceat.com/bike-tyres/hero/glamour-tyres.html,113310,3.00-18 GRIPP X5 TT 52P,2058.82
20260609092433,https://www.ceat.com/bike-tyres/hero/glamour-tyres.html,105980,80/100-18 ZOOM-H F  TL 47P,1701.0
20260609092433,https://www.ceat.com/bike-tyres/hero/glamour-tyres.html,105998,100/80-18 ZOOM-H  TL 53P,1993.0
20260212045303,https://www.ceat.com/bike-tyres/suzuki/sling-shot-tyres.html,100227,2.75-18 SECURA ZOOM F TT 42P,1604.91
20260212045303,https://www.ceat.com/bike-tyres/suzuki/sling-shot-tyres.html,100226,2.75-18 SECURA F85 TT 42P,1614.9
20260212045303,https://www.ceat.com/bike-tyres/suzuki/sling-shot-tyres.html,103202,2.75-18 SECURA F85 TL 42P,1427.8
20260212045303,https://www.ceat.com/bike-tyres/suzuki/sling-shot-tyres.html,114481,3.00-18 SecuraLYFE TL 52P,1720.5
20260212045303,https://www.ceat.com/bike-tyres/suzuki/sling-shot-tyres.html,113613,3.00-18 MILAZE X5 TL 52P,1661.96
20260212045303,https://www.ceat.com/bike-tyres/suzuki/sling-shot-tyres.html,113310,3.00-18 GRIPP X5 TT 52P,1866.2
20260726161521,https://www.ceat.com/scooter-tyres/okinawa-scooters/praise-tyres.html,102074,90/90-12 ZOOM D TL 54J,1352.0
20260726161521,https://www.ceat.com/scooter-tyres/okinawa-scooters/praise-tyres.html,106061,90/90-12 MILAZE TL 54J SW,1380.0
20251214103724,https://www.ceat.com/scooter-tyres/suzuki/lets-tyres.html,103686,90/100-10 ZOOM D TL 53J,1216.49
20251214103724,https://www.ceat.com/scooter-tyres/suzuki/lets-tyres.html,106198,90/100-10 GRIPP X3 TL 53J,1403.0
20260211002650,https://www.ceat.com/scooter-tyres/piaggio/sr150-tyres.html,104935,120/70-14 ZOOM PLUS TL 55P,2101.72
20260824015346,https://www.ceat.com/bike-tyres/suzuki/sling-shot-tyres.html,100227,2.75-18 SECURA ZOOM F TT 42P,1774.82
20260824015346,https://www.ceat.com/bike-tyres/suzuki/sling-shot-tyres.html,100226,2.75-18 SECURA F85 TT 42P,1785.82
20260824015346,https://www.ceat.com/bike-tyres/suzuki/sling-shot-tyres.html,103202,2.75-18 SECURA F85 TL 42P,1540.0
20260824015346,https://www.ceat.com/bike-tyres/suzuki/sling-shot-tyres.html,114481,3.00-18 SecuraLYFE TL 52P,1826.0
20260824015346,https://www.ceat.com/bike-tyres/suzuki/sling-shot-tyres.html,113613,3.00-18 MILAZE X5 TL 52P,1778.0
20260824015346,https://www.ceat.com/bike-tyres/suzuki/sling-shot-tyres.html,113310,3.00-18 GRIPP X5 TT 52P,2058.82
20260418034909,https://www.ceat.com/bike-tyres/bajaj/dominar-tyres.html,113496,150/60ZR17 SPORTRAD TL 66W,6914.06
20260418034909,https://www.ceat.com/bike-tyres/bajaj/dominar-tyres.html,104974,150/60R17 ZOOM RAD X1 TL 66H,4433.0
20260418034909,https://www.ceat.com/bike-tyres/bajaj/dominar-tyres.html,113494,110/70ZR17 SPORTRAD TL 54W,5531.0
20260418034909,https://www.ceat.com/bike-tyres/bajaj/dominar-tyres.html,104976,110/70R17 ZOOM RAD X1 F TL 54H,3412.0
20260418034909,https://www.ceat.com/bike-tyres/bajaj/dominar-tyres.html,107247,100/80-17 Zoom X3 P F  TL 52P,1703.37
20260418034909,https://www.ceat.com/bike-tyres/bajaj/dominar-tyres.html,107251,130/70-17 Zoom X3  P TL 62P,0.0
20250914150521,https://www.ceat.com/bike-tyres/tvs/star-city-tyres.html,100523,2.75-17 SECURA ZOOM F TT 41P,1508.96
20250914150521,https://www.ceat.com/bike-tyres/tvs/star-city-tyres.html,100670,2.75-17 SECURA F85 TT 41P,1477.98
20250914150521,https://www.ceat.com/bike-tyres/tvs/star-city-tyres.html,105766,2.75-17 PSAFE Gripp F TL 41P,1835.0
20250914150521,https://www.ceat.com/bike-tyres/tvs/star-city-tyres.html,105764,3.00-17 PSAFE Milaze TL 50P,2060.0
20250914150521,https://www.ceat.com/bike-tyres/tvs/star-city-tyres.html,113268,3.00-17 GRIPP X5 TT 50P,1791.24
20260307213839,https://www.ceat.com/bike-tyres/bajaj/avenger-tyres.html,106073,90/90-17 ZOOM X3 F TL 49P,1690.72
20260307213839,https://www.ceat.com/bike-tyres/bajaj/avenger-tyres.html,106209,130/90-15 ZOOM X3 TL 66P,0.0
20250914151143,https://www.ceat.com/bike-tyres/suzuki/heat-tyres.html,100227,2.75-18 SECURA ZOOM F TT 42P,1545.86
20250914151143,https://www.ceat.com/bike-tyres/suzuki/heat-tyres.html,100226,2.75-18 SECURA F85 TT 42P,1556.7
20250914151143,https://www.ceat.com/bike-tyres/suzuki/heat-tyres.html,103202,2.75-18 SECURA F85 TL 42P,1539.51
20250914151143,https://www.ceat.com/bike-tyres/suzuki/heat-tyres.html,105762,2.75-18 PSAFE Gripp F TL 42P,1671.88
20250914151143,https://www.ceat.com/bike-tyres/suzuki/heat-tyres.html,101494,3.00-18 MILAZE  TT 52P,1986.82
20250914151143,https://www.ceat.com/bike-tyres/suzuki/heat-tyres.html,105765,3.00-18 PSAFE Milaze TL 52P,2125.0
20250914151143,https://www.ceat.com/bike-tyres/suzuki/heat-tyres.html,113310,3.00-18 GRIPP X5 TT 52P,1829.29
20260606231316,https://www.ceat.com/bike-tyres/bmw/s1000r-tyres.html,113895,120/70ZR17 SPORTRAD ST TL 58W,0.0
20260606231316,https://www.ceat.com/bike-tyres/bmw/s1000r-tyres.html,113921,190/55ZR17 SPORTRAD ST TL 75W,0.0
20260119024619,https://www.ceat.com/bike-tyres/yamaha/ybr-tyres.html,103202,2.75-18 SECURA F85 TL 42P,1427.8
20260119024619,https://www.ceat.com/bike-tyres/yamaha/ybr-tyres.html,114481,3.00-18 SecuraLYFE TL 52P,1720.5
20260119024619,https://www.ceat.com/bike-tyres/yamaha/ybr-tyres.html,113613,3.00-18 MILAZE X5 TL 52P,1661.96
20260217105626,https://www.ceat.com/bike-tyres/royal-enfield/scram-tyres.html,106522,100/90-19 Gripp XL F 57S TT,0.0
20260217105626,https://www.ceat.com/bike-tyres/royal-enfield/scram-tyres.html,103171,120/90-17 GRIPP XL TT 64S,2644.51
20260903125050,https://www.ceat.com/bike-tyres/yamaha/fazer-tyres.html,103742,100/80-17 ZOOM PLUS F TL 52P SZ,2048.0
20260903125050,https://www.ceat.com/bike-tyres/yamaha/fazer-tyres.html,113919,140/60R17 SPORTRAD TL 63H,4700.0
20260903125050,https://www.ceat.com/bike-tyres/yamaha/fazer-tyres.html,113709,140/60R17 CROSSRAD TL 63H,4700.0
20260903125050,https://www.ceat.com/bike-tyres/yamaha/fazer-tyres.html,107819,140/60R17 ZOOM RAD X3 63P TL,3045.0
20260903125050,https://www.ceat.com/bike-tyres/yamaha/fazer-tyres.html,102501,140/60R17 ZOOM RAD TL 63P,3045.0
20260305204205,https://www.ceat.com/scooter-tyres/suzuki/access-tyres.html,101784,90/100-10 ZOOM D  TT 53J,1266.46
20260305204205,https://www.ceat.com/scooter-tyres/suzuki/access-tyres.html,106198,90/100-10 GRIPP X3 TL 53J,1403.0
20260305204205,https://www.ceat.com/scooter-tyres/suzuki/access-tyres.html,105918,90/100-10 MILAZE  TL 53J SW,1224.0
20260121135525,https://www.ceat.com/bike-tyres/tvs/xl-super-tyres.html,101859,2.50-16 SECURA F85  TT 41L,659.64
20260121135525,https://www.ceat.com/bike-tyres/tvs/xl-super-tyres.html,113483,2.50-16 MILAZE X5 TT 41L,849.54
20260120002843,https://www.ceat.com/bike-tyres/yamaha/fazer-tyres.html,113919,140/60R17 SPORTRAD TL 63H,0.0
20260120002843,https://www.ceat.com/bike-tyres/yamaha/fazer-tyres.html,113709,140/60R17 CROSSRAD TL 63H,4332.81
20260120002843,https://www.ceat.com/bike-tyres/yamaha/fazer-tyres.html,102501,140/60R17 ZOOM RAD TL 63P,3115.2
20260119174132,https://www.ceat.com/bike-tyres/royal-enfield/bullet-electra-tyres.html,100529,3.25-19 SECURA F67  TT 54P,2479.79
20260119174132,https://www.ceat.com/bike-tyres/royal-enfield/bullet-electra-tyres.html,113619,3.50-19 MILAZE X5 TT 63P,0.0
20251113015034,https://www.ceat.com/bike-tyres/honda/dream-tyres.html,101922,80/100-18 SECURA ZOOM F  TL 47P,1577.72
20251113015034,https://www.ceat.com/bike-tyres/honda/dream-tyres.html,102572,80/100-18 ZOOM PLUS F TL 47P,1590.57
20251113015034,https://www.ceat.com/bike-tyres/honda/dream-tyres.html,105740,80/100-18 PSAFE  Secura Zoom F TL 47P,2058.0
20251113015034,https://www.ceat.com/bike-tyres/honda/dream-tyres.html,101957,80/100-18 SECURA ZOOM+ TL 54P,1726.21
20251113015034,https://www.ceat.com/bike-tyres/honda/dream-tyres.html,103065,80/100-18 MILAZE  TL 54P,1843.0
20251113015034,https://www.ceat.com/bike-tyres/honda/dream-tyres.html,106500,80/100-18 PSAFE Gripp X3 TL 54P,2231.0
20251113015034,https://www.ceat.com/bike-tyres/honda/dream-tyres.html,113267,80/100-18 GRIPP X5 TL 54P,1786.18
20251106233536,https://www.ceat.com/bike-tyres/mahindra/centuro-tyres.html,100227,2.75-18 SECURA ZOOM F TT 42P,1604.91
20251106233536,https://www.ceat.com/bike-tyres/mahindra/centuro-tyres.html,100226,2.75-18 SECURA F85 TT 42P,1614.9
20251106233536,https://www.ceat.com/bike-tyres/mahindra/centuro-tyres.html,103202,2.75-18 SECURA F85 TL 42P,1419.24
20251106233536,https://www.ceat.com/bike-tyres/mahindra/centuro-tyres.html,105762,2.75-18 PSAFE Gripp F TL 42P,1671.88
20251106233536,https://www.ceat.com/bike-tyres/mahindra/centuro-tyres.html,101494,3.00-18 MILAZE  TT 52P,1986.82
20251106233536,https://www.ceat.com/bike-tyres/mahindra/centuro-tyres.html,105765,3.00-18 PSAFE Milaze TL 52P,2125.0
20251106233536,https://www.ceat.com/bike-tyres/mahindra/centuro-tyres.html,113310,3.00-18 GRIPP X5 TT 52P,1866.2
20260513223844,https://www.ceat.com/scooter-tyres/tvs/scooty-tyres.html,100834,3.00-10 SECURA NEO  TT 42J,1104.0
20260519102735,https://www.ceat.com/bike-tyres/bajaj/xcd-tyres.html,100523,2.75-17 SECURA ZOOM F TT 41P,1700.66
20260519102735,https://www.ceat.com/bike-tyres/bajaj/xcd-tyres.html,100670,2.75-17 SECURA F85 TT 41P,1669.66
20260519102735,https://www.ceat.com/bike-tyres/bajaj/xcd-tyres.html,114482,100/90-17 SecuraLYFE TL 55P,0.0
20260519102735,https://www.ceat.com/bike-tyres/bajaj/xcd-tyres.html,106210,100/90-17 ZOOM X3 TL 55P,0.0
20260519102735,https://www.ceat.com/bike-tyres/bajaj/xcd-tyres.html,113266,100/90-17 GRIPP X5 TL 55P,2000.47
20260217113936,https://www.ceat.com/bike-tyres/hero/xtreme-160r-tyres.html,104975,130/70R17 M/C 62P CEAT ZOOM RAD TUBELESS,3401.35
20260730120010,https://www.ceat.com/bike-tyres/honda/unicorn-tyres.html,100227,2.75-18 SECURA ZOOM F TT 42P,1774.82
20260730120010,https://www.ceat.com/bike-tyres/honda/unicorn-tyres.html,100226,2.75-18 SECURA F85 TT 42P,1785.82
20260730120010,https://www.ceat.com/bike-tyres/honda/unicorn-tyres.html,103202,2.75-18 SECURA F85 TL 42P,1540.0
20260730120010,https://www.ceat.com/bike-tyres/honda/unicorn-tyres.html,101922,80/100-18 SECURA ZOOM F  TL 47P,1711.0
20260730120010,https://www.ceat.com/bike-tyres/honda/unicorn-tyres.html,102572,80/100-18 ZOOM PLUS F TL 47P,1725.0
20260730120010,https://www.ceat.com/bike-tyres/honda/unicorn-tyres.html,114486,110/80-17 SecuraLYFE TL 57P,2360.0
20260730120010,https://www.ceat.com/bike-tyres/honda/unicorn-tyres.html,106385,110/80-17 ZOOM X3 TL 57P,2113.0
20260730120010,https://www.ceat.com/bike-tyres/honda/unicorn-tyres.html,105171,110/80-17 ZOOM PLUS  TL 57P,2027.0
20260730120010,https://www.ceat.com/bike-tyres/honda/unicorn-tyres.html,106207,80/100-17 ZOOM X3 F TL 46P,1657.0
20260730120010,https://www.ceat.com/bike-tyres/honda/unicorn-tyres.html,105169,80/100-17 ZOOM PLUS F  TL 46P,1578.0
20260730120010,https://www.ceat.com/bike-tyres/honda/unicorn-tyres.html,114487,100/90-18 SecuraLYFE TL 56P,2287.0
20260730120010,https://www.ceat.com/bike-tyres/honda/unicorn-tyres.html,106384,100/90-18 ZOOM X3 TL 56P,2235.0
20260730120010,https://www.ceat.com/bike-tyres/honda/unicorn-tyres.html,113265,100/90-18 GRIPP X5 TL 56P,2583.0
20260119232918,https://www.ceat.com/bike-tyres/royal-enfield/super-meteor-tyres.html,106970,100/90-19 ZOOM CRUZ z F TL 57H,0.0
20260212025247,https://www.ceat.com/scooter-tyres/okinawa-scooters/praise-tyres.html,106061,90/90-12 MILAZE TL 54J SW,1380.0
20260211010102,https://www.ceat.com/bike-tyres/tvs/apache-tyres.html,114486,110/80-17 SecuraLYFE TL 57P,0.0
20260211010102,https://www.ceat.com/bike-tyres/tvs/apache-tyres.html,106385,110/80-17 ZOOM X3 TL 57P,1927.64
20260211010102,https://www.ceat.com/bike-tyres/tvs/apache-tyres.html,105171,110/80-17 ZOOM PLUS  TL 57P,0.0
20260211010102,https://www.ceat.com/bike-tyres/tvs/apache-tyres.html,103061,130/70-17 ZOOM XL TL 62P,2601.53
20260211010102,https://www.ceat.com/bike-tyres/tvs/apache-tyres.html,113496,150/60ZR17 SPORTRAD TL 66W,6914.06
20260211010102,https://www.ceat.com/bike-tyres/tvs/apache-tyres.html,104974,150/60R17 ZOOM RAD X1 TL 66H,4289.3
20260211010102,https://www.ceat.com/bike-tyres/tvs/apache-tyres.html,113494,110/70ZR17 SPORTRAD TL 54W,5531.0
20260211010102,https://www.ceat.com/bike-tyres/tvs/apache-tyres.html,104976,110/70R17 ZOOM RAD X1 F TL 54H,3317.28
20260211010102,https://www.ceat.com/bike-tyres/tvs/apache-tyres.html,106073,90/90-17 ZOOM X3 F TL 49P,1690.72
20260211010102,https://www.ceat.com/bike-tyres/tvs/apache-tyres.html,114487,100/90-18 SecuraLYFE TL 56P,0.0
20260211010102,https://www.ceat.com/bike-tyres/tvs/apache-tyres.html,106384,100/90-18 ZOOM X3 TL 56P,2040.11
20260211010102,https://www.ceat.com/bike-tyres/tvs/apache-tyres.html,113265,100/90-18 GRIPP X5 TL 56P,2334.19
20260211010102,https://www.ceat.com/bike-tyres/tvs/apache-tyres.html,107576,90/90-17 ZOOM PLUS F TL 49P,0.0
20260510103502,https://www.ceat.com/scooter-tyres/okinawa-scooters/praise-tyres.html,102074,90/90-12 ZOOM D TL 54J,1068.0
20260510103502,https://www.ceat.com/scooter-tyres/okinawa-scooters/praise-tyres.html,106061,90/90-12 MILAZE TL 54J SW,1380.0
20260725111620,https://www.ceat.com/bike-tyres/mahindra/pantero-tyres.html,100227,2.75-18 SECURA ZOOM F TT 42P,1774.82
20260725111620,https://www.ceat.com/bike-tyres/mahindra/pantero-tyres.html,100226,2.75-18 SECURA F85 TT 42P,1785.82
20260725111620,https://www.ceat.com/bike-tyres/mahindra/pantero-tyres.html,103202,2.75-18 SECURA F85 TL 42P,1540.0
20260725111620,https://www.ceat.com/bike-tyres/mahindra/pantero-tyres.html,114481,3.00-18 SecuraLYFE TL 52P,1826.0
20260725111620,https://www.ceat.com/bike-tyres/mahindra/pantero-tyres.html,113613,3.00-18 MILAZE X5 TL 52P,1778.0
20260725111620,https://www.ceat.com/bike-tyres/mahindra/pantero-tyres.html,113310,3.00-18 GRIPP X5 TT 52P,2058.82
20260418032328,https://www.ceat.com/bike-tyres/royal-enfield/classic-tyres.html,103033,90/90-19 ZOOM PLUS F  TT 52P,2514.39
20260418032328,https://www.ceat.com/bike-tyres/royal-enfield/classic-tyres.html,102322,90/90-19 GRIPP XL F  TT 52P,2516.24
20260418032328,https://www.ceat.com/bike-tyres/royal-enfield/classic-tyres.html,113801,120/80R18 CROSSRAD TL 62H,4517.0
20260418032328,https://www.ceat.com/bike-tyres/royal-enfield/classic-tyres.html,106202,120/80-18 GRIPP XL TL 62P,2388.58
20260418032328,https://www.ceat.com/bike-tyres/royal-enfield/classic-tyres.html,106718,110/90-18 GRIPP XL TT 61P,2865.99
20260418032328,https://www.ceat.com/bike-tyres/royal-enfield/classic-tyres.html,103034,110/90-18 ZOOM PLUS  TT 61P,2787.63
20251107102142,https://www.ceat.com/bike-tyres/suzuki/gixxer-tyres.html,103742,100/80-17 ZOOM PLUS F TL 52P SZ,1868.64
20251107102142,https://www.ceat.com/bike-tyres/suzuki/gixxer-tyres.html,106502,100/80-17 PSAFE Zoom Plus F TL 52P,2344.0
20251107102142,https://www.ceat.com/bike-tyres/suzuki/gixxer-tyres.html,113496,150/60ZR17 SPORTRAD TL 66W,6914.06
20251107102142,https://www.ceat.com/bike-tyres/suzuki/gixxer-tyres.html,104974,150/60R17 ZOOM RAD X1 TL 66H,4143.48
20251107102142,https://www.ceat.com/bike-tyres/suzuki/gixxer-tyres.html,113494,110/70ZR17 SPORTRAD TL 54W,5530.33
20251107102142,https://www.ceat.com/bike-tyres/suzuki/gixxer-tyres.html,104976,110/70R17 ZOOM RAD X1 F TL 54H,3202.56
20251107102142,https://www.ceat.com/bike-tyres/suzuki/gixxer-tyres.html,113919,140/60R17 SPORTRAD TL 63H,0.0
20251107102142,https://www.ceat.com/bike-tyres/suzuki/gixxer-tyres.html,113709,140/60R17 CROSSRAD TL 63H,4332.81
20251107102142,https://www.ceat.com/bike-tyres/suzuki/gixxer-tyres.html,107819,140/60R17 ZOOM RAD X3 63P TL,3006.94
20251212132452,https://www.ceat.com/bike-tyres/tvs/phoenix-tyres.html,100523,2.75-17 SECURA ZOOM F TT 41P,1411.41
20251212132452,https://www.ceat.com/bike-tyres/tvs/phoenix-tyres.html,100670,2.75-17 SECURA F85 TT 41P,1513.17
20251212132452,https://www.ceat.com/bike-tyres/tvs/phoenix-tyres.html,105766,2.75-17 PSAFE Gripp F TL 41P,1835.0
20251113015325,https://www.ceat.com/scooter-tyres/hero/duet-tyres.html,103686,90/100-10 ZOOM D TL 53J,1216.49
20251113015325,https://www.ceat.com/scooter-tyres/hero/duet-tyres.html,106198,90/100-10 GRIPP X3 TL 53J,1403.0
20260121123001,https://www.ceat.com/bike-tyres/honda/hornet-tyres.html,113920,140/70ZR17 SPORTRAD TL 66W,0.0
20260121123001,https://www.ceat.com/bike-tyres/honda/hornet-tyres.html,113263,140/70-17 GRIPP X5 TL 66H,3382.36
20260121123001,https://www.ceat.com/bike-tyres/honda/hornet-tyres.html,101824,140/70-17 ZOOM XL TL 66H,3309.53
20260121123001,https://www.ceat.com/bike-tyres/honda/hornet-tyres.html,105808,140/70-17 ZOOM PLUS  TL 66P,3309.53
20260121123001,https://www.ceat.com/bike-tyres/honda/hornet-tyres.html,106361,140/70-17 ZOOM CRUZ 66 H TL,3499.44
20260307211443,https://www.ceat.com/scooter-tyres/piaggio/sr125-tyres.html,104935,120/70-14 ZOOM PLUS TL 55P,2101.72
20260418044907,https://www.ceat.com/bike-tyres/bajaj/pulsar-200-ns-tyres.html,107247,100/80-17 Zoom X3 P F  TL 52P,1703.37
20260418044907,https://www.ceat.com/bike-tyres/bajaj/pulsar-200-ns-tyres.html,107251,130/70-17 Zoom X3  P TL 62P,0.0
20260606233218,https://www.ceat.com/bike-tyres/bajaj/pulsar-tyres.html,100523,2.75-17 SECURA ZOOM F TT 41P,1700.66
20260606233218,https://www.ceat.com/bike-tyres/bajaj/pulsar-tyres.html,100670,2.75-17 SECURA F85 TT 41P,1669.66
20260606233218,https://www.ceat.com/bike-tyres/bajaj/pulsar-tyres.html,114486,110/80-17 SecuraLYFE TL 57P,0.0
20260606233218,https://www.ceat.com/bike-tyres/bajaj/pulsar-tyres.html,106385,110/80-17 ZOOM X3 TL 57P,1927.64
20260606233218,https://www.ceat.com/bike-tyres/bajaj/pulsar-tyres.html,105171,110/80-17 ZOOM PLUS  TL 57P,0.0
20260606233218,https://www.ceat.com/bike-tyres/bajaj/pulsar-tyres.html,103061,130/70-17 ZOOM XL TL 62P,2601.53
20260606233218,https://www.ceat.com/bike-tyres/bajaj/pulsar-tyres.html,103742,100/80-17 ZOOM PLUS F TL 52P SZ,1868.64
20260606233218,https://www.ceat.com/bike-tyres/bajaj/pulsar-tyres.html,102502,100/80-17 ZOOM PLUS F  TL 52P,1868.64
20260606233218,https://www.ceat.com/bike-tyres/bajaj/pulsar-tyres.html,106073,90/90-17 ZOOM X3 F TL 49P,1690.72
20260606233218,https://www.ceat.com/bike-tyres/bajaj/pulsar-tyres.html,106207,80/100-17 ZOOM X3 F TL 46P,1511.88
20260606233218,https://www.ceat.com/bike-tyres/bajaj/pulsar-tyres.html,105169,80/100-17 ZOOM PLUS F  TL 46P,1574.56
20260606233218,https://www.ceat.com/bike-tyres/bajaj/pulsar-tyres.html,114624,120/80-17 SecuraLYFE TL 61P,0.0
20260606233218,https://www.ceat.com/bike-tyres/bajaj/pulsar-tyres.html,106074,120/80-17 ZOOM X3 TL 61P,2513.03
20260606233218,https://www.ceat.com/bike-tyres/bajaj/pulsar-tyres.html,113264,120/80-17 GRIPP X5 TL 61P,2716.77
20260606233218,https://www.ceat.com/bike-tyres/bajaj/pulsar-tyres.html,114482,100/90-17 SecuraLYFE TL 55P,0.0
20260606233218,https://www.ceat.com/bike-tyres/bajaj/pulsar-tyres.html,106210,100/90-17 ZOOM X3 TL 55P,0.0
20260606233218,https://www.ceat.com/bike-tyres/bajaj/pulsar-tyres.html,113266,100/90-17 GRIPP X5 TL 55P,2000.47
20260606233218,https://www.ceat.com/bike-tyres/bajaj/pulsar-tyres.html,105170,100/90-17 ZOOM PLUS  TL 55P,0.0
20260121123036,https://www.ceat.com/bike-tyres/suzuki/gs-150-tyres.html,103202,2.75-18 SECURA F85 TL 42P,1427.8
20260121123036,https://www.ceat.com/bike-tyres/suzuki/gs-150-tyres.html,114487,100/90-18 SecuraLYFE TL 56P,0.0
20260121123036,https://www.ceat.com/bike-tyres/suzuki/gs-150-tyres.html,106384,100/90-18 ZOOM X3 TL 56P,2040.11
20260121123036,https://www.ceat.com/bike-tyres/suzuki/gs-150-tyres.html,113265,100/90-18 GRIPP X5 TL 56P,2334.19
20251113015752,https://www.ceat.com/bike-tyres/mahindra/mojo-tyres.html,113496,150/60ZR17 SPORTRAD TL 66W,6914.06
20251113015752,https://www.ceat.com/bike-tyres/mahindra/mojo-tyres.html,104974,150/60R17 ZOOM RAD X1 TL 66H,4143.48
20251113015752,https://www.ceat.com/bike-tyres/mahindra/mojo-tyres.html,113494,110/70ZR17 SPORTRAD TL 54W,5530.33
20251113015752,https://www.ceat.com/bike-tyres/mahindra/mojo-tyres.html,104976,110/70R17 ZOOM RAD X1 F TL 54H,3202.56
20260510122302,https://www.ceat.com/bike-tyres/suzuki/gixxer-tyres.html,103742,100/80-17 ZOOM PLUS F TL 52P SZ,1868.64
20260510122302,https://www.ceat.com/bike-tyres/suzuki/gixxer-tyres.html,113496,150/60ZR17 SPORTRAD TL 66W,6914.06
20260510122302,https://www.ceat.com/bike-tyres/suzuki/gixxer-tyres.html,104974,150/60R17 ZOOM RAD X1 TL 66H,4433.0
20260510122302,https://www.ceat.com/bike-tyres/suzuki/gixxer-tyres.html,113494,110/70ZR17 SPORTRAD TL 54W,5531.0
20260510122302,https://www.ceat.com/bike-tyres/suzuki/gixxer-tyres.html,104976,110/70R17 ZOOM RAD X1 F TL 54H,3412.0
20260510122302,https://www.ceat.com/bike-tyres/suzuki/gixxer-tyres.html,113919,140/60R17 SPORTRAD TL 63H,0.0
20260510122302,https://www.ceat.com/bike-tyres/suzuki/gixxer-tyres.html,113709,140/60R17 CROSSRAD TL 63H,4332.81
20260510122302,https://www.ceat.com/bike-tyres/suzuki/gixxer-tyres.html,107819,140/60R17 ZOOM RAD X3 63P TL,3045.0
20260510122302,https://www.ceat.com/bike-tyres/suzuki/gixxer-tyres.html,102501,140/60R17 ZOOM RAD TL 63P,3045.0
20260412191750,https://www.ceat.com/bike-tyres/yamaha/yzf-r15-tyres.html,104975,130/70R17 M/C 62P CEAT ZOOM RAD TUBELESS,3500.0
20260606233911,https://www.ceat.com/bike-tyres/royal-enfield/meteor-tyres.html,105726,100/90-19 ZOOM PLUS F TL 57 P,2222.64
20260606233911,https://www.ceat.com/bike-tyres/royal-enfield/meteor-tyres.html,105808,140/70-17 ZOOM PLUS  TL 66P,3309.53
20260606233911,https://www.ceat.com/bike-tyres/royal-enfield/meteor-tyres.html,101824,140/70-17 ZOOM XL TL 66H,3309.53
20260606233911,https://www.ceat.com/bike-tyres/royal-enfield/meteor-tyres.html,106361,140/70-17 ZOOM CRUZ 66 H TL,3499.44
20260606233911,https://www.ceat.com/bike-tyres/royal-enfield/meteor-tyres.html,105724,100/90-19 ZOOM PLUS F TT 57 P J1AB,0.0
20260606233911,https://www.ceat.com/bike-tyres/royal-enfield/meteor-tyres.html,106524,140/70-17 ZOOM XL 66P TL,0.0
20260513220951,https://www.ceat.com/bike-tyres/mahindra/stallion-tyres.html,100227,2.75-18 SECURA ZOOM F TT 42P,1774.82
20260513220951,https://www.ceat.com/bike-tyres/mahindra/stallion-tyres.html,100226,2.75-18 SECURA F85 TT 42P,1785.82
20260513220951,https://www.ceat.com/bike-tyres/mahindra/stallion-tyres.html,103202,2.75-18 SECURA F85 TL 42P,1540.0
20260513220951,https://www.ceat.com/bike-tyres/mahindra/stallion-tyres.html,114481,3.00-18 SecuraLYFE TL 52P,1720.5
20260513220951,https://www.ceat.com/bike-tyres/mahindra/stallion-tyres.html,113613,3.00-18 MILAZE X5 TL 52P,1778.0
20260513220951,https://www.ceat.com/bike-tyres/mahindra/stallion-tyres.html,113310,3.00-18 GRIPP X5 TT 52P,2058.82
20260412192953,https://www.ceat.com/bike-tyres/suzuki/gs-150-tyres.html,100227,2.75-18 SECURA ZOOM F TT 42P,1774.82
20260412192953,https://www.ceat.com/bike-tyres/suzuki/gs-150-tyres.html,100226,2.75-18 SECURA F85 TT 42P,1785.82
20260412192953,https://www.ceat.com/bike-tyres/suzuki/gs-150-tyres.html,103202,2.75-18 SECURA F85 TL 42P,1540.0
20260412192953,https://www.ceat.com/bike-tyres/suzuki/gs-150-tyres.html,114487,100/90-18 SecuraLYFE TL 56P,0.0
20260412192953,https://www.ceat.com/bike-tyres/suzuki/gs-150-tyres.html,106384,100/90-18 ZOOM X3 TL 56P,2040.11
20260412192953,https://www.ceat.com/bike-tyres/suzuki/gs-150-tyres.html,113265,100/90-18 GRIPP X5 TL 56P,2334.19
20260513220444,https://www.ceat.com/bike-tyres/honda/hornet-tyres.html,113920,140/70ZR17 SPORTRAD TL 66W,0.0
20260513220444,https://www.ceat.com/bike-tyres/honda/hornet-tyres.html,113263,140/70-17 GRIPP X5 TL 66H,3382.36
20260513220444,https://www.ceat.com/bike-tyres/honda/hornet-tyres.html,101824,140/70-17 ZOOM XL TL 66H,3309.53
20260513220444,https://www.ceat.com/bike-tyres/honda/hornet-tyres.html,105808,140/70-17 ZOOM PLUS  TL 66P,3309.53
20260513220444,https://www.ceat.com/bike-tyres/honda/hornet-tyres.html,106361,140/70-17 ZOOM CRUZ 66 H TL,3499.44
20251008024625,https://www.ceat.com/bike-tyres/hero/xtreme-tyres.html,103742,100/80-17 ZOOM PLUS F TL 52P SZ,2027.0
20251008024625,https://www.ceat.com/bike-tyres/hero/xtreme-tyres.html,106502,100/80-17 PSAFE Zoom Plus F TL 52P,2344.0
20251008024625,https://www.ceat.com/bike-tyres/hero/xtreme-tyres.html,104975,130/70R17 M/C 62P CEAT ZOOM RAD TUBELESS,3283.94
20260801040127,https://www.ceat.com/bike-tyres/hero/cbz-xtreme-tyres.html,101922,80/100-18 SECURA ZOOM F  TL 47P,1711.0
20260801040127,https://www.ceat.com/bike-tyres/hero/cbz-xtreme-tyres.html,102572,80/100-18 ZOOM PLUS F TL 47P,1725.0
20260801040127,https://www.ceat.com/bike-tyres/hero/cbz-xtreme-tyres.html,103034,110/90-18 ZOOM PLUS  TT 61P,2812.27
20260212222148,https://www.ceat.com/bike-tyres/bajaj/platina-tyres.html,100523,2.75-17 SECURA ZOOM F TT 41P,1411.41
20260212222148,https://www.ceat.com/bike-tyres/bajaj/platina-tyres.html,100670,2.75-17 SECURA F85 TT 41P,1513.17
20260212222148,https://www.ceat.com/bike-tyres/bajaj/platina-tyres.html,102442,80/100-17 ZOOM XL  TL 53P,1496.2
20260212222148,https://www.ceat.com/bike-tyres/bajaj/platina-tyres.html,106207,80/100-17 ZOOM X3 F TL 46P,1511.88
20260212222148,https://www.ceat.com/bike-tyres/bajaj/platina-tyres.html,105169,80/100-17 ZOOM PLUS F  TL 46P,1574.56
20260212222148,https://www.ceat.com/bike-tyres/bajaj/platina-tyres.html,114489,3.00-17 SecuraLYFE TL 50P,1666.24
20260212222148,https://www.ceat.com/bike-tyres/bajaj/platina-tyres.html,113614,3.00-17 MILAZE X5 TL 50P,1594.85
20260212222148,https://www.ceat.com/bike-tyres/bajaj/platina-tyres.html,113268,3.00-17 GRIPP X5 TT 50P,1828.69
20260212222148,https://www.ceat.com/bike-tyres/bajaj/platina-tyres.html,114035,3.00-17 MILAZE X5 TT 50P WITH 3.00-17 TU,0.0
20260212222148,https://www.ceat.com/bike-tyres/bajaj/platina-tyres.html,114805,3.00-17 SecuraLYFE TT 50P WITH 3.00-17 T,0.0
20260212222148,https://www.ceat.com/bike-tyres/bajaj/platina-tyres.html,102443,80/100-17 ZOOM XL F TL 46P O,1594.84
20260513215819,https://www.ceat.com/bike-tyres/royal-enfield/super-meteor-tyres.html,106970,100/90-19 ZOOM CRUZ z F TL 57H,0.0
20250916143451,https://www.ceat.com/bike-tyres/hero/splendor-tyres.html,100227,2.75-18 SECURA ZOOM F TT 42P,1545.86
20250916143451,https://www.ceat.com/bike-tyres/hero/splendor-tyres.html,100226,2.75-18 SECURA F85 TT 42P,1556.7
20250916143451,https://www.ceat.com/bike-tyres/hero/splendor-tyres.html,103202,2.75-18 SECURA F85 TL 42P,1539.51
20250916143451,https://www.ceat.com/bike-tyres/hero/splendor-tyres.html,105762,2.75-18 PSAFE Gripp F TL 42P,1671.88
20250916143451,https://www.ceat.com/bike-tyres/hero/splendor-tyres.html,101922,80/100-18 SECURA ZOOM F  TL 47P,1711.42
20250916143451,https://www.ceat.com/bike-tyres/hero/splendor-tyres.html,102572,80/100-18 ZOOM PLUS F TL 47P,1725.36
20250916143451,https://www.ceat.com/bike-tyres/hero/splendor-tyres.html,105740,80/100-18 PSAFE  Secura Zoom F TL 47P,2058.0
20250916143451,https://www.ceat.com/bike-tyres/hero/splendor-tyres.html,101957,80/100-18 SECURA ZOOM+ TL 54P,1872.5
20250916143451,https://www.ceat.com/bike-tyres/hero/splendor-tyres.html,103065,80/100-18 MILAZE  TL 54P,1843.0
20250916143451,https://www.ceat.com/bike-tyres/hero/splendor-tyres.html,106500,80/100-18 PSAFE Gripp X3 TL 54P,2231.0
20250916143451,https://www.ceat.com/bike-tyres/hero/splendor-tyres.html,113267,80/100-18 GRIPP X5 TL 54P,1937.55
20250916143451,https://www.ceat.com/bike-tyres/hero/splendor-tyres.html,105763,2.75-18 PSAFE Milaze TL 48P,1948.0
20250916143451,https://www.ceat.com/bike-tyres/hero/splendor-tyres.html,113269,2.75-18 GRIPP X5 TT 48P,1691.45
20260305205145,https://www.ceat.com/bike-tyres/aprilia/rs-457-tyres.html,113494,110/70ZR17 SPORTRAD TL 54W,5531.0
20260305205145,https://www.ceat.com/bike-tyres/aprilia/rs-457-tyres.html,104976,110/70R17 ZOOM RAD X1 F TL 54H,3317.28
20260305205145,https://www.ceat.com/bike-tyres/aprilia/rs-457-tyres.html,113496,150/60ZR17 SPORTRAD TL 66W,6914.06
20260305205145,https://www.ceat.com/bike-tyres/aprilia/rs-457-tyres.html,104974,150/60R17 ZOOM RAD X1 TL 66H,4289.3
20260418044852,https://www.ceat.com/bike-tyres/tvs/sport-tyres.html,100523,2.75-17 SECURA ZOOM F TT 41P,1700.66
20260418044852,https://www.ceat.com/bike-tyres/tvs/sport-tyres.html,100670,2.75-17 SECURA F85 TT 41P,1669.66
20260418044852,https://www.ceat.com/bike-tyres/tvs/sport-tyres.html,114489,3.00-17 SecuraLYFE TL 50P,1666.24
20260418044852,https://www.ceat.com/bike-tyres/tvs/sport-tyres.html,113614,3.00-17 MILAZE X5 TL 50P,1721.0
20260418044852,https://www.ceat.com/bike-tyres/tvs/sport-tyres.html,113268,3.00-17 GRIPP X5 TT 50P,2017.39
20260418044852,https://www.ceat.com/bike-tyres/tvs/sport-tyres.html,114035,3.00-17 MILAZE X5 TT 50P WITH 3.00-17 TU,0.0
20260418044852,https://www.ceat.com/bike-tyres/tvs/sport-tyres.html,114805,3.00-17 SecuraLYFE TT 50P WITH 3.00-17 T,0.0
20260119235355,https://www.ceat.com/bike-tyres/triumph/street-scrambler-tyres.html,113578,150/70R17 CROSSRAD TL 69V,0.0
20260114110814,https://www.ceat.com/bike-tyres/honda/africa-twin-tyres.html,103172,90/90-21 GRIPP XL F TT 54S RE,3171.2
20260217113102,https://www.ceat.com/bike-tyres/hero/super-splendor-tyres.html,101922,80/100-18 SECURA ZOOM F  TL 47P,1586.29
20260217113102,https://www.ceat.com/bike-tyres/hero/super-splendor-tyres.html,104941,90/90-18 SECURA ZOOM+ TL 51P,1863.28
20260520171835,https://www.ceat.com/bike-tyres/suzuki/hayate-tyres.html,102442,80/100-17 ZOOM XL  TL 53P,1496.2
20251107001508,https://www.ceat.com/bike-tyres/hero/glamour-tyres.html,100227,2.75-18 SECURA ZOOM F TT 42P,1604.91
20251107001508,https://www.ceat.com/bike-tyres/hero/glamour-tyres.html,100226,2.75-18 SECURA F85 TT 42P,1614.9
20251107001508,https://www.ceat.com/bike-tyres/hero/glamour-tyres.html,103202,2.75-18 SECURA F85 TL 42P,1419.24
20251107001508,https://www.ceat.com/bike-tyres/hero/glamour-tyres.html,105762,2.75-18 PSAFE Gripp F TL 42P,1671.88
20251107001508,https://www.ceat.com/bike-tyres/hero/glamour-tyres.html,101922,80/100-18 SECURA ZOOM F  TL 47P,1577.72
20251107001508,https://www.ceat.com/bike-tyres/hero/glamour-tyres.html,102572,80/100-18 ZOOM PLUS F TL 47P,1590.57
20251107001508,https://www.ceat.com/bike-tyres/hero/glamour-tyres.html,105740,80/100-18 PSAFE  Secura Zoom F TL 47P,2058.0
20251107001508,https://www.ceat.com/bike-tyres/hero/glamour-tyres.html,101957,80/100-18 SECURA ZOOM+ TL 54P,1726.21
20251107001508,https://www.ceat.com/bike-tyres/hero/glamour-tyres.html,103065,80/100-18 MILAZE  TL 54P,1843.0
20251107001508,https://www.ceat.com/bike-tyres/hero/glamour-tyres.html,106500,80/100-18 PSAFE Gripp X3 TL 54P,2231.0
20251107001508,https://www.ceat.com/bike-tyres/hero/glamour-tyres.html,113267,80/100-18 GRIPP X5 TL 54P,1786.18
20251107001508,https://www.ceat.com/bike-tyres/hero/glamour-tyres.html,101494,3.00-18 MILAZE  TT 52P,1986.82
20251107001508,https://www.ceat.com/bike-tyres/hero/glamour-tyres.html,105765,3.00-18 PSAFE Milaze TL 52P,2125.0
20251107001508,https://www.ceat.com/bike-tyres/hero/glamour-tyres.html,113310,3.00-18 GRIPP X5 TT 52P,1866.2
20250916143003,https://www.ceat.com/bike-tyres/jawa/perak-tyres.html,106360,100/90-18 ZOOM CRUZ F  56 H TL,2695.0
20250916143003,https://www.ceat.com/bike-tyres/jawa/perak-tyres.html,106361,140/70-17 ZOOM CRUZ 66 H TL,3796.0
20250914154036,https://www.ceat.com/scooter-tyres/honda/dio-tyres.html,103686,90/100-10 ZOOM D TL 53J,1319.58
20250914154036,https://www.ceat.com/scooter-tyres/honda/dio-tyres.html,101784,90/100-10 ZOOM D  TT 53J,1373.79
20260412202104,https://www.ceat.com/scooter-tyres/yamaha/ray-tyres.html,103686,90/100-10 ZOOM D TL 53J,1338.0
20260412202104,https://www.ceat.com/scooter-tyres/yamaha/ray-tyres.html,106198,90/100-10 GRIPP X3 TL 53J,1403.0
20260412202104,https://www.ceat.com/scooter-tyres/yamaha/ray-tyres.html,105918,90/100-10 MILAZE  TL 53J SW,1224.0
20260412202104,https://www.ceat.com/scooter-tyres/yamaha/ray-tyres.html,114078,110/90-10 ZOOM X3 TL 61J,0.0
20251107095135,https://www.ceat.com/bike-tyres/yamaha/alba-tyres.html,100227,2.75-18 SECURA ZOOM F TT 42P,1604.91
20251107095135,https://www.ceat.com/bike-tyres/yamaha/alba-tyres.html,100226,2.75-18 SECURA F85 TT 42P,1614.9
20251107095135,https://www.ceat.com/bike-tyres/yamaha/alba-tyres.html,103202,2.75-18 SECURA F85 TL 42P,1419.24
20251107095135,https://www.ceat.com/bike-tyres/yamaha/alba-tyres.html,105762,2.75-18 PSAFE Gripp F TL 42P,1671.88
20251107095135,https://www.ceat.com/bike-tyres/yamaha/alba-tyres.html,101494,3.00-18 MILAZE  TT 52P,1986.82
20251107095135,https://www.ceat.com/bike-tyres/yamaha/alba-tyres.html,105765,3.00-18 PSAFE Milaze TL 52P,2125.0
20251107095135,https://www.ceat.com/bike-tyres/yamaha/alba-tyres.html,113310,3.00-18 GRIPP X5 TT 52P,1866.2
20260513213304,https://www.ceat.com/bike-tyres/yamaha/gladiator-tyres.html,100227,2.75-18 SECURA ZOOM F TT 42P,1604.91
20260513213304,https://www.ceat.com/bike-tyres/yamaha/gladiator-tyres.html,100226,2.75-18 SECURA F85 TT 42P,1614.9
20260513213304,https://www.ceat.com/bike-tyres/yamaha/gladiator-tyres.html,103202,2.75-18 SECURA F85 TL 42P,1427.8
20260513213304,https://www.ceat.com/bike-tyres/yamaha/gladiator-tyres.html,114481,3.00-18 SecuraLYFE TL 52P,1720.5
20260513213304,https://www.ceat.com/bike-tyres/yamaha/gladiator-tyres.html,113613,3.00-18 MILAZE X5 TL 52P,1661.96
20260513213304,https://www.ceat.com/bike-tyres/yamaha/gladiator-tyres.html,113310,3.00-18 GRIPP X5 TT 52P,1866.2
20260510113134,https://www.ceat.com/bike-tyres/honda/cbf-stunner-tyres.html,106207,80/100-17 ZOOM X3 F TL 46P,1511.88
20260510113134,https://www.ceat.com/bike-tyres/honda/cbf-stunner-tyres.html,105169,80/100-17 ZOOM PLUS F  TL 46P,1574.56
20260510113134,https://www.ceat.com/bike-tyres/honda/cbf-stunner-tyres.html,114482,100/90-17 SecuraLYFE TL 55P,0.0
20260510113134,https://www.ceat.com/bike-tyres/honda/cbf-stunner-tyres.html,106210,100/90-17 ZOOM X3 TL 55P,0.0
20260510113134,https://www.ceat.com/bike-tyres/honda/cbf-stunner-tyres.html,113266,100/90-17 GRIPP X5 TL 55P,2000.47
20260209182620,https://www.ceat.com/bike-tyres/bajaj/ktm-duke-tyres.html,113496,150/60ZR17 SPORTRAD TL 66W,6914.06
20260209182620,https://www.ceat.com/bike-tyres/bajaj/ktm-duke-tyres.html,104974,150/60R17 ZOOM RAD X1 TL 66H,4289.3
20260209182620,https://www.ceat.com/bike-tyres/bajaj/ktm-duke-tyres.html,113494,110/70ZR17 SPORTRAD TL 54W,5531.0
20260209182620,https://www.ceat.com/bike-tyres/bajaj/ktm-duke-tyres.html,104976,110/70R17 ZOOM RAD X1 F TL 54H,3317.28
20260209182620,https://www.ceat.com/bike-tyres/bajaj/ktm-duke-tyres.html,113895,120/70ZR17 SPORTRAD ST TL 58W,0.0
20260209182620,https://www.ceat.com/bike-tyres/bajaj/ktm-duke-tyres.html,113896,180/55ZR17 SPORTRAD ST TL 73W,0.0
20260520155825,https://www.ceat.com/bike-tyres/hero/karizma-tyres.html,101922,80/100-18 SECURA ZOOM F  TL 47P,1711.0
20260520155825,https://www.ceat.com/bike-tyres/hero/karizma-tyres.html,102572,80/100-18 ZOOM PLUS F TL 47P,1725.0
20260520155825,https://www.ceat.com/bike-tyres/hero/karizma-tyres.html,106202,120/80-18 GRIPP XL TL 62P,2388.58
20260120003759,https://www.ceat.com/bike-tyres/honda/sp160-tyres.html,102572,80/100-18 ZOOM PLUS F TL 47P,1599.14
20260120003759,https://www.ceat.com/bike-tyres/honda/sp160-tyres.html,105782,100/80-18 ZOOM PLUS TL 53P,1730.49
20260412195220,https://www.ceat.com/scooter-tyres/suzuki/lets-tyres.html,103686,90/100-10 ZOOM D TL 53J,1338.0
20260412195220,https://www.ceat.com/scooter-tyres/suzuki/lets-tyres.html,106198,90/100-10 GRIPP X3 TL 53J,1403.0
20260412195220,https://www.ceat.com/scooter-tyres/suzuki/lets-tyres.html,105918,90/100-10 MILAZE  TL 53J SW,1224.0
20260217123407,https://www.ceat.com/bike-tyres/triumph/street-scrambler-tyres.html,113578,150/70R17 CROSSRAD TL 69V,0.0
20251212130052,https://www.ceat.com/scooter-tyres/suzuki/access-tyres.html,101784,90/100-10 ZOOM D  TT 53J,1266.46
20251212130052,https://www.ceat.com/scooter-tyres/suzuki/access-tyres.html,106198,90/100-10 GRIPP X3 TL 53J,1403.0
20251016223543,https://www.ceat.com/bike-tyres/suzuki/intruder-tyres.html,103742,100/80-17 ZOOM PLUS F TL 52P SZ,2027.0
20251016223543,https://www.ceat.com/bike-tyres/suzuki/intruder-tyres.html,106502,100/80-17 PSAFE Zoom Plus F TL 52P,2344.0
20251016223543,https://www.ceat.com/bike-tyres/suzuki/intruder-tyres.html,113709,140/60R17 CROSSRAD TL 63H,4700.0
20251016223543,https://www.ceat.com/bike-tyres/suzuki/intruder-tyres.html,107819,140/60R17 ZOOM RAD X3 63P TL,3006.94
20260510113816,https://www.ceat.com/bike-tyres/hero/super-splendor-tyres.html,101922,80/100-18 SECURA ZOOM F  TL 47P,1711.0
20260510113816,https://www.ceat.com/bike-tyres/hero/super-splendor-tyres.html,104941,90/90-18 SECURA ZOOM+ TL 51P,2012.0
20260513215258,https://www.ceat.com/bike-tyres/bmw/s1000xr-tyres.html,113895,120/70ZR17 SPORTRAD ST TL 58W,0.0
20260513215258,https://www.ceat.com/bike-tyres/bmw/s1000xr-tyres.html,113921,190/55ZR17 SPORTRAD ST TL 75W,0.0
20260120000621,https://www.ceat.com/bike-tyres/hero/xtreme-125r-tyres.html,107251,130/70-17 Zoom X3  P TL 62P,0.0
20260606233836,https://www.ceat.com/scooter-tyres/honda/grazia-tyres.html,102074,90/90-12 ZOOM D TL 54J,1068.0
20260606233836,https://www.ceat.com/scooter-tyres/honda/grazia-tyres.html,106198,90/100-10 GRIPP X3 TL 53J,1403.0
20260606233836,https://www.ceat.com/scooter-tyres/honda/grazia-tyres.html,105918,90/100-10 MILAZE  TL 53J SW,1224.0
20260412202704,https://www.ceat.com/scooter-tyres/honda/activa-tyres.html,103686,90/100-10 ZOOM D TL 53J,1338.0
20260412202704,https://www.ceat.com/scooter-tyres/honda/activa-tyres.html,102074,90/90-12 ZOOM D TL 54J,1068.0
20260412202704,https://www.ceat.com/scooter-tyres/honda/activa-tyres.html,106198,90/100-10 GRIPP X3 TL 53J,1403.0
20260412202704,https://www.ceat.com/scooter-tyres/honda/activa-tyres.html,105918,90/100-10 MILAZE  TL 53J SW,1224.0
20260119031315,https://www.ceat.com/bike-tyres/bajaj/xcd-tyres.html,100523,2.75-17 SECURA ZOOM F TT 41P,1411.41
20260119031315,https://www.ceat.com/bike-tyres/bajaj/xcd-tyres.html,114482,100/90-17 SecuraLYFE TL 55P,0.0
20260119031315,https://www.ceat.com/bike-tyres/bajaj/xcd-tyres.html,106210,100/90-17 ZOOM X3 TL 55P,0.0
20260119031315,https://www.ceat.com/bike-tyres/bajaj/xcd-tyres.html,113266,100/90-17 GRIPP X5 TL 55P,2000.47
20250914143531,https://www.ceat.com/bike-tyres/suzuki/gs-150-tyres.html,100227,2.75-18 SECURA ZOOM F TT 42P,1545.86
20250914143531,https://www.ceat.com/bike-tyres/suzuki/gs-150-tyres.html,100226,2.75-18 SECURA F85 TT 42P,1556.7
20250914143531,https://www.ceat.com/bike-tyres/suzuki/gs-150-tyres.html,103202,2.75-18 SECURA F85 TL 42P,1539.51
20250914143531,https://www.ceat.com/bike-tyres/suzuki/gs-150-tyres.html,105762,2.75-18 PSAFE Gripp F TL 42P,1671.88
20250914143531,https://www.ceat.com/bike-tyres/suzuki/gs-150-tyres.html,106384,100/90-18 ZOOM X3 TL 56P,2213.0
20250914143531,https://www.ceat.com/bike-tyres/suzuki/gs-150-tyres.html,106762,100/90-18 PSAFE GRIPP X3 TL 56P,2750.0
20250914143531,https://www.ceat.com/bike-tyres/suzuki/gs-150-tyres.html,106763,100/90-18 PSAFE Zoom X3 TL 56P,2631.0
20250914143531,https://www.ceat.com/bike-tyres/suzuki/gs-150-tyres.html,113265,100/90-18 GRIPP X5 TL 56P,2532.0
20260412193327,https://www.ceat.com/scooter-tyres/honda/aviator-tyres.html,102074,90/90-12 ZOOM D TL 54J,1068.0
20260412193327,https://www.ceat.com/scooter-tyres/honda/aviator-tyres.html,106198,90/100-10 GRIPP X3 TL 53J,1403.0
20260412193327,https://www.ceat.com/scooter-tyres/honda/aviator-tyres.html,105918,90/100-10 MILAZE  TL 53J SW,1224.0
20251212121855,https://www.ceat.com/bike-tyres/honda/unicorn-tyres.html,100227,2.75-18 SECURA ZOOM F TT 42P,1604.91
20251212121855,https://www.ceat.com/bike-tyres/honda/unicorn-tyres.html,100226,2.75-18 SECURA F85 TT 42P,1614.9
20251212121855,https://www.ceat.com/bike-tyres/honda/unicorn-tyres.html,103202,2.75-18 SECURA F85 TL 42P,1427.8
20251212121855,https://www.ceat.com/bike-tyres/honda/unicorn-tyres.html,105762,2.75-18 PSAFE Gripp F TL 42P,1671.88
20251212121855,https://www.ceat.com/bike-tyres/honda/unicorn-tyres.html,101922,80/100-18 SECURA ZOOM F  TL 47P,1586.29
20251212121855,https://www.ceat.com/bike-tyres/honda/unicorn-tyres.html,102572,80/100-18 ZOOM PLUS F TL 47P,1599.14
20251212121855,https://www.ceat.com/bike-tyres/honda/unicorn-tyres.html,105740,80/100-18 PSAFE  Secura Zoom F TL 47P,2058.0
20251212121855,https://www.ceat.com/bike-tyres/honda/unicorn-tyres.html,114486,110/80-17 SecuraLYFE TL 57P,0.0
20251212121855,https://www.ceat.com/bike-tyres/honda/unicorn-tyres.html,106385,110/80-17 ZOOM X3 TL 57P,1927.64
20251212121855,https://www.ceat.com/bike-tyres/honda/unicorn-tyres.html,102453,110/80-17 ZOOM XL TL 57P,0.0
20251212121855,https://www.ceat.com/bike-tyres/honda/unicorn-tyres.html,106207,80/100-17 ZOOM X3 F TL 46P,1511.88
20251212121855,https://www.ceat.com/bike-tyres/honda/unicorn-tyres.html,105169,80/100-17 ZOOM PLUS F  TL 46P,1574.56
20251212121855,https://www.ceat.com/bike-tyres/honda/unicorn-tyres.html,106501,80/100-17 PSAFE Zoom X3 F TL 46P,1985.0
20251212121855,https://www.ceat.com/bike-tyres/honda/unicorn-tyres.html,106517,80/100-17 GRIPP X3 F TL 46P,1713.0
20251212121855,https://www.ceat.com/bike-tyres/honda/unicorn-tyres.html,114487,100/90-18 SecuraLYFE TL 56P,0.0
20251212121855,https://www.ceat.com/bike-tyres/honda/unicorn-tyres.html,106384,100/90-18 ZOOM X3 TL 56P,2040.11
20251212121855,https://www.ceat.com/bike-tyres/honda/unicorn-tyres.html,106762,100/90-18 PSAFE GRIPP X3 TL 56P,2750.0
20251212121855,https://www.ceat.com/bike-tyres/honda/unicorn-tyres.html,106763,100/90-18 PSAFE Zoom X3 TL 56P,2631.0
20251212121855,https://www.ceat.com/bike-tyres/honda/unicorn-tyres.html,113265,100/90-18 GRIPP X5 TL 56P,2334.19
20260217111545,https://www.ceat.com/bike-tyres/royal-enfield/shotgun-tyres.html,106970,100/90-19 ZOOM CRUZ z F TL 57H,0.0
20260217111545,https://www.ceat.com/bike-tyres/royal-enfield/shotgun-tyres.html,106971,150/80 B16 ZOOM CRUZ z TL 71H,0.0
20260412190014,https://www.ceat.com/bike-tyres/royal-enfield/thunderbird-tyres.html,103033,90/90-19 ZOOM PLUS F  TT 52P,2514.39
20260412190014,https://www.ceat.com/bike-tyres/royal-enfield/thunderbird-tyres.html,102322,90/90-19 GRIPP XL F  TT 52P,2516.24
20260412190014,https://www.ceat.com/bike-tyres/royal-enfield/thunderbird-tyres.html,106202,120/80-18 GRIPP XL TL 62P,2388.58
20260412190014,https://www.ceat.com/bike-tyres/royal-enfield/thunderbird-tyres.html,106718,110/90-18 GRIPP XL TT 61P,2865.99
20260412190014,https://www.ceat.com/bike-tyres/royal-enfield/thunderbird-tyres.html,103034,110/90-18 ZOOM PLUS  TT 61P,2787.63
20260120031623,https://www.ceat.com/bike-tyres/tvs/star-city-tyres.html,100523,2.75-17 SECURA ZOOM F TT 41P,1411.41
20260120031623,https://www.ceat.com/bike-tyres/tvs/star-city-tyres.html,114489,3.00-17 SecuraLYFE TL 50P,1666.24
20260120031623,https://www.ceat.com/bike-tyres/tvs/star-city-tyres.html,113614,3.00-17 MILAZE X5 TL 50P,1594.85
20260120031623,https://www.ceat.com/bike-tyres/tvs/star-city-tyres.html,114035,3.00-17 MILAZE X5 TT 50P WITH 3.00-17 TU,0.0
20260120031623,https://www.ceat.com/bike-tyres/tvs/star-city-tyres.html,114805,3.00-17 SecuraLYFE TT 50P WITH 3.00-17 T,0.0
20260609080344,https://www.ceat.com/bike-tyres/hero/impulse-tyres.html,103033,90/90-19 ZOOM PLUS F  TT 52P,2514.39
20251001020107,https://www.ceat.com/scooter-tyres/honda/dio-tyres.html,103686,90/100-10 ZOOM D TL 53J,1216.49
20251001020107,https://www.ceat.com/scooter-tyres/honda/dio-tyres.html,101784,90/100-10 ZOOM D  TT 53J,1266.46
20260519103338,https://www.ceat.com/scooter-tyres/yamaha/fascino-tyres.html,103686,90/100-10 ZOOM D TL 53J,1338.0
20260519103338,https://www.ceat.com/scooter-tyres/yamaha/fascino-tyres.html,106198,90/100-10 GRIPP X3 TL 53J,1403.0
20260519103338,https://www.ceat.com/scooter-tyres/yamaha/fascino-tyres.html,105918,90/100-10 MILAZE  TL 53J SW,1224.0
20260212034912,https://www.ceat.com/bike-tyres/yamaha/crux-r-tyres.html,100227,2.75-18 SECURA ZOOM F TT 42P,1604.91
20260212034912,https://www.ceat.com/bike-tyres/yamaha/crux-r-tyres.html,100226,2.75-18 SECURA F85 TT 42P,1614.9
20260212034912,https://www.ceat.com/bike-tyres/yamaha/crux-r-tyres.html,103202,2.75-18 SECURA F85 TL 42P,1427.8
20260212034912,https://www.ceat.com/bike-tyres/yamaha/crux-r-tyres.html,114481,3.00-18 SecuraLYFE TL 52P,1720.5
20260212034912,https://www.ceat.com/bike-tyres/yamaha/crux-r-tyres.html,113613,3.00-18 MILAZE X5 TL 52P,1661.96
20260212034912,https://www.ceat.com/bike-tyres/yamaha/crux-r-tyres.html,113310,3.00-18 GRIPP X5 TT 52P,1866.2
20260208042245,https://www.ceat.com/scooter-tyres/piaggio/sr125-tyres.html,104935,120/70-14 ZOOM PLUS TL 55P,2101.72
20260723160736,https://www.ceat.com/bike-tyres/hero/ambition-tyres.html,100227,2.75-18 SECURA ZOOM F TT 42P,1774.82
20260723160736,https://www.ceat.com/bike-tyres/hero/ambition-tyres.html,100226,2.75-18 SECURA F85 TT 42P,1785.82
20260723160736,https://www.ceat.com/bike-tyres/hero/ambition-tyres.html,103202,2.75-18 SECURA F85 TL 42P,1540.0
20260723160736,https://www.ceat.com/bike-tyres/hero/ambition-tyres.html,114481,3.00-18 SecuraLYFE TL 52P,1826.0
20260723160736,https://www.ceat.com/bike-tyres/hero/ambition-tyres.html,113613,3.00-18 MILAZE X5 TL 52P,1778.0
20260723160736,https://www.ceat.com/bike-tyres/hero/ambition-tyres.html,113310,3.00-18 GRIPP X5 TT 52P,2058.82
20260606052328,https://www.ceat.com/bike-tyres/honda/sp160-tyres.html,102572,80/100-18 ZOOM PLUS F TL 47P,1725.0
20260606052328,https://www.ceat.com/bike-tyres/honda/sp160-tyres.html,105782,100/80-18 ZOOM PLUS TL 53P,1730.49
20251012132200,https://www.ceat.com/bike-tyres/yamaha/enticer-tyres.html,100227,2.75-18 SECURA ZOOM F TT 42P,1604.91
20251012132200,https://www.ceat.com/bike-tyres/yamaha/enticer-tyres.html,100226,2.75-18 SECURA F85 TT 42P,1614.9
20251012132200,https://www.ceat.com/bike-tyres/yamaha/enticer-tyres.html,103202,2.75-18 SECURA F85 TL 42P,1419.24
20251012132200,https://www.ceat.com/bike-tyres/yamaha/enticer-tyres.html,105762,2.75-18 PSAFE Gripp F TL 42P,1671.88
20251012132200,https://www.ceat.com/bike-tyres/yamaha/enticer-tyres.html,105763,2.75-18 PSAFE Milaze TL 48P,1948.0
20251012132200,https://www.ceat.com/bike-tyres/yamaha/enticer-tyres.html,113269,2.75-18 GRIPP X5 TT 48P,1739.13
20260217121746,https://www.ceat.com/bike-tyres/hero/xtreme-125r-tyres.html,107251,130/70-17 Zoom X3  P TL 62P,0.0
20251107005701,https://www.ceat.com/scooter-tyres/yamaha/ray-tyres.html,103686,90/100-10 ZOOM D TL 53J,1216.49
20251107005701,https://www.ceat.com/scooter-tyres/yamaha/ray-tyres.html,106198,90/100-10 GRIPP X3 TL 53J,1403.0
20260513223257,https://www.ceat.com/bike-tyres/bmw/gs-750-tyres.html,113578,150/70R17 CROSSRAD TL 69V,0.0
20260720012806,https://www.ceat.com/bike-tyres/bmw/s1000xr-tyres.html,113895,120/70ZR17 SPORTRAD ST TL 58W,14000.0
20260720012806,https://www.ceat.com/bike-tyres/bmw/s1000xr-tyres.html,113921,190/55ZR17 SPORTRAD ST TL 75W,20000.0
20260208053545,https://www.ceat.com/bike-tyres/kawasaki/ninja-tyres.html,113496,150/60ZR17 SPORTRAD TL 66W,6914.06
20260208053545,https://www.ceat.com/bike-tyres/kawasaki/ninja-tyres.html,104974,150/60R17 ZOOM RAD X1 TL 66H,4289.3
20260208053545,https://www.ceat.com/bike-tyres/kawasaki/ninja-tyres.html,113494,110/70ZR17 SPORTRAD TL 54W,5531.0
20260208053545,https://www.ceat.com/bike-tyres/kawasaki/ninja-tyres.html,104976,110/70R17 ZOOM RAD X1 F TL 54H,3317.28
20260606223041,https://www.ceat.com/bike-tyres/royal-enfield/goan-classic-tyres.html,112903,100/90-19 Zoom Classic F TL 63P,0.0
20260606223041,https://www.ceat.com/bike-tyres/royal-enfield/goan-classic-tyres.html,112902,130/90-16 Zoom Classic TL 74P,0.0
