state,item,month,level,n_centres
Assam,Wheat atta,2025-01,40.062387790767104,28
Assam,Wheat atta,2025-02,40.76411168916907,28
Assam,Wheat atta,2025-03,41.083586182800595,28
Assam,Wheat atta,2025-04,41.00736494147635,28
Assam,Wheat atta,2025-05,40.49093164708487,28
Assam,Wheat atta,2025-06,39.585518926423106,28
Assam,Wheat atta,2025-07,39.38624143361724,28
Assam,Wheat atta,2025-08,39.402592113172425,28
Assam,Wheat atta,2025-09,39.75506886147721,28
Assam,Wheat atta,2025-10,39.879612161681806,28
Telangana,Wheat atta,2025-01,42.94551036584321,10
Telangana,Wheat atta,2025-02,43.07138211051244,10
Telangana,Wheat atta,2025-03,42.694793762525165,10
Telangana,Wheat atta,2025-04,42.561699143630825,10
Telangana,Wheat atta,2025-05,42.796957024233464,10
Telangana,Wheat atta,2025-06,42.91224428738129,10
Telangana,Wheat atta,2025-07,43.01531610231958,10
Telangana,Wheat atta,2025-08,43.40128625188284,10
Telangana,Wheat atta,2025-09,43.76354064020304,10
Telangana,Wheat atta,2025-10,44.13479051072841,10
Madhya Pradesh,Wheat atta,2025-01,35.20483499537051,50
Madhya Pradesh,Wheat atta,2025-02,35.65184744259576,50
Madhya Pradesh,Wheat atta,2025-03,35.2426722882019,50
Madhya Pradesh,Wheat atta,2025-04,33.91891202551128,50
Madhya Pradesh,Wheat atta,2025-05,33.73321004394515,50
Madhya Pradesh,Wheat atta,2025-06,34.01241868547137,50
Madhya Pradesh,Wheat atta,2025-07,34.02787448315777,50
Madhya Pradesh,Wheat atta,2025-08,34.36693935942382,50
Madhya Pradesh,Wheat atta,2025-09,34.50875874386103,50
Madhya Pradesh,Wheat atta,2025-10,34.50066661931363,50
Uttar Pradesh,Wheat atta,2025-01,34.301189017793,75
Uttar Pradesh,Wheat atta,2025-02,34.61192203179929,75
Uttar Pradesh,Wheat atta,2025-03,34.45292291252335,75
Uttar Pradesh,Wheat atta,2025-04,33.37024317880262,75
Uttar Pradesh,Wheat atta,2025-05,32.923627029971854,75
Uttar Pradesh,Wheat atta,2025-06,33.020733580221545,75
Uttar Pradesh,Wheat atta,2025-07,33.08361553621056,75
Uttar Pradesh,Wheat atta,2025-08,33.38881560957434,75
Uttar Pradesh,Wheat atta,2025-09,33.333463355245954,75
Uttar Pradesh,Wheat atta,2025-10,33.308331712434054,75
Maharashtra,Wheat atta,2025-01,44.621664859069035,19
Maharashtra,Wheat atta,2025-02,45.1762698561043,19
Maharashtra,Wheat atta,2025-03,44.71977580424466,19
Maharashtra,Wheat atta,2025-04,44.0368873987262,19
Maharashtra,Wheat atta,2025-05,43.12471831306646,19
Maharashtra,Wheat atta,2025-06,43.19803109971233,19
Maharashtra,Wheat atta,2025-07,43.50155020266329,19
Maharashtra,Wheat atta,2025-08,44.19234665232264,19
Maharashtra,Wheat atta,2025-09,44.55236221723473,19
Maharashtra,Wheat atta,2025-10,44.40592224198479,19
Gujarat,Wheat atta,2025-01,35.82735040421319,8
Gujarat,Wheat atta,2025-02,36.16408043238675,8
Gujarat,Wheat atta,2025-03,36.8073967278001,8
Gujarat,Wheat atta,2025-04,37.09938583776363,8
Gujarat,Wheat atta,2025-05,35.948973961223835,8
Gujarat,Wheat atta,2025-06,34.68664443331309,8
Gujarat,Wheat atta,2025-07,34.396170107810796,8
Gujarat,Wheat atta,2025-08,34.58568233008552,8
Gujarat,Wheat atta,2025-09,35.45504877312073,8
Gujarat,Wheat atta,2025-10,35.99094749539981,8
Mizoram,Wheat atta,2025-01,47.74088476136202,11
Mizoram,Wheat atta,2025-02,47.052429360066,11
Mizoram,Wheat atta,2025-03,46.79556017313677,11
Mizoram,Wheat atta,2025-04,46.97802923063489,11
Mizoram,Wheat atta,2025-05,47.440861130835664,11
Mizoram,Wheat atta,2025-06,47.68017777573328,11
Mizoram,Wheat atta,2025-07,47.77537880798262,11
Mizoram,Wheat atta,2025-08,48.23392910648138,11
Mizoram,Wheat atta,2025-09,48.043674049992546,11
Mizoram,Wheat atta,2025-10,48.37480427878364,11
Rajasthan,Wheat atta,2025-01,33.76232995880552,32
Rajasthan,Wheat atta,2025-02,33.98655153142768,32
Rajasthan,Wheat atta,2025-03,34.08849538006494,32
Rajasthan,Wheat atta,2025-04,33.985085164319614,32
Rajasthan,Wheat atta,2025-05,33.97089436892496,32
Rajasthan,Wheat atta,2025-06,33.72709077330021,32
Rajasthan,Wheat atta,2025-07,33.52559091201077,32
Rajasthan,Wheat atta,2025-08,33.90481737892567,32
Rajasthan,Wheat atta,2025-09,34.09693679025382,32
Rajasthan,Wheat atta,2025-10,34.326423550668345,32
Kerala,Wheat atta,2025-01,47.09644147296947,14
Kerala,Wheat atta,2025-02,47.38944429639691,14
Kerala,Wheat atta,2025-03,47.89505159827902,14
Kerala,Wheat atta,2025-04,48.086048384738476,14
Kerala,Wheat atta,2025-05,47.72442534343019,14
Kerala,Wheat atta,2025-06,47.7877043073803,14
Kerala,Wheat atta,2025-07,48.02602918444898,14
Kerala,Wheat atta,2025-08,47.87337934106799,14
Kerala,Wheat atta,2025-09,47.66961438614673,14
Kerala,Wheat atta,2025-10,47.47413084840455,14
West Bengal,Wheat atta,2025-01,40.38801655827177,23
West Bengal,Wheat atta,2025-02,40.3422623911243,23
West Bengal,Wheat atta,2025-03,40.3730337460984,23
West Bengal,Wheat atta,2025-04,40.185740696376136,23
West Bengal,Wheat atta,2025-05,39.82421941340263,23
West Bengal,Wheat atta,2025-06,39.58198872131402,23
West Bengal,Wheat atta,2025-07,39.75679586323141,23
West Bengal,Wheat atta,2025-08,39.85200590185689,23
West Bengal,Wheat atta,2025-09,39.854272391373506,23
West Bengal,Wheat atta,2025-10,39.8017293182601,23
Andhra Pradesh,Wheat atta,2025-01,47.912617536636105,5
Andhra Pradesh,Wheat atta,2025-02,46.93835647564851,5
Andhra Pradesh,Wheat atta,2025-03,47.51025933856575,5
Andhra Pradesh,Wheat atta,2025-04,47.2906075840551,5
Andhra Pradesh,Wheat atta,2025-05,46.738942348550744,5
Andhra Pradesh,Wheat atta,2025-06,46.40903567756089,5
Andhra Pradesh,Wheat atta,2025-07,44.71310243538299,5
Andhra Pradesh,Wheat atta,2025-08,43.06327201249217,5
Andhra Pradesh,Wheat atta,2025-09,43.21776835756444,5
Andhra Pradesh,Wheat atta,2025-10,43.5545165662617,5
Punjab,Wheat atta,2025-01,35.59896558374687,15
Punjab,Wheat atta,2025-02,35.79043957706149,15
Punjab,Wheat atta,2025-03,35.36269818386807,15
Punjab,Wheat atta,2025-04,34.38304752560561,15
Punjab,Wheat atta,2025-05,33.145652818055865,15
Punjab,Wheat atta,2025-06,33.00672558238429,15
Punjab,Wheat atta,2025-07,33.02121110145009,15
Punjab,Wheat atta,2025-08,33.061619277764066,15
Punjab,Wheat atta,2025-09,33.207338332713135,15
Punjab,Wheat atta,2025-10,33.23123476643776,15
Chhattisgarh,Wheat atta,2025-01,37.9187159647622,9
Chhattisgarh,Wheat atta,2025-02,38.46621913940423,9
Chhattisgarh,Wheat atta,2025-03,38.149663605225264,9
Chhattisgarh,Wheat atta,2025-04,37.92812928842516,9
Chhattisgarh,Wheat atta,2025-05,38.2225141082002,9
Chhattisgarh,Wheat atta,2025-06,38.365003585295604,9
Chhattisgarh,Wheat atta,2025-07,38.369753567435616,9
Chhattisgarh,Wheat atta,2025-08,38.282176112675586,9
Chhattisgarh,Wheat atta,2025-09,38.61331744978684,9
Chhattisgarh,Wheat atta,2025-10,38.61643439385602,9
Odisha,Wheat atta,2025-01,43.76259950002658,27
Odisha,Wheat atta,2025-02,43.85905543088275,27
Odisha,Wheat atta,2025-03,44.004761499132556,27
Odisha,Wheat atta,2025-04,44.09004273226943,27
Odisha,Wheat atta,2025-05,43.91520541863221,27
Odisha,Wheat atta,2025-06,43.544804105384316,27
Odisha,Wheat atta,2025-07,43.52815891540481,27
Odisha,Wheat atta,2025-08,43.582511231051775,27
Odisha,Wheat atta,2025-09,43.46927098869205,27
Odisha,Wheat atta,2025-10,43.463832734325216,27
Bihar,Wheat atta,2025-01,35.26284348719527,38
Bihar,Wheat atta,2025-02,35.32079829413759,38
Bihar,Wheat atta,2025-03,35.492835849487655,38
Bihar,Wheat atta,2025-04,34.82323932812472,38
Bihar,Wheat atta,2025-05,34.41737602073035,38
Bihar,Wheat atta,2025-06,34.064997826868,38
Bihar,Wheat atta,2025-07,34.30071993266304,38
Bihar,Wheat atta,2025-08,34.44021683354317,38
Bihar,Wheat atta,2025-09,34.47630129782647,38
Bihar,Wheat atta,2025-10,34.65767538802161,38
Tamil Nadu,Wheat atta,2025-01,53.40820297244137,37
Tamil Nadu,Wheat atta,2025-02,53.95323494000396,37
Tamil Nadu,Wheat atta,2025-03,54.3779461740588,37
Tamil Nadu,Wheat atta,2025-04,54.61541762164602,37
Tamil Nadu,Wheat atta,2025-05,54.64468910316892,37
Tamil Nadu,Wheat atta,2025-06,54.87001719965135,37
Tamil Nadu,Wheat atta,2025-07,54.871048966136584,37
Tamil Nadu,Wheat atta,2025-08,55.139487078850095,37
Tamil Nadu,Wheat atta,2025-09,55.66861629996039,37
Tamil Nadu,Wheat atta,2025-10,56.03205065554267,37
Karnataka,Wheat atta,2025-01,44.72166400753567,32
Karnataka,Wheat atta,2025-02,44.318112779195815,32
Karnataka,Wheat atta,2025-03,44.47420862094529,32
Karnataka,Wheat atta,2025-04,44.29841126349222,32
Karnataka,Wheat atta,2025-05,44.11203239814238,32
Karnataka,Wheat atta,2025-06,44.17676929231254,32
Karnataka,Wheat atta,2025-07,44.08024427408564,32
Karnataka,Wheat atta,2025-08,43.98624964698343,32
Karnataka,Wheat atta,2025-09,43.831732933526645,32
Karnataka,Wheat atta,2025-10,43.72772643099407,32
Jammu and Kashmir,Wheat atta,2025-01,41.67685839056197,8
Jammu and Kashmir,Wheat atta,2025-02,42.371117930464436,8
Jammu and Kashmir,Wheat atta,2025-03,42.83107362854959,8
Jammu and Kashmir,Wheat atta,2025-04,42.2607443751594,8
Jammu and Kashmir,Wheat atta,2025-05,41.28820646740775,8
Jammu and Kashmir,Wheat atta,2025-06,41.002721258201944,8
Jammu and Kashmir,Wheat atta,2025-07,40.87015054283488,8
Jammu and Kashmir,Wheat atta,2025-08,40.768105460547424,8
Jammu and Kashmir,Wheat atta,2025-09,41.25673972603551,8
Jammu and Kashmir,Wheat atta,2025-10,41.19061834557986,8
Himachal Pradesh,Wheat atta,2025-01,36.884865219377424,12
Himachal Pradesh,Wheat atta,2025-02,37.11428504551018,12
Himachal Pradesh,Wheat atta,2025-03,37.18306337458711,12
Himachal Pradesh,Wheat atta,2025-04,36.81729491421079,12
Himachal Pradesh,Wheat atta,2025-05,34.68697089751212,12
Himachal Pradesh,Wheat atta,2025-06,33.97333847426317,12
Himachal Pradesh,Wheat atta,2025-07,33.83347839608921,12
Himachal Pradesh,Wheat atta,2025-08,33.30766992456828,12
Himachal Pradesh,Wheat atta,2025-09,33.68337491203433,12
Himachal Pradesh,Wheat atta,2025-10,34.17217921576159,12
Jharkhand,Wheat atta,2025-01,37.03322769888894,19
Jharkhand,Wheat atta,2025-02,37.30822952547909,19
Jharkhand,Wheat atta,2025-03,37.53973643055321,19
Jharkhand,Wheat atta,2025-04,37.391002177367994,19
Jharkhand,Wheat atta,2025-05,37.29862497143423,19
Jharkhand,Wheat atta,2025-06,37.1401602779287,19
Jharkhand,Wheat atta,2025-07,37.05199919550009,19
Jharkhand,Wheat atta,2025-08,37.19495873015794,19
Jharkhand,Wheat atta,2025-09,37.27590235909963,19
Jharkhand,Wheat atta,2025-10,37.36283791127598,19
Manipur,Wheat atta,2025-01,43.03486160380456,8
Manipur,Wheat atta,2025-02,42.941687203939566,8
Manipur,Wheat atta,2025-03,42.7092670957701,8
Manipur,Wheat atta,2025-04,42.62585316302092,8
Manipur,Wheat atta,2025-05,42.3091542758169,8
Manipur,Wheat atta,2025-06,42.54514003730364,8
Manipur,Wheat atta,2025-07,42.91605260883022,8
Manipur,Wheat atta,2025-08,42.83135433502362,8
Manipur,Wheat atta,2025-09,44.3128585038899,8
Manipur,Wheat atta,2025-10,45.515235262257875,8
Nagaland,Wheat atta,2025-01,48.71227185778948,16
Nagaland,Wheat atta,2025-02,48.66775091683463,16
Nagaland,Wheat atta,2025-03,48.936211255310475,16
Nagaland,Wheat atta,2025-04,49.94861902159202,16
Nagaland,Wheat atta,2025-05,50.472614471481236,16
Nagaland,Wheat atta,2025-06,51.083954967321695,16
Nagaland,Wheat atta,2025-07,52.13955881366512,16
Nagaland,Wheat atta,2025-08,52.184163722383666,16
Nagaland,Wheat atta,2025-09,52.22936768296256,16
Nagaland,Wheat atta,2025-10,52.23391990084496,16
Sikkim,Wheat atta,2025-01,38.98594540374267,6
Sikkim,Wheat atta,2025-02,38.456450961632825,6
Sikkim,Wheat atta,2025-03,38.68011380121639,6
Sikkim,Wheat atta,2025-04,38.78661991530381,6
Sikkim,Wheat atta,2025-05,38.82295577030437,6
Sikkim,Wheat atta,2025-06,39.71711643669349,6
Sikkim,Wheat atta,2025-07,40.749830552432165,6
Sikkim,Wheat atta,2025-08,40.552256912604236,6
Sikkim,Wheat atta,2025-09,40.66565379884095,6
Sikkim,Wheat atta,2025-10,40.833759160107526,6
Meghalaya,Wheat atta,2025-01,42.8984727148442,10
Meghalaya,Wheat atta,2025-02,42.457276778844076,10
Meghalaya,Wheat atta,2025-03,41.908721739452666,10
Meghalaya,Wheat atta,2025-04,41.500892097206226,10
Meghalaya,Wheat atta,2025-05,41.39414802198476,10
Meghalaya,Wheat atta,2025-06,40.69274329444821,10
Meghalaya,Wheat atta,2025-07,40.374434443055286,10
Meghalaya,Wheat atta,2025-08,40.62258748561494,10
Meghalaya,Wheat atta,2025-09,40.99704039114748,10
Meghalaya,Wheat atta,2025-10,40.92614783853888,10
Assam,Tur,2025-01,146.23010041323857,28
Assam,Tur,2025-02,135.0308110385093,28
Assam,Tur,2025-03,129.9911679550371,28
Assam,Tur,2025-04,127.36137426298721,28
Assam,Tur,2025-05,126.70904940748441,28
Assam,Tur,2025-06,124.74865765305934,28
Assam,Tur,2025-07,121.59815727356904,28
Assam,Tur,2025-08,120.62696438852325,28
Assam,Tur,2025-09,117.63169966518839,28
Assam,Tur,2025-10,115.81395868833133,28
Telangana,Tur,2025-01,157.4476741080943,10
Telangana,Tur,2025-02,141.416475158921,10
Telangana,Tur,2025-03,128.141747134872,10
Telangana,Tur,2025-04,124.91821768367153,10
Telangana,Tur,2025-05,121.87220251191313,10
Telangana,Tur,2025-06,119.65747710048149,10
Telangana,Tur,2025-07,119.32765728567712,10
Telangana,Tur,2025-08,117.25220500393125,10
Telangana,Tur,2025-09,116.5204242735742,10
Telangana,Tur,2025-10,116.44366288293065,10
Madhya Pradesh,Tur,2025-01,145.55469612478743,50
Madhya Pradesh,Tur,2025-02,132.4690789985817,50
Madhya Pradesh,Tur,2025-03,125.26937187666717,50
Madhya Pradesh,Tur,2025-04,121.10249117777204,50
Madhya Pradesh,Tur,2025-05,118.04045730524841,50
Madhya Pradesh,Tur,2025-06,115.14587148511681,50
Madhya Pradesh,Tur,2025-07,112.48261070942296,50
Madhya Pradesh,Tur,2025-08,110.67088679857491,50
Madhya Pradesh,Tur,2025-09,109.58524882425824,50
Madhya Pradesh,Tur,2025-10,109.02433530679178,50
Uttar Pradesh,Tur,2025-01,145.52149910281602,75
Uttar Pradesh,Tur,2025-02,137.08104552252047,75
Uttar Pradesh,Tur,2025-03,127.19747000344802,75
Uttar Pradesh,Tur,2025-04,123.12051927823487,75
Uttar Pradesh,Tur,2025-05,120.69122243518217,75
Uttar Pradesh,Tur,2025-06,119.28480326234313,75
Uttar Pradesh,Tur,2025-07,117.49963668443128,75
Uttar Pradesh,Tur,2025-08,114.15672169693613,75
Uttar Pradesh,Tur,2025-09,111.33825319644271,75
Uttar Pradesh,Tur,2025-10,109.63084022641969,75
Maharashtra,Tur,2025-01,152.97073275851454,19
Maharashtra,Tur,2025-02,137.52361138633103,19
Maharashtra,Tur,2025-03,130.85267959186987,19
Maharashtra,Tur,2025-04,126.67138950323258,19
Maharashtra,Tur,2025-05,124.2556282488537,19
Maharashtra,Tur,2025-06,121.90439023983161,19
Maharashtra,Tur,2025-07,119.24062471674243,19
Maharashtra,Tur,2025-08,117.42539776355954,19
Maharashtra,Tur,2025-09,116.40665814913858,19
Maharashtra,Tur,2025-10,116.02479883615622,19
Gujarat,Tur,2025-01,160.6867569847129,8
Gujarat,Tur,2025-02,157.30881970700224,8
Gujarat,Tur,2025-03,131.35596551240724,8
Gujarat,Tur,2025-04,124.17284421375142,8
Gujarat,Tur,2025-05,118.8111266057609,8
Gujarat,Tur,2025-06,118.26824319684361,8
Gujarat,Tur,2025-07,117.4958841720736,8
Gujarat,Tur,2025-08,114.62780613729409,8
Gujarat,Tur,2025-09,113.52776153280311,8
Gujarat,Tur,2025-10,113.34674771933695,8
Mizoram,Tur,2025-01,159.80234735178598,9
Mizoram,Tur,2025-02,159.5540571486958,9
Mizoram,Tur,2025-03,159.27731625946265,9
Mizoram,Tur,2025-04,158.4912671773497,9
Mizoram,Tur,2025-05,157.00580126440602,9
Mizoram,Tur,2025-06,154.10471505083746,9
Mizoram,Tur,2025-07,155.3958806661665,9
Mizoram,Tur,2025-08,157.08489702155654,9
Mizoram,Tur,2025-09,156.8723419545496,9
Mizoram,Tur,2025-10,156.11739650219795,9
Rajasthan,Tur,2025-01,159.87825202776892,32
Rajasthan,Tur,2025-02,157.00275423202024,32
Rajasthan,Tur,2025-03,152.41372355666013,32
Rajasthan,Tur,2025-04,144.00723398135324,32
Rajasthan,Tur,2025-05,138.96596385077262,32
Rajasthan,Tur,2025-06,130.74736056743222,32
Rajasthan,Tur,2025-07,127.01088347163359,32
Rajasthan,Tur,2025-08,126.1568222956713,32
Rajasthan,Tur,2025-09,126.06583709527081,32
Rajasthan,Tur,2025-10,125.38402251205414,32
Kerala,Tur,2025-01,164.9986228573831,14
Kerala,Tur,2025-02,151.27698517432472,14
Kerala,Tur,2025-03,140.4742755294177,14
Kerala,Tur,2025-04,136.45440003856575,14
Kerala,Tur,2025-05,134.2577263323858,14
Kerala,Tur,2025-06,131.65012573581907,14
Kerala,Tur,2025-07,129.13124989718145,14
Kerala,Tur,2025-08,126.9817110119405,14
Kerala,Tur,2025-09,125.41270545526416,14
Kerala,Tur,2025-10,124.38627718447881,14
West Bengal,Tur,2025-01,161.96788160489464,23
West Bengal,Tur,2025-02,157.85003630441773,23
West Bengal,Tur,2025-03,151.61180449199546,23
West Bengal,Tur,2025-04,144.69924669302165,23
West Bengal,Tur,2025-05,139.87640153624332,23
West Bengal,Tur,2025-06,134.32897453549188,23
West Bengal,Tur,2025-07,127.76177353633955,23
West Bengal,Tur,2025-08,125.6083473503861,23
West Bengal,Tur,2025-09,124.11062476472657,23
West Bengal,Tur,2025-10,122.982292446686,23
Andhra Pradesh,Tur,2025-01,161.33382142484092,5
Andhra Pradesh,Tur,2025-02,142.90757537504538,5
Andhra Pradesh,Tur,2025-03,133.60437584643847,5
Andhra Pradesh,Tur,2025-04,132.42884406141994,5
Andhra Pradesh,Tur,2025-05,127.11235137514838,5
Andhra Pradesh,Tur,2025-06,124.31770484702123,5
Andhra Pradesh,Tur,2025-07,116.07859369596534,5
Andhra Pradesh,Tur,2025-08,104.03315868971033,5
Andhra Pradesh,Tur,2025-09,104.85063419534484,5
Andhra Pradesh,Tur,2025-10,105.6153208349094,5
Punjab,Tur,2025-01,158.3084634319847,15
Punjab,Tur,2025-02,146.6298445965785,15
Punjab,Tur,2025-03,138.4485874393065,15
Punjab,Tur,2025-04,135.15383648610393,15
Punjab,Tur,2025-05,132.93244112472382,15
Punjab,Tur,2025-06,126.95774782798874,15
Punjab,Tur,2025-07,125.17358370585848,15
Punjab,Tur,2025-08,124.33150084922242,15
Punjab,Tur,2025-09,122.14326610833436,15
Punjab,Tur,2025-10,120.90555831969515,15
Chhattisgarh,Tur,2025-01,154.1609585404787,9
Chhattisgarh,Tur,2025-02,142.10080876799572,9
Chhattisgarh,Tur,2025-03,133.6230590266123,9
Chhattisgarh,Tur,2025-04,129.15211704237134,9
Chhattisgarh,Tur,2025-05,126.88105328032619,9
Chhattisgarh,Tur,2025-06,121.86870788649064,9
Chhattisgarh,Tur,2025-07,121.96629278524223,9
Chhattisgarh,Tur,2025-08,120.6338908565905,9
Chhattisgarh,Tur,2025-09,119.335312809103,9
Chhattisgarh,Tur,2025-10,117.28779592008644,9
Odisha,Tur,2025-01,143.675180817973,28
Odisha,Tur,2025-02,126.87980307417335,28
Odisha,Tur,2025-03,123.1931983831458,28
Odisha,Tur,2025-04,120.69371611735642,28
Odisha,Tur,2025-05,115.90763822747184,28
Odisha,Tur,2025-06,111.8189081807821,28
Odisha,Tur,2025-07,108.13126642398917,28
Odisha,Tur,2025-08,106.16750316812715,28
Odisha,Tur,2025-09,105.40285241988171,28
Odisha,Tur,2025-10,105.56536797001529,28
Bihar,Tur,2025-01,150.41334313645854,38
Bihar,Tur,2025-02,141.686986436831,38
Bihar,Tur,2025-03,135.2140340586257,38
Bihar,Tur,2025-04,128.71386065555822,38
Bihar,Tur,2025-05,123.06616122583169,38
Bihar,Tur,2025-06,118.60227222291452,38
Bihar,Tur,2025-07,116.20700555461937,38
Bihar,Tur,2025-08,114.21550882550116,38
Bihar,Tur,2025-09,112.4706559435763,38
Bihar,Tur,2025-10,111.53335450878147,38
Tamil Nadu,Tur,2025-01,160.26124443603854,37
Tamil Nadu,Tur,2025-02,138.8536818469859,37
Tamil Nadu,Tur,2025-03,131.03725196188356,37
Tamil Nadu,Tur,2025-04,128.24149065551885,37
Tamil Nadu,Tur,2025-05,125.18960136653577,37
Tamil Nadu,Tur,2025-06,121.8219559382312,37
Tamil Nadu,Tur,2025-07,117.64782938966262,37
Tamil Nadu,Tur,2025-08,116.81991511716573,37
Tamil Nadu,Tur,2025-09,115.76482062994907,37
Tamil Nadu,Tur,2025-10,115.41218147532311,37
Karnataka,Tur,2025-01,142.1056624115338,32
Karnataka,Tur,2025-02,133.3547057637742,32
Karnataka,Tur,2025-03,126.55061119575393,32
Karnataka,Tur,2025-04,117.68576088935984,32
Karnataka,Tur,2025-05,115.44723345252073,32
Karnataka,Tur,2025-06,113.8886195118199,32
Karnataka,Tur,2025-07,109.70122078803176,32
Karnataka,Tur,2025-08,108.1076141144743,32
Karnataka,Tur,2025-09,106.04119608795989,32
Karnataka,Tur,2025-10,105.52307273509024,32
Jammu and Kashmir,Tur,2025-01,157.3668347513021,8
Jammu and Kashmir,Tur,2025-02,152.59075254482198,8
Jammu and Kashmir,Tur,2025-03,150.14029338801654,8
Jammu and Kashmir,Tur,2025-04,144.75977237019563,8
Jammu and Kashmir,Tur,2025-05,145.20457150735828,8
Jammu and Kashmir,Tur,2025-06,144.83725943776614,8
Jammu and Kashmir,Tur,2025-07,142.80851061408165,8
Jammu and Kashmir,Tur,2025-08,138.9331833310564,8
Jammu and Kashmir,Tur,2025-09,137.10839283045647,8
Jammu and Kashmir,Tur,2025-10,136.4916962138563,8
Himachal Pradesh,Tur,2025-01,153.9709278950265,12
Himachal Pradesh,Tur,2025-02,149.45317137867218,12
Himachal Pradesh,Tur,2025-03,142.1814931785199,12
Himachal Pradesh,Tur,2025-04,134.5418514267841,12
Himachal Pradesh,Tur,2025-05,131.00978937944797,12
Himachal Pradesh,Tur,2025-06,125.69312853485515,12
Himachal Pradesh,Tur,2025-07,122.75807892488226,12
Himachal Pradesh,Tur,2025-08,120.09234447212326,12
Himachal Pradesh,Tur,2025-09,115.59075394783761,12
Himachal Pradesh,Tur,2025-10,113.82573663817139,12
Jharkhand,Tur,2025-01,153.50329724919803,19
Jharkhand,Tur,2025-02,144.36390406660595,19
Jharkhand,Tur,2025-03,137.22323877956126,19
Jharkhand,Tur,2025-04,131.41548267048466,19
Jharkhand,Tur,2025-05,129.18607745560988,19
Jharkhand,Tur,2025-06,125.25126865739955,19
Jharkhand,Tur,2025-07,114.43865352411503,19
Jharkhand,Tur,2025-08,112.59248792655532,19
Jharkhand,Tur,2025-09,110.37442937791228,19
Jharkhand,Tur,2025-10,109.19225091617044,19
Manipur,Tur,2025-01,124.57119301488197,8
Manipur,Tur,2025-02,123.58436106070015,8
Manipur,Tur,2025-03,122.38383238653918,8
Manipur,Tur,2025-04,122.40475629993156,8
Manipur,Tur,2025-05,121.71175965668755,8
Manipur,Tur,2025-06,123.15384034906172,8
Manipur,Tur,2025-07,126.63649604925124,8
Manipur,Tur,2025-08,125.28664713191601,8
Manipur,Tur,2025-09,129.45889583778077,8
Manipur,Tur,2025-10,129.99898939723442,8
Nagaland,Tur,2025-01,151.58911940912185,14
Nagaland,Tur,2025-02,150.3815051688451,14
Nagaland,Tur,2025-03,150.63825167921703,14
Nagaland,Tur,2025-04,149.19606200674784,14
Nagaland,Tur,2025-05,148.60257884594802,14
Nagaland,Tur,2025-06,147.01048963876363,14
Nagaland,Tur,2025-07,144.914008243476,14
Nagaland,Tur,2025-08,143.56855319297904,14
Nagaland,Tur,2025-09,142.66423157948694,14
Nagaland,Tur,2025-10,141.60471110878134,14
Sikkim,Tur,2025-01,140.38665468750432,5
Sikkim,Tur,2025-02,140.38665468750432,5
Sikkim,Tur,2025-03,140.38665468750432,5
Sikkim,Tur,2025-04,140.38665468750432,5
Sikkim,Tur,2025-05,140.38665468750432,5
Sikkim,Tur,2025-06,140.38665468750432,5
Sikkim,Tur,2025-07,140.38665468750432,5
Sikkim,Tur,2025-08,140.38665468750432,5
Sikkim,Tur,2025-09,140.38665468750432,5
Sikkim,Tur,2025-10,140.38665468750432,5
Meghalaya,Tur,2025-01,156.98409314252763,8
Meghalaya,Tur,2025-02,154.65038041167136,8
Meghalaya,Tur,2025-03,149.37030580286844,8
Meghalaya,Tur,2025-04,145.7692448045478,8
Meghalaya,Tur,2025-05,145.89456987829826,8
Meghalaya,Tur,2025-06,143.3168679556587,8
Meghalaya,Tur,2025-07,141.27116510340053,8
Meghalaya,Tur,2025-08,139.63703033413466,8
Meghalaya,Tur,2025-09,138.6524180038997,8
Meghalaya,Tur,2025-10,136.93665072036782,8
Assam,Moong,2025-01,111.2303179552845,28
Assam,Moong,2025-02,111.42296866367438,28
Assam,Moong,2025-03,111.52894666362181,28
Assam,Moong,2025-04,111.57801370880742,28
Assam,Moong,2025-05,111.87505147653428,28
Assam,Moong,2025-06,110.44046313335554,28
Assam,Moong,2025-07,109.35421594145308,28
Assam,Moong,2025-08,109.72876407154533,28
Assam,Moong,2025-09,109.51097747688665,28
Assam,Moong,2025-10,109.0395568250435,28
Telangana,Moong,2025-01,115.80137778688929,10
Telangana,Moong,2025-02,115.2318781897301,10
Telangana,Moong,2025-03,114.42416201938013,10
Telangana,Moong,2025-04,113.8540620788577,10
Telangana,Moong,2025-05,113.18217301120097,10
Telangana,Moong,2025-06,112.53399576089662,10
Telangana,Moong,2025-07,112.6147449553176,10
Telangana,Moong,2025-08,112.71433920597082,10
Telangana,Moong,2025-09,113.25917284963644,10
Telangana,Moong,2025-10,112.78593407217575,10
Madhya Pradesh,Moong,2025-01,107.18941216800322,50
Madhya Pradesh,Moong,2025-02,106.87930257735037,50
Madhya Pradesh,Moong,2025-03,106.47896610925298,50
Madhya Pradesh,Moong,2025-04,105.78867786383155,50
Madhya Pradesh,Moong,2025-05,105.75182659739664,50
Madhya Pradesh,Moong,2025-06,105.49607967697082,50
Madhya Pradesh,Moong,2025-07,104.67652820858693,50
Madhya Pradesh,Moong,2025-08,104.05123599078992,50
Madhya Pradesh,Moong,2025-09,103.98034561560343,50
Madhya Pradesh,Moong,2025-10,104.18433507561255,50
Uttar Pradesh,Moong,2025-01,108.30578419594784,75
Uttar Pradesh,Moong,2025-02,108.07046513475473,75
Uttar Pradesh,Moong,2025-03,107.2570159048224,75
Uttar Pradesh,Moong,2025-04,106.36785741000077,75
Uttar Pradesh,Moong,2025-05,106.40908952715972,75
Uttar Pradesh,Moong,2025-06,106.44285989520232,75
Uttar Pradesh,Moong,2025-07,106.12877961716332,75
Uttar Pradesh,Moong,2025-08,106.26578786552783,75
Uttar Pradesh,Moong,2025-09,105.94246331272073,75
Uttar Pradesh,Moong,2025-10,105.6080020558924,75
Maharashtra,Moong,2025-01,117.45708573640228,19
Maharashtra,Moong,2025-02,117.17511857479403,19
Maharashtra,Moong,2025-03,116.04148133181536,19
Maharashtra,Moong,2025-04,115.60948262834448,19
Maharashtra,Moong,2025-05,115.08160356441789,19
Maharashtra,Moong,2025-06,115.50717352384423,19
Maharashtra,Moong,2025-07,114.81087077051795,19
Maharashtra,Moong,2025-08,114.6362058448198,19
Maharashtra,Moong,2025-09,114.03907832039862,19
Maharashtra,Moong,2025-10,114.01872322958903,19
Gujarat,Moong,2025-01,106.31285144743079,8
Gujarat,Moong,2025-02,106.79412845914875,8
Gujarat,Moong,2025-03,108.63001940166266,8
Gujarat,Moong,2025-04,108.33922432942224,8
Gujarat,Moong,2025-05,105.6601013485019,8
Gujarat,Moong,2025-06,103.17392019023129,8
Gujarat,Moong,2025-07,102.82989263825267,8
Gujarat,Moong,2025-08,100.3009645390924,8
Gujarat,Moong,2025-09,99.47280422008185,8
Gujarat,Moong,2025-10,99.38974654942588,8
Mizoram,Moong,2025-01,136.1222153533468,9
Mizoram,Moong,2025-02,135.10504423914892,9
Mizoram,Moong,2025-03,134.04209213350282,9
Mizoram,Moong,2025-04,133.69600232823322,9
Mizoram,Moong,2025-05,131.91578451415683,9
Mizoram,Moong,2025-06,131.31743763216522,9
Mizoram,Moong,2025-07,131.0493660320575,9
Mizoram,Moong,2025-08,130.68096345460015,9
Mizoram,Moong,2025-09,131.48689413651712,9
Mizoram,Moong,2025-10,131.8162811665772,9
Rajasthan,Moong,2025-01,106.25476005881599,32
Rajasthan,Moong,2025-02,105.46153646952997,32
Rajasthan,Moong,2025-03,104.9468952078859,32
Rajasthan,Moong,2025-04,104.57957176266045,32
Rajasthan,Moong,2025-05,103.60650153345064,32
Rajasthan,Moong,2025-06,102.62388391965531,32
Rajasthan,Moong,2025-07,102.93132640646097,32
Rajasthan,Moong,2025-08,102.64880646397343,32
Rajasthan,Moong,2025-09,102.58656450667905,32
Rajasthan,Moong,2025-10,102.83195966609765,32
Kerala,Moong,2025-01,131.98938817308357,14
Kerala,Moong,2025-02,130.42403882555297,14
Kerala,Moong,2025-03,130.02141877496652,14
Kerala,Moong,2025-04,129.8335174007953,14
Kerala,Moong,2025-05,129.94611864112062,14
Kerala,Moong,2025-06,129.83989471943437,14
Kerala,Moong,2025-07,129.2047719956934,14
Kerala,Moong,2025-08,128.72585304919923,14
Kerala,Moong,2025-09,128.14959360855596,14
Kerala,Moong,2025-10,127.35287932316872,14
West Bengal,Moong,2025-01,116.89637505403607,23
West Bengal,Moong,2025-02,116.38411906202927,23
West Bengal,Moong,2025-03,114.65925754241697,23
West Bengal,Moong,2025-04,113.80965792254202,23
West Bengal,Moong,2025-05,114.44296327689518,23
West Bengal,Moong,2025-06,115.00798343578818,23
West Bengal,Moong,2025-07,113.77526456863401,23
West Bengal,Moong,2025-08,114.84464968583806,23
West Bengal,Moong,2025-09,115.03899130445537,23
West Bengal,Moong,2025-10,115.51957810487977,23
Andhra Pradesh,Moong,2025-01,122.03471751996479,5
Andhra Pradesh,Moong,2025-02,120.34302957067655,5
Andhra Pradesh,Moong,2025-03,119.23347842505879,5
Andhra Pradesh,Moong,2025-04,117.68627464533643,5
Andhra Pradesh,Moong,2025-05,116.08173979459461,5
Andhra Pradesh,Moong,2025-06,116.11606277950969,5
Andhra Pradesh,Moong,2025-07,113.80110878352991,5
Andhra Pradesh,Moong,2025-08,107.50234628334795,5
Andhra Pradesh,Moong,2025-09,107.56613881767468,5
Andhra Pradesh,Moong,2025-10,108.3687842567019,5
Punjab,Moong,2025-01,114.98866083595854,15
Punjab,Moong,2025-02,114.98447006091173,15
Punjab,Moong,2025-03,115.08755089569992,15
Punjab,Moong,2025-04,114.67522199112088,15
Punjab,Moong,2025-05,115.17426193077915,15
Punjab,Moong,2025-06,114.4347915144583,15
Punjab,Moong,2025-07,113.92481132159426,15
Punjab,Moong,2025-08,114.33935614424114,15
Punjab,Moong,2025-09,113.75659282038444,15
Punjab,Moong,2025-10,112.89031963904331,15
Chhattisgarh,Moong,2025-01,112.85636585323401,9
Chhattisgarh,Moong,2025-02,111.7410327799461,9
Chhattisgarh,Moong,2025-03,111.21220875988493,9
Chhattisgarh,Moong,2025-04,109.95153009839792,9
Chhattisgarh,Moong,2025-05,109.7349574757295,9
Chhattisgarh,Moong,2025-06,109.52964551356041,9
Chhattisgarh,Moong,2025-07,108.57348753616456,9
Chhattisgarh,Moong,2025-08,106.28020139345234,9
Chhattisgarh,Moong,2025-09,106.62640323950606,9
Chhattisgarh,Moong,2025-10,106.65485946561212,9
Odisha,Moong,2025-01,110.84344140475106,28
Odisha,Moong,2025-02,109.30001565900197,28
Odisha,Moong,2025-03,109.52385147239428,28
Odisha,Moong,2025-04,108.83168319968591,28
Odisha,Moong,2025-05,106.33011405013283,28
Odisha,Moong,2025-06,104.78197220098097,28
Odisha,Moong,2025-07,103.48224192019828,28
Odisha,Moong,2025-08,103.02384228137039,28
Odisha,Moong,2025-09,103.26925008555267,28
Odisha,Moong,2025-10,103.21666539633866,28
Bihar,Moong,2025-01,111.60663570094987,38
Bihar,Moong,2025-02,110.73746605850737,38
Bihar,Moong,2025-03,109.75851688365042,38
Bihar,Moong,2025-04,109.6077104393838,38
Bihar,Moong,2025-05,108.8865282994026,38
Bihar,Moong,2025-06,108.12181865247933,38
Bihar,Moong,2025-07,108.1684661646448,38
Bihar,Moong,2025-08,108.19874497341351,38
Bihar,Moong,2025-09,107.51134250803004,38
Bihar,Moong,2025-10,107.15550834279718,38
Tamil Nadu,Moong,2025-01,118.20449508352837,37
Tamil Nadu,Moong,2025-02,116.84233098413162,37
Tamil Nadu,Moong,2025-03,116.3651664634543,37
Tamil Nadu,Moong,2025-04,116.62470736246223,37
Tamil Nadu,Moong,2025-05,115.7316169587385,37
Tamil Nadu,Moong,2025-06,115.00073279394331,37
Tamil Nadu,Moong,2025-07,114.06685875460299,37
Tamil Nadu,Moong,2025-08,114.70186645461536,37
Tamil Nadu,Moong,2025-09,115.45583842257902,37
Tamil Nadu,Moong,2025-10,115.21446646692428,37
Karnataka,Moong,2025-01,110.61621336250353,32
Karnataka,Moong,2025-02,109.93943719502987,32
Karnataka,Moong,2025-03,109.4635304385449,32
Karnataka,Moong,2025-04,109.08828997551274,32
Karnataka,Moong,2025-05,109.34584570736338,32
Karnataka,Moong,2025-06,109.40359040050716,32
Karnataka,Moong,2025-07,109.46613123898958,32
Karnataka,Moong,2025-08,109.4838181896907,32
Karnataka,Moong,2025-09,109.39809209514034,32
Karnataka,Moong,2025-10,110.07522113315571,32
Jammu and Kashmir,Moong,2025-01,121.99355088422666,8
Jammu and Kashmir,Moong,2025-02,120.96067101656139,8
Jammu and Kashmir,Moong,2025-03,120.09628140585457,8
Jammu and Kashmir,Moong,2025-04,117.34839823806116,8
Jammu and Kashmir,Moong,2025-05,117.43076326172616,8
Jammu and Kashmir,Moong,2025-06,116.57680493706178,8
Jammu and Kashmir,Moong,2025-07,116.62979277846358,8
Jammu and Kashmir,Moong,2025-08,117.5109380276875,8
Jammu and Kashmir,Moong,2025-09,117.69977514656894,8
Jammu and Kashmir,Moong,2025-10,117.25498330942206,8
Himachal Pradesh,Moong,2025-01,113.30809269144798,12
Himachal Pradesh,Moong,2025-02,113.72615033008687,12
Himachal Pradesh,Moong,2025-03,113.26023104074295,12
Himachal Pradesh,Moong,2025-04,112.82509997531842,12
Himachal Pradesh,Moong,2025-05,110.3945833649715,12
Himachal Pradesh,Moong,2025-06,112.12071133721666,12
Himachal Pradesh,Moong,2025-07,111.5343870285114,12
Himachal Pradesh,Moong,2025-08,111.2792759426087,12
Himachal Pradesh,Moong,2025-09,110.9901570313156,12
Himachal Pradesh,Moong,2025-10,110.98559281610618,12
Jharkhand,Moong,2025-01,112.06548676981171,19
Jharkhand,Moong,2025-02,111.55950359774799,19
Jharkhand,Moong,2025-03,111.66672418913102,19
Jharkhand,Moong,2025-04,110.86677970893024,19
Jharkhand,Moong,2025-05,110.79412243702538,19
Jharkhand,Moong,2025-06,110.72370538718782,19
Jharkhand,Moong,2025-07,109.71285341202231,19
Jharkhand,Moong,2025-08,110.09343319483744,19
Jharkhand,Moong,2025-09,108.95631936046357,19
Jharkhand,Moong,2025-10,107.32317016405035,19
Manipur,Moong,2025-01,112.80030677340461,8
Manipur,Moong,2025-02,112.58961754508532,8
Manipur,Moong,2025-03,112.4141525162639,8
Manipur,Moong,2025-04,112.73485682267388,8
Manipur,Moong,2025-05,112.85220614573166,8
Manipur,Moong,2025-06,113.56010008452752,8
Manipur,Moong,2025-07,114.92986641454964,8
Manipur,Moong,2025-08,115.42790255107799,8
Manipur,Moong,2025-09,123.71557041682097,8
Manipur,Moong,2025-10,130.8703319198322,8
Nagaland,Moong,2025-01,121.80402321629064,16
Nagaland,Moong,2025-02,121.34672224121046,16
Nagaland,Moong,2025-03,121.93669013838381,16
Nagaland,Moong,2025-04,122.4748626760402,16
Nagaland,Moong,2025-05,122.85026232145854,16
Nagaland,Moong,2025-06,123.97482949315402,16
Nagaland,Moong,2025-07,122.12610584827169,16
Nagaland,Moong,2025-08,120.5807347181808,16
Nagaland,Moong,2025-09,121.86671023430429,16
Nagaland,Moong,2025-10,121.71593247078494,16
Sikkim,Moong,2025-01,125.38935955374407,6
Sikkim,Moong,2025-02,123.24480295498071,6
Sikkim,Moong,2025-03,123.24480295498071,6
Sikkim,Moong,2025-04,123.24480295498071,6
Sikkim,Moong,2025-05,123.24480295498071,6
Sikkim,Moong,2025-06,123.24480295498071,6
Sikkim,Moong,2025-07,123.24480295498071,6
Sikkim,Moong,2025-08,123.24480295498071,6
Sikkim,Moong,2025-09,122.8971766745237,6
Sikkim,Moong,2025-10,121.47041669902785,6
Meghalaya,Moong,2025-01,122.51106771906855,10
Meghalaya,Moong,2025-02,121.87484194962646,10
Meghalaya,Moong,2025-03,121.10800079808001,10
Meghalaya,Moong,2025-04,120.1094798610347,10
Meghalaya,Moong,2025-05,120.06404299532063,10
Meghalaya,Moong,2025-06,120.21518299573258,10
Meghalaya,Moong,2025-07,120.28939244524724,10
Meghalaya,Moong,2025-08,120.29277431330144,10
Meghalaya,Moong,2025-09,120.525416119704,10
Meghalaya,Moong,2025-10,120.48262589023074,10
Assam,Gram split,2025-01,93.14982891171313,28
Assam,Gram split,2025-02,91.27914152794219,28
Assam,Gram split,2025-03,89.03676640932977,28
Assam,Gram split,2025-04,87.79675559381897,28
Assam,Gram split,2025-05,87.58860299561702,28
Assam,Gram split,2025-06,86.92522025822176,28
Assam,Gram split,2025-07,86.9266848191057,28
Assam,Gram split,2025-08,87.57075797477465,28
Assam,Gram split,2025-09,87.24080412737901,28
Assam,Gram split,2025-10,87.0286053104175,28
Telangana,Gram split,2025-01,89.30088642591465,10
Telangana,Gram split,2025-02,88.96853581185378,10
Telangana,Gram split,2025-03,87.90129420783839,10
Telangana,Gram split,2025-04,87.11319256906627,10
Telangana,Gram split,2025-05,86.40797644599533,10
Telangana,Gram split,2025-06,84.88301413424684,10
Telangana,Gram split,2025-07,84.76822255807657,10
Telangana,Gram split,2025-08,84.8087198936806,10
Telangana,Gram split,2025-09,85.45793204702544,10
Telangana,Gram split,2025-10,86.166734975296,10
Madhya Pradesh,Gram split,2025-01,89.34984977748633,50
Madhya Pradesh,Gram split,2025-02,87.16867697843388,50
Madhya Pradesh,Gram split,2025-03,84.58924993756024,50
Madhya Pradesh,Gram split,2025-04,82.87956281221847,50
Madhya Pradesh,Gram split,2025-05,81.58025409880358,50
Madhya Pradesh,Gram split,2025-06,81.3964061879363,50
Madhya Pradesh,Gram split,2025-07,80.77230716421693,50
Madhya Pradesh,Gram split,2025-08,82.24929990901883,50
Madhya Pradesh,Gram split,2025-09,82.50402917137863,50
Madhya Pradesh,Gram split,2025-10,81.86390160476773,50
Uttar Pradesh,Gram split,2025-01,87.25884646886297,75
Uttar Pradesh,Gram split,2025-02,86.12082914094276,75
Uttar Pradesh,Gram split,2025-03,84.48565985324583,75
Uttar Pradesh,Gram split,2025-04,83.04561589828954,75
Uttar Pradesh,Gram split,2025-05,82.74930412435607,75
Uttar Pradesh,Gram split,2025-06,82.63763146865242,75
Uttar Pradesh,Gram split,2025-07,82.5082083891182,75
Uttar Pradesh,Gram split,2025-08,82.58655754010668,75
Uttar Pradesh,Gram split,2025-09,82.43821463646934,75
Uttar Pradesh,Gram split,2025-10,82.48850059301203,75
Maharashtra,Gram split,2025-01,92.83891917267783,19
Maharashtra,Gram split,2025-02,89.70307783361258,19
Maharashtra,Gram split,2025-03,86.93642478907537,19
Maharashtra,Gram split,2025-04,85.76235567354382,19
Maharashtra,Gram split,2025-05,85.56821825762695,19
Maharashtra,Gram split,2025-06,85.36778248733498,19
Maharashtra,Gram split,2025-07,85.83716873804823,19
Maharashtra,Gram split,2025-08,88.8710886166417,19
Maharashtra,Gram split,2025-09,88.85952387171021,19
Maharashtra,Gram split,2025-10,87.90363089161968,19
Gujarat,Gram split,2025-01,93.08805578271988,8
Gujarat,Gram split,2025-02,93.15354138101779,8
Gujarat,Gram split,2025-03,91.81297439117583,8
Gujarat,Gram split,2025-04,89.78749056002962,8
Gujarat,Gram split,2025-05,88.58698897242306,8
Gujarat,Gram split,2025-06,89.43023858161092,8
Gujarat,Gram split,2025-07,91.49517704744207,8
Gujarat,Gram split,2025-08,91.5055534373608,8
Gujarat,Gram split,2025-09,91.06606787266823,8
Gujarat,Gram split,2025-10,90.95473190945602,8
Mizoram,Gram split,2025-01,102.50551866478605,10
Mizoram,Gram split,2025-02,102.34475022746805,10
Mizoram,Gram split,2025-03,101.48231865120516,10
Mizoram,Gram split,2025-04,99.40187937013181,10
Mizoram,Gram split,2025-05,100.43568615123029,10
Mizoram,Gram split,2025-06,102.15513617115295,10
Mizoram,Gram split,2025-07,102.70287724648117,10
Mizoram,Gram split,2025-08,104.51917945664607,10
Mizoram,Gram split,2025-09,105.396224289739,10
Mizoram,Gram split,2025-10,105.69449058581442,10
Rajasthan,Gram split,2025-01,88.49440014010004,32
Rajasthan,Gram split,2025-02,87.43773417589212,32
Rajasthan,Gram split,2025-03,86.54048040804304,32
Rajasthan,Gram split,2025-04,86.69894699700744,32
Rajasthan,Gram split,2025-05,85.96331620363696,32
Rajasthan,Gram split,2025-06,84.76753758158381,32
Rajasthan,Gram split,2025-07,84.28513916309566,32
Rajasthan,Gram split,2025-08,85.01654572665335,32
Rajasthan,Gram split,2025-09,85.21493982085411,32
Rajasthan,Gram split,2025-10,85.38781011037904,32
Kerala,Gram split,2025-01,110.64265340555264,14
Kerala,Gram split,2025-02,107.3737654938751,14
Kerala,Gram split,2025-03,106.23834760814059,14
Kerala,Gram split,2025-04,104.74364390950426,14
Kerala,Gram split,2025-05,103.60150799724981,14
Kerala,Gram split,2025-06,103.20534833006165,14
Kerala,Gram split,2025-07,102.866914808164,14
Kerala,Gram split,2025-08,103.60867368188167,14
Kerala,Gram split,2025-09,103.94898661771708,14
Kerala,Gram split,2025-10,103.20876434082636,14
West Bengal,Gram split,2025-01,89.94162272763371,23
West Bengal,Gram split,2025-02,88.9964170528618,23
West Bengal,Gram split,2025-03,87.68414670794745,23
West Bengal,Gram split,2025-04,86.88087669630042,23
West Bengal,Gram split,2025-05,86.96152367904092,23
West Bengal,Gram split,2025-06,87.98620353771382,23
West Bengal,Gram split,2025-07,88.28107236234558,23
West Bengal,Gram split,2025-08,89.48549997590023,23
West Bengal,Gram split,2025-09,89.12321459606865,23
West Bengal,Gram split,2025-10,89.20664259464999,23
Andhra Pradesh,Gram split,2025-01,94.64594102682828,5
Andhra Pradesh,Gram split,2025-02,92.31664603381985,5
Andhra Pradesh,Gram split,2025-03,89.84852132939336,5
Andhra Pradesh,Gram split,2025-04,87.43110174500114,5
Andhra Pradesh,Gram split,2025-05,86.92395614148141,5
Andhra Pradesh,Gram split,2025-06,87.45449507230384,5
Andhra Pradesh,Gram split,2025-07,84.79280721682558,5
Andhra Pradesh,Gram split,2025-08,82.9335126604989,5
Andhra Pradesh,Gram split,2025-09,82.16322589443044,5
Andhra Pradesh,Gram split,2025-10,82.12986205714004,5
Punjab,Gram split,2025-01,93.00571812266062,15
Punjab,Gram split,2025-02,90.8926539711224,15
Punjab,Gram split,2025-03,86.53194071474623,15
Punjab,Gram split,2025-04,83.35261540339322,15
Punjab,Gram split,2025-05,83.76350392631997,15
Punjab,Gram split,2025-06,82.09639847032442,15
Punjab,Gram split,2025-07,83.33430713381588,15
Punjab,Gram split,2025-08,87.45926783796726,15
Punjab,Gram split,2025-09,86.33926271886932,15
Punjab,Gram split,2025-10,85.54159834378437,15
Chhattisgarh,Gram split,2025-01,95.47595116248785,9
Chhattisgarh,Gram split,2025-02,92.74805348643224,9
Chhattisgarh,Gram split,2025-03,91.50450855900361,9
Chhattisgarh,Gram split,2025-04,89.74660039874179,9
Chhattisgarh,Gram split,2025-05,89.69880950849743,9
Chhattisgarh,Gram split,2025-06,90.1344902414353,9
Chhattisgarh,Gram split,2025-07,89.23251051975495,9
Chhattisgarh,Gram split,2025-08,88.68286654987897,9
Chhattisgarh,Gram split,2025-09,88.55751657904152,9
Chhattisgarh,Gram split,2025-10,88.39122420986007,9
Odisha,Gram split,2025-01,89.36172355743564,28
Odisha,Gram split,2025-02,86.78950570632915,28
Odisha,Gram split,2025-03,84.85366483639118,28
Odisha,Gram split,2025-04,83.25573054078997,28
Odisha,Gram split,2025-05,82.79532758002841,28
Odisha,Gram split,2025-06,82.37817599367771,28
Odisha,Gram split,2025-07,82.22374994005186,28
Odisha,Gram split,2025-08,83.5769083094829,28
Odisha,Gram split,2025-09,83.28422909502562,28
Odisha,Gram split,2025-10,82.51163018155584,28
Bihar,Gram split,2025-01,87.18233218132552,38
Bihar,Gram split,2025-02,85.65901160630229,38
Bihar,Gram split,2025-03,84.11503989613159,38
Bihar,Gram split,2025-04,83.09644031998391,38
Bihar,Gram split,2025-05,82.01424529449781,38
Bihar,Gram split,2025-06,81.06864978889875,38
Bihar,Gram split,2025-07,81.1755868436946,38
Bihar,Gram split,2025-08,82.56631076887126,38
Bihar,Gram split,2025-09,82.28007537789523,38
Bihar,Gram split,2025-10,81.76438805410314,38
Tamil Nadu,Gram split,2025-01,96.44022989013538,37
Tamil Nadu,Gram split,2025-02,92.27336173138342,37
Tamil Nadu,Gram split,2025-03,89.17886317164479,37
Tamil Nadu,Gram split,2025-04,87.9559454252215,37
Tamil Nadu,Gram split,2025-05,87.63068855319129,37
Tamil Nadu,Gram split,2025-06,87.49324568267902,37
Tamil Nadu,Gram split,2025-07,87.48183374948853,37
Tamil Nadu,Gram split,2025-08,90.09134611362592,37
Tamil Nadu,Gram split,2025-09,90.82631376032492,37
Tamil Nadu,Gram split,2025-10,90.14254628764648,37
Karnataka,Gram split,2025-01,93.51781847141838,32
Karnataka,Gram split,2025-02,88.82591955884075,32
Karnataka,Gram split,2025-03,87.24967792403889,32
Karnataka,Gram split,2025-04,86.02573375680767,32
Karnataka,Gram split,2025-05,85.31277743202318,32
Karnataka,Gram split,2025-06,84.69491103793621,32
Karnataka,Gram split,2025-07,84.10030480562249,32
Karnataka,Gram split,2025-08,85.21118361336342,32
Karnataka,Gram split,2025-09,85.20457765627008,32
Karnataka,Gram split,2025-10,85.50409290002275,32
Jammu and Kashmir,Gram split,2025-01,97.46126318241534,8
Jammu and Kashmir,Gram split,2025-02,97.03911777897858,8
Jammu and Kashmir,Gram split,2025-03,96.66799940978275,8
Jammu and Kashmir,Gram split,2025-04,94.63143943288993,8
Jammu and Kashmir,Gram split,2025-05,94.88080175083189,8
Jammu and Kashmir,Gram split,2025-06,94.22007780211644,8
Jammu and Kashmir,Gram split,2025-07,94.06964783578435,8
Jammu and Kashmir,Gram split,2025-08,93.44057253320763,8
Jammu and Kashmir,Gram split,2025-09,93.30996076969063,8
Jammu and Kashmir,Gram split,2025-10,93.36045136484597,8
Himachal Pradesh,Gram split,2025-01,93.37562198998182,12
Himachal Pradesh,Gram split,2025-02,91.42751103829872,12
Himachal Pradesh,Gram split,2025-03,88.26081954076597,12
Himachal Pradesh,Gram split,2025-04,85.98579904784084,12
Himachal Pradesh,Gram split,2025-05,83.58549705158585,12
Himachal Pradesh,Gram split,2025-06,82.22493816877434,12
Himachal Pradesh,Gram split,2025-07,81.99004730730563,12
Himachal Pradesh,Gram split,2025-08,82.57286327968643,12
Himachal Pradesh,Gram split,2025-09,84.3140408548095,12
Himachal Pradesh,Gram split,2025-10,83.39753210534397,12
Jharkhand,Gram split,2025-01,88.52596407910914,19
Jharkhand,Gram split,2025-02,87.19782889335076,19
Jharkhand,Gram split,2025-03,85.86581957196951,19
Jharkhand,Gram split,2025-04,84.4544586865919,19
Jharkhand,Gram split,2025-05,83.769768410389,19
Jharkhand,Gram split,2025-06,83.93642389486244,19
Jharkhand,Gram split,2025-07,84.13842290690805,19
Jharkhand,Gram split,2025-08,84.29949375709363,19
Jharkhand,Gram split,2025-09,83.41632479710816,19
Jharkhand,Gram split,2025-10,82.71633117371353,19
Manipur,Gram split,2025-01,84.40378605044478,6
Manipur,Gram split,2025-02,84.22968293608012,6
Manipur,Gram split,2025-03,83.99661696334006,6
Manipur,Gram split,2025-04,83.58384189731706,6
Manipur,Gram split,2025-05,82.88845629898744,6
Manipur,Gram split,2025-06,83.06579238375225,6
Manipur,Gram split,2025-07,82.97297819532095,6
Manipur,Gram split,2025-08,83.29911748186524,6
Manipur,Gram split,2025-09,85.20288268808764,6
Manipur,Gram split,2025-10,85.51402829503755,6
Nagaland,Gram split,2025-01,98.5335182418224,14
Nagaland,Gram split,2025-02,98.14309732932774,14
Nagaland,Gram split,2025-03,98.98452155655892,14
Nagaland,Gram split,2025-04,99.23021179718206,14
Nagaland,Gram split,2025-05,100.12276570976609,14
Nagaland,Gram split,2025-06,100.37143335693095,14
Nagaland,Gram split,2025-07,100.32051263549685,14
Nagaland,Gram split,2025-08,100.76625685483361,14
Nagaland,Gram split,2025-09,101.0789508225471,14
Nagaland,Gram split,2025-10,100.98691795602429,14
Sikkim,Gram split,2025-01,98.86802190274464,6
Sikkim,Gram split,2025-02,95.56685698858253,6
Sikkim,Gram split,2025-03,95.56685698858251,6
Sikkim,Gram split,2025-04,95.56685698858251,6
Sikkim,Gram split,2025-05,95.61753760953465,6
Sikkim,Gram split,2025-06,95.90171037510396,6
Sikkim,Gram split,2025-07,96.38734895777199,6
Sikkim,Gram split,2025-08,96.5256563091518,6
Sikkim,Gram split,2025-09,98.0948672968544,6
Sikkim,Gram split,2025-10,97.7873069439985,6
Meghalaya,Gram split,2025-01,106.64522262743178,6
Meghalaya,Gram split,2025-02,104.20221607258782,6
Meghalaya,Gram split,2025-03,103.08319182020044,6
Meghalaya,Gram split,2025-04,99.19274366639101,6
Meghalaya,Gram split,2025-05,97.57666359836456,6
Meghalaya,Gram split,2025-06,97.00517085081296,6
Meghalaya,Gram split,2025-07,96.67960343247793,6
Meghalaya,Gram split,2025-08,96.34906875667258,6
Meghalaya,Gram split,2025-09,96.88363848265703,6
Meghalaya,Gram split,2025-10,96.69576162961951,6
Assam,Potato,2025-01,24.493246408961443,28
Assam,Potato,2025-02,17.26441856960549,28
Assam,Potato,2025-03,16.087845082144778,28
Assam,Potato,2025-04,16.956227218940462,28
Assam,Potato,2025-05,18.85563008153136,28
Assam,Potato,2025-06,20.483626609384654,28
Assam,Potato,2025-07,20.892155622736578,28
Assam,Potato,2025-08,20.751146863891186,28
Assam,Potato,2025-09,20.606986448041223,28
Assam,Potato,2025-10,20.588156144360845,28
Telangana,Potato,2025-01,35.30199678706916,10
Telangana,Potato,2025-02,33.522728967598475,10
Telangana,Potato,2025-03,32.47658223389111,10
Telangana,Potato,2025-04,31.628665786531005,10
Telangana,Potato,2025-05,29.887857363943706,10
Telangana,Potato,2025-06,29.876814010965692,10
Telangana,Potato,2025-07,31.466743731071773,10
Telangana,Potato,2025-08,32.711553783565996,10
Telangana,Potato,2025-09,32.61819259218206,10
Telangana,Potato,2025-10,31.831134239256745,10
Madhya Pradesh,Potato,2025-01,25.546852098941763,50
Madhya Pradesh,Potato,2025-02,21.67418000320158,50
Madhya Pradesh,Potato,2025-03,21.131468973519883,50
Madhya Pradesh,Potato,2025-04,20.689152281549564,50
Madhya Pradesh,Potato,2025-05,21.266812165401394,50
Madhya Pradesh,Potato,2025-06,21.862618956944655,50
Madhya Pradesh,Potato,2025-07,22.1635707639553,50
Madhya Pradesh,Potato,2025-08,21.888756632813873,50
Madhya Pradesh,Potato,2025-09,20.72926980966533,50
Madhya Pradesh,Potato,2025-10,20.611451608901444,50
Uttar Pradesh,Potato,2025-01,21.729355697960106,75
Uttar Pradesh,Potato,2025-02,17.764110848774983,75
Uttar Pradesh,Potato,2025-03,17.267499177879184,75
Uttar Pradesh,Potato,2025-04,17.952680191373908,75
Uttar Pradesh,Potato,2025-05,18.45928989238472,75
Uttar Pradesh,Potato,2025-06,19.61310962916317,75
Uttar Pradesh,Potato,2025-07,20.50789510701689,75
Uttar Pradesh,Potato,2025-08,20.050106462468193,75
Uttar Pradesh,Potato,2025-09,19.58566097119747,75
Uttar Pradesh,Potato,2025-10,19.430952375647216,75
Maharashtra,Potato,2025-01,37.23912596761896,19
Maharashtra,Potato,2025-02,34.12057908857795,19
Maharashtra,Potato,2025-03,31.09108339545738,19
Maharashtra,Potato,2025-04,30.17493197762723,19
Maharashtra,Potato,2025-05,30.031910167871374,19
Maharashtra,Potato,2025-06,29.547952739553423,19
Maharashtra,Potato,2025-07,30.07468984839162,19
Maharashtra,Potato,2025-08,30.370194525285413,19
Maharashtra,Potato,2025-09,29.63197869039859,19
Maharashtra,Potato,2025-10,30.681868618392087,19
Gujarat,Potato,2025-01,33.800480332775024,8
Gujarat,Potato,2025-02,30.09320555685532,8
Gujarat,Potato,2025-03,25.53349476206433,8
Gujarat,Potato,2025-04,26.829027658327547,8
Gujarat,Potato,2025-05,28.80467323446266,8
Gujarat,Potato,2025-06,28.741848892658822,8
Gujarat,Potato,2025-07,29.372292725660934,8
Gujarat,Potato,2025-08,29.270364830047534,8
Gujarat,Potato,2025-09,26.92449839931841,8
Gujarat,Potato,2025-10,27.464256091475555,8
Mizoram,Potato,2025-01,49.51151088211089,11
Mizoram,Potato,2025-02,46.32918825657136,11
Mizoram,Potato,2025-03,44.85534278626535,11
Mizoram,Potato,2025-04,42.65213917697062,11
Mizoram,Potato,2025-05,39.9569464572017,11
Mizoram,Potato,2025-06,38.608482311277186,11
Mizoram,Potato,2025-07,38.47427222550827,11
Mizoram,Potato,2025-08,39.85369683956457,11
Mizoram,Potato,2025-09,38.93042706618437,11
Mizoram,Potato,2025-10,38.68875368688437,11
Rajasthan,Potato,2025-01,33.316939281202295,32
Rajasthan,Potato,2025-02,27.312146034208677,32
Rajasthan,Potato,2025-03,25.578927135013135,32
Rajasthan,Potato,2025-04,24.436621101119666,32
Rajasthan,Potato,2025-05,23.947438704660012,32
Rajasthan,Potato,2025-06,24.471151375745915,32
Rajasthan,Potato,2025-07,25.13573859048525,32
Rajasthan,Potato,2025-08,24.937050941775887,32
Rajasthan,Potato,2025-09,24.810391808845655,32
Rajasthan,Potato,2025-10,24.969324544493475,32
Kerala,Potato,2025-01,44.5042013807054,14
Kerala,Potato,2025-02,38.80644146104208,14
Kerala,Potato,2025-03,35.51678504340371,14
Kerala,Potato,2025-04,34.284193575296776,14
Kerala,Potato,2025-05,36.20283628139007,14
Kerala,Potato,2025-06,37.05182539898839,14
Kerala,Potato,2025-07,36.62028053029942,14
Kerala,Potato,2025-08,36.02082116245815,14
Kerala,Potato,2025-09,35.95024988779754,14
Kerala,Potato,2025-10,38.26095715367868,14
West Bengal,Potato,2025-01,24.249368929569638,23
West Bengal,Potato,2025-02,15.522414052988397,23
West Bengal,Potato,2025-03,15.503397613014332,23
West Bengal,Potato,2025-04,17.136037002557405,23
West Bengal,Potato,2025-05,18.750763463042254,23
West Bengal,Potato,2025-06,19.755673706604465,23
West Bengal,Potato,2025-07,19.478214525389465,23
West Bengal,Potato,2025-08,18.951543758687233,23
West Bengal,Potato,2025-09,18.500670576707144,23
West Bengal,Potato,2025-10,18.924761099427513,23
Andhra Pradesh,Potato,2025-01,35.7516572911675,5
Andhra Pradesh,Potato,2025-02,32.033089674765286,5
Andhra Pradesh,Potato,2025-03,31.118360677410724,5
Andhra Pradesh,Potato,2025-04,31.023203941404695,5
Andhra Pradesh,Potato,2025-05,32.289796464257144,5
Andhra Pradesh,Potato,2025-06,32.02930338348626,5
Andhra Pradesh,Potato,2025-07,30.73293945586045,5
Andhra Pradesh,Potato,2025-08,29.16115747590537,5
Andhra Pradesh,Potato,2025-09,29.39345614101842,5
Andhra Pradesh,Potato,2025-10,30.470549055244923,5
Punjab,Potato,2025-01,21.986313438753307,15
Punjab,Potato,2025-02,18.33024382987595,15
Punjab,Potato,2025-03,16.811136061480813,15
Punjab,Potato,2025-04,15.51718999284447,15
Punjab,Potato,2025-05,17.08408768686141,15
Punjab,Potato,2025-06,18.324306560587715,15
Punjab,Potato,2025-07,18.93999760683099,15
Punjab,Potato,2025-08,19.513076351702527,15
Punjab,Potato,2025-09,19.6138011527759,15
Punjab,Potato,2025-10,19.39924519643841,15
Chhattisgarh,Potato,2025-01,36.10238824383378,9
Chhattisgarh,Potato,2025-02,30.518442350625893,9
Chhattisgarh,Potato,2025-03,29.251566587576075,9
Chhattisgarh,Potato,2025-04,26.803934768428313,9
Chhattisgarh,Potato,2025-05,27.395411811907223,9
Chhattisgarh,Potato,2025-06,26.225532962863163,9
Chhattisgarh,Potato,2025-07,27.769210914309863,9
Chhattisgarh,Potato,2025-08,28.057776672363758,9
Chhattisgarh,Potato,2025-09,27.773500607135755,9
Chhattisgarh,Potato,2025-10,27.513916230036934,9
Odisha,Potato,2025-01,28.84473023740524,28
Odisha,Potato,2025-02,19.62335418074283,28
Odisha,Potato,2025-03,18.641708837472315,28
Odisha,Potato,2025-04,20.423350331114268,28
Odisha,Potato,2025-05,21.00365767471332,28
Odisha,Potato,2025-06,20.521414137468096,28
Odisha,Potato,2025-07,20.60484556693744,28
Odisha,Potato,2025-08,20.54020593134761,28
Odisha,Potato,2025-09,20.242090198192237,28
Odisha,Potato,2025-10,20.480243203965518,28
Bihar,Potato,2025-01,24.70544777821786,38
Bihar,Potato,2025-02,20.0172583730775,38
Bihar,Potato,2025-03,18.203227837983604,38
Bihar,Potato,2025-04,18.78547689208007,38
Bihar,Potato,2025-05,18.998377558975214,38
Bihar,Potato,2025-06,19.36213178970714,38
Bihar,Potato,2025-07,19.920964865474595,38
Bihar,Potato,2025-08,19.704490652701015,38
Bihar,Potato,2025-09,19.343114942940193,38
Bihar,Potato,2025-10,19.485131027945524,38
Tamil Nadu,Potato,2025-01,45.42970153758152,37
Tamil Nadu,Potato,2025-02,40.17126323561589,37
Tamil Nadu,Potato,2025-03,35.78177025729594,37
Tamil Nadu,Potato,2025-04,33.85046672366285,37
Tamil Nadu,Potato,2025-05,35.91874443204167,37
Tamil Nadu,Potato,2025-06,37.485231201489775,37
Tamil Nadu,Potato,2025-07,38.01946227391017,37
Tamil Nadu,Potato,2025-08,37.43446579069329,37
Tamil Nadu,Potato,2025-09,36.85854312687885,37
Tamil Nadu,Potato,2025-10,38.80558141132801,37
Karnataka,Potato,2025-01,35.74207555713147,32
Karnataka,Potato,2025-02,32.7655800755556,32
Karnataka,Potato,2025-03,30.202507757760973,32
Karnataka,Potato,2025-04,28.320178977227535,32
Karnataka,Potato,2025-05,28.772083625570005,32
Karnataka,Potato,2025-06,30.012957863608577,32
Karnataka,Potato,2025-07,30.493460024164207,32
Karnataka,Potato,2025-08,30.737563710252985,32
Karnataka,Potato,2025-09,29.825232402670704,32
Karnataka,Potato,2025-10,29.550231374583806,32
Jammu and Kashmir,Potato,2025-01,33.0271918206728,8
Jammu and Kashmir,Potato,2025-02,29.130676806780418,8
Jammu and Kashmir,Potato,2025-03,26.70161707306027,8
Jammu and Kashmir,Potato,2025-04,25.941956712766927,8
Jammu and Kashmir,Potato,2025-05,25.929779436698265,8
Jammu and Kashmir,Potato,2025-06,26.22081625093091,8
Jammu and Kashmir,Potato,2025-07,28.115234399614074,8
Jammu and Kashmir,Potato,2025-08,28.00293707184046,8
Jammu and Kashmir,Potato,2025-09,28.809935632613918,8
Jammu and Kashmir,Potato,2025-10,28.839696627017766,8
Himachal Pradesh,Potato,2025-01,29.28293872907108,12
Himachal Pradesh,Potato,2025-02,23.21606775751329,12
Himachal Pradesh,Potato,2025-03,22.108492293305446,12
Himachal Pradesh,Potato,2025-04,21.528983129924868,12
Himachal Pradesh,Potato,2025-05,22.04371805278173,12
Himachal Pradesh,Potato,2025-06,24.643584433737477,12
Himachal Pradesh,Potato,2025-07,26.187352208116337,12
Himachal Pradesh,Potato,2025-08,27.771077790097703,12
Himachal Pradesh,Potato,2025-09,27.96091083088646,12
Himachal Pradesh,Potato,2025-10,27.28882582829653,12
Jharkhand,Potato,2025-01,25.79843474662166,19
Jharkhand,Potato,2025-02,20.5773206818587,19
Jharkhand,Potato,2025-03,19.557596282168944,19
Jharkhand,Potato,2025-04,19.81605451723562,19
Jharkhand,Potato,2025-05,20.963975348333435,19
Jharkhand,Potato,2025-06,21.45649115747851,19
Jharkhand,Potato,2025-07,21.33002662722786,19
Jharkhand,Potato,2025-08,21.138859015823105,19
Jharkhand,Potato,2025-09,20.792069853093814,19
Jharkhand,Potato,2025-10,20.75749020370454,19
Manipur,Potato,2025-01,24.49595093830086,8
Manipur,Potato,2025-02,23.44078123185255,8
Manipur,Potato,2025-03,23.3278259404361,8
Manipur,Potato,2025-04,23.455449707106037,8
Manipur,Potato,2025-05,23.61914585269981,8
Manipur,Potato,2025-06,24.889060536659475,8
Manipur,Potato,2025-07,25.301813890015598,8
Manipur,Potato,2025-08,25.069530454666193,8
Manipur,Potato,2025-09,27.032018839733137,8
Manipur,Potato,2025-10,29.150049972631653,8
Nagaland,Potato,2025-01,38.366853076463464,16
Nagaland,Potato,2025-02,31.08855926103977,16
Nagaland,Potato,2025-03,27.715241603451016,16
Nagaland,Potato,2025-04,26.859407877504058,16
Nagaland,Potato,2025-05,26.925102956540616,16
Nagaland,Potato,2025-06,27.869730107131144,16
Nagaland,Potato,2025-07,27.699726601538863,16
Nagaland,Potato,2025-08,26.830270435388222,16
Nagaland,Potato,2025-09,26.893283382876877,16
Nagaland,Potato,2025-10,26.97050459556477,16
Sikkim,Potato,2025-01,38.40442988581561,6
Sikkim,Potato,2025-02,34.34433460948082,6
Sikkim,Potato,2025-03,30.525123578350296,6
Sikkim,Potato,2025-04,29.073069376809237,6
Sikkim,Potato,2025-05,28.961615947738014,6
Sikkim,Potato,2025-06,28.753694424596745,6
Sikkim,Potato,2025-07,28.231080866430847,6
Sikkim,Potato,2025-08,29.569868440291106,6
Sikkim,Potato,2025-09,29.730631039012206,6
Sikkim,Potato,2025-10,29.102103463374007,6
Meghalaya,Potato,2025-01,34.7910091517658,10
Meghalaya,Potato,2025-02,25.78936434940668,10
Meghalaya,Potato,2025-03,21.394762037286213,10
Meghalaya,Potato,2025-04,20.900571309320203,10
Meghalaya,Potato,2025-05,22.615562968535848,10
Meghalaya,Potato,2025-06,25.24602196214548,10
Meghalaya,Potato,2025-07,25.372784075907454,10
Meghalaya,Potato,2025-08,25.48701876960847,10
Meghalaya,Potato,2025-09,25.069184569064664,10
Meghalaya,Potato,2025-10,25.19779822124982,10
Assam,Onion,2025-01,39.72046951393063,28
Assam,Onion,2025-02,37.0303710781861,28
Assam,Onion,2025-03,32.95799497989548,28
Assam,Onion,2025-04,28.447239162981898,28
Assam,Onion,2025-05,27.77424791520608,28
Assam,Onion,2025-06,28.126445064128657,28
Assam,Onion,2025-07,29.9612922589305,28
Assam,Onion,2025-08,30.278958982037118,28
Assam,Onion,2025-09,30.040185795997797,28
Assam,Onion,2025-10,28.874508240012624,28
Telangana,Onion,2025-01,43.13274812931416,10
Telangana,Onion,2025-02,36.830955705932794,10
Telangana,Onion,2025-03,34.1265394789387,10
Telangana,Onion,2025-04,30.069606405179293,10
Telangana,Onion,2025-05,24.789465928060448,10
Telangana,Onion,2025-06,20.829458030128063,10
Telangana,Onion,2025-07,23.492307374876987,10
Telangana,Onion,2025-08,26.171268809982735,10
Telangana,Onion,2025-09,26.72887832349278,10
Telangana,Onion,2025-10,26.360068003545706,10
Madhya Pradesh,Onion,2025-01,30.683090200121352,50
Madhya Pradesh,Onion,2025-02,29.822086566081165,50
Madhya Pradesh,Onion,2025-03,28.884943746809217,50
Madhya Pradesh,Onion,2025-04,23.223656229063803,50
Madhya Pradesh,Onion,2025-05,19.3549524029773,50
Madhya Pradesh,Onion,2025-06,18.513595716738468,50
Madhya Pradesh,Onion,2025-07,20.004592837129735,50
Madhya Pradesh,Onion,2025-08,20.84879930825833,50
Madhya Pradesh,Onion,2025-09,20.228063216149778,50
Madhya Pradesh,Onion,2025-10,19.133565651272615,50
Uttar Pradesh,Onion,2025-01,31.861305393042294,75
Uttar Pradesh,Onion,2025-02,30.023020736000287,75
Uttar Pradesh,Onion,2025-03,30.545304694000045,75
Uttar Pradesh,Onion,2025-04,26.51508945959678,75
Uttar Pradesh,Onion,2025-05,22.84573793829053,75
Uttar Pradesh,Onion,2025-06,22.095564347520313,75
Uttar Pradesh,Onion,2025-07,24.030038063128305,75
Uttar Pradesh,Onion,2025-08,24.328021787150256,75
Uttar Pradesh,Onion,2025-09,23.43935483190589,75
Uttar Pradesh,Onion,2025-10,22.625316819889367,75
Maharashtra,Onion,2025-01,38.53857106138705,19
Maharashtra,Onion,2025-02,35.70253759323952,19
Maharashtra,Onion,2025-03,32.11392215893922,19
Maharashtra,Onion,2025-04,26.52669497723412,19
Maharashtra,Onion,2025-05,23.75108507062029,19
Maharashtra,Onion,2025-06,25.346445694705327,19
Maharashtra,Onion,2025-07,26.603163942372674,19
Maharashtra,Onion,2025-08,26.657935812486556,19
Maharashtra,Onion,2025-09,26.377368811476813,19
Maharashtra,Onion,2025-10,25.826117961647395,19
Gujarat,Onion,2025-01,35.10470209860349,8
Gujarat,Onion,2025-02,32.49686027238691,8
Gujarat,Onion,2025-03,31.679806207321523,8
Gujarat,Onion,2025-04,33.45887821880187,8
Gujarat,Onion,2025-05,30.14815651005038,8
Gujarat,Onion,2025-06,28.550651839702414,8
Gujarat,Onion,2025-07,28.543580109554693,8
Gujarat,Onion,2025-08,28.183464445990474,8
Gujarat,Onion,2025-09,26.919301903028888,8
Gujarat,Onion,2025-10,26.752009211721358,8
Mizoram,Onion,2025-01,67.15022909599834,11
Mizoram,Onion,2025-02,63.939504339701,11
Mizoram,Onion,2025-03,61.39247144078471,11
Mizoram,Onion,2025-04,56.16242634263715,11
Mizoram,Onion,2025-05,52.85734575181469,11
Mizoram,Onion,2025-06,52.26834463364883,11
Mizoram,Onion,2025-07,52.39626087061099,11
Mizoram,Onion,2025-08,51.3626146810368,11
Mizoram,Onion,2025-09,50.752022702807814,11
Mizoram,Onion,2025-10,49.822737901477744,11
Rajasthan,Onion,2025-01,40.30974812158298,32
Rajasthan,Onion,2025-02,32.64914588669839,32
Rajasthan,Onion,2025-03,31.645815833695863,32
Rajasthan,Onion,2025-04,30.25389275765631,32
Rajasthan,Onion,2025-05,28.261913448674765,32
Rajasthan,Onion,2025-06,27.002986756548907,32
Rajasthan,Onion,2025-07,27.39571335415945,32
Rajasthan,Onion,2025-08,27.522673463833588,32
Rajasthan,Onion,2025-09,27.019078955748856,32
Rajasthan,Onion,2025-10,27.062259727277024,32
Kerala,Onion,2025-01,44.65440369158099,14
Kerala,Onion,2025-02,41.805151431980484,14
Kerala,Onion,2025-03,34.92434375350532,14
Kerala,Onion,2025-04,28.191140206899544,14
Kerala,Onion,2025-05,25.110030734634748,14
Kerala,Onion,2025-06,28.673454230131735,14
Kerala,Onion,2025-07,28.20974744995049,14
Kerala,Onion,2025-08,27.480016309982013,14
Kerala,Onion,2025-09,26.194037145448306,14
Kerala,Onion,2025-10,25.11976716174788,14
West Bengal,Onion,2025-01,37.70657738624222,23
West Bengal,Onion,2025-02,35.064642453892155,23
West Bengal,Onion,2025-03,33.27641430598879,23
West Bengal,Onion,2025-04,29.572944379178004,23
West Bengal,Onion,2025-05,25.001251606090726,23
West Bengal,Onion,2025-06,25.387481404303653,23
West Bengal,Onion,2025-07,27.216615626770906,23
West Bengal,Onion,2025-08,27.025198715262327,23
West Bengal,Onion,2025-09,26.037343648477137,23
West Bengal,Onion,2025-10,25.040832938697353,23
Andhra Pradesh,Onion,2025-01,43.257853101248415,5
Andhra Pradesh,Onion,2025-02,40.07686911662068,5
Andhra Pradesh,Onion,2025-03,35.37755602794086,5
Andhra Pradesh,Onion,2025-04,28.523500465213036,5
Andhra Pradesh,Onion,2025-05,26.053704478395403,5
Andhra Pradesh,Onion,2025-06,26.219658486488992,5
Andhra Pradesh,Onion,2025-07,24.63197741958095,5
Andhra Pradesh,Onion,2025-08,24.203304386918646,5
Andhra Pradesh,Onion,2025-09,22.249980033345786,5
Andhra Pradesh,Onion,2025-10,21.64448904417717,5
Punjab,Onion,2025-01,36.38858118350754,15
Punjab,Onion,2025-02,35.67826283058186,15
Punjab,Onion,2025-03,34.7416172408927,15
Punjab,Onion,2025-04,25.653114490619103,15
Punjab,Onion,2025-05,22.750431388282568,15
Punjab,Onion,2025-06,22.961034919170913,15
Punjab,Onion,2025-07,26.308411219600227,15
Punjab,Onion,2025-08,27.12978552801896,15
Punjab,Onion,2025-09,26.742005145311488,15
Punjab,Onion,2025-10,25.086571707035365,15
Chhattisgarh,Onion,2025-01,41.90139823788795,9
Chhattisgarh,Onion,2025-02,35.71054801531664,9
Chhattisgarh,Onion,2025-03,34.966408937478555,9
Chhattisgarh,Onion,2025-04,31.39254932226485,9
Chhattisgarh,Onion,2025-05,30.035869854159543,9
Chhattisgarh,Onion,2025-06,28.269129003148272,9
Chhattisgarh,Onion,2025-07,28.77469734338433,9
Chhattisgarh,Onion,2025-08,29.222397973049087,9
Chhattisgarh,Onion,2025-09,28.83141224244362,9
Chhattisgarh,Onion,2025-10,27.308523129689096,9
Odisha,Onion,2025-01,37.01545931701466,28
Odisha,Onion,2025-02,35.67790413071517,28
Odisha,Onion,2025-03,33.23250608300373,28
Odisha,Onion,2025-04,26.376155822958268,28
Odisha,Onion,2025-05,23.68502659565388,28
Odisha,Onion,2025-06,24.29746286080642,28
Odisha,Onion,2025-07,25.710641094754735,28
Odisha,Onion,2025-08,25.867425175274388,28
Odisha,Onion,2025-09,24.773353258776726,28
Odisha,Onion,2025-10,23.490571537096635,28
Bihar,Onion,2025-01,35.31298550966652,38
Bihar,Onion,2025-02,32.05443681708003,38
Bihar,Onion,2025-03,32.00382933553523,38
Bihar,Onion,2025-04,28.207977017602634,38
Bihar,Onion,2025-05,23.799139330299035,38
Bihar,Onion,2025-06,22.51098648976297,38
Bihar,Onion,2025-07,23.892661155909153,38
Bihar,Onion,2025-08,24.188044699968184,38
Bihar,Onion,2025-09,24.180010569819533,38
Bihar,Onion,2025-10,23.435385929352268,38
Tamil Nadu,Onion,2025-01,46.017209320927115,37
Tamil Nadu,Onion,2025-02,42.909691294334706,37
Tamil Nadu,Onion,2025-03,37.47121022239686,37
Tamil Nadu,Onion,2025-04,31.20874813004723,37
Tamil Nadu,Onion,2025-05,29.029576390697432,37
Tamil Nadu,Onion,2025-06,31.104565889045283,37
Tamil Nadu,Onion,2025-07,32.24963080180485,37
Tamil Nadu,Onion,2025-08,31.668630866132663,37
Tamil Nadu,Onion,2025-09,30.355569554517402,37
Tamil Nadu,Onion,2025-10,28.875401768923386,37
Karnataka,Onion,2025-01,36.209153599037414,32
Karnataka,Onion,2025-02,31.72845109912965,32
Karnataka,Onion,2025-03,29.241617586196032,32
Karnataka,Onion,2025-04,24.84723925020703,32
Karnataka,Onion,2025-05,22.427046462844405,32
Karnataka,Onion,2025-06,23.448585172865137,32
Karnataka,Onion,2025-07,25.195232553525276,32
Karnataka,Onion,2025-08,26.119438030551912,32
Karnataka,Onion,2025-09,24.148654945596775,32
Karnataka,Onion,2025-10,21.203589673598387,32
Jammu and Kashmir,Onion,2025-01,44.61430972863357,8
Jammu and Kashmir,Onion,2025-02,41.25187978987449,8
Jammu and Kashmir,Onion,2025-03,40.12006653109842,8
Jammu and Kashmir,Onion,2025-04,35.548616115275216,8
Jammu and Kashmir,Onion,2025-05,33.64057757780545,8
Jammu and Kashmir,Onion,2025-06,31.811220665805333,8
Jammu and Kashmir,Onion,2025-07,34.87042881314191,8
Jammu and Kashmir,Onion,2025-08,34.23458130808688,8
Jammu and Kashmir,Onion,2025-09,34.8155468021403,8
Jammu and Kashmir,Onion,2025-10,33.671955938188745,8
Himachal Pradesh,Onion,2025-01,40.78652324613915,12
Himachal Pradesh,Onion,2025-02,40.818836779179584,12
Himachal Pradesh,Onion,2025-03,39.98384263331561,12
Himachal Pradesh,Onion,2025-04,32.95664916240906,12
Himachal Pradesh,Onion,2025-05,27.576726475379733,12
Himachal Pradesh,Onion,2025-06,28.987752717502612,12
Himachal Pradesh,Onion,2025-07,32.02045790186779,12
Himachal Pradesh,Onion,2025-08,33.0034784393138,12
Himachal Pradesh,Onion,2025-09,32.64042561138843,12
Himachal Pradesh,Onion,2025-10,30.796652046268946,12
Jharkhand,Onion,2025-01,35.86999467731398,19
Jharkhand,Onion,2025-02,33.05898082209478,19
Jharkhand,Onion,2025-03,30.785365052192454,19
Jharkhand,Onion,2025-04,26.90829456274262,19
Jharkhand,Onion,2025-05,24.372062581571083,19
Jharkhand,Onion,2025-06,24.271036103196614,19
Jharkhand,Onion,2025-07,24.744541255929995,19
Jharkhand,Onion,2025-08,25.429707635695877,19
Jharkhand,Onion,2025-09,25.1142600393994,19
Jharkhand,Onion,2025-10,24.579632941724007,19
Manipur,Onion,2025-01,42.06528700884659,8
Manipur,Onion,2025-02,41.11795098010912,8
Manipur,Onion,2025-03,40.68755710675823,8
Manipur,Onion,2025-04,40.06110103670077,8
Manipur,Onion,2025-05,39.72703064249824,8
Manipur,Onion,2025-06,40.68896571968734,8
Manipur,Onion,2025-07,40.77991810563869,8
Manipur,Onion,2025-08,40.91137236156256,8
Manipur,Onion,2025-09,41.3758851329169,8
Manipur,Onion,2025-10,41.708142647894384,8
Nagaland,Onion,2025-01,60.417961371368904,16
Nagaland,Onion,2025-02,51.95497701824387,16
Nagaland,Onion,2025-03,48.550280554663644,16
Nagaland,Onion,2025-04,46.24462253193813,16
Nagaland,Onion,2025-05,45.3003630260769,16
Nagaland,Onion,2025-06,46.095071883076386,16
Nagaland,Onion,2025-07,45.39063483604908,16
Nagaland,Onion,2025-08,46.43965069748106,16
Nagaland,Onion,2025-09,45.89768551502266,16
Nagaland,Onion,2025-10,45.32531832985273,16
Sikkim,Onion,2025-01,46.219382660297796,6
Sikkim,Onion,2025-02,45.367239384517404,6
Sikkim,Onion,2025-03,42.11283128915331,6
Sikkim,Onion,2025-04,34.82132027365161,6
Sikkim,Onion,2025-05,35.87075631598541,6
Sikkim,Onion,2025-06,37.819779579600045,6
Sikkim,Onion,2025-07,37.47146198707936,6
Sikkim,Onion,2025-08,37.02722124965585,6
Sikkim,Onion,2025-09,36.40585364823346,6
Sikkim,Onion,2025-10,36.35951540958172,6
Meghalaya,Onion,2025-01,49.1025152460284,10
Meghalaya,Onion,2025-02,43.20990756329258,10
Meghalaya,Onion,2025-03,39.279233591001955,10
Meghalaya,Onion,2025-04,36.809167149287916,10
Meghalaya,Onion,2025-05,36.596346692522815,10
Meghalaya,Onion,2025-06,37.585429857997,10
Meghalaya,Onion,2025-07,38.368281396137675,10
Meghalaya,Onion,2025-08,39.3970244746743,10
Meghalaya,Onion,2025-09,39.13702458610716,10
Meghalaya,Onion,2025-10,38.033601838543845,10
Assam,Tomato,2025-01,36.70928186881385,27
Assam,Tomato,2025-02,20.891241662554044,27
Assam,Tomato,2025-03,19.116059460938235,27
Assam,Tomato,2025-04,19.12416321878592,27
Assam,Tomato,2025-05,24.426539436380782,27
Assam,Tomato,2025-06,35.96592012881133,27
Assam,Tomato,2025-07,41.210739408472534,27
Assam,Tomato,2025-08,47.27126218759107,27
Assam,Tomato,2025-09,50.29251750962625,27
Assam,Tomato,2025-10,48.82549966195,27
Telangana,Tomato,2025-01,27.4404981707065,10
Telangana,Tomato,2025-02,18.40864086670324,10
Telangana,Tomato,2025-03,18.972308162641397,10
Telangana,Tomato,2025-04,18.054129027169473,10
Telangana,Tomato,2025-05,18.543597064779494,10
Telangana,Tomato,2025-06,21.31820994960902,10
Telangana,Tomato,2025-07,29.62842500502356,10
Telangana,Tomato,2025-08,44.140357261796055,10
Telangana,Tomato,2025-09,35.04103915565933,10
Telangana,Tomato,2025-10,28.53614581729825,10
Madhya Pradesh,Tomato,2025-01,16.83547390497718,50
Madhya Pradesh,Tomato,2025-02,11.806058824425042,50
Madhya Pradesh,Tomato,2025-03,11.46050465888747,50
Madhya Pradesh,Tomato,2025-04,12.44923628823245,50
Madhya Pradesh,Tomato,2025-05,15.74291847502435,50
Madhya Pradesh,Tomato,2025-06,25.609688476552954,50
Madhya Pradesh,Tomato,2025-07,40.23349333922813,50
Madhya Pradesh,Tomato,2025-08,51.284210789505075,50
Madhya Pradesh,Tomato,2025-09,36.20868962944659,50
Madhya Pradesh,Tomato,2025-10,29.844606978789876,50
Uttar Pradesh,Tomato,2025-01,22.2960921736619,75
Uttar Pradesh,Tomato,2025-02,17.328578064089037,75
Uttar Pradesh,Tomato,2025-03,15.658551305631434,75
Uttar Pradesh,Tomato,2025-04,15.754328370154688,75
Uttar Pradesh,Tomato,2025-05,16.32687497478681,75
Uttar Pradesh,Tomato,2025-06,25.18080408384171,75
Uttar Pradesh,Tomato,2025-07,39.69229661320977,75
Uttar Pradesh,Tomato,2025-08,54.604676316466254,75
Uttar Pradesh,Tomato,2025-09,40.466910239942784,75
Uttar Pradesh,Tomato,2025-10,35.11496956136251,75
Maharashtra,Tomato,2025-01,26.576102892266977,19
Maharashtra,Tomato,2025-02,22.827781494922096,19
Maharashtra,Tomato,2025-03,22.65752435040644,19
Maharashtra,Tomato,2025-04,22.248933703510662,19
Maharashtra,Tomato,2025-05,24.651327152264226,19
Maharashtra,Tomato,2025-06,32.09422495765025,19
Maharashtra,Tomato,2025-07,38.67195365510461,19
Maharashtra,Tomato,2025-08,46.42781880722202,19
Maharashtra,Tomato,2025-09,34.27345132844853,19
Maharashtra,Tomato,2025-10,31.973847148292865,19
Gujarat,Tomato,2025-01,34.35237296037458,8
Gujarat,Tomato,2025-02,28.053736898067704,8
Gujarat,Tomato,2025-03,25.451838836128847,8
Gujarat,Tomato,2025-04,26.394311866073288,8
Gujarat,Tomato,2025-05,29.95851849863225,8
Gujarat,Tomato,2025-06,35.53710209766812,8
Gujarat,Tomato,2025-07,30.679245882862144,8
Gujarat,Tomato,2025-08,40.76422837451837,8
Gujarat,Tomato,2025-09,37.82842012957207,8
Gujarat,Tomato,2025-10,34.187212483711704,8
Mizoram,Tomato,2025-01,88.07121145769398,11
Mizoram,Tomato,2025-02,86.24427417195476,11
Mizoram,Tomato,2025-03,81.1820164290233,11
Mizoram,Tomato,2025-04,72.65757625136752,11
Mizoram,Tomato,2025-05,71.448350666176,11
Mizoram,Tomato,2025-06,84.92356193261104,11
Mizoram,Tomato,2025-07,92.42819433488529,11
Mizoram,Tomato,2025-08,92.57500204694472,11
Mizoram,Tomato,2025-09,97.92984460590895,11
Mizoram,Tomato,2025-10,96.28702942832557,11
Rajasthan,Tomato,2025-01,41.89655858593697,32
Rajasthan,Tomato,2025-02,26.675775465764087,32
Rajasthan,Tomato,2025-03,23.16565356200599,32
Rajasthan,Tomato,2025-04,21.231168918858074,32
Rajasthan,Tomato,2025-05,21.104262270975003,32
Rajasthan,Tomato,2025-06,24.817412626781923,32
Rajasthan,Tomato,2025-07,31.844102367362893,32
Rajasthan,Tomato,2025-08,42.64964756280685,32
Rajasthan,Tomato,2025-09,41.38036642408125,32
Rajasthan,Tomato,2025-10,37.494168597262394,32
Kerala,Tomato,2025-01,32.018294550897316,14
Kerala,Tomato,2025-02,30.16056863398476,14
Kerala,Tomato,2025-03,25.245818662270576,14
Kerala,Tomato,2025-04,26.344086161927848,14
Kerala,Tomato,2025-05,27.779721419259047,14
Kerala,Tomato,2025-06,33.21498294874931,14
Kerala,Tomato,2025-07,38.6130308095194,14
Kerala,Tomato,2025-08,47.4703576721678,14
Kerala,Tomato,2025-09,34.63192970739977,14
Kerala,Tomato,2025-10,32.51836653399353,14
West Bengal,Tomato,2025-01,30.094054091219114,23
West Bengal,Tomato,2025-02,17.85566642318264,23
West Bengal,Tomato,2025-03,14.725842965526764,23
West Bengal,Tomato,2025-04,15.204479105551105,23
West Bengal,Tomato,2025-05,20.959306271552986,23
West Bengal,Tomato,2025-06,34.58528070659339,23
West Bengal,Tomato,2025-07,49.15685405030441,23
West Bengal,Tomato,2025-08,64.24505975718255,23
West Bengal,Tomato,2025-09,48.36768839587175,23
West Bengal,Tomato,2025-10,43.47526313056765,23
Andhra Pradesh,Tomato,2025-01,17.246017861733613,5
Andhra Pradesh,Tomato,2025-02,16.760289697794754,5
Andhra Pradesh,Tomato,2025-03,17.977892776981765,5
Andhra Pradesh,Tomato,2025-04,17.98619088597248,5
Andhra Pradesh,Tomato,2025-05,16.489692052381784,5
Andhra Pradesh,Tomato,2025-06,19.323454131561018,5
Andhra Pradesh,Tomato,2025-07,29.66066849503045,5
Andhra Pradesh,Tomato,2025-08,38.62157748880067,5
Andhra Pradesh,Tomato,2025-09,27.316495343113218,5
Andhra Pradesh,Tomato,2025-10,27.454723837724366,5
Punjab,Tomato,2025-01,33.0353581466733,15
Punjab,Tomato,2025-02,24.98316741042047,15
Punjab,Tomato,2025-03,22.843218704311138,15
Punjab,Tomato,2025-04,24.320356538949493,15
Punjab,Tomato,2025-05,20.73149244024291,15
Punjab,Tomato,2025-06,29.9678112942597,15
Punjab,Tomato,2025-07,46.40418382814042,15
Punjab,Tomato,2025-08,69.84687734873789,15
Punjab,Tomato,2025-09,39.14975666282055,15
Punjab,Tomato,2025-10,37.56478603118901,15
Chhattisgarh,Tomato,2025-01,23.462747252938318,9
Chhattisgarh,Tomato,2025-02,15.206568469202082,9
Chhattisgarh,Tomato,2025-03,13.923623923623111,9
Chhattisgarh,Tomato,2025-04,13.57815102295407,9
Chhattisgarh,Tomato,2025-05,17.952344908871062,9
Chhattisgarh,Tomato,2025-06,25.454387590944282,9
Chhattisgarh,Tomato,2025-07,32.98014745969796,9
Chhattisgarh,Tomato,2025-08,45.07809660758819,9
Chhattisgarh,Tomato,2025-09,40.661585639735904,9
Chhattisgarh,Tomato,2025-10,34.031611353251584,9
Odisha,Tomato,2025-01,25.259914358251486,28
Odisha,Tomato,2025-02,15.762154134397566,28
Odisha,Tomato,2025-03,16.61557508808562,28
Odisha,Tomato,2025-04,19.22784836327283,28
Odisha,Tomato,2025-05,23.717255007039398,28
Odisha,Tomato,2025-06,28.271845569231534,28
Odisha,Tomato,2025-07,40.028756073000956,28
Odisha,Tomato,2025-08,52.703356582884254,28
Odisha,Tomato,2025-09,41.53362298781549,28
Odisha,Tomato,2025-10,38.735136308191294,28
Bihar,Tomato,2025-01,29.25290314323162,38
Bihar,Tomato,2025-02,18.928311292292456,38
Bihar,Tomato,2025-03,16.595397948032947,38
Bihar,Tomato,2025-04,15.964103908312014,38
Bihar,Tomato,2025-05,16.96547901643164,38
Bihar,Tomato,2025-06,26.299983015517924,38
Bihar,Tomato,2025-07,38.238683961008206,38
Bihar,Tomato,2025-08,51.235013886994665,38
Bihar,Tomato,2025-09,43.059011255095214,38
Bihar,Tomato,2025-10,39.526904990356755,38
Tamil Nadu,Tomato,2025-01,23.8695980901872,37
Tamil Nadu,Tomato,2025-02,24.7431872711535,37
Tamil Nadu,Tomato,2025-03,18.790395474796558,37
Tamil Nadu,Tomato,2025-04,19.88204411391858,37
Tamil Nadu,Tomato,2025-05,19.185485160592062,37
Tamil Nadu,Tomato,2025-06,24.287143650595734,37
Tamil Nadu,Tomato,2025-07,33.639158275249436,37
Tamil Nadu,Tomato,2025-08,41.521678187650345,37
Tamil Nadu,Tomato,2025-09,27.761528989215893,37
Tamil Nadu,Tomato,2025-10,28.61620410528536,37
Karnataka,Tomato,2025-01,18.82114418387812,32
Karnataka,Tomato,2025-02,15.988260287580617,32
Karnataka,Tomato,2025-03,14.539827624524841,32
Karnataka,Tomato,2025-04,15.09127651786697,32
Karnataka,Tomato,2025-05,17.42227479096607,32
Karnataka,Tomato,2025-06,20.840199398034077,32
Karnataka,Tomato,2025-07,25.047942247647125,32
Karnataka,Tomato,2025-08,30.885785912549267,32
Karnataka,Tomato,2025-09,25.757918352835762,32
Karnataka,Tomato,2025-10,23.288950038820058,32
Jammu and Kashmir,Tomato,2025-01,43.94288905446155,8
Jammu and Kashmir,Tomato,2025-02,36.95979283565811,8
Jammu and Kashmir,Tomato,2025-03,33.151069601121804,8
Jammu and Kashmir,Tomato,2025-04,33.79682230502609,8
Jammu and Kashmir,Tomato,2025-05,36.34566865529854,8
Jammu and Kashmir,Tomato,2025-06,39.6176974045632,8
Jammu and Kashmir,Tomato,2025-07,53.172382567889315,8
Jammu and Kashmir,Tomato,2025-08,58.92809180616206,8
Jammu and Kashmir,Tomato,2025-09,50.3819815678992,8
Jammu and Kashmir,Tomato,2025-10,44.31262505117523,8
Himachal Pradesh,Tomato,2025-01,37.160552026498934,12
Himachal Pradesh,Tomato,2025-02,29.580359989780458,12
Himachal Pradesh,Tomato,2025-03,28.47975468570092,12
Himachal Pradesh,Tomato,2025-04,30.473720705522812,12
Himachal Pradesh,Tomato,2025-05,28.82651452225362,12
Himachal Pradesh,Tomato,2025-06,37.04135880313003,12
Himachal Pradesh,Tomato,2025-07,47.27790557920713,12
Himachal Pradesh,Tomato,2025-08,66.46888374328275,12
Himachal Pradesh,Tomato,2025-09,46.88783085865582,12
Himachal Pradesh,Tomato,2025-10,42.10469994670185,12
Jharkhand,Tomato,2025-01,21.798886597869508,19
Jharkhand,Tomato,2025-02,14.095024321055885,19
Jharkhand,Tomato,2025-03,12.019586068201043,19
Jharkhand,Tomato,2025-04,13.344830278637948,19
Jharkhand,Tomato,2025-05,18.656072523246845,19
Jharkhand,Tomato,2025-06,26.56993561151752,19
Jharkhand,Tomato,2025-07,43.69482855429487,19
Jharkhand,Tomato,2025-08,56.366316588026855,19
Jharkhand,Tomato,2025-09,45.58394596562471,19
Jharkhand,Tomato,2025-10,40.76191570307199,19
Manipur,Tomato,2025-01,47.919093492332316,6
Manipur,Tomato,2025-02,45.072020519723424,6
Manipur,Tomato,2025-03,43.60768190776792,6
Manipur,Tomato,2025-04,43.61827484594251,6
Manipur,Tomato,2025-05,43.27093769257316,6
Manipur,Tomato,2025-06,46.42572948792297,6
Manipur,Tomato,2025-07,50.75106501700349,6
Manipur,Tomato,2025-08,51.153461350371614,6
Manipur,Tomato,2025-09,63.37605715243991,6
Manipur,Tomato,2025-10,73.73388488236664,6
Nagaland,Tomato,2025-01,61.592364690650285,16
Nagaland,Tomato,2025-02,47.369451954203704,16
Nagaland,Tomato,2025-03,40.21250143756097,16
Nagaland,Tomato,2025-04,37.067196471395924,16
Nagaland,Tomato,2025-05,38.47526091674636,16
Nagaland,Tomato,2025-06,49.15394575170244,16
Nagaland,Tomato,2025-07,51.06435654973077,16
Nagaland,Tomato,2025-08,53.310029562665044,16
Nagaland,Tomato,2025-09,56.96141888836186,16
Nagaland,Tomato,2025-10,55.58665738094066,16
Sikkim,Tomato,2025-01,44.31790038916576,6
Sikkim,Tomato,2025-02,36.667978865330674,6
Sikkim,Tomato,2025-03,27.31162050772464,6
Sikkim,Tomato,2025-04,25.650831813338105,6
Sikkim,Tomato,2025-05,33.02885463214226,6
Sikkim,Tomato,2025-06,48.26168182096175,6
Sikkim,Tomato,2025-07,58.28052579709815,6
Sikkim,Tomato,2025-08,79.21126201453225,6
Sikkim,Tomato,2025-09,53.18105747697266,6
Sikkim,Tomato,2025-10,46.5923742486153,6
Meghalaya,Tomato,2025-01,46.052579928907086,10
Meghalaya,Tomato,2025-02,33.1024601843879,10
Meghalaya,Tomato,2025-03,29.554249299610696,10
Meghalaya,Tomato,2025-04,29.806878921133592,10
Meghalaya,Tomato,2025-05,35.68214238917255,10
Meghalaya,Tomato,2025-06,46.18123432189081,10
Meghalaya,Tomato,2025-07,41.546681651040686,10
Meghalaya,Tomato,2025-08,45.78579103648536,10
Meghalaya,Tomato,2025-09,49.16055082773256,10
Meghalaya,Tomato,2025-10,45.341272616867826,10
Assam,Brinjal,2025-01,32.58768848752605,24
Assam,Brinjal,2025-02,23.554497727381232,24
Assam,Brinjal,2025-03,21.84179398455304,24
Assam,Brinjal,2025-04,24.620456071990453,24
Assam,Brinjal,2025-05,29.905126729836734,24
Assam,Brinjal,2025-06,35.9350937356965,24
Assam,Brinjal,2025-07,36.27407423494473,24
Assam,Brinjal,2025-08,36.829048103283725,24
Assam,Brinjal,2025-09,38.39477219316573,24
Assam,Brinjal,2025-10,40.33855624235831,24
Telangana,Brinjal,2025-01,40.566127603839355,10
Telangana,Brinjal,2025-02,40.803360678158676,10
Telangana,Brinjal,2025-03,40.127305839122215,10
Telangana,Brinjal,2025-04,39.44423365939617,10
Telangana,Brinjal,2025-05,36.999238096693034,10
Telangana,Brinjal,2025-06,36.01542151906556,10
Telangana,Brinjal,2025-07,35.26509785775865,10
Telangana,Brinjal,2025-08,37.44983755760794,10
Telangana,Brinjal,2025-09,37.720147561036065,10
Telangana,Brinjal,2025-10,37.67145832470405,10
Madhya Pradesh,Brinjal,2025-01,26.595665665234023,50
Madhya Pradesh,Brinjal,2025-02,25.37949032819584,50
Madhya Pradesh,Brinjal,2025-03,24.204321866901704,50
Madhya Pradesh,Brinjal,2025-04,23.553751567478287,50
Madhya Pradesh,Brinjal,2025-05,24.894013359071863,50
Madhya Pradesh,Brinjal,2025-06,29.128810857590153,50
Madhya Pradesh,Brinjal,2025-07,33.528434158689365,50
Madhya Pradesh,Brinjal,2025-08,31.59121402911088,50
Madhya Pradesh,Brinjal,2025-09,30.912072165943723,50
Madhya Pradesh,Brinjal,2025-10,31.2957891000569,50
Uttar Pradesh,Brinjal,2025-01,30.999714478016838,75
Uttar Pradesh,Brinjal,2025-02,28.77370481124571,75
Uttar Pradesh,Brinjal,2025-03,27.32254000095076,75
Uttar Pradesh,Brinjal,2025-04,26.852169818728253,75
Uttar Pradesh,Brinjal,2025-05,27.992545419999594,75
Uttar Pradesh,Brinjal,2025-06,29.775453532369696,75
Uttar Pradesh,Brinjal,2025-07,32.4867265969938,75
Uttar Pradesh,Brinjal,2025-08,33.410758226299556,75
Uttar Pradesh,Brinjal,2025-09,33.36169327483938,75
Uttar Pradesh,Brinjal,2025-10,33.62901765106367,75
Maharashtra,Brinjal,2025-01,43.124399220551524,19
Maharashtra,Brinjal,2025-02,40.70302108867075,19
Maharashtra,Brinjal,2025-03,38.62086823069271,19
Maharashtra,Brinjal,2025-04,38.31911183915541,19
Maharashtra,Brinjal,2025-05,39.77594937611907,19
Maharashtra,Brinjal,2025-06,43.482376199051366,19
Maharashtra,Brinjal,2025-07,53.4632150115116,19
Maharashtra,Brinjal,2025-08,50.180036158235346,19
Maharashtra,Brinjal,2025-09,48.18229674712458,19
Maharashtra,Brinjal,2025-10,49.37003340620972,19
Gujarat,Brinjal,2025-01,39.30193298512507,8
Gujarat,Brinjal,2025-02,36.85431599363543,8
Gujarat,Brinjal,2025-03,36.89227609122416,8
Gujarat,Brinjal,2025-04,36.57132747757446,8
Gujarat,Brinjal,2025-05,36.48750724474658,8
Gujarat,Brinjal,2025-06,37.43545263197454,8
Gujarat,Brinjal,2025-07,35.865789845865244,8
Gujarat,Brinjal,2025-08,35.22447173018943,8
Gujarat,Brinjal,2025-09,34.2284769172502,8
Gujarat,Brinjal,2025-10,34.51384771363499,8
Mizoram,Brinjal,2025-01,69.86575363303601,11
Mizoram,Brinjal,2025-02,69.55948675523167,11
Mizoram,Brinjal,2025-03,68.17228920639721,11
Mizoram,Brinjal,2025-04,66.67714255795384,11
Mizoram,Brinjal,2025-05,65.94042311629775,11
Mizoram,Brinjal,2025-06,65.80143513292543,11
Mizoram,Brinjal,2025-07,67.92182027031285,11
Mizoram,Brinjal,2025-08,65.61169419194032,11
Mizoram,Brinjal,2025-09,65.76641762152255,11
Mizoram,Brinjal,2025-10,62.58719423895978,11
Rajasthan,Brinjal,2025-01,40.23273821669769,31
Rajasthan,Brinjal,2025-02,39.32071519941011,31
Rajasthan,Brinjal,2025-03,39.19525436988329,31
Rajasthan,Brinjal,2025-04,37.88607644658843,31
Rajasthan,Brinjal,2025-05,37.01403323007458,31
Rajasthan,Brinjal,2025-06,37.253197019420874,31
Rajasthan,Brinjal,2025-07,38.80284761553964,31
Rajasthan,Brinjal,2025-08,38.12835199610141,31
Rajasthan,Brinjal,2025-09,37.656693497348996,31
Rajasthan,Brinjal,2025-10,37.78845681526717,31
Kerala,Brinjal,2025-01,49.708659660712016,14
Kerala,Brinjal,2025-02,45.438264359774244,14
Kerala,Brinjal,2025-03,39.527180045441796,14
Kerala,Brinjal,2025-04,42.6524551390896,14
Kerala,Brinjal,2025-05,40.97347330149389,14
Kerala,Brinjal,2025-06,45.90812659931864,14
Kerala,Brinjal,2025-07,44.861029247038104,14
Kerala,Brinjal,2025-08,46.52219590542444,14
Kerala,Brinjal,2025-09,47.28592971895156,14
Kerala,Brinjal,2025-10,46.54480406243536,14
West Bengal,Brinjal,2025-01,31.613974550082474,23
West Bengal,Brinjal,2025-02,26.506473229811352,23
West Bengal,Brinjal,2025-03,29.77435089706093,23
West Bengal,Brinjal,2025-04,35.63435730892696,23
West Bengal,Brinjal,2025-05,38.93054724284961,23
West Bengal,Brinjal,2025-06,42.489260019406366,23
West Bengal,Brinjal,2025-07,54.85860942967727,23
West Bengal,Brinjal,2025-08,55.316641381598856,23
West Bengal,Brinjal,2025-09,54.80604711863854,23
West Bengal,Brinjal,2025-10,61.31527469762468,23
Andhra Pradesh,Brinjal,2025-01,37.63816509575468,5
Andhra Pradesh,Brinjal,2025-02,31.56107741410521,5
Andhra Pradesh,Brinjal,2025-03,31.347849848942072,5
Andhra Pradesh,Brinjal,2025-04,33.2298646250478,5
Andhra Pradesh,Brinjal,2025-05,34.098993480560814,5
Andhra Pradesh,Brinjal,2025-06,36.123804955632686,5
Andhra Pradesh,Brinjal,2025-07,38.264731219032356,5
Andhra Pradesh,Brinjal,2025-08,33.882947938762825,5
Andhra Pradesh,Brinjal,2025-09,34.246154213937025,5
Andhra Pradesh,Brinjal,2025-10,38.653652560254,5
Punjab,Brinjal,2025-01,35.80764145726655,15
Punjab,Brinjal,2025-02,34.48105549424654,15
Punjab,Brinjal,2025-03,34.89835528422535,15
Punjab,Brinjal,2025-04,33.67341357638108,15
Punjab,Brinjal,2025-05,31.12836612902073,15
Punjab,Brinjal,2025-06,32.5335688617565,15
Punjab,Brinjal,2025-07,46.69453691696712,15
Punjab,Brinjal,2025-08,42.87733263911888,15
Punjab,Brinjal,2025-09,49.67354301324907,15
Punjab,Brinjal,2025-10,42.674374523369586,15
Chhattisgarh,Brinjal,2025-01,33.71573624121769,9
Chhattisgarh,Brinjal,2025-02,31.934406957781572,9
Chhattisgarh,Brinjal,2025-03,31.07310528063669,9
Chhattisgarh,Brinjal,2025-04,31.229388407465898,9
Chhattisgarh,Brinjal,2025-05,31.1285799294271,9
Chhattisgarh,Brinjal,2025-06,32.28336970124821,9
Chhattisgarh,Brinjal,2025-07,35.90486489447313,9
Chhattisgarh,Brinjal,2025-08,38.13332766090617,9
Chhattisgarh,Brinjal,2025-09,37.143129301261745,9
Chhattisgarh,Brinjal,2025-10,36.397503810090804,9
Odisha,Brinjal,2025-01,32.86007081577177,27
Odisha,Brinjal,2025-02,27.581765495767343,27
Odisha,Brinjal,2025-03,30.338035388543375,27
Odisha,Brinjal,2025-04,30.112003498689344,27
Odisha,Brinjal,2025-05,31.321995458878998,27
Odisha,Brinjal,2025-06,35.60265240320276,27
Odisha,Brinjal,2025-07,51.66727963111156,27
Odisha,Brinjal,2025-08,47.80894496158441,27
Odisha,Brinjal,2025-09,45.6027143786825,27
Odisha,Brinjal,2025-10,46.58380104802264,27
Bihar,Brinjal,2025-01,31.009448144234895,38
Bihar,Brinjal,2025-02,27.16365197941467,38
Bihar,Brinjal,2025-03,26.235392265261417,38
Bihar,Brinjal,2025-04,26.191928643572034,38
Bihar,Brinjal,2025-05,28.346224162712204,38
Bihar,Brinjal,2025-06,29.396524851546555,38
Bihar,Brinjal,2025-07,31.67321928163874,38
Bihar,Brinjal,2025-08,33.687018589691505,38
Bihar,Brinjal,2025-09,34.27398553367029,38
Bihar,Brinjal,2025-10,34.63808454968769,38
Tamil Nadu,Brinjal,2025-01,47.80197126163873,34
Tamil Nadu,Brinjal,2025-02,38.09894115771108,34
Tamil Nadu,Brinjal,2025-03,31.521959030562975,34
Tamil Nadu,Brinjal,2025-04,32.528368011785425,34
Tamil Nadu,Brinjal,2025-05,32.19229210502316,34
Tamil Nadu,Brinjal,2025-06,38.08166814535116,34
Tamil Nadu,Brinjal,2025-07,41.60372587766944,34
Tamil Nadu,Brinjal,2025-08,43.384901288455595,34
Tamil Nadu,Brinjal,2025-09,42.836509692836636,34
Tamil Nadu,Brinjal,2025-10,46.40481434541594,34
Karnataka,Brinjal,2025-01,43.446966890473895,32
Karnataka,Brinjal,2025-02,39.92460625830116,32
Karnataka,Brinjal,2025-03,37.62593535350306,32
Karnataka,Brinjal,2025-04,36.81887549139007,32
Karnataka,Brinjal,2025-05,36.8327715613341,32
Karnataka,Brinjal,2025-06,39.1894015247916,32
Karnataka,Brinjal,2025-07,40.71860476168545,32
Karnataka,Brinjal,2025-08,41.24377260577909,32
Karnataka,Brinjal,2025-09,41.63388839009655,32
Karnataka,Brinjal,2025-10,43.09616829804149,32
Jammu and Kashmir,Brinjal,2025-01,41.29555531204126,8
Jammu and Kashmir,Brinjal,2025-02,41.45042722815617,8
Jammu and Kashmir,Brinjal,2025-03,41.188163834236846,8
Jammu and Kashmir,Brinjal,2025-04,42.266977047172084,8
Jammu and Kashmir,Brinjal,2025-05,42.152785424802296,8
Jammu and Kashmir,Brinjal,2025-06,43.21738133729507,8
Jammu and Kashmir,Brinjal,2025-07,47.66540763212054,8
Jammu and Kashmir,Brinjal,2025-08,45.853914329874655,8
Jammu and Kashmir,Brinjal,2025-09,44.690298680868324,8
Jammu and Kashmir,Brinjal,2025-10,46.52328270392947,8
Himachal Pradesh,Brinjal,2025-01,39.52568359370476,12
Himachal Pradesh,Brinjal,2025-02,36.64164465892049,12
Himachal Pradesh,Brinjal,2025-03,35.076973679590566,12
Himachal Pradesh,Brinjal,2025-04,35.16676292317409,12
Himachal Pradesh,Brinjal,2025-05,33.24029655576052,12
Himachal Pradesh,Brinjal,2025-06,35.520837046987964,12
Himachal Pradesh,Brinjal,2025-07,43.854673872753764,12
Himachal Pradesh,Brinjal,2025-08,42.88217349071281,12
Himachal Pradesh,Brinjal,2025-09,48.49123166737647,12
Himachal Pradesh,Brinjal,2025-10,43.71445194446052,12
Jharkhand,Brinjal,2025-01,34.572838036911506,17
Jharkhand,Brinjal,2025-02,28.820564521796097,17
Jharkhand,Brinjal,2025-03,26.511682996788767,17
Jharkhand,Brinjal,2025-04,28.326111814111606,17
Jharkhand,Brinjal,2025-05,31.685227255097224,17
Jharkhand,Brinjal,2025-06,33.02163655488496,17
Jharkhand,Brinjal,2025-07,39.8356676936394,17
Jharkhand,Brinjal,2025-08,44.606635575004546,17
Jharkhand,Brinjal,2025-09,40.4991661982735,17
Jharkhand,Brinjal,2025-10,44.818406795132425,17
Nagaland,Brinjal,2025-01,54.79366569535843,16
Nagaland,Brinjal,2025-02,51.45245073896821,16
Nagaland,Brinjal,2025-03,48.70305990789629,16
Nagaland,Brinjal,2025-04,49.09664837901832,16
Nagaland,Brinjal,2025-05,48.87604752404674,16
Nagaland,Brinjal,2025-06,48.66785336746107,16
Nagaland,Brinjal,2025-07,48.54770681692613,16
Nagaland,Brinjal,2025-08,48.82371582766493,16
Nagaland,Brinjal,2025-09,48.97507119517868,16
Nagaland,Brinjal,2025-10,48.38531247482243,16
Sikkim,Brinjal,2025-01,62.56532495308744,6
Sikkim,Brinjal,2025-02,56.848615049923,6
Sikkim,Brinjal,2025-03,57.53762306576976,6
Sikkim,Brinjal,2025-04,61.62189441985277,6
Sikkim,Brinjal,2025-05,63.83680817521126,6
Sikkim,Brinjal,2025-06,63.879569746721344,6
Sikkim,Brinjal,2025-07,62.48718876348624,6
Sikkim,Brinjal,2025-08,67.69343678270309,6
Sikkim,Brinjal,2025-09,65.48204323505107,6
Sikkim,Brinjal,2025-10,66.11315456660593,6
Meghalaya,Brinjal,2025-01,49.359295791576194,10
Meghalaya,Brinjal,2025-02,43.23702980079063,10
Meghalaya,Brinjal,2025-03,42.65927354981901,10
Meghalaya,Brinjal,2025-04,44.36800042412134,10
Meghalaya,Brinjal,2025-05,50.314114924709145,10
Meghalaya,Brinjal,2025-06,51.48397102553868,10
Meghalaya,Brinjal,2025-07,49.40312129907612,10
Meghalaya,Brinjal,2025-08,49.90941506840914,10
Meghalaya,Brinjal,2025-09,53.38075414631924,10
Meghalaya,Brinjal,2025-10,54.78980765143939,10
Assam,Eggs,2025-01,91.28482700121351,24
Assam,Eggs,2025-02,89.30996282243011,24
Assam,Eggs,2025-03,85.619648373001,24
Assam,Eggs,2025-04,81.74784332750552,24
Assam,Eggs,2025-05,82.28443133070193,24
Assam,Eggs,2025-06,83.64839556177382,24
Assam,Eggs,2025-07,85.79304552537295,24
Assam,Eggs,2025-08,85.28702551908908,24
Assam,Eggs,2025-09,86.02171120425088,24
Assam,Eggs,2025-10,86.42854850016307,24
Telangana,Eggs,2025-01,66.62153570867694,10
Telangana,Eggs,2025-02,66.15707189287552,10
Telangana,Eggs,2025-03,64.82292923093458,10
Telangana,Eggs,2025-04,64.91128334924335,10
Telangana,Eggs,2025-05,65.10880657775378,10
Telangana,Eggs,2025-06,64.94027483492737,10
Telangana,Eggs,2025-07,65.10954224797149,10
Telangana,Eggs,2025-08,65.59064678767126,10
Telangana,Eggs,2025-09,65.66203952894014,10
Telangana,Eggs,2025-10,65.9537055777483,10
Madhya Pradesh,Eggs,2025-01,78.7408661273664,50
Madhya Pradesh,Eggs,2025-02,78.07705689603287,50
Madhya Pradesh,Eggs,2025-03,76.70453311242026,50
Madhya Pradesh,Eggs,2025-04,75.26907832288664,50
Madhya Pradesh,Eggs,2025-05,74.45333130417909,50
Madhya Pradesh,Eggs,2025-06,75.46990954313995,50
Madhya Pradesh,Eggs,2025-07,76.35549504433746,50
Madhya Pradesh,Eggs,2025-08,76.1540789674242,50
Madhya Pradesh,Eggs,2025-09,75.96618522476595,50
Madhya Pradesh,Eggs,2025-10,75.6766012886644,50
Uttar Pradesh,Eggs,2025-01,81.93627665254603,75
Uttar Pradesh,Eggs,2025-02,79.97803996882259,75
Uttar Pradesh,Eggs,2025-03,75.22047885790073,75
Uttar Pradesh,Eggs,2025-04,73.29735933909227,75
Uttar Pradesh,Eggs,2025-05,72.9571478425549,75
Uttar Pradesh,Eggs,2025-06,73.17751303343958,75
Uttar Pradesh,Eggs,2025-07,73.97841715355328,75
Uttar Pradesh,Eggs,2025-08,73.85545222172897,75
Uttar Pradesh,Eggs,2025-09,74.39990979761521,75
Uttar Pradesh,Eggs,2025-10,75.02012644701928,75
Maharashtra,Eggs,2025-01,78.80546109067197,19
Maharashtra,Eggs,2025-02,74.94094984049079,19
Maharashtra,Eggs,2025-03,71.67131889163939,19
Maharashtra,Eggs,2025-04,69.10036713288665,19
Maharashtra,Eggs,2025-05,69.97906039151263,19
Maharashtra,Eggs,2025-06,73.79520135223098,19
Maharashtra,Eggs,2025-07,75.67148077793523,19
Maharashtra,Eggs,2025-08,72.57114613706065,19
Maharashtra,Eggs,2025-09,74.02443950220598,19
Maharashtra,Eggs,2025-10,74.31945970802528,19
Gujarat,Eggs,2025-01,67.51691808784082,8
Gujarat,Eggs,2025-02,66.94004109225604,8
Gujarat,Eggs,2025-03,67.71727875666586,8
Gujarat,Eggs,2025-04,68.36741385084648,8
Gujarat,Eggs,2025-05,68.06664175969865,8
Gujarat,Eggs,2025-06,67.72717459679048,8
Gujarat,Eggs,2025-07,69.796411991398,8
Gujarat,Eggs,2025-08,69.06990376457195,8
Gujarat,Eggs,2025-09,68.41464074713674,8
Gujarat,Eggs,2025-10,68.33017161782699,8
Mizoram,Eggs,2025-01,104.53001568105329,11
Mizoram,Eggs,2025-02,104.85251552136454,11
Mizoram,Eggs,2025-03,99.42064122252512,11
Mizoram,Eggs,2025-04,97.40958880099598,11
Mizoram,Eggs,2025-05,97.06800271209622,11
Mizoram,Eggs,2025-06,96.96918917605142,11
Mizoram,Eggs,2025-07,96.96054340109809,11
Mizoram,Eggs,2025-08,97.24555098686672,11
Mizoram,Eggs,2025-09,97.30504964160106,11
Mizoram,Eggs,2025-10,97.244900692439,11
Rajasthan,Eggs,2025-01,77.82945166052225,30
Rajasthan,Eggs,2025-02,77.90637736170046,30
Rajasthan,Eggs,2025-03,77.69799554228513,30
Rajasthan,Eggs,2025-04,76.53339422537631,30
Rajasthan,Eggs,2025-05,77.94171390112419,30
Rajasthan,Eggs,2025-06,77.866670969927,30
Rajasthan,Eggs,2025-07,77.62292882112982,30
Rajasthan,Eggs,2025-08,78.15958165445028,30
Rajasthan,Eggs,2025-09,78.35271076917509,30
Rajasthan,Eggs,2025-10,78.49516733974681,30
Kerala,Eggs,2025-01,71.75721915845133,14
Kerala,Eggs,2025-02,67.69694928989793,14
Kerala,Eggs,2025-03,62.251242648812884,14
Kerala,Eggs,2025-04,63.512638761120016,14
Kerala,Eggs,2025-05,73.50612691564345,14
Kerala,Eggs,2025-06,78.81563641513912,14
Kerala,Eggs,2025-07,76.89391486319342,14
Kerala,Eggs,2025-08,69.9143513896474,14
Kerala,Eggs,2025-09,73.43997796562935,14
Kerala,Eggs,2025-10,73.58052604322138,14
West Bengal,Eggs,2025-01,83.20471328870903,23
West Bengal,Eggs,2025-02,79.67776030725442,23
West Bengal,Eggs,2025-03,75.58938932949188,23
West Bengal,Eggs,2025-04,72.94957857968103,23
West Bengal,Eggs,2025-05,73.01182724789663,23
West Bengal,Eggs,2025-06,77.42417798953937,23
West Bengal,Eggs,2025-07,80.35114545495456,23
West Bengal,Eggs,2025-08,79.1918464580737,23
West Bengal,Eggs,2025-09,81.24691302065071,23
West Bengal,Eggs,2025-10,81.27807069376003,23
Andhra Pradesh,Eggs,2025-01,70.70964265999737,5
Andhra Pradesh,Eggs,2025-02,65.09264320864916,5
Andhra Pradesh,Eggs,2025-03,61.64072540099886,5
Andhra Pradesh,Eggs,2025-04,62.10729708889743,5
Andhra Pradesh,Eggs,2025-05,65.986037808986,5
Andhra Pradesh,Eggs,2025-06,69.91122991471526,5
Andhra Pradesh,Eggs,2025-07,69.62345970605125,5
Andhra Pradesh,Eggs,2025-08,66.96542940101946,5
Andhra Pradesh,Eggs,2025-09,69.62535324272133,5
Andhra Pradesh,Eggs,2025-10,68.63916839550247,5
Punjab,Eggs,2025-01,80.3823777368441,15
Punjab,Eggs,2025-02,78.66651069971019,15
Punjab,Eggs,2025-03,76.05193663762329,15
Punjab,Eggs,2025-04,72.98186041034637,15
Punjab,Eggs,2025-05,71.45398380124809,15
Punjab,Eggs,2025-06,69.18620444342106,15
Punjab,Eggs,2025-07,68.60316781750646,15
Punjab,Eggs,2025-08,69.05573220279082,15
Punjab,Eggs,2025-09,71.26696934965021,15
Punjab,Eggs,2025-10,72.79040938243395,15
Chhattisgarh,Eggs,2025-01,73.64426437480606,9
Chhattisgarh,Eggs,2025-02,72.61358479689436,9
Chhattisgarh,Eggs,2025-03,70.42171387755315,9
Chhattisgarh,Eggs,2025-04,68.99328559434058,9
Chhattisgarh,Eggs,2025-05,70.03899319951735,9
Chhattisgarh,Eggs,2025-06,71.91144493723125,9
Chhattisgarh,Eggs,2025-07,76.06238698445532,9
Chhattisgarh,Eggs,2025-08,76.0226685287291,9
Chhattisgarh,Eggs,2025-09,76.35216346812126,9
Chhattisgarh,Eggs,2025-10,76.6529536358717,9
Odisha,Eggs,2025-01,80.5222656890773,27
Odisha,Eggs,2025-02,77.94962577606258,27
Odisha,Eggs,2025-03,75.92267270981547,27
Odisha,Eggs,2025-04,73.90992602475005,27
Odisha,Eggs,2025-05,74.67597040379394,27
Odisha,Eggs,2025-06,76.42924851045935,27
Odisha,Eggs,2025-07,78.01126345947783,27
Odisha,Eggs,2025-08,78.27801842824864,27
Odisha,Eggs,2025-09,78.74126400967535,27
Odisha,Eggs,2025-10,79.3110071246183,27
Bihar,Eggs,2025-01,82.05559705844932,38
Bihar,Eggs,2025-02,82.33047992485618,38
Bihar,Eggs,2025-03,81.73507309108197,38
Bihar,Eggs,2025-04,81.00899507442604,38
Bihar,Eggs,2025-05,80.48994808227812,38
Bihar,Eggs,2025-06,80.38571349387755,38
Bihar,Eggs,2025-07,80.10777309480791,38
Bihar,Eggs,2025-08,80.0887645741993,38
Bihar,Eggs,2025-09,80.33455376315482,38
Bihar,Eggs,2025-10,80.4483152331916,38
Tamil Nadu,Eggs,2025-01,69.08159084157582,34
Tamil Nadu,Eggs,2025-02,65.6940303229779,34
Tamil Nadu,Eggs,2025-03,59.605709314430754,34
Tamil Nadu,Eggs,2025-04,61.22679947765782,34
Tamil Nadu,Eggs,2025-05,70.56877601989561,34
Tamil Nadu,Eggs,2025-06,74.05394726982651,34
Tamil Nadu,Eggs,2025-07,72.27736810195773,34
Tamil Nadu,Eggs,2025-08,67.23472661945753,34
Tamil Nadu,Eggs,2025-09,70.08971293103441,34
Tamil Nadu,Eggs,2025-10,69.96113194253738,34
Karnataka,Eggs,2025-01,70.01264463970325,32
Karnataka,Eggs,2025-02,68.16700089766769,32
Karnataka,Eggs,2025-03,67.3495693912718,32
Karnataka,Eggs,2025-04,67.48568186559595,32
Karnataka,Eggs,2025-05,67.49921766884513,32
Karnataka,Eggs,2025-06,70.03888051546944,32
Karnataka,Eggs,2025-07,71.17467127456,32
Karnataka,Eggs,2025-08,69.66782021952999,32
Karnataka,Eggs,2025-09,70.34572964300446,32
Karnataka,Eggs,2025-10,71.20090230825389,32
Jammu and Kashmir,Eggs,2025-01,83.28570861490921,8
Jammu and Kashmir,Eggs,2025-02,82.2806850249581,8
Jammu and Kashmir,Eggs,2025-03,79.10236681095473,8
Jammu and Kashmir,Eggs,2025-04,76.34225811626492,8
Jammu and Kashmir,Eggs,2025-05,75.93626684266572,8
Jammu and Kashmir,Eggs,2025-06,76.19389601548163,8
Jammu and Kashmir,Eggs,2025-07,77.73904475159544,8
Jammu and Kashmir,Eggs,2025-08,76.83511582771814,8
Jammu and Kashmir,Eggs,2025-09,78.16049797826898,8
Jammu and Kashmir,Eggs,2025-10,78.59219712848414,8
Himachal Pradesh,Eggs,2025-01,82.50176039868171,12
Himachal Pradesh,Eggs,2025-02,81.32256120046137,12
Himachal Pradesh,Eggs,2025-03,80.62703052003583,12
Himachal Pradesh,Eggs,2025-04,78.98126301562341,12
Himachal Pradesh,Eggs,2025-05,76.7854884538804,12
Himachal Pradesh,Eggs,2025-06,76.86053346811117,12
Himachal Pradesh,Eggs,2025-07,77.1091783689345,12
Himachal Pradesh,Eggs,2025-08,77.33196260118854,12
Himachal Pradesh,Eggs,2025-09,77.34605328977504,12
Himachal Pradesh,Eggs,2025-10,77.67921513469123,12
Jharkhand,Eggs,2025-01,89.82106947346888,17
Jharkhand,Eggs,2025-02,88.53102883729204,17
Jharkhand,Eggs,2025-03,84.28187238178491,17
Jharkhand,Eggs,2025-04,82.38048928130446,17
Jharkhand,Eggs,2025-05,80.83333607483527,17
Jharkhand,Eggs,2025-06,82.6408179386434,17
Jharkhand,Eggs,2025-07,82.9825818685248,17
Jharkhand,Eggs,2025-08,83.2251846657938,17
Jharkhand,Eggs,2025-09,83.54441527924442,17
Jharkhand,Eggs,2025-10,83.74237086764091,17
Nagaland,Eggs,2025-01,106.83657020386488,16
Nagaland,Eggs,2025-02,106.53998007369943,16
Nagaland,Eggs,2025-03,100.70436702974062,16
Nagaland,Eggs,2025-04,98.35425448125389,16
Nagaland,Eggs,2025-05,97.97425133773514,16
Nagaland,Eggs,2025-06,96.82894306615374,16
Nagaland,Eggs,2025-07,93.08217235718509,16
Nagaland,Eggs,2025-08,93.34686150234637,16
Nagaland,Eggs,2025-09,93.96899652577703,16
Nagaland,Eggs,2025-10,93.82830078116545,16
Sikkim,Eggs,2025-01,91.19444584198209,6
Sikkim,Eggs,2025-02,90.10265334238919,6
Sikkim,Eggs,2025-03,90.10265334238919,6
Sikkim,Eggs,2025-04,90.10265334238919,6
Sikkim,Eggs,2025-05,90.10265334238919,6
Sikkim,Eggs,2025-06,90.687301264477,6
Sikkim,Eggs,2025-07,91.89254197564101,6
Sikkim,Eggs,2025-08,91.45738283489206,6
Sikkim,Eggs,2025-09,91.68994384587187,6
Sikkim,Eggs,2025-10,91.45082611784777,6
Meghalaya,Eggs,2025-01,91.77722186060406,10
Meghalaya,Eggs,2025-02,86.62816428205183,10
Meghalaya,Eggs,2025-03,83.4488921324433,10
Meghalaya,Eggs,2025-04,81.07051859063888,10
Meghalaya,Eggs,2025-05,81.64557522205727,10
Meghalaya,Eggs,2025-06,82.6639282389319,10
Meghalaya,Eggs,2025-07,82.10673677479818,10
Meghalaya,Eggs,2025-08,82.08420333689746,10
Meghalaya,Eggs,2025-09,84.69462256862421,10
Meghalaya,Eggs,2025-10,85.61577355162177,10
Assam,Banana,2025-01,57.585353965196816,24
Assam,Banana,2025-02,57.360336265467105,24
Assam,Banana,2025-03,56.622409493533866,24
Assam,Banana,2025-04,56.34209177581326,24
Assam,Banana,2025-05,57.03830292081356,24
Assam,Banana,2025-06,56.87183738067508,24
Assam,Banana,2025-07,57.03382475295485,24
Assam,Banana,2025-08,57.19094253713625,24
Assam,Banana,2025-09,57.4728019199053,24
Assam,Banana,2025-10,57.78100836352746,24
Telangana,Banana,2025-01,38.82094175340203,10
Telangana,Banana,2025-02,38.561647020199004,10
Telangana,Banana,2025-03,38.58216520584994,10
Telangana,Banana,2025-04,38.54528447548306,10
Telangana,Banana,2025-05,39.03600802875154,10
Telangana,Banana,2025-06,39.100693004236525,10
Telangana,Banana,2025-07,39.55229404376698,10
Telangana,Banana,2025-08,40.56320919704425,10
Telangana,Banana,2025-09,40.92682489483107,10
Telangana,Banana,2025-10,41.11873088686679,10
Madhya Pradesh,Banana,2025-01,36.49671925947413,50
Madhya Pradesh,Banana,2025-02,36.59335215483189,50
Madhya Pradesh,Banana,2025-03,36.856277431500025,50
Madhya Pradesh,Banana,2025-04,37.04232086256196,50
Madhya Pradesh,Banana,2025-05,37.2997582842917,50
Madhya Pradesh,Banana,2025-06,37.838118034029236,50
Madhya Pradesh,Banana,2025-07,38.04767198535721,50
Madhya Pradesh,Banana,2025-08,38.3377963628907,50
Madhya Pradesh,Banana,2025-09,36.93747213983546,50
Madhya Pradesh,Banana,2025-10,35.81697334686316,50
Uttar Pradesh,Banana,2025-01,42.991948953786796,75
Uttar Pradesh,Banana,2025-02,43.26982614157384,75
Uttar Pradesh,Banana,2025-03,44.09893191132016,75
Uttar Pradesh,Banana,2025-04,44.05622964723727,75
Uttar Pradesh,Banana,2025-05,44.139652180378654,75
Uttar Pradesh,Banana,2025-06,44.70732284602911,75
Uttar Pradesh,Banana,2025-07,44.68442984967066,75
Uttar Pradesh,Banana,2025-08,44.81158104377073,75
Uttar Pradesh,Banana,2025-09,43.28499753948618,75
Uttar Pradesh,Banana,2025-10,40.94158138371745,75
Maharashtra,Banana,2025-01,37.48218368759756,19
Maharashtra,Banana,2025-02,37.9316723744697,19
Maharashtra,Banana,2025-03,39.534669901730766,19
Maharashtra,Banana,2025-04,39.3131842198592,19
Maharashtra,Banana,2025-05,39.73059495316015,19
Maharashtra,Banana,2025-06,40.58031118603712,19
Maharashtra,Banana,2025-07,41.381170605192686,19
Maharashtra,Banana,2025-08,42.471225220746035,19
Maharashtra,Banana,2025-09,41.86069054575077,19
Maharashtra,Banana,2025-10,40.69848908611667,19
Gujarat,Banana,2025-01,40.52947752954331,8
Gujarat,Banana,2025-02,39.387347020621156,8
Gujarat,Banana,2025-03,39.84636829541088,8
Gujarat,Banana,2025-04,41.03002428138579,8
Gujarat,Banana,2025-05,41.884786456556235,8
Gujarat,Banana,2025-06,41.27250143766564,8
Gujarat,Banana,2025-07,40.067296713247806,8
Gujarat,Banana,2025-08,40.04199935862443,8
Gujarat,Banana,2025-09,40.049531189347704,8
Gujarat,Banana,2025-10,40.02862229556254,8
Mizoram,Banana,2025-01,75.39648008793469,11
Mizoram,Banana,2025-02,75.6529096333426,11
Mizoram,Banana,2025-03,74.6167633240193,11
Mizoram,Banana,2025-04,74.76731215414536,11
Mizoram,Banana,2025-05,74.96878029850576,11
Mizoram,Banana,2025-06,74.18077480854653,11
Mizoram,Banana,2025-07,74.80922866813444,11
Mizoram,Banana,2025-08,76.66927400021575,11
Mizoram,Banana,2025-09,75.76423632541295,11
Mizoram,Banana,2025-10,75.11440006825482,11
Rajasthan,Banana,2025-01,38.889347946383396,30
Rajasthan,Banana,2025-02,38.77582368528228,30
Rajasthan,Banana,2025-03,39.15314933912455,30
Rajasthan,Banana,2025-04,39.536997190827975,30
Rajasthan,Banana,2025-05,39.72398253709129,30
Rajasthan,Banana,2025-06,39.57474006343599,30
Rajasthan,Banana,2025-07,39.60594857021825,30
Rajasthan,Banana,2025-08,39.68705193674889,30
Rajasthan,Banana,2025-09,39.40535038686142,30
Rajasthan,Banana,2025-10,39.19576889174106,30
Kerala,Banana,2025-01,77.89893596443781,14
Kerala,Banana,2025-02,75.29968796204629,14
Kerala,Banana,2025-03,68.49238035420689,14
Kerala,Banana,2025-04,69.20471544765411,14
Kerala,Banana,2025-05,63.49911605765015,14
Kerala,Banana,2025-06,58.63204240691797,14
Kerala,Banana,2025-07,56.92600600902294,14
Kerala,Banana,2025-08,55.839677188136655,14
Kerala,Banana,2025-09,49.345082339368,14
Kerala,Banana,2025-10,42.63773118456654,14
West Bengal,Banana,2025-01,44.827673028953434,23
West Bengal,Banana,2025-02,44.502169904102196,23
West Bengal,Banana,2025-03,44.676764764366496,23
West Bengal,Banana,2025-04,45.57983288354094,23
West Bengal,Banana,2025-05,46.59501121655927,23
West Bengal,Banana,2025-06,48.68014412918077,23
West Bengal,Banana,2025-07,49.53964610840105,23
West Bengal,Banana,2025-08,49.0757603422443,23
West Bengal,Banana,2025-09,48.44602128157077,23
West Bengal,Banana,2025-10,48.82099975217942,23
Andhra Pradesh,Banana,2025-01,42.754373693671766,5
Andhra Pradesh,Banana,2025-02,42.218000258362544,5
Andhra Pradesh,Banana,2025-03,42.898499143408316,5
Andhra Pradesh,Banana,2025-04,44.50954949550741,5
Andhra Pradesh,Banana,2025-05,44.62653653775152,5
Andhra Pradesh,Banana,2025-06,42.6879013765558,5
Andhra Pradesh,Banana,2025-07,42.88991457357618,5
Andhra Pradesh,Banana,2025-08,42.23133247693017,5
Andhra Pradesh,Banana,2025-09,41.88520265587193,5
Andhra Pradesh,Banana,2025-10,41.752200403254996,5
Punjab,Banana,2025-01,48.191549308817656,15
Punjab,Banana,2025-02,48.19554518398363,15
Punjab,Banana,2025-03,48.21257007879632,15
Punjab,Banana,2025-04,48.38612529054533,15
Punjab,Banana,2025-05,48.970290899682624,15
Punjab,Banana,2025-06,49.34400645055481,15
Punjab,Banana,2025-07,49.6284322009827,15
Punjab,Banana,2025-08,50.129419605403,15
Punjab,Banana,2025-09,48.846933814544926,15
Punjab,Banana,2025-10,48.30721399069162,15
Chhattisgarh,Banana,2025-01,45.2610576165058,9
Chhattisgarh,Banana,2025-02,44.820008537775884,9
Chhattisgarh,Banana,2025-03,44.772020217544934,9
Chhattisgarh,Banana,2025-04,45.41881216657144,9
Chhattisgarh,Banana,2025-05,45.967498133289894,9
Chhattisgarh,Banana,2025-06,46.61742966758972,9
Chhattisgarh,Banana,2025-07,46.366725822503206,9
Chhattisgarh,Banana,2025-08,46.90826159803201,9
Chhattisgarh,Banana,2025-09,47.133960479214224,9
Chhattisgarh,Banana,2025-10,47.27264049650814,9
Odisha,Banana,2025-01,50.11553807461087,27
Odisha,Banana,2025-02,48.36069246660379,27
Odisha,Banana,2025-03,48.41906461144399,27
Odisha,Banana,2025-04,48.883552919935,27
Odisha,Banana,2025-05,48.90445072482765,27
Odisha,Banana,2025-06,49.024998164782964,27
Odisha,Banana,2025-07,49.30445234611966,27
Odisha,Banana,2025-08,49.80239673677875,27
Odisha,Banana,2025-09,49.723194492368414,27
Odisha,Banana,2025-10,49.776915223202735,27
Bihar,Banana,2025-01,42.79162593825151,35
Bihar,Banana,2025-02,42.33373502073699,35
Bihar,Banana,2025-03,43.54987169223722,35
Bihar,Banana,2025-04,43.98148278688368,35
Bihar,Banana,2025-05,44.32472510960466,35
Bihar,Banana,2025-06,45.06479443899377,35
Bihar,Banana,2025-07,45.72777667731086,35
Bihar,Banana,2025-08,45.914580429702774,35
Bihar,Banana,2025-09,45.699157151371175,35
Bihar,Banana,2025-10,45.48948037594158,35
Tamil Nadu,Banana,2025-01,53.447293193589076,34
Tamil Nadu,Banana,2025-02,54.558405758301035,34
Tamil Nadu,Banana,2025-03,54.15066984525948,34
Tamil Nadu,Banana,2025-04,53.62387695382352,34
Tamil Nadu,Banana,2025-05,53.53965667617072,34
Tamil Nadu,Banana,2025-06,53.77823652292916,34
Tamil Nadu,Banana,2025-07,54.60326201143445,34
Tamil Nadu,Banana,2025-08,53.823441792699995,34
Tamil Nadu,Banana,2025-09,53.90802014690017,34
Tamil Nadu,Banana,2025-10,53.09216360517767,34
Karnataka,Banana,2025-01,47.357850882423385,32
Karnataka,Banana,2025-02,48.01744978146538,32
Karnataka,Banana,2025-03,50.081065680087804,32
Karnataka,Banana,2025-04,50.242180614921715,32
Karnataka,Banana,2025-05,47.08065567570463,32
Karnataka,Banana,2025-06,46.64082135655342,32
Karnataka,Banana,2025-07,46.464103331013554,32
Karnataka,Banana,2025-08,49.585259850037296,32
Karnataka,Banana,2025-09,49.64401481915401,32
Karnataka,Banana,2025-10,48.362836328749275,32
Jammu and Kashmir,Banana,2025-01,78.30701280062628,8
Jammu and Kashmir,Banana,2025-02,78.32146977365531,8
Jammu and Kashmir,Banana,2025-03,78.58155651852786,8
Jammu and Kashmir,Banana,2025-04,79.48111806875674,8
Jammu and Kashmir,Banana,2025-05,76.10631737373627,8
Jammu and Kashmir,Banana,2025-06,74.1543027505687,8
Jammu and Kashmir,Banana,2025-07,71.49352174895806,8
Jammu and Kashmir,Banana,2025-08,67.20078773659154,8
Jammu and Kashmir,Banana,2025-09,67.2222945724253,8
Jammu and Kashmir,Banana,2025-10,67.92306199156953,8
Himachal Pradesh,Banana,2025-01,58.015480244779745,12
Himachal Pradesh,Banana,2025-02,58.832662929803625,12
Himachal Pradesh,Banana,2025-03,59.31983882753028,12
Himachal Pradesh,Banana,2025-04,58.385934363482,12
Himachal Pradesh,Banana,2025-05,56.6624791147515,12
Himachal Pradesh,Banana,2025-06,56.248637613543494,12
Himachal Pradesh,Banana,2025-07,56.34424195296604,12
Himachal Pradesh,Banana,2025-08,56.525968194905126,12
Himachal Pradesh,Banana,2025-09,55.88643375776027,12
Himachal Pradesh,Banana,2025-10,55.07669557672228,12
Jharkhand,Banana,2025-01,42.54870923002957,17
Jharkhand,Banana,2025-02,42.31845647368018,17
Jharkhand,Banana,2025-03,42.38758513434262,17
Jharkhand,Banana,2025-04,43.91084183135426,17
Jharkhand,Banana,2025-05,45.55312905733027,17
Jharkhand,Banana,2025-06,47.44271864210507,17
Jharkhand,Banana,2025-07,48.18495346558138,17
Jharkhand,Banana,2025-08,48.73774837114224,17
Jharkhand,Banana,2025-09,47.27998026135091,17
Jharkhand,Banana,2025-10,46.67137979368884,17
Nagaland,Banana,2025-01,51.06196604464079,15
Nagaland,Banana,2025-02,50.56597934149431,15
Nagaland,Banana,2025-03,50.03189044938057,15
Nagaland,Banana,2025-04,50.222523338523025,15
Nagaland,Banana,2025-05,49.938576671884036,15
Nagaland,Banana,2025-06,49.431817798322854,15
Nagaland,Banana,2025-07,50.550139251730734,15
Nagaland,Banana,2025-08,52.10280354218107,15
Nagaland,Banana,2025-09,52.30000457740757,15
Nagaland,Banana,2025-10,53.0860826329787,15
Sikkim,Banana,2025-01,70.82335311516486,6
Sikkim,Banana,2025-02,69.75985452135798,6
Sikkim,Banana,2025-03,69.75985452135798,6
Sikkim,Banana,2025-04,69.75985452135798,6
Sikkim,Banana,2025-05,67.90154897749468,6
Sikkim,Banana,2025-06,66.693521515081,6
Sikkim,Banana,2025-07,66.49399761150974,6
Sikkim,Banana,2025-08,69.34405370855812,6
Sikkim,Banana,2025-09,69.75985452135798,6
Sikkim,Banana,2025-10,69.75985452135798,6
Meghalaya,Banana,2025-01,82.06051255725474,10
Meghalaya,Banana,2025-02,81.90118020860733,10
Meghalaya,Banana,2025-03,82.0066223074017,10
Meghalaya,Banana,2025-04,81.18646852802671,10
Meghalaya,Banana,2025-05,79.7685888321648,10
Meghalaya,Banana,2025-06,81.05358723625619,10
Meghalaya,Banana,2025-07,81.92970890379605,10
Meghalaya,Banana,2025-08,81.88749117095975,10
Meghalaya,Banana,2025-09,80.79911442904789,10
Meghalaya,Banana,2025-10,81.09372097743515,10
Assam,Rice,2025-01,40.72404110117495,28
Assam,Rice,2025-02,39.63498701787531,28
Assam,Rice,2025-03,39.34292840542354,28
Assam,Rice,2025-04,39.34145530173009,28
Assam,Rice,2025-05,39.0949309749805,28
Assam,Rice,2025-06,39.07594830826902,28
Assam,Rice,2025-07,39.210484269085036,28
Assam,Rice,2025-08,39.210126336738995,28
Assam,Rice,2025-09,38.78929971240131,28
Assam,Rice,2025-10,38.506047219245566,28
Telangana,Rice,2025-01,55.927725257154265,10
Telangana,Rice,2025-02,55.293025937991786,10
Telangana,Rice,2025-03,54.635036504313206,10
Telangana,Rice,2025-04,53.98504475025194,10
Telangana,Rice,2025-05,53.823544245953926,10
Telangana,Rice,2025-06,53.61552092883452,10
Telangana,Rice,2025-07,54.05535587249102,10
Telangana,Rice,2025-08,54.33036862736481,10
Telangana,Rice,2025-09,54.372445690350204,10
Telangana,Rice,2025-10,54.84862067134445,10
Madhya Pradesh,Rice,2025-01,38.46016985439728,50
Madhya Pradesh,Rice,2025-02,38.52931028118724,50
Madhya Pradesh,Rice,2025-03,38.679483047284435,50
Madhya Pradesh,Rice,2025-04,38.66368175690254,50
Madhya Pradesh,Rice,2025-05,38.72665465997933,50
Madhya Pradesh,Rice,2025-06,38.82869969135564,50
Madhya Pradesh,Rice,2025-07,38.76653115739048,50
Madhya Pradesh,Rice,2025-08,38.60682030313906,50
Madhya Pradesh,Rice,2025-09,38.76461676349898,50
Madhya Pradesh,Rice,2025-10,39.054480511501374,50
Uttar Pradesh,Rice,2025-01,38.86138273983912,75
Uttar Pradesh,Rice,2025-02,38.635613870830774,75
Uttar Pradesh,Rice,2025-03,38.51561648478419,75
Uttar Pradesh,Rice,2025-04,38.258183371505226,75
Uttar Pradesh,Rice,2025-05,38.411006164404085,75
Uttar Pradesh,Rice,2025-06,38.49789025461639,75
Uttar Pradesh,Rice,2025-07,38.61095601551421,75
Uttar Pradesh,Rice,2025-08,38.93261720293042,75
Uttar Pradesh,Rice,2025-09,39.094131527349646,75
Uttar Pradesh,Rice,2025-10,38.97854759561893,75
Maharashtra,Rice,2025-01,46.643316757661324,19
Maharashtra,Rice,2025-02,46.36642794025922,19
Maharashtra,Rice,2025-03,46.34494714109439,19
Maharashtra,Rice,2025-04,46.080197252215136,19
Maharashtra,Rice,2025-05,46.02567829775836,19
Maharashtra,Rice,2025-06,45.66532962633021,19
Maharashtra,Rice,2025-07,44.52219870265071,19
Maharashtra,Rice,2025-08,44.87711241947371,19
Maharashtra,Rice,2025-09,45.3705245879192,19
Maharashtra,Rice,2025-10,45.57585818657008,19
Gujarat,Rice,2025-01,38.65341645468264,8
Gujarat,Rice,2025-02,37.8728231585041,8
Gujarat,Rice,2025-03,37.559452461844124,8
Gujarat,Rice,2025-04,37.46280099785339,8
Gujarat,Rice,2025-05,35.86791192039528,8
Gujarat,Rice,2025-06,34.82971003477586,8
Gujarat,Rice,2025-07,34.532846537735786,8
Gujarat,Rice,2025-08,34.58568233008553,8
Gujarat,Rice,2025-09,34.50451667570029,8
Gujarat,Rice,2025-10,34.39755105675208,8
Mizoram,Rice,2025-01,49.16360967115543,11
Mizoram,Rice,2025-02,49.14561241926009,11
Mizoram,Rice,2025-03,48.81508197484778,11
Mizoram,Rice,2025-04,48.63436661861834,11
Mizoram,Rice,2025-05,49.311249600518245,11
Mizoram,Rice,2025-06,49.639211124397555,11
Mizoram,Rice,2025-07,49.81579735690226,11
Mizoram,Rice,2025-08,50.367847482472065,11
Mizoram,Rice,2025-09,50.50569399215506,11
Mizoram,Rice,2025-10,50.42542976792579,11
Rajasthan,Rice,2025-01,42.16619458878524,32
Rajasthan,Rice,2025-02,42.16157976259767,32
Rajasthan,Rice,2025-03,42.01001688809162,32
Rajasthan,Rice,2025-04,42.00744318849964,32
Rajasthan,Rice,2025-05,42.23853658254894,32
Rajasthan,Rice,2025-06,42.295719475768166,32
Rajasthan,Rice,2025-07,42.67935703784319,32
Rajasthan,Rice,2025-08,43.60623159037913,32
Rajasthan,Rice,2025-09,43.69837009266556,32
Rajasthan,Rice,2025-10,43.74625523323671,32
Kerala,Rice,2025-01,49.454828465547386,14
Kerala,Rice,2025-02,49.76349710872249,14
Kerala,Rice,2025-03,49.98783191825661,14
Kerala,Rice,2025-04,50.102746964436044,14
Kerala,Rice,2025-05,49.85647410304737,14
Kerala,Rice,2025-06,49.42569440229747,14
Kerala,Rice,2025-07,49.2963858391324,14
Kerala,Rice,2025-08,49.18572381423613,14
Kerala,Rice,2025-09,49.10992917165037,14
Kerala,Rice,2025-10,49.11598375815238,14
West Bengal,Rice,2025-01,43.70029563760963,23
West Bengal,Rice,2025-02,44.043800830772575,23
West Bengal,Rice,2025-03,44.83481073106482,23
West Bengal,Rice,2025-04,45.339507949073734,23
West Bengal,Rice,2025-05,45.39167582595251,23
West Bengal,Rice,2025-06,45.63755539752493,23
West Bengal,Rice,2025-07,45.69202807715402,23
West Bengal,Rice,2025-08,46.70845589890723,23
West Bengal,Rice,2025-09,47.026888236515376,23
West Bengal,Rice,2025-10,46.86465853364155,23
Andhra Pradesh,Rice,2025-01,55.27662204609373,5
Andhra Pradesh,Rice,2025-02,54.72272962453483,5
Andhra Pradesh,Rice,2025-03,54.555338500835894,5
Andhra Pradesh,Rice,2025-04,53.973535277731,5
Andhra Pradesh,Rice,2025-05,53.78078695550439,5
Andhra Pradesh,Rice,2025-06,53.703541360173084,5
Andhra Pradesh,Rice,2025-07,51.76252637804864,5
Andhra Pradesh,Rice,2025-08,48.2450761980681,5
Andhra Pradesh,Rice,2025-09,47.86908734686458,5
Andhra Pradesh,Rice,2025-10,48.46088910115596,5
Punjab,Rice,2025-01,40.6948079305766,15
Punjab,Rice,2025-02,40.72314673038902,15
Punjab,Rice,2025-03,40.440481188827654,15
Punjab,Rice,2025-04,40.291455391129794,15
Punjab,Rice,2025-05,40.275687343259044,15
Punjab,Rice,2025-06,40.13451632015378,15
Punjab,Rice,2025-07,40.11869229340959,15
Punjab,Rice,2025-08,40.07302852199975,15
Punjab,Rice,2025-09,40.07234448964343,15
Punjab,Rice,2025-10,40.1875604654846,15
Chhattisgarh,Rice,2025-01,37.42818052442008,9
Chhattisgarh,Rice,2025-02,38.09076056111671,9
Chhattisgarh,Rice,2025-03,38.10476136466277,9
Chhattisgarh,Rice,2025-04,38.801339116143744,9
Chhattisgarh,Rice,2025-05,38.88517668150179,9
Chhattisgarh,Rice,2025-06,38.875916221256375,9
Chhattisgarh,Rice,2025-07,38.575192062257834,9
Chhattisgarh,Rice,2025-08,38.485355726118584,9
Chhattisgarh,Rice,2025-09,38.48699846991993,9
Chhattisgarh,Rice,2025-10,38.5685118524786,9
Odisha,Rice,2025-01,38.72429586781097,28
Odisha,Rice,2025-02,38.65619200891977,28
Odisha,Rice,2025-03,38.93624715462476,28
Odisha,Rice,2025-04,39.43908921619056,28
Odisha,Rice,2025-05,39.59299921913368,28
Odisha,Rice,2025-06,39.53041270913004,28
Odisha,Rice,2025-07,39.50460962728679,28
Odisha,Rice,2025-08,39.74452253551329,28
Odisha,Rice,2025-09,39.7515979471509,28
Odisha,Rice,2025-10,39.81539164230836,28
Bihar,Rice,2025-01,37.673966580819126,38
Bihar,Rice,2025-02,37.92371795561039,38
Bihar,Rice,2025-03,38.05409048165067,38
Bihar,Rice,2025-04,37.927550734536595,38
Bihar,Rice,2025-05,37.45493469591545,38
Bihar,Rice,2025-06,36.984847504062905,38
Bihar,Rice,2025-07,37.366496538538556,38
Bihar,Rice,2025-08,37.71799231939947,38
Bihar,Rice,2025-09,37.790067864917305,38
Bihar,Rice,2025-10,37.72687885647983,38
Tamil Nadu,Rice,2025-01,57.220627437641184,37
Tamil Nadu,Rice,2025-02,56.398078648994066,37
Tamil Nadu,Rice,2025-03,56.11649002583466,37
Tamil Nadu,Rice,2025-04,56.012844228073575,37
Tamil Nadu,Rice,2025-05,55.58310389670714,37
Tamil Nadu,Rice,2025-06,55.31158689872138,37
Tamil Nadu,Rice,2025-07,55.32394468335305,37
Tamil Nadu,Rice,2025-08,55.75961599940102,37
Tamil Nadu,Rice,2025-09,55.57747081609461,37
Tamil Nadu,Rice,2025-10,55.38699251080718,37
Karnataka,Rice,2025-01,49.293350543846806,32
Karnataka,Rice,2025-02,48.43800049872641,32
Karnataka,Rice,2025-03,48.796396014512275,32
Karnataka,Rice,2025-04,48.39434536234538,32
Karnataka,Rice,2025-05,47.83479662563126,32
Karnataka,Rice,2025-06,47.530522693992125,32
Karnataka,Rice,2025-07,47.08863088735549,32
Karnataka,Rice,2025-08,47.21715020613263,32
Karnataka,Rice,2025-09,47.5157458310765,32
Karnataka,Rice,2025-10,47.70381142567732,32
Jammu and Kashmir,Rice,2025-01,45.28662802357465,8
Jammu and Kashmir,Rice,2025-02,45.38090419828476,8
Jammu and Kashmir,Rice,2025-03,45.38224877131968,8
Jammu and Kashmir,Rice,2025-04,45.801434137029126,8
Jammu and Kashmir,Rice,2025-05,46.10171022060535,8
Jammu and Kashmir,Rice,2025-06,45.661419688016245,8
Jammu and Kashmir,Rice,2025-07,45.29597084050218,8
Jammu and Kashmir,Rice,2025-08,45.29597084050218,8
Jammu and Kashmir,Rice,2025-09,45.3477596685535,8
Jammu and Kashmir,Rice,2025-10,45.15563608290866,8
Himachal Pradesh,Rice,2025-01,40.7216974041542,12
Himachal Pradesh,Rice,2025-02,40.443681041484396,12
Himachal Pradesh,Rice,2025-03,40.699769699325,12
Himachal Pradesh,Rice,2025-04,40.598419548872016,12
Himachal Pradesh,Rice,2025-05,38.29900632914928,12
Himachal Pradesh,Rice,2025-06,38.39897501932493,12
Himachal Pradesh,Rice,2025-07,38.396911437077684,12
Himachal Pradesh,Rice,2025-08,38.22722453130339,12
Himachal Pradesh,Rice,2025-09,38.307932082959084,12
Himachal Pradesh,Rice,2025-10,37.98997030962417,12
Jharkhand,Rice,2025-01,38.28537936204993,19
Jharkhand,Rice,2025-02,38.64732266575236,19
Jharkhand,Rice,2025-03,38.85752208862617,19
Jharkhand,Rice,2025-04,38.969022435096996,19
Jharkhand,Rice,2025-05,39.64156728015441,19
Jharkhand,Rice,2025-06,39.961497104086384,19
Jharkhand,Rice,2025-07,39.68546362578715,19
Jharkhand,Rice,2025-08,39.43217199411341,19
Jharkhand,Rice,2025-09,38.843761593482554,19
Jharkhand,Rice,2025-10,38.68527407235177,19
Manipur,Rice,2025-01,39.07252319671074,7
Manipur,Rice,2025-02,39.06623543745373,7
Manipur,Rice,2025-03,39.151773578843475,7
Manipur,Rice,2025-04,39.091004822518784,7
Manipur,Rice,2025-05,38.93283199655999,7
Manipur,Rice,2025-06,40.03207513877548,7
Manipur,Rice,2025-07,41.96693197018345,7
Manipur,Rice,2025-08,41.88420210565966,7
Manipur,Rice,2025-09,44.20193035252179,7
Manipur,Rice,2025-10,45.93258694419438,7
Nagaland,Rice,2025-01,42.77411189622732,16
Nagaland,Rice,2025-02,42.69521286310046,16
Nagaland,Rice,2025-03,42.63774698962488,16
Nagaland,Rice,2025-04,42.79307506228115,16
Nagaland,Rice,2025-05,42.95135255081248,16
Nagaland,Rice,2025-06,42.99740902699963,16
Nagaland,Rice,2025-07,42.87895595442995,16
Nagaland,Rice,2025-08,42.64687141259511,16
Nagaland,Rice,2025-09,42.747384556496314,16
Nagaland,Rice,2025-10,42.75973621540075,16
Sikkim,Rice,2025-01,46.38839943989001,6
Sikkim,Rice,2025-02,46.38839943989001,6
Sikkim,Rice,2025-03,46.38839943989001,6
Sikkim,Rice,2025-04,46.38839943989001,6
Sikkim,Rice,2025-05,46.410365805462945,6
Sikkim,Rice,2025-06,46.39407408432968,6
Sikkim,Rice,2025-07,46.38839943989001,6
Sikkim,Rice,2025-08,46.38839943989001,6
Sikkim,Rice,2025-09,46.38839943989001,6
Sikkim,Rice,2025-10,46.29882528247775,6
Meghalaya,Rice,2025-01,37.50037228350747,10
Meghalaya,Rice,2025-02,37.28060425078098,10
Meghalaya,Rice,2025-03,37.02022762441365,10
Meghalaya,Rice,2025-04,36.5318666246874,10
Meghalaya,Rice,2025-05,36.5261373811072,10
Meghalaya,Rice,2025-06,36.69978122958113,10
Meghalaya,Rice,2025-07,36.32138283206174,10
Meghalaya,Rice,2025-08,36.37232561254845,10
Meghalaya,Rice,2025-09,36.184152605749745,10
Meghalaya,Rice,2025-10,36.20721428125244,10
