date,market,commodity,unit,priceflag,price
2015-04-15,Ahmedabad,Ghee (vanaspati),KG,actual,61.72
2015-05-15,Ahmedabad,Ghee (vanaspati),KG,actual,60.84
2015-06-15,Ahmedabad,Ghee (vanaspati),KG,actual,60.32
2015-07-15,Ahmedabad,Ghee (vanaspati),KG,actual,61.73
2015-08-15,Ahmedabad,Ghee (vanaspati),KG,actual,62.65
2015-09-15,Ahmedabad,Ghee (vanaspati),KG,actual,62.0
2016-01-15,Ahmedabad,Ghee (vanaspati),KG,actual,57.0
2016-02-15,Ahmedabad,Ghee (vanaspati),KG,actual,57.0
2016-03-15,Ahmedabad,Ghee (vanaspati),KG,actual,57.0
2016-04-15,Ahmedabad,Ghee (vanaspati),KG,actual,60.33
2016-05-15,Ahmedabad,Ghee (vanaspati),KG,actual,62.0
2016-06-15,Ahmedabad,Ghee (vanaspati),KG,actual,64.9
2016-07-15,Ahmedabad,Ghee (vanaspati),KG,actual,65.0
2016-08-15,Ahmedabad,Ghee (vanaspati),KG,actual,65.0
2016-09-15,Ahmedabad,Ghee (vanaspati),KG,actual,66.37
2016-10-15,Ahmedabad,Ghee (vanaspati),KG,actual,68.07
2016-11-15,Ahmedabad,Ghee (vanaspati),KG,actual,69.46
2016-12-15,Ahmedabad,Ghee (vanaspati),KG,actual,70.0
2017-01-15,Ahmedabad,Ghee (vanaspati),KG,actual,70.0
2017-02-15,Ahmedabad,Ghee (vanaspati),KG,actual,70.0
2017-03-15,Ahmedabad,Ghee (vanaspati),KG,actual,70.0
2017-04-15,Ahmedabad,Ghee (vanaspati),KG,actual,70.0
2017-05-15,Ahmedabad,Ghee (vanaspati),KG,actual,70.0
2017-06-15,Ahmedabad,Ghee (vanaspati),KG,actual,70.0
2017-07-15,Ahmedabad,Ghee (vanaspati),KG,actual,69.68
2017-08-15,Ahmedabad,Ghee (vanaspati),KG,actual,70.0
2017-09-15,Ahmedabad,Ghee (vanaspati),KG,actual,70.0
2017-10-15,Ahmedabad,Ghee (vanaspati),KG,actual,70.0
2017-12-15,Ahmedabad,Ghee (vanaspati),KG,actual,71.68
2018-01-15,Ahmedabad,Ghee (vanaspati),KG,actual,72.0
2018-02-15,Ahmedabad,Ghee (vanaspati),KG,actual,72.0
2018-03-15,Ahmedabad,Ghee (vanaspati),KG,actual,72.39
2018-04-15,Ahmedabad,Ghee (vanaspati),KG,actual,73.0
2018-05-15,Ahmedabad,Ghee (vanaspati),KG,actual,73.0
2018-06-15,Ahmedabad,Ghee (vanaspati),KG,actual,73.0
2018-07-15,Ahmedabad,Ghee (vanaspati),KG,actual,73.0
2018-08-15,Ahmedabad,Ghee (vanaspati),KG,actual,73.0
2018-09-15,Ahmedabad,Ghee (vanaspati),KG,actual,73.0
2018-10-15,Ahmedabad,Ghee (vanaspati),KG,actual,73.0
2018-11-15,Ahmedabad,Ghee (vanaspati),KG,actual,73.0
2019-01-15,Ahmedabad,Ghee (vanaspati),KG,actual,73.0
2019-06-15,Ahmedabad,Ghee (vanaspati),KG,actual,73.0
2019-07-15,Ahmedabad,Ghee (vanaspati),KG,actual,73.0
2019-08-15,Ahmedabad,Ghee (vanaspati),KG,actual,73.0
2019-09-15,Ahmedabad,Ghee (vanaspati),KG,actual,73.0
2019-10-15,Ahmedabad,Ghee (vanaspati),KG,actual,72.0
2019-11-15,Ahmedabad,Ghee (vanaspati),KG,actual,72.0
2019-12-15,Ahmedabad,Ghee (vanaspati),KG,actual,73.73
2020-01-15,Ahmedabad,Ghee (vanaspati),KG,actual,74.0
2020-02-15,Ahmedabad,Ghee (vanaspati),KG,actual,74.0
2020-03-15,Ahmedabad,Ghee (vanaspati),KG,actual,79.61
2020-04-15,Ahmedabad,Ghee (vanaspati),KG,actual,80.0
2020-05-15,Ahmedabad,Ghee (vanaspati),KG,actual,80.0
2020-06-15,Ahmedabad,Ghee (vanaspati),KG,actual,79.83
2020-07-15,Ahmedabad,Ghee (vanaspati),KG,actual,74.87
2020-08-15,Ahmedabad,Ghee (vanaspati),KG,actual,73.0
2020-09-15,Ahmedabad,Ghee (vanaspati),KG,actual,74.13
2020-10-15,Ahmedabad,Ghee (vanaspati),KG,actual,75.0
2020-11-15,Ahmedabad,Ghee (vanaspati),KG,actual,76.67
2020-12-15,Ahmedabad,Ghee (vanaspati),KG,actual,85.0
2021-01-15,Ahmedabad,Ghee (vanaspati),KG,actual,88.83
2021-02-15,Ahmedabad,Ghee (vanaspati),KG,actual,85.27
2021-03-15,Ahmedabad,Ghee (vanaspati),KG,actual,87.0
2021-04-15,Ahmedabad,Ghee (vanaspati),KG,actual,87.0
2021-05-15,Ahmedabad,Ghee (vanaspati),KG,actual,87.0
2021-06-15,Ahmedabad,Ghee (vanaspati),KG,actual,85.64
2021-07-15,Ahmedabad,Ghee (vanaspati),KG,actual,85.0
2021-08-15,Ahmedabad,Ghee (vanaspati),KG,actual,85.0
2021-09-15,Ahmedabad,Ghee (vanaspati),KG,actual,85.0
2021-10-15,Ahmedabad,Ghee (vanaspati),KG,actual,91.29
2021-11-15,Ahmedabad,Ghee (vanaspati),KG,actual,120.0
2021-12-15,Ahmedabad,Ghee (vanaspati),KG,actual,120.0
2022-01-15,Ahmedabad,Ghee (vanaspati),KG,actual,120.0
2022-02-15,Ahmedabad,Ghee (vanaspati),KG,actual,120.0
2022-03-15,Ahmedabad,Ghee (vanaspati),KG,actual,120.0
2022-04-15,Ahmedabad,Ghee (vanaspati),KG,actual,120.0
2022-05-15,Ahmedabad,Ghee (vanaspati),KG,actual,120.0
2022-06-15,Ahmedabad,Ghee (vanaspati),KG,actual,120.0
2022-07-15,Ahmedabad,Ghee (vanaspati),KG,actual,120.09
2022-08-15,Ahmedabad,Ghee (vanaspati),KG,actual,123.25
2022-09-15,Ahmedabad,Ghee (vanaspati),KG,actual,152.04
2022-10-15,Ahmedabad,Ghee (vanaspati),KG,actual,152.16
2022-11-15,Ahmedabad,Ghee (vanaspati),KG,actual,152.09
2022-12-15,Ahmedabad,Ghee (vanaspati),KG,actual,152.22
2023-01-15,Ahmedabad,Ghee (vanaspati),KG,actual,152.1
2023-02-15,Ahmedabad,Ghee (vanaspati),KG,actual,152.0
2023-03-15,Ahmedabad,Ghee (vanaspati),KG,actual,154.57
2023-04-15,Ahmedabad,Ghee (vanaspati),KG,actual,155.0
2023-05-15,Ahmedabad,Ghee (vanaspati),KG,actual,153.73
2023-06-15,Ahmedabad,Ghee (vanaspati),KG,actual,148.08
2023-07-15,Ahmedabad,Ghee (vanaspati),KG,actual,148.04
2013-04-15,Ahmedabad,Lentils,KG,actual,51.0
2013-05-15,Ahmedabad,Lentils,KG,actual,51.0
2013-06-15,Ahmedabad,Lentils,KG,actual,51.0
2013-07-15,Ahmedabad,Lentils,KG,actual,50.32
2013-08-15,Ahmedabad,Lentils,KG,actual,46.0
2013-09-15,Ahmedabad,Lentils,KG,actual,46.0
2013-10-15,Ahmedabad,Lentils,KG,actual,46.0
2013-11-15,Ahmedabad,Lentils,KG,actual,46.0
2013-12-15,Ahmedabad,Lentils,KG,actual,46.0
2014-01-15,Ahmedabad,Lentils,KG,actual,46.0
2014-02-15,Ahmedabad,Lentils,KG,actual,46.0
2014-03-15,Ahmedabad,Lentils,KG,actual,46.0
2014-04-15,Ahmedabad,Lentils,KG,actual,46.0
2014-05-15,Ahmedabad,Lentils,KG,actual,43.11
2014-06-15,Ahmedabad,Lentils,KG,actual,40.43
2014-07-15,Ahmedabad,Lentils,KG,actual,39.55
2014-08-15,Ahmedabad,Lentils,KG,actual,38.0
2014-09-15,Ahmedabad,Lentils,KG,actual,38.0
2014-10-15,Ahmedabad,Lentils,KG,actual,36.25
2014-11-15,Ahmedabad,Lentils,KG,actual,36.82
2014-12-15,Ahmedabad,Lentils,KG,actual,37.0
2015-01-15,Ahmedabad,Lentils,KG,actual,39.58
2015-02-15,Ahmedabad,Lentils,KG,actual,42.0
2015-03-15,Ahmedabad,Lentils,KG,actual,42.57
2015-04-15,Ahmedabad,Lentils,KG,actual,45.11
2015-05-15,Ahmedabad,Lentils,KG,actual,51.0
2015-06-15,Ahmedabad,Lentils,KG,actual,55.14
2015-07-15,Ahmedabad,Lentils,KG,actual,57.91
2015-08-15,Ahmedabad,Lentils,KG,actual,58.7
2015-09-15,Ahmedabad,Lentils,KG,actual,60.3
2015-10-15,Ahmedabad,Lentils,KG,actual,66.75
2015-11-15,Ahmedabad,Lentils,KG,actual,67.28
2015-12-15,Ahmedabad,Lentils,KG,actual,65.52
2016-01-15,Ahmedabad,Lentils,KG,actual,62.48
2016-02-15,Ahmedabad,Lentils,KG,actual,58.83
2016-03-15,Ahmedabad,Lentils,KG,actual,58.0
2016-04-15,Ahmedabad,Lentils,KG,actual,59.57
2016-05-15,Ahmedabad,Lentils,KG,actual,63.26
2016-06-15,Ahmedabad,Lentils,KG,actual,73.4
2016-07-15,Ahmedabad,Lentils,KG,actual,87.23
2016-08-15,Ahmedabad,Lentils,KG,actual,94.28
2016-09-15,Ahmedabad,Lentils,KG,actual,92.03
2016-10-15,Ahmedabad,Lentils,KG,actual,113.38
2016-11-15,Ahmedabad,Lentils,KG,actual,126.0
2016-12-15,Ahmedabad,Lentils,KG,actual,119.55
2017-01-15,Ahmedabad,Lentils,KG,actual,100.67
2017-02-15,Ahmedabad,Lentils,KG,actual,87.41
2017-03-15,Ahmedabad,Lentils,KG,actual,75.74
2017-04-15,Ahmedabad,Lentils,KG,actual,75.53
2017-05-15,Ahmedabad,Lentils,KG,actual,74.55
2017-06-15,Ahmedabad,Lentils,KG,actual,72.55
2017-07-15,Ahmedabad,Lentils,KG,actual,71.55
2017-08-15,Ahmedabad,Lentils,KG,actual,70.57
2017-09-15,Ahmedabad,Lentils,KG,actual,72.11
2017-10-15,Ahmedabad,Lentils,KG,actual,72.46
2017-12-15,Ahmedabad,Lentils,KG,actual,70.0
2018-01-15,Ahmedabad,Lentils,KG,actual,67.2
2018-02-15,Ahmedabad,Lentils,KG,actual,62.75
2018-03-15,Ahmedabad,Lentils,KG,actual,62.0
2018-04-15,Ahmedabad,Lentils,KG,actual,62.0
2018-05-15,Ahmedabad,Lentils,KG,actual,62.0
2018-06-15,Ahmedabad,Lentils,KG,actual,61.73
2018-07-15,Ahmedabad,Lentils,KG,actual,59.57
2018-08-15,Ahmedabad,Lentils,KG,actual,58.0
2018-09-15,Ahmedabad,Lentils,KG,actual,58.0
2018-10-15,Ahmedabad,Lentils,KG,actual,58.0
2018-11-15,Ahmedabad,Lentils,KG,actual,58.0
2019-01-15,Ahmedabad,Lentils,KG,actual,58.0
2019-06-15,Ahmedabad,Lentils,KG,actual,57.33
2019-07-15,Ahmedabad,Lentils,KG,actual,65.0
2019-08-15,Ahmedabad,Lentils,KG,actual,65.0
2019-09-15,Ahmedabad,Lentils,KG,actual,65.1
2019-10-15,Ahmedabad,Lentils,KG,actual,66.58
2019-11-15,Ahmedabad,Lentils,KG,actual,69.62
2019-12-15,Ahmedabad,Lentils,KG,actual,69.9
2020-01-15,Ahmedabad,Lentils,KG,actual,71.93
2020-02-15,Ahmedabad,Lentils,KG,actual,70.0
2020-03-15,Ahmedabad,Lentils,KG,actual,70.0
2020-04-15,Ahmedabad,Lentils,KG,actual,70.0
2020-05-15,Ahmedabad,Lentils,KG,actual,70.0
2020-06-15,Ahmedabad,Lentils,KG,actual,72.4
2020-07-15,Ahmedabad,Lentils,KG,actual,76.29
2020-08-15,Ahmedabad,Lentils,KG,actual,85.0
2020-09-15,Ahmedabad,Lentils,KG,actual,85.0
2020-10-15,Ahmedabad,Lentils,KG,actual,85.0
2020-11-15,Ahmedabad,Lentils,KG,actual,90.33
2020-12-15,Ahmedabad,Lentils,KG,actual,93.0
2021-01-15,Ahmedabad,Lentils,KG,actual,95.73
2021-02-15,Ahmedabad,Lentils,KG,actual,92.0
2021-03-15,Ahmedabad,Lentils,KG,actual,92.04
2021-04-15,Ahmedabad,Lentils,KG,actual,92.0
2021-05-15,Ahmedabad,Lentils,KG,actual,94.77
2021-06-15,Ahmedabad,Lentils,KG,actual,100.0
2021-07-15,Ahmedabad,Lentils,KG,actual,100.0
2021-08-15,Ahmedabad,Lentils,KG,actual,97.14
2021-09-15,Ahmedabad,Lentils,KG,actual,95.0
2021-10-15,Ahmedabad,Lentils,KG,actual,95.38
2021-11-15,Ahmedabad,Lentils,KG,actual,94.0
2021-12-15,Ahmedabad,Lentils,KG,actual,90.21
2022-01-15,Ahmedabad,Lentils,KG,actual,90.0
2022-02-15,Ahmedabad,Lentils,KG,actual,90.11
2022-03-15,Ahmedabad,Lentils,KG,actual,90.0
2022-04-15,Ahmedabad,Lentils,KG,actual,91.75
2022-05-15,Ahmedabad,Lentils,KG,actual,94.8
2022-06-15,Ahmedabad,Lentils,KG,actual,94.91
2022-07-15,Ahmedabad,Lentils,KG,actual,94.5
2022-08-15,Ahmedabad,Lentils,KG,actual,94.57
2022-09-15,Ahmedabad,Lentils,KG,actual,95.61
2022-10-15,Ahmedabad,Lentils,KG,actual,100.25
2022-11-15,Ahmedabad,Lentils,KG,actual,101.7
2022-12-15,Ahmedabad,Lentils,KG,actual,102.47
2023-01-15,Ahmedabad,Lentils,KG,actual,102.26
2023-02-15,Ahmedabad,Lentils,KG,actual,102.21
2023-03-15,Ahmedabad,Lentils,KG,actual,100.29
2023-04-15,Ahmedabad,Lentils,KG,actual,100.23
2023-05-15,Ahmedabad,Lentils,KG,actual,102.0
2023-06-15,Ahmedabad,Lentils,KG,actual,107.58
2023-07-15,Ahmedabad,Lentils,KG,actual,131.08
2012-04-15,Ahmedabad,Lentils (masur),KG,actual,41.82
2012-05-15,Ahmedabad,Lentils (masur),KG,actual,41.87
2012-06-15,Ahmedabad,Lentils (masur),KG,actual,42.67
2012-07-15,Ahmedabad,Lentils (masur),KG,actual,45.64
2012-08-15,Ahmedabad,Lentils (masur),KG,actual,47.21
2012-09-15,Ahmedabad,Lentils (masur),KG,actual,45.0
2012-10-15,Ahmedabad,Lentils (masur),KG,actual,44.26
2012-11-15,Ahmedabad,Lentils (masur),KG,actual,43.0
2012-12-15,Ahmedabad,Lentils (masur),KG,actual,43.0
2013-01-15,Ahmedabad,Lentils (masur),KG,actual,41.0
2013-02-15,Ahmedabad,Lentils (masur),KG,actual,41.0
2013-03-15,Ahmedabad,Lentils (masur),KG,actual,40.89
2013-04-15,Ahmedabad,Lentils (masur),KG,actual,40.0
2013-05-15,Ahmedabad,Lentils (masur),KG,actual,40.0
2013-06-15,Ahmedabad,Lentils (masur),KG,actual,40.0
2013-07-15,Ahmedabad,Lentils (masur),KG,actual,40.18
2013-08-15,Ahmedabad,Lentils (masur),KG,actual,42.0
2013-09-15,Ahmedabad,Lentils (masur),KG,actual,42.0
2013-10-15,Ahmedabad,Lentils (masur),KG,actual,42.0
2013-11-15,Ahmedabad,Lentils (masur),KG,actual,42.0
2013-12-15,Ahmedabad,Lentils (masur),KG,actual,42.0
2014-01-15,Ahmedabad,Lentils (masur),KG,actual,42.0
2014-02-15,Ahmedabad,Lentils (masur),KG,actual,42.0
2014-03-15,Ahmedabad,Lentils (masur),KG,actual,42.0
2014-04-15,Ahmedabad,Lentils (masur),KG,actual,58.0
2014-05-15,Ahmedabad,Lentils (masur),KG,actual,57.78
2014-06-15,Ahmedabad,Lentils (masur),KG,actual,65.0
2014-07-15,Ahmedabad,Lentils (masur),KG,actual,65.0
2014-08-15,Ahmedabad,Lentils (masur),KG,actual,65.0
2014-09-15,Ahmedabad,Lentils (masur),KG,actual,65.0
2014-10-15,Ahmedabad,Lentils (masur),KG,actual,65.0
2014-11-15,Ahmedabad,Lentils (masur),KG,actual,68.41
2014-12-15,Ahmedabad,Lentils (masur),KG,actual,70.0
2015-01-15,Ahmedabad,Lentils (masur),KG,actual,70.84
2015-02-15,Ahmedabad,Lentils (masur),KG,actual,75.0
2015-03-15,Ahmedabad,Lentils (masur),KG,actual,75.0
2015-04-15,Ahmedabad,Lentils (masur),KG,actual,77.39
2015-05-15,Ahmedabad,Lentils (masur),KG,actual,80.32
2015-06-15,Ahmedabad,Lentils (masur),KG,actual,80.0
2015-07-15,Ahmedabad,Lentils (masur),KG,actual,81.36
2015-08-15,Ahmedabad,Lentils (masur),KG,actual,82.0
2015-09-15,Ahmedabad,Lentils (masur),KG,actual,82.15
2015-10-15,Ahmedabad,Lentils (masur),KG,actual,84.52
2015-11-15,Ahmedabad,Lentils (masur),KG,actual,81.72
2015-12-15,Ahmedabad,Lentils (masur),KG,actual,77.86
2016-01-15,Ahmedabad,Lentils (masur),KG,actual,72.72
2016-02-15,Ahmedabad,Lentils (masur),KG,actual,68.83
2016-03-15,Ahmedabad,Lentils (masur),KG,actual,68.0
2016-04-15,Ahmedabad,Lentils (masur),KG,actual,67.27
2016-05-15,Ahmedabad,Lentils (masur),KG,actual,70.32
2016-06-15,Ahmedabad,Lentils (masur),KG,actual,70.4
2016-07-15,Ahmedabad,Lentils (masur),KG,actual,73.3
2016-08-15,Ahmedabad,Lentils (masur),KG,actual,71.79
2016-09-15,Ahmedabad,Lentils (masur),KG,actual,69.47
2016-10-15,Ahmedabad,Lentils (masur),KG,actual,68.21
2016-11-15,Ahmedabad,Lentils (masur),KG,actual,67.33
2016-12-15,Ahmedabad,Lentils (masur),KG,actual,64.97
2017-01-15,Ahmedabad,Lentils (masur),KG,actual,62.6
2017-02-15,Ahmedabad,Lentils (masur),KG,actual,59.93
2017-03-15,Ahmedabad,Lentils (masur),KG,actual,58.97
2017-04-15,Ahmedabad,Lentils (masur),KG,actual,60.0
2017-05-15,Ahmedabad,Lentils (masur),KG,actual,59.9
2017-06-15,Ahmedabad,Lentils (masur),KG,actual,55.83
2017-07-15,Ahmedabad,Lentils (masur),KG,actual,56.35
2017-08-15,Ahmedabad,Lentils (masur),KG,actual,56.0
2017-09-15,Ahmedabad,Lentils (masur),KG,actual,55.14
2017-10-15,Ahmedabad,Lentils (masur),KG,actual,52.5
2017-12-15,Ahmedabad,Lentils (masur),KG,actual,52.0
2018-01-15,Ahmedabad,Lentils (masur),KG,actual,51.4
2018-02-15,Ahmedabad,Lentils (masur),KG,actual,52.0
2018-03-15,Ahmedabad,Lentils (masur),KG,actual,52.0
2018-04-15,Ahmedabad,Lentils (masur),KG,actual,52.0
2018-05-15,Ahmedabad,Lentils (masur),KG,actual,52.0
2018-06-15,Ahmedabad,Lentils (masur),KG,actual,52.0
2018-07-15,Ahmedabad,Lentils (masur),KG,actual,52.0
2018-08-15,Ahmedabad,Lentils (masur),KG,actual,53.87
2018-09-15,Ahmedabad,Lentils (masur),KG,actual,54.0
2018-10-15,Ahmedabad,Lentils (masur),KG,actual,54.0
2018-11-15,Ahmedabad,Lentils (masur),KG,actual,54.0
2019-01-15,Ahmedabad,Lentils (masur),KG,actual,54.0
2019-06-15,Ahmedabad,Lentils (masur),KG,actual,54.0
2019-07-15,Ahmedabad,Lentils (masur),KG,actual,54.0
2019-08-15,Ahmedabad,Lentils (masur),KG,actual,53.31
2019-09-15,Ahmedabad,Lentils (masur),KG,actual,55.86
2019-10-15,Ahmedabad,Lentils (masur),KG,actual,63.58
2019-11-15,Ahmedabad,Lentils (masur),KG,actual,61.0
2019-12-15,Ahmedabad,Lentils (masur),KG,actual,65.07
2020-01-15,Ahmedabad,Lentils (masur),KG,actual,68.76
2020-02-15,Ahmedabad,Lentils (masur),KG,actual,63.0
2020-03-15,Ahmedabad,Lentils (masur),KG,actual,60.29
2020-04-15,Ahmedabad,Lentils (masur),KG,actual,64.0
2020-05-15,Ahmedabad,Lentils (masur),KG,actual,65.0
2020-06-15,Ahmedabad,Lentils (masur),KG,actual,67.0
2020-07-15,Ahmedabad,Lentils (masur),KG,actual,74.94
2020-08-15,Ahmedabad,Lentils (masur),KG,actual,78.0
2020-09-15,Ahmedabad,Lentils (masur),KG,actual,74.8
2020-10-15,Ahmedabad,Lentils (masur),KG,actual,74.0
2020-11-15,Ahmedabad,Lentils (masur),KG,actual,72.67
2020-12-15,Ahmedabad,Lentils (masur),KG,actual,72.0
2021-01-15,Ahmedabad,Lentils (masur),KG,actual,75.67
2021-02-15,Ahmedabad,Lentils (masur),KG,actual,72.0
2021-03-15,Ahmedabad,Lentils (masur),KG,actual,72.08
2021-04-15,Ahmedabad,Lentils (masur),KG,actual,72.0
2021-05-15,Ahmedabad,Lentils (masur),KG,actual,74.77
2021-06-15,Ahmedabad,Lentils (masur),KG,actual,80.0
2021-07-15,Ahmedabad,Lentils (masur),KG,actual,80.0
2021-08-15,Ahmedabad,Lentils (masur),KG,actual,80.57
2021-09-15,Ahmedabad,Lentils (masur),KG,actual,80.2
2021-10-15,Ahmedabad,Lentils (masur),KG,actual,81.94
2021-11-15,Ahmedabad,Lentils (masur),KG,actual,89.0
2021-12-15,Ahmedabad,Lentils (masur),KG,actual,85.32
2022-01-15,Ahmedabad,Lentils (masur),KG,actual,85.0
2022-02-15,Ahmedabad,Lentils (masur),KG,actual,85.17
2022-03-15,Ahmedabad,Lentils (masur),KG,actual,85.0
2022-04-15,Ahmedabad,Lentils (masur),KG,actual,87.58
2022-05-15,Ahmedabad,Lentils (masur),KG,actual,91.8
2022-06-15,Ahmedabad,Lentils (masur),KG,actual,92.27
2022-07-15,Ahmedabad,Lentils (masur),KG,actual,93.5
2022-08-15,Ahmedabad,Lentils (masur),KG,actual,92.71
2022-09-15,Ahmedabad,Lentils (masur),KG,actual,85.91
2022-10-15,Ahmedabad,Lentils (masur),KG,actual,79.1
2022-11-15,Ahmedabad,Lentils (masur),KG,actual,79.83
2022-12-15,Ahmedabad,Lentils (masur),KG,actual,80.16
2023-01-15,Ahmedabad,Lentils (masur),KG,actual,80.09
2023-02-15,Ahmedabad,Lentils (masur),KG,actual,80.07
2023-03-15,Ahmedabad,Lentils (masur),KG,actual,79.14
2023-04-15,Ahmedabad,Lentils (masur),KG,actual,79.15
2023-05-15,Ahmedabad,Lentils (masur),KG,actual,81.04
2023-06-15,Ahmedabad,Lentils (masur),KG,actual,89.33
2023-07-15,Ahmedabad,Lentils (masur),KG,actual,90.0
2015-04-15,Ahmedabad,Lentils (moong),KG,actual,103.33
2015-05-15,Ahmedabad,Lentils (moong),KG,actual,109.63
2015-06-15,Ahmedabad,Lentils (moong),KG,actual,103.36
2015-07-15,Ahmedabad,Lentils (moong),KG,actual,96.59
2015-08-15,Ahmedabad,Lentils (moong),KG,actual,92.3
2015-09-15,Ahmedabad,Lentils (moong),KG,actual,90.15
2015-10-15,Ahmedabad,Lentils (moong),KG,actual,100.86
2015-11-15,Ahmedabad,Lentils (moong),KG,actual,107.2
2015-12-15,Ahmedabad,Lentils (moong),KG,actual,104.1
2016-01-15,Ahmedabad,Lentils (moong),KG,actual,98.48
2016-02-15,Ahmedabad,Lentils (moong),KG,actual,94.83
2016-03-15,Ahmedabad,Lentils (moong),KG,actual,94.0
2016-04-15,Ahmedabad,Lentils (moong),KG,actual,92.0
2016-05-15,Ahmedabad,Lentils (moong),KG,actual,91.55
2016-06-15,Ahmedabad,Lentils (moong),KG,actual,81.73
2016-07-15,Ahmedabad,Lentils (moong),KG,actual,79.8
2016-08-15,Ahmedabad,Lentils (moong),KG,actual,73.03
2016-09-15,Ahmedabad,Lentils (moong),KG,actual,66.77
2016-10-15,Ahmedabad,Lentils (moong),KG,actual,68.76
2016-11-15,Ahmedabad,Lentils (moong),KG,actual,64.0
2016-12-15,Ahmedabad,Lentils (moong),KG,actual,61.61
2017-01-15,Ahmedabad,Lentils (moong),KG,actual,61.73
2017-02-15,Ahmedabad,Lentils (moong),KG,actual,60.52
2017-03-15,Ahmedabad,Lentils (moong),KG,actual,62.52
2017-04-15,Ahmedabad,Lentils (moong),KG,actual,69.53
2017-05-15,Ahmedabad,Lentils (moong),KG,actual,67.39
2017-06-15,Ahmedabad,Lentils (moong),KG,actual,63.69
2017-07-15,Ahmedabad,Lentils (moong),KG,actual,63.39
2017-08-15,Ahmedabad,Lentils (moong),KG,actual,63.57
2017-09-15,Ahmedabad,Lentils (moong),KG,actual,65.0
2017-10-15,Ahmedabad,Lentils (moong),KG,actual,65.0
2017-12-15,Ahmedabad,Lentils (moong),KG,actual,65.0
2018-01-15,Ahmedabad,Lentils (moong),KG,actual,65.0
2018-02-15,Ahmedabad,Lentils (moong),KG,actual,64.5
2018-03-15,Ahmedabad,Lentils (moong),KG,actual,63.0
2018-04-15,Ahmedabad,Lentils (moong),KG,actual,63.0
2018-05-15,Ahmedabad,Lentils (moong),KG,actual,63.0
2018-06-15,Ahmedabad,Lentils (moong),KG,actual,63.0
2018-07-15,Ahmedabad,Lentils (moong),KG,actual,63.0
2018-08-15,Ahmedabad,Lentils (moong),KG,actual,63.0
2018-09-15,Ahmedabad,Lentils (moong),KG,actual,63.0
2018-10-15,Ahmedabad,Lentils (moong),KG,actual,63.0
2018-11-15,Ahmedabad,Lentils (moong),KG,actual,63.0
2019-01-15,Ahmedabad,Lentils (moong),KG,actual,65.0
2019-06-15,Ahmedabad,Lentils (moong),KG,actual,66.0
2019-07-15,Ahmedabad,Lentils (moong),KG,actual,66.39
2019-08-15,Ahmedabad,Lentils (moong),KG,actual,67.31
2019-09-15,Ahmedabad,Lentils (moong),KG,actual,68.66
2019-10-15,Ahmedabad,Lentils (moong),KG,actual,74.71
2019-11-15,Ahmedabad,Lentils (moong),KG,actual,77.17
2019-12-15,Ahmedabad,Lentils (moong),KG,actual,81.9
2020-01-15,Ahmedabad,Lentils (moong),KG,actual,85.0
2020-02-15,Ahmedabad,Lentils (moong),KG,actual,85.0
2020-03-15,Ahmedabad,Lentils (moong),KG,actual,85.0
2020-04-15,Ahmedabad,Lentils (moong),KG,actual,85.0
2020-05-15,Ahmedabad,Lentils (moong),KG,actual,85.0
2020-06-15,Ahmedabad,Lentils (moong),KG,actual,87.0
2020-07-15,Ahmedabad,Lentils (moong),KG,actual,91.94
2020-08-15,Ahmedabad,Lentils (moong),KG,actual,92.74
2020-09-15,Ahmedabad,Lentils (moong),KG,actual,93.8
2020-10-15,Ahmedabad,Lentils (moong),KG,actual,94.0
2020-11-15,Ahmedabad,Lentils (moong),KG,actual,94.67
2020-12-15,Ahmedabad,Lentils (moong),KG,actual,95.0
2021-01-15,Ahmedabad,Lentils (moong),KG,actual,94.87
2021-02-15,Ahmedabad,Lentils (moong),KG,actual,95.0
2021-03-15,Ahmedabad,Lentils (moong),KG,actual,95.04
2021-04-15,Ahmedabad,Lentils (moong),KG,actual,95.0
2021-05-15,Ahmedabad,Lentils (moong),KG,actual,95.69
2021-06-15,Ahmedabad,Lentils (moong),KG,actual,97.0
2021-07-15,Ahmedabad,Lentils (moong),KG,actual,97.0
2021-08-15,Ahmedabad,Lentils (moong),KG,actual,93.0
2021-09-15,Ahmedabad,Lentils (moong),KG,actual,91.6
2021-10-15,Ahmedabad,Lentils (moong),KG,actual,92.75
2021-11-15,Ahmedabad,Lentils (moong),KG,actual,93.0
2021-12-15,Ahmedabad,Lentils (moong),KG,actual,85.21
2022-01-15,Ahmedabad,Lentils (moong),KG,actual,85.0
2022-02-15,Ahmedabad,Lentils (moong),KG,actual,85.11
2022-03-15,Ahmedabad,Lentils (moong),KG,actual,85.0
2022-04-15,Ahmedabad,Lentils (moong),KG,actual,85.92
2022-05-15,Ahmedabad,Lentils (moong),KG,actual,87.8
2022-06-15,Ahmedabad,Lentils (moong),KG,actual,87.91
2022-07-15,Ahmedabad,Lentils (moong),KG,actual,87.5
2022-08-15,Ahmedabad,Lentils (moong),KG,actual,88.71
2022-09-15,Ahmedabad,Lentils (moong),KG,actual,95.48
2022-10-15,Ahmedabad,Lentils (moong),KG,actual,91.1
2022-11-15,Ahmedabad,Lentils (moong),KG,actual,91.83
2022-12-15,Ahmedabad,Lentils (moong),KG,actual,92.16
2023-01-15,Ahmedabad,Lentils (moong),KG,actual,92.09
2023-02-15,Ahmedabad,Lentils (moong),KG,actual,92.07
2023-03-15,Ahmedabad,Lentils (moong),KG,actual,93.71
2023-04-15,Ahmedabad,Lentils (moong),KG,actual,94.23
2023-05-15,Ahmedabad,Lentils (moong),KG,actual,88.79
2023-06-15,Ahmedabad,Lentils (moong),KG,actual,95.33
2023-07-15,Ahmedabad,Lentils (moong),KG,actual,96.0
2015-04-15,Ahmedabad,Lentils (urad),KG,actual,81.11
2015-05-15,Ahmedabad,Lentils (urad),KG,actual,88.58
2015-06-15,Ahmedabad,Lentils (urad),KG,actual,97.95
2015-07-15,Ahmedabad,Lentils (urad),KG,actual,99.45
2015-08-15,Ahmedabad,Lentils (urad),KG,actual,103.7
2015-09-15,Ahmedabad,Lentils (urad),KG,actual,104.25
2015-10-15,Ahmedabad,Lentils (urad),KG,actual,124.6
2015-11-15,Ahmedabad,Lentils (urad),KG,actual,136.16
2015-12-15,Ahmedabad,Lentils (urad),KG,actual,136.0
2016-01-15,Ahmedabad,Lentils (urad),KG,actual,135.72
2016-02-15,Ahmedabad,Lentils (urad),KG,actual,130.34
2016-03-15,Ahmedabad,Lentils (urad),KG,actual,130.0
2016-04-15,Ahmedabad,Lentils (urad),KG,actual,135.67
2016-05-15,Ahmedabad,Lentils (urad),KG,actual,148.1
2016-06-15,Ahmedabad,Lentils (urad),KG,actual,150.0
2016-07-15,Ahmedabad,Lentils (urad),KG,actual,145.6
2016-08-15,Ahmedabad,Lentils (urad),KG,actual,131.66
2016-09-15,Ahmedabad,Lentils (urad),KG,actual,109.2
2016-10-15,Ahmedabad,Lentils (urad),KG,actual,100.62
2016-11-15,Ahmedabad,Lentils (urad),KG,actual,92.5
2016-12-15,Ahmedabad,Lentils (urad),KG,actual,87.74
2017-01-15,Ahmedabad,Lentils (urad),KG,actual,84.4
2017-02-15,Ahmedabad,Lentils (urad),KG,actual,81.93
2017-03-15,Ahmedabad,Lentils (urad),KG,actual,80.06
2017-04-15,Ahmedabad,Lentils (urad),KG,actual,80.93
2017-05-15,Ahmedabad,Lentils (urad),KG,actual,79.16
2017-06-15,Ahmedabad,Lentils (urad),KG,actual,75.72
2017-07-15,Ahmedabad,Lentils (urad),KG,actual,74.45
2017-08-15,Ahmedabad,Lentils (urad),KG,actual,70.86
2017-09-15,Ahmedabad,Lentils (urad),KG,actual,68.46
2017-10-15,Ahmedabad,Lentils (urad),KG,actual,64.54
2017-12-15,Ahmedabad,Lentils (urad),KG,actual,62.0
2018-01-15,Ahmedabad,Lentils (urad),KG,actual,61.2
2018-02-15,Ahmedabad,Lentils (urad),KG,actual,59.5
2018-03-15,Ahmedabad,Lentils (urad),KG,actual,58.0
2018-04-15,Ahmedabad,Lentils (urad),KG,actual,58.0
2018-05-15,Ahmedabad,Lentils (urad),KG,actual,58.0
2018-06-15,Ahmedabad,Lentils (urad),KG,actual,58.0
2018-07-15,Ahmedabad,Lentils (urad),KG,actual,58.0
2018-08-15,Ahmedabad,Lentils (urad),KG,actual,58.0
2018-09-15,Ahmedabad,Lentils (urad),KG,actual,58.0
2018-10-15,Ahmedabad,Lentils (urad),KG,actual,58.0
2018-11-15,Ahmedabad,Lentils (urad),KG,actual,58.0
2019-01-15,Ahmedabad,Lentils (urad),KG,actual,58.0
2019-06-15,Ahmedabad,Lentils (urad),KG,actual,58.0
2019-07-15,Ahmedabad,Lentils (urad),KG,actual,58.0
2019-08-15,Ahmedabad,Lentils (urad),KG,actual,58.0
2019-09-15,Ahmedabad,Lentils (urad),KG,actual,58.52
2019-10-15,Ahmedabad,Lentils (urad),KG,actual,61.5
2019-11-15,Ahmedabad,Lentils (urad),KG,actual,64.66
2019-12-15,Ahmedabad,Lentils (urad),KG,actual,80.67
2020-01-15,Ahmedabad,Lentils (urad),KG,actual,89.86
2020-02-15,Ahmedabad,Lentils (urad),KG,actual,90.0
2020-03-15,Ahmedabad,Lentils (urad),KG,actual,90.0
2020-04-15,Ahmedabad,Lentils (urad),KG,actual,90.0
2020-05-15,Ahmedabad,Lentils (urad),KG,actual,90.0
2020-06-15,Ahmedabad,Lentils (urad),KG,actual,92.0
2020-07-15,Ahmedabad,Lentils (urad),KG,actual,96.9
2020-08-15,Ahmedabad,Lentils (urad),KG,actual,96.0
2020-09-15,Ahmedabad,Lentils (urad),KG,actual,94.27
2020-10-15,Ahmedabad,Lentils (urad),KG,actual,90.0
2020-11-15,Ahmedabad,Lentils (urad),KG,actual,91.33
2020-12-15,Ahmedabad,Lentils (urad),KG,actual,92.0
2021-01-15,Ahmedabad,Lentils (urad),KG,actual,99.87
2021-02-15,Ahmedabad,Lentils (urad),KG,actual,92.0
2021-03-15,Ahmedabad,Lentils (urad),KG,actual,92.04
2021-04-15,Ahmedabad,Lentils (urad),KG,actual,92.0
2021-05-15,Ahmedabad,Lentils (urad),KG,actual,92.0
2021-06-15,Ahmedabad,Lentils (urad),KG,actual,92.0
2021-07-15,Ahmedabad,Lentils (urad),KG,actual,92.0
2021-08-15,Ahmedabad,Lentils (urad),KG,actual,92.57
2021-09-15,Ahmedabad,Lentils (urad),KG,actual,93.0
2021-10-15,Ahmedabad,Lentils (urad),KG,actual,93.63
2021-11-15,Ahmedabad,Lentils (urad),KG,actual,95.0
2021-12-15,Ahmedabad,Lentils (urad),KG,actual,95.21
2022-01-15,Ahmedabad,Lentils (urad),KG,actual,95.0
2022-02-15,Ahmedabad,Lentils (urad),KG,actual,95.11
2022-03-15,Ahmedabad,Lentils (urad),KG,actual,95.0
2022-04-15,Ahmedabad,Lentils (urad),KG,actual,94.25
2022-05-15,Ahmedabad,Lentils (urad),KG,actual,93.8
2022-06-15,Ahmedabad,Lentils (urad),KG,actual,93.82
2022-07-15,Ahmedabad,Lentils (urad),KG,actual,93.0
2022-08-15,Ahmedabad,Lentils (urad),KG,actual,93.57
2022-09-15,Ahmedabad,Lentils (urad),KG,actual,97.13
2022-10-15,Ahmedabad,Lentils (urad),KG,actual,95.15
2022-11-15,Ahmedabad,Lentils (urad),KG,actual,95.87
2022-12-15,Ahmedabad,Lentils (urad),KG,actual,96.32
2023-01-15,Ahmedabad,Lentils (urad),KG,actual,96.17
2023-02-15,Ahmedabad,Lentils (urad),KG,actual,96.14
2023-03-15,Ahmedabad,Lentils (urad),KG,actual,99.43
2023-04-15,Ahmedabad,Lentils (urad),KG,actual,100.23
2023-05-15,Ahmedabad,Lentils (urad),KG,actual,93.5
2023-06-15,Ahmedabad,Lentils (urad),KG,actual,103.17
2023-07-15,Ahmedabad,Lentils (urad),KG,actual,107.31
2009-01-15,Ahmedabad,Milk,L,actual,24.2
2009-02-15,Ahmedabad,Milk,L,actual,25.0
2009-03-15,Ahmedabad,Milk,L,actual,25.0
2009-04-15,Ahmedabad,Milk,L,actual,25.0
2009-05-15,Ahmedabad,Milk,L,actual,25.0
2009-06-15,Ahmedabad,Milk,L,actual,25.0
2009-07-15,Ahmedabad,Milk,L,actual,25.26
2009-08-15,Ahmedabad,Milk,L,actual,25.0
2009-09-15,Ahmedabad,Milk,L,actual,25.0
2009-10-15,Ahmedabad,Milk,L,actual,25.14
2009-11-15,Ahmedabad,Milk,L,actual,26.0
2009-12-15,Ahmedabad,Milk,L,actual,26.0
2010-01-15,Ahmedabad,Milk,L,actual,25.3
2010-02-15,Ahmedabad,Milk,L,actual,25.3
2010-03-15,Ahmedabad,Milk,L,actual,26.0
2010-04-15,Ahmedabad,Milk,L,actual,26.0
2010-05-15,Ahmedabad,Milk,L,actual,26.0
2010-06-15,Ahmedabad,Milk,L,actual,26.0
2010-07-15,Ahmedabad,Milk,L,actual,28.64
2010-08-15,Ahmedabad,Milk,L,actual,30.0
2010-09-15,Ahmedabad,Milk,L,actual,30.0
2010-10-15,Ahmedabad,Milk,L,actual,30.0
2010-11-15,Ahmedabad,Milk,L,actual,30.0
2010-12-15,Ahmedabad,Milk,L,actual,30.27
2011-01-15,Ahmedabad,Milk,L,actual,32.0
2011-02-15,Ahmedabad,Milk,L,actual,32.0
2011-03-15,Ahmedabad,Milk,L,actual,32.0
2011-04-15,Ahmedabad,Milk,L,actual,32.0
2011-05-15,Ahmedabad,Milk,L,actual,32.0
2011-06-15,Ahmedabad,Milk,L,actual,32.0
2011-07-15,Ahmedabad,Milk,L,actual,30.67
2011-08-15,Ahmedabad,Milk,L,actual,35.8
2011-09-15,Ahmedabad,Milk,L,actual,36.0
2011-10-15,Ahmedabad,Milk,L,actual,36.0
2011-11-15,Ahmedabad,Milk,L,actual,36.0
2011-12-15,Ahmedabad,Milk,L,actual,36.0
2012-01-15,Ahmedabad,Milk,L,actual,36.0
2012-02-15,Ahmedabad,Milk,L,actual,36.0
2012-03-15,Ahmedabad,Milk,L,actual,36.0
2012-04-15,Ahmedabad,Milk,L,actual,36.0
2012-05-15,Ahmedabad,Milk,L,actual,36.0
2012-06-15,Ahmedabad,Milk,L,actual,36.0
2012-07-15,Ahmedabad,Milk,L,actual,36.0
2012-08-15,Ahmedabad,Milk,L,actual,36.0
2012-09-15,Ahmedabad,Milk,L,actual,36.0
2012-10-15,Ahmedabad,Milk,L,actual,37.89
2012-11-15,Ahmedabad,Milk,L,actual,38.0
2012-12-15,Ahmedabad,Milk,L,actual,38.0
2013-01-15,Ahmedabad,Milk,L,actual,38.0
2013-02-15,Ahmedabad,Milk,L,actual,38.0
2013-03-15,Ahmedabad,Milk,L,actual,38.0
2013-04-15,Ahmedabad,Milk,L,actual,38.0
2013-05-15,Ahmedabad,Milk,L,actual,38.0
2013-06-15,Ahmedabad,Milk,L,actual,38.0
2013-07-15,Ahmedabad,Milk,L,actual,38.18
2013-08-15,Ahmedabad,Milk,L,actual,40.0
2013-09-15,Ahmedabad,Milk,L,actual,40.0
2013-10-15,Ahmedabad,Milk,L,actual,40.0
2013-11-15,Ahmedabad,Milk,L,actual,40.0
2013-12-15,Ahmedabad,Milk,L,actual,40.0
2014-01-15,Ahmedabad,Milk,L,actual,40.0
2014-02-15,Ahmedabad,Milk,L,actual,40.0
2014-03-15,Ahmedabad,Milk,L,actual,40.0
2014-04-15,Ahmedabad,Milk,L,actual,40.0
2014-05-15,Ahmedabad,Milk,L,actual,41.9
2014-06-15,Ahmedabad,Milk,L,actual,42.0
2014-07-15,Ahmedabad,Milk,L,actual,42.0
2014-08-15,Ahmedabad,Milk,L,actual,42.0
2014-09-15,Ahmedabad,Milk,L,actual,42.0
2014-10-15,Ahmedabad,Milk,L,actual,42.0
2014-11-15,Ahmedabad,Milk,L,actual,42.0
2014-12-15,Ahmedabad,Milk,L,actual,42.0
2015-01-15,Ahmedabad,Milk,L,actual,42.0
2015-02-15,Ahmedabad,Milk,L,actual,42.0
2015-03-15,Ahmedabad,Milk,L,actual,42.0
2015-04-15,Ahmedabad,Milk,L,actual,42.0
2015-05-15,Ahmedabad,Milk,L,actual,42.0
2015-06-15,Ahmedabad,Milk,L,actual,42.0
2015-07-15,Ahmedabad,Milk,L,actual,42.0
2015-08-15,Ahmedabad,Milk,L,actual,42.0
2015-09-15,Ahmedabad,Milk,L,actual,42.0
2015-10-15,Ahmedabad,Milk,L,actual,42.0
2015-11-15,Ahmedabad,Milk,L,actual,42.0
2015-12-15,Ahmedabad,Milk,L,actual,42.0
2016-01-15,Ahmedabad,Milk,L,actual,42.0
2016-02-15,Ahmedabad,Milk,L,actual,42.0
2016-03-15,Ahmedabad,Milk,L,actual,42.0
2016-04-15,Ahmedabad,Milk,L,actual,42.0
2016-05-15,Ahmedabad,Milk,L,actual,42.0
2016-06-15,Ahmedabad,Milk,L,actual,45.67
2016-07-15,Ahmedabad,Milk,L,actual,46.0
2016-08-15,Ahmedabad,Milk,L,actual,46.0
2016-09-15,Ahmedabad,Milk,L,actual,46.0
2016-10-15,Ahmedabad,Milk,L,actual,46.0
2016-11-15,Ahmedabad,Milk,L,actual,46.0
2016-12-15,Ahmedabad,Milk,L,actual,46.0
2017-01-15,Ahmedabad,Milk,L,actual,46.0
2017-02-15,Ahmedabad,Milk,L,actual,46.0
2017-03-15,Ahmedabad,Milk,L,actual,47.68
2017-04-15,Ahmedabad,Milk,L,actual,48.0
2017-05-15,Ahmedabad,Milk,L,actual,48.0
2017-06-15,Ahmedabad,Milk,L,actual,48.0
2017-07-15,Ahmedabad,Milk,L,actual,48.0
2017-08-15,Ahmedabad,Milk,L,actual,48.0
2017-09-15,Ahmedabad,Milk,L,actual,48.0
2017-10-15,Ahmedabad,Milk,L,actual,48.0
2017-11-15,Ahmedabad,Milk,L,actual,48.0
2017-12-15,Ahmedabad,Milk,L,actual,48.0
2018-01-15,Ahmedabad,Milk,L,actual,48.0
2018-02-15,Ahmedabad,Milk,L,actual,48.0
2018-03-15,Ahmedabad,Milk,L,actual,48.0
2018-04-15,Ahmedabad,Milk,L,actual,48.0
2018-05-15,Ahmedabad,Milk,L,actual,48.0
2018-06-15,Ahmedabad,Milk,L,actual,48.0
2018-07-15,Ahmedabad,Milk,L,actual,48.0
2018-08-15,Ahmedabad,Milk,L,actual,48.0
2018-09-15,Ahmedabad,Milk,L,actual,48.0
2018-10-15,Ahmedabad,Milk,L,actual,48.0
2018-11-15,Ahmedabad,Milk,L,actual,48.0
2018-12-15,Ahmedabad,Milk,L,actual,48.0
2019-01-15,Ahmedabad,Milk,L,actual,48.0
2019-02-15,Ahmedabad,Milk,L,actual,48.0
2019-03-15,Ahmedabad,Milk,L,actual,48.0
2019-04-15,Ahmedabad,Milk,L,actual,48.0
2019-05-15,Ahmedabad,Milk,L,actual,48.33
2019-06-15,Ahmedabad,Milk,L,actual,50.0
2019-07-15,Ahmedabad,Milk,L,actual,50.0
2019-08-15,Ahmedabad,Milk,L,actual,50.0
2019-09-15,Ahmedabad,Milk,L,actual,50.0
2019-10-15,Ahmedabad,Milk,L,actual,51.83
2019-11-15,Ahmedabad,Milk,L,actual,52.0
2019-12-15,Ahmedabad,Milk,L,actual,52.0
2020-01-15,Ahmedabad,Milk,L,actual,52.0
2020-02-15,Ahmedabad,Milk,L,actual,52.0
2020-03-15,Ahmedabad,Milk,L,actual,52.0
2020-04-15,Ahmedabad,Milk,L,actual,52.0
2020-05-15,Ahmedabad,Milk,L,actual,52.0
2020-06-15,Ahmedabad,Milk,L,actual,52.0
2020-07-15,Ahmedabad,Milk,L,actual,52.0
2020-08-15,Ahmedabad,Milk,L,actual,52.0
2020-09-15,Ahmedabad,Milk,L,actual,52.0
2020-10-15,Ahmedabad,Milk,L,actual,52.0
2012-04-15,Ahmedabad,Milk (pasteurized),L,actual,36.0
2012-05-15,Ahmedabad,Milk (pasteurized),L,actual,36.0
2012-06-15,Ahmedabad,Milk (pasteurized),L,actual,36.0
2012-07-15,Ahmedabad,Milk (pasteurized),L,actual,36.0
2012-08-15,Ahmedabad,Milk (pasteurized),L,actual,36.0
2012-09-15,Ahmedabad,Milk (pasteurized),L,actual,36.0
2012-10-15,Ahmedabad,Milk (pasteurized),L,actual,37.89
2012-11-15,Ahmedabad,Milk (pasteurized),L,actual,38.0
2012-12-15,Ahmedabad,Milk (pasteurized),L,actual,35.08
2013-01-15,Ahmedabad,Milk (pasteurized),L,actual,38.0
2013-02-15,Ahmedabad,Milk (pasteurized),L,actual,38.0
2013-03-15,Ahmedabad,Milk (pasteurized),L,actual,38.0
2013-04-15,Ahmedabad,Milk (pasteurized),L,actual,38.0
2013-05-15,Ahmedabad,Milk (pasteurized),L,actual,38.0
2013-06-15,Ahmedabad,Milk (pasteurized),L,actual,38.0
2013-07-15,Ahmedabad,Milk (pasteurized),L,actual,38.18
2013-08-15,Ahmedabad,Milk (pasteurized),L,actual,40.0
2013-09-15,Ahmedabad,Milk (pasteurized),L,actual,40.0
2013-10-15,Ahmedabad,Milk (pasteurized),L,actual,40.0
2013-11-15,Ahmedabad,Milk (pasteurized),L,actual,40.0
2013-12-15,Ahmedabad,Milk (pasteurized),L,actual,40.0
2014-01-15,Ahmedabad,Milk (pasteurized),L,actual,40.0
2014-02-15,Ahmedabad,Milk (pasteurized),L,actual,40.0
2014-03-15,Ahmedabad,Milk (pasteurized),L,actual,40.0
2014-04-15,Ahmedabad,Milk (pasteurized),L,actual,40.0
2014-05-15,Ahmedabad,Milk (pasteurized),L,actual,41.89
2014-06-15,Ahmedabad,Milk (pasteurized),L,actual,42.0
2014-07-15,Ahmedabad,Milk (pasteurized),L,actual,42.0
2014-08-15,Ahmedabad,Milk (pasteurized),L,actual,42.0
2014-09-15,Ahmedabad,Milk (pasteurized),L,actual,42.0
2014-10-15,Ahmedabad,Milk (pasteurized),L,actual,42.0
2014-11-15,Ahmedabad,Milk (pasteurized),L,actual,42.0
2014-12-15,Ahmedabad,Milk (pasteurized),L,actual,42.0
2015-01-15,Ahmedabad,Milk (pasteurized),L,actual,42.0
2015-02-15,Ahmedabad,Milk (pasteurized),L,actual,42.0
2015-03-15,Ahmedabad,Milk (pasteurized),L,actual,42.0
2015-04-15,Ahmedabad,Milk (pasteurized),L,actual,42.0
2015-05-15,Ahmedabad,Milk (pasteurized),L,actual,42.0
2015-06-15,Ahmedabad,Milk (pasteurized),L,actual,42.0
2015-07-15,Ahmedabad,Milk (pasteurized),L,actual,42.0
2015-08-15,Ahmedabad,Milk (pasteurized),L,actual,42.0
2015-09-15,Ahmedabad,Milk (pasteurized),L,actual,42.0
2015-10-15,Ahmedabad,Milk (pasteurized),L,actual,42.0
2015-11-15,Ahmedabad,Milk (pasteurized),L,actual,42.0
2015-12-15,Ahmedabad,Milk (pasteurized),L,actual,42.0
2016-01-15,Ahmedabad,Milk (pasteurized),L,actual,42.0
2016-02-15,Ahmedabad,Milk (pasteurized),L,actual,42.0
2016-03-15,Ahmedabad,Milk (pasteurized),L,actual,42.0
2016-04-15,Ahmedabad,Milk (pasteurized),L,actual,42.0
2016-05-15,Ahmedabad,Milk (pasteurized),L,actual,42.0
2016-06-15,Ahmedabad,Milk (pasteurized),L,actual,45.67
2016-07-15,Ahmedabad,Milk (pasteurized),L,actual,46.0
2016-08-15,Ahmedabad,Milk (pasteurized),L,actual,46.0
2016-09-15,Ahmedabad,Milk (pasteurized),L,actual,46.0
2016-10-15,Ahmedabad,Milk (pasteurized),L,actual,46.0
2016-11-15,Ahmedabad,Milk (pasteurized),L,actual,46.0
2016-12-15,Ahmedabad,Milk (pasteurized),L,actual,46.0
2017-01-15,Ahmedabad,Milk (pasteurized),L,actual,46.0
2017-02-15,Ahmedabad,Milk (pasteurized),L,actual,46.0
2017-03-15,Ahmedabad,Milk (pasteurized),L,actual,47.68
2017-04-15,Ahmedabad,Milk (pasteurized),L,actual,48.0
2017-05-15,Ahmedabad,Milk (pasteurized),L,actual,48.0
2017-06-15,Ahmedabad,Milk (pasteurized),L,actual,48.0
2017-07-15,Ahmedabad,Milk (pasteurized),L,actual,48.0
2017-08-15,Ahmedabad,Milk (pasteurized),L,actual,48.0
2017-09-15,Ahmedabad,Milk (pasteurized),L,actual,48.0
2017-10-15,Ahmedabad,Milk (pasteurized),L,actual,48.0
2017-12-15,Ahmedabad,Milk (pasteurized),L,actual,48.0
2018-01-15,Ahmedabad,Milk (pasteurized),L,actual,48.0
2018-02-15,Ahmedabad,Milk (pasteurized),L,actual,48.0
2018-03-15,Ahmedabad,Milk (pasteurized),L,actual,48.0
2018-04-15,Ahmedabad,Milk (pasteurized),L,actual,48.0
2018-05-15,Ahmedabad,Milk (pasteurized),L,actual,48.0
2018-06-15,Ahmedabad,Milk (pasteurized),L,actual,48.0
2018-07-15,Ahmedabad,Milk (pasteurized),L,actual,48.0
2018-08-15,Ahmedabad,Milk (pasteurized),L,actual,48.0
2018-09-15,Ahmedabad,Milk (pasteurized),L,actual,48.0
2018-10-15,Ahmedabad,Milk (pasteurized),L,actual,48.0
2018-11-15,Ahmedabad,Milk (pasteurized),L,actual,48.0
2019-01-15,Ahmedabad,Milk (pasteurized),L,actual,48.0
2019-07-15,Ahmedabad,Milk (pasteurized),L,actual,50.0
2019-08-15,Ahmedabad,Milk (pasteurized),L,actual,50.0
2019-09-15,Ahmedabad,Milk (pasteurized),L,actual,50.0
2019-10-15,Ahmedabad,Milk (pasteurized),L,actual,51.83
2019-11-15,Ahmedabad,Milk (pasteurized),L,actual,52.0
2019-12-15,Ahmedabad,Milk (pasteurized),L,actual,52.0
2020-01-15,Ahmedabad,Milk (pasteurized),L,actual,52.0
2020-02-15,Ahmedabad,Milk (pasteurized),L,actual,52.0
2020-03-15,Ahmedabad,Milk (pasteurized),L,actual,52.0
2020-04-15,Ahmedabad,Milk (pasteurized),L,actual,52.0
2020-05-15,Ahmedabad,Milk (pasteurized),L,actual,52.0
2020-06-15,Ahmedabad,Milk (pasteurized),L,actual,52.0
2020-07-15,Ahmedabad,Milk (pasteurized),L,actual,52.0
2020-08-15,Ahmedabad,Milk (pasteurized),L,actual,52.0
2020-09-15,Ahmedabad,Milk (pasteurized),L,actual,52.0
2020-10-15,Ahmedabad,Milk (pasteurized),L,actual,52.0
2020-11-15,Ahmedabad,Milk (pasteurized),L,actual,52.0
2020-12-15,Ahmedabad,Milk (pasteurized),L,actual,52.0
2021-01-15,Ahmedabad,Milk (pasteurized),L,actual,52.0
2021-02-15,Ahmedabad,Milk (pasteurized),L,actual,52.0
2021-03-15,Ahmedabad,Milk (pasteurized),L,actual,52.0
2021-04-15,Ahmedabad,Milk (pasteurized),L,actual,52.0
2021-05-15,Ahmedabad,Milk (pasteurized),L,actual,52.0
2021-06-15,Ahmedabad,Milk (pasteurized),L,actual,52.0
2021-07-15,Ahmedabad,Milk (pasteurized),L,actual,53.85
2021-08-15,Ahmedabad,Milk (pasteurized),L,actual,54.0
2021-09-15,Ahmedabad,Milk (pasteurized),L,actual,54.0
2021-10-15,Ahmedabad,Milk (pasteurized),L,actual,53.67
2021-11-15,Ahmedabad,Milk (pasteurized),L,actual,52.0
2021-12-15,Ahmedabad,Milk (pasteurized),L,actual,52.0
2022-01-15,Ahmedabad,Milk (pasteurized),L,actual,52.0
2022-02-15,Ahmedabad,Milk (pasteurized),L,actual,52.0
2022-03-15,Ahmedabad,Milk (pasteurized),L,actual,52.0
2022-04-15,Ahmedabad,Milk (pasteurized),L,actual,53.67
2022-05-15,Ahmedabad,Milk (pasteurized),L,actual,56.0
2022-06-15,Ahmedabad,Milk (pasteurized),L,actual,56.0
2022-07-15,Ahmedabad,Milk (pasteurized),L,actual,56.0
2022-08-15,Ahmedabad,Milk (pasteurized),L,actual,56.95
2022-09-15,Ahmedabad,Milk (pasteurized),L,actual,58.0
2022-10-15,Ahmedabad,Milk (pasteurized),L,actual,58.0
2022-11-15,Ahmedabad,Milk (pasteurized),L,actual,58.0
2022-12-15,Ahmedabad,Milk (pasteurized),L,actual,58.0
2023-01-15,Ahmedabad,Milk (pasteurized),L,actual,58.0
2023-02-15,Ahmedabad,Milk (pasteurized),L,actual,58.0
2023-03-15,Ahmedabad,Milk (pasteurized),L,actual,58.0
2023-04-15,Ahmedabad,Milk (pasteurized),L,actual,58.0
2023-05-15,Ahmedabad,Milk (pasteurized),L,actual,58.0
2023-06-15,Ahmedabad,Milk (pasteurized),L,actual,58.0
2023-07-15,Ahmedabad,Milk (pasteurized),L,actual,58.0
2012-04-15,Ahmedabad,Oil (groundnut),KG,actual,141.0
2012-05-15,Ahmedabad,Oil (groundnut),KG,actual,141.35
2012-06-15,Ahmedabad,Oil (groundnut),KG,actual,140.0
2012-07-15,Ahmedabad,Oil (groundnut),KG,actual,139.18
2012-08-15,Ahmedabad,Oil (groundnut),KG,actual,143.32
2012-09-15,Ahmedabad,Oil (groundnut),KG,actual,141.6
2012-10-15,Ahmedabad,Oil (groundnut),KG,actual,132.63
2012-11-15,Ahmedabad,Oil (groundnut),KG,actual,138.88
2012-12-15,Ahmedabad,Oil (groundnut),KG,actual,147.54
2013-01-15,Ahmedabad,Oil (groundnut),KG,actual,149.37
2013-02-15,Ahmedabad,Oil (groundnut),KG,actual,145.3
2013-03-15,Ahmedabad,Oil (groundnut),KG,actual,140.67
2013-04-15,Ahmedabad,Oil (groundnut),KG,actual,140.71
2013-05-15,Ahmedabad,Oil (groundnut),KG,actual,131.65
2013-06-15,Ahmedabad,Oil (groundnut),KG,actual,122.6
2013-07-15,Ahmedabad,Oil (groundnut),KG,actual,117.14
2013-08-15,Ahmedabad,Oil (groundnut),KG,actual,114.22
2013-09-15,Ahmedabad,Oil (groundnut),KG,actual,103.85
2013-10-15,Ahmedabad,Oil (groundnut),KG,actual,100.95
2013-11-15,Ahmedabad,Oil (groundnut),KG,actual,100.0
2013-12-15,Ahmedabad,Oil (groundnut),KG,actual,99.36
2014-01-15,Ahmedabad,Oil (groundnut),KG,actual,95.71
2014-02-15,Ahmedabad,Oil (groundnut),KG,actual,90.42
2014-03-15,Ahmedabad,Oil (groundnut),KG,actual,90.0
2014-04-15,Ahmedabad,Oil (groundnut),KG,actual,89.5
2014-05-15,Ahmedabad,Oil (groundnut),KG,actual,87.72
2014-06-15,Ahmedabad,Oil (groundnut),KG,actual,84.86
2014-07-15,Ahmedabad,Oil (groundnut),KG,actual,91.91
2014-08-15,Ahmedabad,Oil (groundnut),KG,actual,92.0
2014-09-15,Ahmedabad,Oil (groundnut),KG,actual,92.0
2014-10-15,Ahmedabad,Oil (groundnut),KG,actual,92.0
2014-11-15,Ahmedabad,Oil (groundnut),KG,actual,94.12
2014-12-15,Ahmedabad,Oil (groundnut),KG,actual,98.64
2015-01-15,Ahmedabad,Oil (groundnut),KG,actual,108.84
2015-02-15,Ahmedabad,Oil (groundnut),KG,actual,112.0
2015-03-15,Ahmedabad,Oil (groundnut),KG,actual,112.86
2015-07-15,Ahmedabad,Oil (groundnut),KG,actual,119.45
2015-08-15,Ahmedabad,Oil (groundnut),KG,actual,121.3
2015-09-15,Ahmedabad,Oil (groundnut),KG,actual,126.4
2015-10-15,Ahmedabad,Oil (groundnut),KG,actual,121.1
2015-11-15,Ahmedabad,Oil (groundnut),KG,actual,106.52
2015-12-15,Ahmedabad,Oil (groundnut),KG,actual,104.43
2016-01-15,Ahmedabad,Oil (groundnut),KG,actual,108.52
2016-02-15,Ahmedabad,Oil (groundnut),KG,actual,109.0
2016-03-15,Ahmedabad,Oil (groundnut),KG,actual,109.0
2016-04-15,Ahmedabad,Oil (groundnut),KG,actual,112.5
2016-05-15,Ahmedabad,Oil (groundnut),KG,actual,130.0
2016-06-15,Ahmedabad,Oil (groundnut),KG,actual,140.73
2016-07-15,Ahmedabad,Oil (groundnut),KG,actual,144.0
2016-08-15,Ahmedabad,Oil (groundnut),KG,actual,144.72
2016-09-15,Ahmedabad,Oil (groundnut),KG,actual,146.47
2016-10-15,Ahmedabad,Oil (groundnut),KG,actual,143.41
2016-11-15,Ahmedabad,Oil (groundnut),KG,actual,114.88
2016-12-15,Ahmedabad,Oil (groundnut),KG,actual,114.42
2017-01-15,Ahmedabad,Oil (groundnut),KG,actual,115.67
2017-02-15,Ahmedabad,Oil (groundnut),KG,actual,114.96
2017-03-15,Ahmedabad,Oil (groundnut),KG,actual,114.45
2017-04-15,Ahmedabad,Oil (groundnut),KG,actual,118.27
2017-05-15,Ahmedabad,Oil (groundnut),KG,actual,118.58
2017-06-15,Ahmedabad,Oil (groundnut),KG,actual,111.54
2017-07-15,Ahmedabad,Oil (groundnut),KG,actual,108.55
2017-08-15,Ahmedabad,Oil (groundnut),KG,actual,106.75
2017-09-15,Ahmedabad,Oil (groundnut),KG,actual,101.29
2017-10-15,Ahmedabad,Oil (groundnut),KG,actual,103.04
2017-12-15,Ahmedabad,Oil (groundnut),KG,actual,107.36
2018-01-15,Ahmedabad,Oil (groundnut),KG,actual,108.6
2018-02-15,Ahmedabad,Oil (groundnut),KG,actual,108.0
2018-03-15,Ahmedabad,Oil (groundnut),KG,actual,105.04
2018-04-15,Ahmedabad,Oil (groundnut),KG,actual,102.27
2018-05-15,Ahmedabad,Oil (groundnut),KG,actual,101.07
2018-06-15,Ahmedabad,Oil (groundnut),KG,actual,101.0
2018-07-15,Ahmedabad,Oil (groundnut),KG,actual,101.0
2018-08-15,Ahmedabad,Oil (groundnut),KG,actual,102.35
2018-09-15,Ahmedabad,Oil (groundnut),KG,actual,103.0
2018-10-15,Ahmedabad,Oil (groundnut),KG,actual,103.0
2018-11-15,Ahmedabad,Oil (groundnut),KG,actual,103.44
2019-01-15,Ahmedabad,Oil (groundnut),KG,actual,104.0
2019-06-15,Ahmedabad,Oil (groundnut),KG,actual,106.33
2019-07-15,Ahmedabad,Oil (groundnut),KG,actual,108.0
2019-08-15,Ahmedabad,Oil (groundnut),KG,actual,108.85
2019-09-15,Ahmedabad,Oil (groundnut),KG,actual,111.34
2019-10-15,Ahmedabad,Oil (groundnut),KG,actual,113.58
2019-11-15,Ahmedabad,Oil (groundnut),KG,actual,115.1
2019-12-15,Ahmedabad,Oil (groundnut),KG,actual,121.27
2020-01-15,Ahmedabad,Oil (groundnut),KG,actual,130.0
2020-02-15,Ahmedabad,Oil (groundnut),KG,actual,130.0
2020-03-15,Ahmedabad,Oil (groundnut),KG,actual,130.0
2020-04-15,Ahmedabad,Oil (groundnut),KG,actual,130.0
2020-05-15,Ahmedabad,Oil (groundnut),KG,actual,130.0
2020-06-15,Ahmedabad,Oil (groundnut),KG,actual,133.33
2020-07-15,Ahmedabad,Oil (groundnut),KG,actual,148.39
2020-08-15,Ahmedabad,Oil (groundnut),KG,actual,149.89
2020-09-15,Ahmedabad,Oil (groundnut),KG,actual,147.57
2020-10-15,Ahmedabad,Oil (groundnut),KG,actual,147.19
2020-11-15,Ahmedabad,Oil (groundnut),KG,actual,150.96
2020-12-15,Ahmedabad,Oil (groundnut),KG,actual,153.57
2021-01-15,Ahmedabad,Oil (groundnut),KG,actual,159.42
2021-02-15,Ahmedabad,Oil (groundnut),KG,actual,156.14
2021-03-15,Ahmedabad,Oil (groundnut),KG,actual,165.32
2021-04-15,Ahmedabad,Oil (groundnut),KG,actual,170.04
2021-05-15,Ahmedabad,Oil (groundnut),KG,actual,173.27
2021-06-15,Ahmedabad,Oil (groundnut),KG,actual,173.6
2021-07-15,Ahmedabad,Oil (groundnut),KG,actual,167.11
2021-08-15,Ahmedabad,Oil (groundnut),KG,actual,167.96
2021-09-15,Ahmedabad,Oil (groundnut),KG,actual,175.24
2021-10-15,Ahmedabad,Oil (groundnut),KG,actual,172.35
2021-11-15,Ahmedabad,Oil (groundnut),KG,actual,162.0
2021-12-15,Ahmedabad,Oil (groundnut),KG,actual,162.0
2022-01-15,Ahmedabad,Oil (groundnut),KG,actual,162.0
2022-02-15,Ahmedabad,Oil (groundnut),KG,actual,162.0
2022-03-15,Ahmedabad,Oil (groundnut),KG,actual,162.0
2022-04-15,Ahmedabad,Oil (groundnut),KG,actual,162.38
2022-05-15,Ahmedabad,Oil (groundnut),KG,actual,179.9
2022-06-15,Ahmedabad,Oil (groundnut),KG,actual,180.0
2022-07-15,Ahmedabad,Oil (groundnut),KG,actual,183.0
2022-08-15,Ahmedabad,Oil (groundnut),KG,actual,187.3
2022-09-15,Ahmedabad,Oil (groundnut),KG,actual,192.91
2022-10-15,Ahmedabad,Oil (groundnut),KG,actual,185.26
2022-11-15,Ahmedabad,Oil (groundnut),KG,actual,185.14
2022-12-15,Ahmedabad,Oil (groundnut),KG,actual,185.33
2023-01-15,Ahmedabad,Oil (groundnut),KG,actual,185.14
2023-02-15,Ahmedabad,Oil (groundnut),KG,actual,185.0
2023-03-15,Ahmedabad,Oil (groundnut),KG,actual,193.57
2023-04-15,Ahmedabad,Oil (groundnut),KG,actual,195.0
2023-05-15,Ahmedabad,Oil (groundnut),KG,actual,195.0
2023-06-15,Ahmedabad,Oil (groundnut),KG,actual,195.25
2023-07-15,Ahmedabad,Oil (groundnut),KG,actual,195.12
1994-01-15,Ahmedabad,Oil (mustard),KG,actual,30.0
1994-02-15,Ahmedabad,Oil (mustard),KG,actual,39.0
1994-03-15,Ahmedabad,Oil (mustard),KG,actual,31.0
1994-04-15,Ahmedabad,Oil (mustard),KG,actual,32.0
1994-05-15,Ahmedabad,Oil (mustard),KG,actual,31.0
1994-09-15,Ahmedabad,Oil (mustard),KG,actual,34.0
1994-11-15,Ahmedabad,Oil (mustard),KG,actual,33.5
1994-12-15,Ahmedabad,Oil (mustard),KG,actual,33.0
1996-01-15,Ahmedabad,Oil (mustard),KG,actual,33.0
1996-02-15,Ahmedabad,Oil (mustard),KG,actual,32.0
1996-03-15,Ahmedabad,Oil (mustard),KG,actual,33.0
1996-04-15,Ahmedabad,Oil (mustard),KG,actual,34.0
1996-05-15,Ahmedabad,Oil (mustard),KG,actual,33.0
1996-06-15,Ahmedabad,Oil (mustard),KG,actual,35.0
1996-07-15,Ahmedabad,Oil (mustard),KG,actual,35.0
1996-08-15,Ahmedabad,Oil (mustard),KG,actual,36.0
1996-09-15,Ahmedabad,Oil (mustard),KG,actual,36.0
1996-10-15,Ahmedabad,Oil (mustard),KG,actual,34.0
1996-11-15,Ahmedabad,Oil (mustard),KG,actual,33.0
1996-12-15,Ahmedabad,Oil (mustard),KG,actual,33.0
2000-01-15,Ahmedabad,Oil (mustard),KG,actual,29.0
2000-02-15,Ahmedabad,Oil (mustard),KG,actual,29.0
2000-03-15,Ahmedabad,Oil (mustard),KG,actual,29.0
2000-04-15,Ahmedabad,Oil (mustard),KG,actual,30.0
2000-05-15,Ahmedabad,Oil (mustard),KG,actual,28.0
2000-06-15,Ahmedabad,Oil (mustard),KG,actual,30.0
2000-07-15,Ahmedabad,Oil (mustard),KG,actual,30.0
2000-08-15,Ahmedabad,Oil (mustard),KG,actual,29.0
2000-09-15,Ahmedabad,Oil (mustard),KG,actual,28.0
2000-10-15,Ahmedabad,Oil (mustard),KG,actual,28.0
2000-11-15,Ahmedabad,Oil (mustard),KG,actual,28.0
2000-12-15,Ahmedabad,Oil (mustard),KG,actual,27.0
2001-01-15,Ahmedabad,Oil (mustard),KG,actual,26.0
2001-02-15,Ahmedabad,Oil (mustard),KG,actual,26.0
2001-03-15,Ahmedabad,Oil (mustard),KG,actual,26.0
2001-04-15,Ahmedabad,Oil (mustard),KG,actual,27.0
2001-05-15,Ahmedabad,Oil (mustard),KG,actual,27.0
2002-02-15,Ahmedabad,Oil (mustard),KG,actual,32.0
2002-03-15,Ahmedabad,Oil (mustard),KG,actual,32.0
2002-06-15,Ahmedabad,Oil (mustard),KG,actual,40.0
2002-07-15,Ahmedabad,Oil (mustard),KG,actual,42.0
2002-08-15,Ahmedabad,Oil (mustard),KG,actual,40.0
2002-09-15,Ahmedabad,Oil (mustard),KG,actual,42.0
2002-10-15,Ahmedabad,Oil (mustard),KG,actual,42.0
2002-11-15,Ahmedabad,Oil (mustard),KG,actual,47.0
2002-12-15,Ahmedabad,Oil (mustard),KG,actual,48.0
2003-01-15,Ahmedabad,Oil (mustard),KG,actual,42.0
2003-02-15,Ahmedabad,Oil (mustard),KG,actual,42.0
2003-03-15,Ahmedabad,Oil (mustard),KG,actual,42.0
2003-04-15,Ahmedabad,Oil (mustard),KG,actual,44.0
2003-05-15,Ahmedabad,Oil (mustard),KG,actual,44.0
2003-06-15,Ahmedabad,Oil (mustard),KG,actual,44.0
2003-07-15,Ahmedabad,Oil (mustard),KG,actual,44.0
2003-08-15,Ahmedabad,Oil (mustard),KG,actual,42.0
2003-09-15,Ahmedabad,Oil (mustard),KG,actual,43.0
2003-10-15,Ahmedabad,Oil (mustard),KG,actual,43.0
2003-11-15,Ahmedabad,Oil (mustard),KG,actual,43.0
2003-12-15,Ahmedabad,Oil (mustard),KG,actual,44.0
2004-01-15,Ahmedabad,Oil (mustard),KG,actual,44.0
2004-02-15,Ahmedabad,Oil (mustard),KG,actual,44.0
2004-03-15,Ahmedabad,Oil (mustard),KG,actual,44.0
2004-04-15,Ahmedabad,Oil (mustard),KG,actual,44.0
2004-05-15,Ahmedabad,Oil (mustard),KG,actual,44.0
2004-06-15,Ahmedabad,Oil (mustard),KG,actual,45.0
2004-07-15,Ahmedabad,Oil (mustard),KG,actual,47.0
2004-08-15,Ahmedabad,Oil (mustard),KG,actual,47.0
2004-09-15,Ahmedabad,Oil (mustard),KG,actual,47.0
2004-10-15,Ahmedabad,Oil (mustard),KG,actual,47.0
2004-11-15,Ahmedabad,Oil (mustard),KG,actual,47.0
2004-12-15,Ahmedabad,Oil (mustard),KG,actual,47.0
2005-01-15,Ahmedabad,Oil (mustard),KG,actual,47.0
2005-02-15,Ahmedabad,Oil (mustard),KG,actual,47.0
2005-03-15,Ahmedabad,Oil (mustard),KG,actual,47.0
2005-04-15,Ahmedabad,Oil (mustard),KG,actual,47.0
2005-05-15,Ahmedabad,Oil (mustard),KG,actual,47.0
2005-06-15,Ahmedabad,Oil (mustard),KG,actual,47.0
2005-07-15,Ahmedabad,Oil (mustard),KG,actual,47.0
2005-08-15,Ahmedabad,Oil (mustard),KG,actual,47.0
2005-09-15,Ahmedabad,Oil (mustard),KG,actual,47.0
2005-10-15,Ahmedabad,Oil (mustard),KG,actual,47.0
2005-11-15,Ahmedabad,Oil (mustard),KG,actual,47.0
2005-12-15,Ahmedabad,Oil (mustard),KG,actual,47.0
2006-01-15,Ahmedabad,Oil (mustard),KG,actual,47.0
2006-02-15,Ahmedabad,Oil (mustard),KG,actual,47.0
2006-03-15,Ahmedabad,Oil (mustard),KG,actual,47.0
2006-04-15,Ahmedabad,Oil (mustard),KG,actual,47.0
2006-05-15,Ahmedabad,Oil (mustard),KG,actual,47.0
2006-06-15,Ahmedabad,Oil (mustard),KG,actual,47.0
2006-07-15,Ahmedabad,Oil (mustard),KG,actual,47.0
2006-08-15,Ahmedabad,Oil (mustard),KG,actual,45.0
2006-09-15,Ahmedabad,Oil (mustard),KG,actual,45.0
2006-10-15,Ahmedabad,Oil (mustard),KG,actual,45.0
2006-11-15,Ahmedabad,Oil (mustard),KG,actual,50.0
2006-12-15,Ahmedabad,Oil (mustard),KG,actual,50.0
2007-01-15,Ahmedabad,Oil (mustard),KG,actual,52.0
2007-02-15,Ahmedabad,Oil (mustard),KG,actual,49.0
2007-03-15,Ahmedabad,Oil (mustard),KG,actual,49.0
2007-04-15,Ahmedabad,Oil (mustard),KG,actual,51.0
2007-05-15,Ahmedabad,Oil (mustard),KG,actual,51.0
2007-06-15,Ahmedabad,Oil (mustard),KG,actual,52.0
2007-07-15,Ahmedabad,Oil (mustard),KG,actual,53.5
2007-08-15,Ahmedabad,Oil (mustard),KG,actual,54.0
2007-09-15,Ahmedabad,Oil (mustard),KG,actual,54.0
2007-10-15,Ahmedabad,Oil (mustard),KG,actual,52.0
2007-11-15,Ahmedabad,Oil (mustard),KG,actual,53.5
2007-12-15,Ahmedabad,Oil (mustard),KG,actual,53.5
2008-01-15,Ahmedabad,Oil (mustard),KG,actual,58.0
2008-02-15,Ahmedabad,Oil (mustard),KG,actual,58.0
2008-03-15,Ahmedabad,Oil (mustard),KG,actual,66.5
2008-04-15,Ahmedabad,Oil (mustard),KG,actual,58.0
2008-05-15,Ahmedabad,Oil (mustard),KG,actual,60.5
2008-06-15,Ahmedabad,Oil (mustard),KG,actual,74.0
2008-07-15,Ahmedabad,Oil (mustard),KG,actual,74.0
2008-08-15,Ahmedabad,Oil (mustard),KG,actual,72.0
2008-09-15,Ahmedabad,Oil (mustard),KG,actual,79.0
2008-10-15,Ahmedabad,Oil (mustard),KG,actual,72.0
2008-11-15,Ahmedabad,Oil (mustard),KG,actual,72.0
2008-12-15,Ahmedabad,Oil (mustard),KG,actual,70.0
2009-01-15,Ahmedabad,Oil (mustard),KG,actual,70.0
2009-02-15,Ahmedabad,Oil (mustard),KG,actual,68.0
2009-03-15,Ahmedabad,Oil (mustard),KG,actual,65.0
2009-04-15,Ahmedabad,Oil (mustard),KG,actual,65.0
2009-05-15,Ahmedabad,Oil (mustard),KG,actual,62.0
2009-06-15,Ahmedabad,Oil (mustard),KG,actual,62.0
2009-07-15,Ahmedabad,Oil (mustard),KG,actual,57.0
2009-08-15,Ahmedabad,Oil (mustard),KG,actual,59.0
2009-09-15,Ahmedabad,Oil (mustard),KG,actual,59.0
2009-10-15,Ahmedabad,Oil (mustard),KG,actual,50.0
2009-11-15,Ahmedabad,Oil (mustard),KG,actual,40.0
2009-12-15,Ahmedabad,Oil (mustard),KG,actual,58.0
2010-01-15,Ahmedabad,Oil (mustard),KG,actual,52.0
2010-02-15,Ahmedabad,Oil (mustard),KG,actual,51.0
2010-03-15,Ahmedabad,Oil (mustard),KG,actual,53.0
2010-04-15,Ahmedabad,Oil (mustard),KG,actual,51.0
2010-05-15,Ahmedabad,Oil (mustard),KG,actual,51.0
2010-06-15,Ahmedabad,Oil (mustard),KG,actual,51.0
2010-07-15,Ahmedabad,Oil (mustard),KG,actual,57.0
2010-08-15,Ahmedabad,Oil (mustard),KG,actual,57.0
2010-09-15,Ahmedabad,Oil (mustard),KG,actual,66.0
2010-10-15,Ahmedabad,Oil (mustard),KG,actual,65.0
2010-11-15,Ahmedabad,Oil (mustard),KG,actual,65.0
2010-12-15,Ahmedabad,Oil (mustard),KG,actual,65.0
2011-01-15,Ahmedabad,Oil (mustard),KG,actual,66.0
2011-02-15,Ahmedabad,Oil (mustard),KG,actual,66.0
2011-03-15,Ahmedabad,Oil (mustard),KG,actual,67.0
2011-04-15,Ahmedabad,Oil (mustard),KG,actual,64.83
2011-05-15,Ahmedabad,Oil (mustard),KG,actual,64.0
2011-06-15,Ahmedabad,Oil (mustard),KG,actual,64.0
2011-07-15,Ahmedabad,Oil (mustard),KG,actual,68.29
2011-08-15,Ahmedabad,Oil (mustard),KG,actual,70.0
2011-09-15,Ahmedabad,Oil (mustard),KG,actual,71.73
2011-10-15,Ahmedabad,Oil (mustard),KG,actual,69.42
2011-11-15,Ahmedabad,Oil (mustard),KG,actual,70.78
2011-12-15,Ahmedabad,Oil (mustard),KG,actual,71.82
2012-04-15,Ahmedabad,Oil (mustard),KG,actual,75.29
2012-05-15,Ahmedabad,Oil (mustard),KG,actual,82.48
2012-06-15,Ahmedabad,Oil (mustard),KG,actual,84.92
2012-07-15,Ahmedabad,Oil (mustard),KG,actual,88.18
2012-08-15,Ahmedabad,Oil (mustard),KG,actual,91.79
2012-09-15,Ahmedabad,Oil (mustard),KG,actual,91.4
2012-10-15,Ahmedabad,Oil (mustard),KG,actual,87.21
2012-11-15,Ahmedabad,Oil (mustard),KG,actual,89.25
2012-12-15,Ahmedabad,Oil (mustard),KG,actual,89.0
2013-01-15,Ahmedabad,Oil (mustard),KG,actual,89.0
2013-02-15,Ahmedabad,Oil (mustard),KG,actual,88.5
2013-03-15,Ahmedabad,Oil (mustard),KG,actual,88.0
2013-04-15,Ahmedabad,Oil (mustard),KG,actual,86.35
2013-05-15,Ahmedabad,Oil (mustard),KG,actual,86.0
2013-06-15,Ahmedabad,Oil (mustard),KG,actual,86.0
2013-07-15,Ahmedabad,Oil (mustard),KG,actual,86.0
2013-08-15,Ahmedabad,Oil (mustard),KG,actual,86.0
2013-09-15,Ahmedabad,Oil (mustard),KG,actual,86.0
2013-10-15,Ahmedabad,Oil (mustard),KG,actual,86.0
2013-11-15,Ahmedabad,Oil (mustard),KG,actual,86.0
2013-12-15,Ahmedabad,Oil (mustard),KG,actual,86.0
2014-01-15,Ahmedabad,Oil (mustard),KG,actual,86.0
2014-02-15,Ahmedabad,Oil (mustard),KG,actual,86.0
2014-03-15,Ahmedabad,Oil (mustard),KG,actual,86.0
2014-04-15,Ahmedabad,Oil (mustard),KG,actual,86.0
2014-05-15,Ahmedabad,Oil (mustard),KG,actual,86.0
2014-06-15,Ahmedabad,Oil (mustard),KG,actual,84.86
2014-07-15,Ahmedabad,Oil (mustard),KG,actual,84.0
2014-08-15,Ahmedabad,Oil (mustard),KG,actual,84.0
2014-09-15,Ahmedabad,Oil (mustard),KG,actual,84.0
2014-10-15,Ahmedabad,Oil (mustard),KG,actual,84.0
2014-11-15,Ahmedabad,Oil (mustard),KG,actual,84.0
2014-12-15,Ahmedabad,Oil (mustard),KG,actual,84.0
2015-01-15,Ahmedabad,Oil (mustard),KG,actual,83.05
2015-02-15,Ahmedabad,Oil (mustard),KG,actual,82.0
2015-03-15,Ahmedabad,Oil (mustard),KG,actual,84.05
2015-04-15,Ahmedabad,Oil (mustard),KG,actual,83.17
2015-05-15,Ahmedabad,Oil (mustard),KG,actual,83.26
2015-06-15,Ahmedabad,Oil (mustard),KG,actual,83.67
2015-07-15,Ahmedabad,Oil (mustard),KG,actual,82.27
2015-08-15,Ahmedabad,Oil (mustard),KG,actual,84.25
2015-09-15,Ahmedabad,Oil (mustard),KG,actual,85.0
2015-10-15,Ahmedabad,Oil (mustard),KG,actual,85.0
2015-11-15,Ahmedabad,Oil (mustard),KG,actual,86.28
2015-12-15,Ahmedabad,Oil (mustard),KG,actual,88.43
2016-01-15,Ahmedabad,Oil (mustard),KG,actual,85.14
2016-02-15,Ahmedabad,Oil (mustard),KG,actual,85.0
2016-03-15,Ahmedabad,Oil (mustard),KG,actual,85.0
2016-04-15,Ahmedabad,Oil (mustard),KG,actual,86.5
2016-05-15,Ahmedabad,Oil (mustard),KG,actual,94.0
2016-06-15,Ahmedabad,Oil (mustard),KG,actual,94.0
2016-07-15,Ahmedabad,Oil (mustard),KG,actual,94.0
2016-08-15,Ahmedabad,Oil (mustard),KG,actual,94.0
2016-09-15,Ahmedabad,Oil (mustard),KG,actual,95.6
2016-10-15,Ahmedabad,Oil (mustard),KG,actual,96.0
2016-11-15,Ahmedabad,Oil (mustard),KG,actual,96.0
2016-12-15,Ahmedabad,Oil (mustard),KG,actual,96.0
2017-01-15,Ahmedabad,Oil (mustard),KG,actual,96.0
2017-02-15,Ahmedabad,Oil (mustard),KG,actual,96.0
2017-03-15,Ahmedabad,Oil (mustard),KG,actual,96.0
2017-04-15,Ahmedabad,Oil (mustard),KG,actual,96.0
2017-05-15,Ahmedabad,Oil (mustard),KG,actual,96.0
2017-06-15,Ahmedabad,Oil (mustard),KG,actual,96.0
2017-07-15,Ahmedabad,Oil (mustard),KG,actual,95.23
2017-08-15,Ahmedabad,Oil (mustard),KG,actual,95.0
2017-09-15,Ahmedabad,Oil (mustard),KG,actual,95.0
2017-10-15,Ahmedabad,Oil (mustard),KG,actual,95.0
2017-11-15,Ahmedabad,Oil (mustard),KG,actual,94.73
2017-12-15,Ahmedabad,Oil (mustard),KG,actual,94.0
2018-01-15,Ahmedabad,Oil (mustard),KG,actual,93.6
2018-02-15,Ahmedabad,Oil (mustard),KG,actual,91.82
2018-03-15,Ahmedabad,Oil (mustard),KG,actual,89.79
2018-04-15,Ahmedabad,Oil (mustard),KG,actual,86.47
2018-05-15,Ahmedabad,Oil (mustard),KG,actual,86.0
2018-06-15,Ahmedabad,Oil (mustard),KG,actual,86.0
2018-07-15,Ahmedabad,Oil (mustard),KG,actual,86.0
2018-08-15,Ahmedabad,Oil (mustard),KG,actual,86.0
2018-09-15,Ahmedabad,Oil (mustard),KG,actual,86.0
2018-10-15,Ahmedabad,Oil (mustard),KG,actual,86.0
2018-11-15,Ahmedabad,Oil (mustard),KG,actual,86.0
2019-01-15,Ahmedabad,Oil (mustard),KG,actual,86.0
2019-06-15,Ahmedabad,Oil (mustard),KG,actual,86.0
2019-07-15,Ahmedabad,Oil (mustard),KG,actual,86.0
2019-08-15,Ahmedabad,Oil (mustard),KG,actual,86.42
2019-09-15,Ahmedabad,Oil (mustard),KG,actual,87.0
2019-10-15,Ahmedabad,Oil (mustard),KG,actual,88.92
2019-11-15,Ahmedabad,Oil (mustard),KG,actual,91.0
2019-12-15,Ahmedabad,Oil (mustard),KG,actual,94.47
2020-01-15,Ahmedabad,Oil (mustard),KG,actual,95.0
2020-02-15,Ahmedabad,Oil (mustard),KG,actual,95.0
2020-03-15,Ahmedabad,Oil (mustard),KG,actual,90.32
2020-04-15,Ahmedabad,Oil (mustard),KG,actual,90.0
2020-05-15,Ahmedabad,Oil (mustard),KG,actual,90.0
2020-06-15,Ahmedabad,Oil (mustard),KG,actual,90.0
2020-07-15,Ahmedabad,Oil (mustard),KG,actual,90.13
2020-08-15,Ahmedabad,Oil (mustard),KG,actual,92.0
2020-09-15,Ahmedabad,Oil (mustard),KG,actual,96.53
2020-10-15,Ahmedabad,Oil (mustard),KG,actual,100.0
2020-11-15,Ahmedabad,Oil (mustard),KG,actual,102.5
2020-12-15,Ahmedabad,Oil (mustard),KG,actual,115.0
2021-01-15,Ahmedabad,Oil (mustard),KG,actual,116.18
2021-02-15,Ahmedabad,Oil (mustard),KG,actual,116.36
2021-03-15,Ahmedabad,Oil (mustard),KG,actual,119.0
2021-04-15,Ahmedabad,Oil (mustard),KG,actual,119.0
2021-05-15,Ahmedabad,Oil (mustard),KG,actual,119.0
2021-06-15,Ahmedabad,Oil (mustard),KG,actual,117.64
2021-07-15,Ahmedabad,Oil (mustard),KG,actual,115.59
2021-08-15,Ahmedabad,Oil (mustard),KG,actual,115.0
2021-09-15,Ahmedabad,Oil (mustard),KG,actual,116.6
2021-10-15,Ahmedabad,Oil (mustard),KG,actual,159.94
2021-11-15,Ahmedabad,Oil (mustard),KG,actual,175.07
2021-12-15,Ahmedabad,Oil (mustard),KG,actual,175.0
2022-01-15,Ahmedabad,Oil (mustard),KG,actual,175.0
2022-02-15,Ahmedabad,Oil (mustard),KG,actual,175.06
2022-03-15,Ahmedabad,Oil (mustard),KG,actual,175.0
2022-04-15,Ahmedabad,Oil (mustard),KG,actual,175.0
2022-05-15,Ahmedabad,Oil (mustard),KG,actual,175.0
2022-06-15,Ahmedabad,Oil (mustard),KG,actual,175.0
2022-07-15,Ahmedabad,Oil (mustard),KG,actual,175.17
2022-08-15,Ahmedabad,Oil (mustard),KG,actual,173.1
2022-09-15,Ahmedabad,Oil (mustard),KG,actual,166.52
2022-10-15,Ahmedabad,Oil (mustard),KG,actual,180.26
2022-11-15,Ahmedabad,Oil (mustard),KG,actual,180.14
2022-12-15,Ahmedabad,Oil (mustard),KG,actual,180.33
2023-01-15,Ahmedabad,Oil (mustard),KG,actual,180.14
2023-02-15,Ahmedabad,Oil (mustard),KG,actual,180.0
2023-03-15,Ahmedabad,Oil (mustard),KG,actual,161.71
2023-04-15,Ahmedabad,Oil (mustard),KG,actual,154.82
2023-05-15,Ahmedabad,Oil (mustard),KG,actual,147.0
2023-06-15,Ahmedabad,Oil (mustard),KG,actual,156.17
2023-07-15,Ahmedabad,Oil (mustard),KG,actual,147.73
2012-04-15,Ahmedabad,Oil (palm),KG,actual,71.12
2012-06-15,Ahmedabad,Oil (palm),KG,actual,66.67
2012-07-15,Ahmedabad,Oil (palm),KG,actual,69.27
2012-08-15,Ahmedabad,Oil (palm),KG,actual,70.53
2012-09-15,Ahmedabad,Oil (palm),KG,actual,70.1
2012-10-15,Ahmedabad,Oil (palm),KG,actual,57.79
2012-11-15,Ahmedabad,Oil (palm),KG,actual,56.88
2012-12-15,Ahmedabad,Oil (palm),KG,actual,58.0
2013-01-15,Ahmedabad,Oil (palm),KG,actual,57.0
2013-02-15,Ahmedabad,Oil (palm),KG,actual,56.5
2013-03-15,Ahmedabad,Oil (palm),KG,actual,57.28
2013-04-15,Ahmedabad,Oil (palm),KG,actual,59.65
2013-05-15,Ahmedabad,Oil (palm),KG,actual,60.0
2013-06-15,Ahmedabad,Oil (palm),KG,actual,60.0
2013-07-15,Ahmedabad,Oil (palm),KG,actual,60.0
2013-08-15,Ahmedabad,Oil (palm),KG,actual,60.0
2013-09-15,Ahmedabad,Oil (palm),KG,actual,60.0
2013-10-15,Ahmedabad,Oil (palm),KG,actual,60.0
2013-11-15,Ahmedabad,Oil (palm),KG,actual,60.0
2013-12-15,Ahmedabad,Oil (palm),KG,actual,60.0
2014-01-15,Ahmedabad,Oil (palm),KG,actual,60.0
2014-02-15,Ahmedabad,Oil (palm),KG,actual,60.0
2014-03-15,Ahmedabad,Oil (palm),KG,actual,60.0
2014-04-15,Ahmedabad,Oil (palm),KG,actual,60.0
2014-05-15,Ahmedabad,Oil (palm),KG,actual,67.06
2014-06-15,Ahmedabad,Oil (palm),KG,actual,68.71
2014-07-15,Ahmedabad,Oil (palm),KG,actual,67.0
2014-08-15,Ahmedabad,Oil (palm),KG,actual,67.0
2014-09-15,Ahmedabad,Oil (palm),KG,actual,67.0
2014-10-15,Ahmedabad,Oil (palm),KG,actual,67.0
2014-11-15,Ahmedabad,Oil (palm),KG,actual,67.0
2014-12-15,Ahmedabad,Oil (palm),KG,actual,66.27
2015-01-15,Ahmedabad,Oil (palm),KG,actual,63.58
2015-02-15,Ahmedabad,Oil (palm),KG,actual,62.0
2015-03-15,Ahmedabad,Oil (palm),KG,actual,60.57
2015-07-15,Ahmedabad,Oil (palm),KG,actual,60.27
2015-08-15,Ahmedabad,Oil (palm),KG,actual,59.9
2015-09-15,Ahmedabad,Oil (palm),KG,actual,58.0
2015-10-15,Ahmedabad,Oil (palm),KG,actual,58.0
2015-11-15,Ahmedabad,Oil (palm),KG,actual,56.48
2015-12-15,Ahmedabad,Oil (palm),KG,actual,57.43
2016-01-15,Ahmedabad,Oil (palm),KG,actual,58.0
2016-02-15,Ahmedabad,Oil (palm),KG,actual,58.0
2016-03-15,Ahmedabad,Oil (palm),KG,actual,58.0
2016-04-15,Ahmedabad,Oil (palm),KG,actual,59.5
2016-05-15,Ahmedabad,Oil (palm),KG,actual,67.0
2016-06-15,Ahmedabad,Oil (palm),KG,actual,66.8
2016-07-15,Ahmedabad,Oil (palm),KG,actual,67.0
2016-08-15,Ahmedabad,Oil (palm),KG,actual,67.0
2016-09-15,Ahmedabad,Oil (palm),KG,actual,68.6
2016-10-15,Ahmedabad,Oil (palm),KG,actual,69.0
2016-11-15,Ahmedabad,Oil (palm),KG,actual,69.46
2016-12-15,Ahmedabad,Oil (palm),KG,actual,70.0
2017-01-15,Ahmedabad,Oil (palm),KG,actual,70.0
2017-02-15,Ahmedabad,Oil (palm),KG,actual,70.0
2017-03-15,Ahmedabad,Oil (palm),KG,actual,70.0
2017-04-15,Ahmedabad,Oil (palm),KG,actual,70.0
2017-05-15,Ahmedabad,Oil (palm),KG,actual,70.0
2017-06-15,Ahmedabad,Oil (palm),KG,actual,70.0
2017-07-15,Ahmedabad,Oil (palm),KG,actual,68.77
2017-08-15,Ahmedabad,Oil (palm),KG,actual,68.0
2017-09-15,Ahmedabad,Oil (palm),KG,actual,68.0
2017-10-15,Ahmedabad,Oil (palm),KG,actual,67.38
2017-11-15,Ahmedabad,Oil (palm),KG,actual,67.0
2017-12-15,Ahmedabad,Oil (palm),KG,actual,67.0
2018-01-15,Ahmedabad,Oil (palm),KG,actual,67.0
2018-02-15,Ahmedabad,Oil (palm),KG,actual,67.0
2018-03-15,Ahmedabad,Oil (palm),KG,actual,70.86
2018-04-15,Ahmedabad,Oil (palm),KG,actual,75.07
2018-05-15,Ahmedabad,Oil (palm),KG,actual,75.0
2018-06-15,Ahmedabad,Oil (palm),KG,actual,75.0
2018-07-15,Ahmedabad,Oil (palm),KG,actual,75.0
2018-08-15,Ahmedabad,Oil (palm),KG,actual,75.0
2018-09-15,Ahmedabad,Oil (palm),KG,actual,75.0
2018-10-15,Ahmedabad,Oil (palm),KG,actual,75.0
2018-11-15,Ahmedabad,Oil (palm),KG,actual,75.0
2019-01-15,Ahmedabad,Oil (palm),KG,actual,75.0
2019-06-15,Ahmedabad,Oil (palm),KG,actual,75.0
2019-07-15,Ahmedabad,Oil (palm),KG,actual,75.0
2019-08-15,Ahmedabad,Oil (palm),KG,actual,75.0
2019-09-15,Ahmedabad,Oil (palm),KG,actual,75.0
2019-10-15,Ahmedabad,Oil (palm),KG,actual,73.08
2019-11-15,Ahmedabad,Oil (palm),KG,actual,71.0
2019-12-15,Ahmedabad,Oil (palm),KG,actual,74.47
2020-01-15,Ahmedabad,Oil (palm),KG,actual,75.0
2020-02-15,Ahmedabad,Oil (palm),KG,actual,75.0
2020-03-15,Ahmedabad,Oil (palm),KG,actual,84.35
2020-04-15,Ahmedabad,Oil (palm),KG,actual,85.0
2020-05-15,Ahmedabad,Oil (palm),KG,actual,85.24
2020-06-15,Ahmedabad,Oil (palm),KG,actual,85.0
2020-07-15,Ahmedabad,Oil (palm),KG,actual,85.0
2020-08-15,Ahmedabad,Oil (palm),KG,actual,85.0
2020-09-15,Ahmedabad,Oil (palm),KG,actual,85.73
2020-10-15,Ahmedabad,Oil (palm),KG,actual,86.0
2020-11-15,Ahmedabad,Oil (palm),KG,actual,87.5
2020-12-15,Ahmedabad,Oil (palm),KG,actual,95.0
2021-01-15,Ahmedabad,Oil (palm),KG,actual,98.83
2021-02-15,Ahmedabad,Oil (palm),KG,actual,95.14
2021-03-15,Ahmedabad,Oil (palm),KG,actual,96.0
2021-04-15,Ahmedabad,Oil (palm),KG,actual,96.0
2021-05-15,Ahmedabad,Oil (palm),KG,actual,96.0
2021-06-15,Ahmedabad,Oil (palm),KG,actual,95.32
2021-07-15,Ahmedabad,Oil (palm),KG,actual,95.0
2021-08-15,Ahmedabad,Oil (palm),KG,actual,95.0
2021-09-15,Ahmedabad,Oil (palm),KG,actual,95.0
2021-10-15,Ahmedabad,Oil (palm),KG,actual,97.71
2021-11-15,Ahmedabad,Oil (palm),KG,actual,110.0
2021-12-15,Ahmedabad,Oil (palm),KG,actual,110.0
2022-01-15,Ahmedabad,Oil (palm),KG,actual,110.0
2022-02-15,Ahmedabad,Oil (palm),KG,actual,110.0
2022-03-15,Ahmedabad,Oil (palm),KG,actual,110.0
2022-04-15,Ahmedabad,Oil (palm),KG,actual,110.42
2022-05-15,Ahmedabad,Oil (palm),KG,actual,155.35
2022-06-15,Ahmedabad,Oil (palm),KG,actual,160.0
2022-07-15,Ahmedabad,Oil (palm),KG,actual,160.22
2022-08-15,Ahmedabad,Oil (palm),KG,actual,157.0
2022-09-15,Ahmedabad,Oil (palm),KG,actual,134.83
2022-10-15,Ahmedabad,Oil (palm),KG,actual,125.26
2022-11-15,Ahmedabad,Oil (palm),KG,actual,125.14
2022-12-15,Ahmedabad,Oil (palm),KG,actual,125.39
2023-01-15,Ahmedabad,Oil (palm),KG,actual,125.14
2023-02-15,Ahmedabad,Oil (palm),KG,actual,125.0
2023-03-15,Ahmedabad,Oil (palm),KG,actual,120.71
2023-04-15,Ahmedabad,Oil (palm),KG,actual,120.0
2023-05-15,Ahmedabad,Oil (palm),KG,actual,121.82
2023-06-15,Ahmedabad,Oil (palm),KG,actual,130.25
2023-07-15,Ahmedabad,Oil (palm),KG,actual,116.19
2015-04-15,Ahmedabad,Oil (soybean),KG,actual,77.0
2015-05-15,Ahmedabad,Oil (soybean),KG,actual,75.05
2015-06-15,Ahmedabad,Oil (soybean),KG,actual,75.23
2015-07-15,Ahmedabad,Oil (soybean),KG,actual,75.27
2015-08-15,Ahmedabad,Oil (soybean),KG,actual,74.15
2015-09-15,Ahmedabad,Oil (soybean),KG,actual,72.0
2015-10-15,Ahmedabad,Oil (soybean),KG,actual,72.0
2015-11-15,Ahmedabad,Oil (soybean),KG,actual,73.04
2015-12-15,Ahmedabad,Oil (soybean),KG,actual,74.43
2016-01-15,Ahmedabad,Oil (soybean),KG,actual,75.0
2016-02-15,Ahmedabad,Oil (soybean),KG,actual,75.0
2016-03-15,Ahmedabad,Oil (soybean),KG,actual,75.0
2016-04-15,Ahmedabad,Oil (soybean),KG,actual,75.0
2016-05-15,Ahmedabad,Oil (soybean),KG,actual,75.0
2016-06-15,Ahmedabad,Oil (soybean),KG,actual,73.2
2016-07-15,Ahmedabad,Oil (soybean),KG,actual,73.0
2016-08-15,Ahmedabad,Oil (soybean),KG,actual,73.0
2016-09-15,Ahmedabad,Oil (soybean),KG,actual,73.0
2016-10-15,Ahmedabad,Oil (soybean),KG,actual,73.14
2016-11-15,Ahmedabad,Oil (soybean),KG,actual,75.0
2016-12-15,Ahmedabad,Oil (soybean),KG,actual,75.0
2017-01-15,Ahmedabad,Oil (soybean),KG,actual,76.67
2017-02-15,Ahmedabad,Oil (soybean),KG,actual,77.0
2017-03-15,Ahmedabad,Oil (soybean),KG,actual,77.77
2017-04-15,Ahmedabad,Oil (soybean),KG,actual,79.0
2017-05-15,Ahmedabad,Oil (soybean),KG,actual,79.0
2017-06-15,Ahmedabad,Oil (soybean),KG,actual,79.0
2017-07-15,Ahmedabad,Oil (soybean),KG,actual,79.77
2017-08-15,Ahmedabad,Oil (soybean),KG,actual,80.0
2017-09-15,Ahmedabad,Oil (soybean),KG,actual,80.0
2017-10-15,Ahmedabad,Oil (soybean),KG,actual,80.0
2017-11-15,Ahmedabad,Oil (soybean),KG,actual,80.0
2017-12-15,Ahmedabad,Oil (soybean),KG,actual,80.0
2018-01-15,Ahmedabad,Oil (soybean),KG,actual,80.0
2018-02-15,Ahmedabad,Oil (soybean),KG,actual,80.0
2018-03-15,Ahmedabad,Oil (soybean),KG,actual,81.93
2018-04-15,Ahmedabad,Oil (soybean),KG,actual,85.0
2018-05-15,Ahmedabad,Oil (soybean),KG,actual,85.0
2018-06-15,Ahmedabad,Oil (soybean),KG,actual,85.0
2018-07-15,Ahmedabad,Oil (soybean),KG,actual,85.0
2018-08-15,Ahmedabad,Oil (soybean),KG,actual,85.0
2018-09-15,Ahmedabad,Oil (soybean),KG,actual,85.0
2018-10-15,Ahmedabad,Oil (soybean),KG,actual,85.0
2018-11-15,Ahmedabad,Oil (soybean),KG,actual,85.0
2019-01-15,Ahmedabad,Oil (soybean),KG,actual,85.0
2019-06-15,Ahmedabad,Oil (soybean),KG,actual,85.0
2019-07-15,Ahmedabad,Oil (soybean),KG,actual,85.0
2019-08-15,Ahmedabad,Oil (soybean),KG,actual,85.0
2019-09-15,Ahmedabad,Oil (soybean),KG,actual,85.0
2019-10-15,Ahmedabad,Oil (soybean),KG,actual,85.96
2019-11-15,Ahmedabad,Oil (soybean),KG,actual,87.0
2019-12-15,Ahmedabad,Oil (soybean),KG,actual,87.0
2020-01-15,Ahmedabad,Oil (soybean),KG,actual,87.0
2020-02-15,Ahmedabad,Oil (soybean),KG,actual,87.0
2020-03-15,Ahmedabad,Oil (soybean),KG,actual,99.16
2020-04-15,Ahmedabad,Oil (soybean),KG,actual,100.0
2020-05-15,Ahmedabad,Oil (soybean),KG,actual,100.0
2020-06-15,Ahmedabad,Oil (soybean),KG,actual,100.0
2020-07-15,Ahmedabad,Oil (soybean),KG,actual,100.06
2020-08-15,Ahmedabad,Oil (soybean),KG,actual,101.0
2020-09-15,Ahmedabad,Oil (soybean),KG,actual,102.13
2020-10-15,Ahmedabad,Oil (soybean),KG,actual,103.0
2020-11-15,Ahmedabad,Oil (soybean),KG,actual,103.67
2020-12-15,Ahmedabad,Oil (soybean),KG,actual,107.0
2021-01-15,Ahmedabad,Oil (soybean),KG,actual,117.92
2021-02-15,Ahmedabad,Oil (soybean),KG,actual,108.36
2021-03-15,Ahmedabad,Oil (soybean),KG,actual,111.0
2021-04-15,Ahmedabad,Oil (soybean),KG,actual,111.0
2021-05-15,Ahmedabad,Oil (soybean),KG,actual,111.0
2021-06-15,Ahmedabad,Oil (soybean),KG,actual,108.36
2021-07-15,Ahmedabad,Oil (soybean),KG,actual,107.0
2021-08-15,Ahmedabad,Oil (soybean),KG,actual,107.0
2021-09-15,Ahmedabad,Oil (soybean),KG,actual,107.92
2021-10-15,Ahmedabad,Oil (soybean),KG,actual,133.76
2021-11-15,Ahmedabad,Oil (soybean),KG,actual,150.0
2021-12-15,Ahmedabad,Oil (soybean),KG,actual,150.0
2022-01-15,Ahmedabad,Oil (soybean),KG,actual,150.0
2022-02-15,Ahmedabad,Oil (soybean),KG,actual,150.0
2022-03-15,Ahmedabad,Oil (soybean),KG,actual,150.0
2022-04-15,Ahmedabad,Oil (soybean),KG,actual,150.38
2022-05-15,Ahmedabad,Oil (soybean),KG,actual,169.95
2022-06-15,Ahmedabad,Oil (soybean),KG,actual,170.0
2022-07-15,Ahmedabad,Oil (soybean),KG,actual,178.22
2022-08-15,Ahmedabad,Oil (soybean),KG,actual,183.1
2022-09-15,Ahmedabad,Oil (soybean),KG,actual,154.35
2022-10-15,Ahmedabad,Oil (soybean),KG,actual,143.11
2022-11-15,Ahmedabad,Oil (soybean),KG,actual,143.09
2022-12-15,Ahmedabad,Oil (soybean),KG,actual,143.22
2023-01-15,Ahmedabad,Oil (soybean),KG,actual,143.1
2023-02-15,Ahmedabad,Oil (soybean),KG,actual,143.0
2023-03-15,Ahmedabad,Oil (soybean),KG,actual,140.43
2023-04-15,Ahmedabad,Oil (soybean),KG,actual,140.0
2023-05-15,Ahmedabad,Oil (soybean),KG,actual,142.18
2023-06-15,Ahmedabad,Oil (soybean),KG,actual,152.33
2023-07-15,Ahmedabad,Oil (soybean),KG,actual,152.12
2012-04-15,Ahmedabad,Oil (sunflower),KG,actual,83.12
2012-05-15,Ahmedabad,Oil (sunflower),KG,actual,80.83
2012-06-15,Ahmedabad,Oil (sunflower),KG,actual,80.0
2012-07-15,Ahmedabad,Oil (sunflower),KG,actual,80.73
2012-08-15,Ahmedabad,Oil (sunflower),KG,actual,84.05
2012-09-15,Ahmedabad,Oil (sunflower),KG,actual,84.6
2012-10-15,Ahmedabad,Oil (sunflower),KG,actual,82.11
2012-11-15,Ahmedabad,Oil (sunflower),KG,actual,82.0
2012-12-15,Ahmedabad,Oil (sunflower),KG,actual,82.0
2013-01-15,Ahmedabad,Oil (sunflower),KG,actual,85.0
2013-02-15,Ahmedabad,Oil (sunflower),KG,actual,87.45
2013-03-15,Ahmedabad,Oil (sunflower),KG,actual,89.0
2013-04-15,Ahmedabad,Oil (sunflower),KG,actual,87.35
2013-05-15,Ahmedabad,Oil (sunflower),KG,actual,87.0
2013-06-15,Ahmedabad,Oil (sunflower),KG,actual,87.0
2013-07-15,Ahmedabad,Oil (sunflower),KG,actual,87.0
2013-08-15,Ahmedabad,Oil (sunflower),KG,actual,87.0
2013-09-15,Ahmedabad,Oil (sunflower),KG,actual,87.0
2013-10-15,Ahmedabad,Oil (sunflower),KG,actual,87.0
2013-11-15,Ahmedabad,Oil (sunflower),KG,actual,87.0
2013-12-15,Ahmedabad,Oil (sunflower),KG,actual,87.0
2014-01-15,Ahmedabad,Oil (sunflower),KG,actual,87.0
2014-02-15,Ahmedabad,Oil (sunflower),KG,actual,87.0
2014-03-15,Ahmedabad,Oil (sunflower),KG,actual,87.0
2014-04-15,Ahmedabad,Oil (sunflower),KG,actual,87.0
2014-05-15,Ahmedabad,Oil (sunflower),KG,actual,83.0
2014-06-15,Ahmedabad,Oil (sunflower),KG,actual,78.71
2014-07-15,Ahmedabad,Oil (sunflower),KG,actual,77.0
2014-08-15,Ahmedabad,Oil (sunflower),KG,actual,77.0
2014-09-15,Ahmedabad,Oil (sunflower),KG,actual,77.0
2014-10-15,Ahmedabad,Oil (sunflower),KG,actual,77.0
2014-11-15,Ahmedabad,Oil (sunflower),KG,actual,77.0
2014-12-15,Ahmedabad,Oil (sunflower),KG,actual,75.32
2015-01-15,Ahmedabad,Oil (sunflower),KG,actual,74.0
2015-02-15,Ahmedabad,Oil (sunflower),KG,actual,74.0
2015-03-15,Ahmedabad,Oil (sunflower),KG,actual,74.0
2015-07-15,Ahmedabad,Oil (sunflower),KG,actual,78.73
2015-08-15,Ahmedabad,Oil (sunflower),KG,actual,78.37
2015-09-15,Ahmedabad,Oil (sunflower),KG,actual,80.0
2015-10-15,Ahmedabad,Oil (sunflower),KG,actual,80.0
2015-11-15,Ahmedabad,Oil (sunflower),KG,actual,81.04
2015-12-15,Ahmedabad,Oil (sunflower),KG,actual,82.43
2016-01-15,Ahmedabad,Oil (sunflower),KG,actual,83.0
2016-02-15,Ahmedabad,Oil (sunflower),KG,actual,83.0
2016-03-15,Ahmedabad,Oil (sunflower),KG,actual,83.0
2016-04-15,Ahmedabad,Oil (sunflower),KG,actual,85.0
2016-05-15,Ahmedabad,Oil (sunflower),KG,actual,85.0
2016-06-15,Ahmedabad,Oil (sunflower),KG,actual,86.8
2016-07-15,Ahmedabad,Oil (sunflower),KG,actual,87.0
2016-08-15,Ahmedabad,Oil (sunflower),KG,actual,87.0
2016-09-15,Ahmedabad,Oil (sunflower),KG,actual,87.0
2016-10-15,Ahmedabad,Oil (sunflower),KG,actual,86.83
2016-11-15,Ahmedabad,Oil (sunflower),KG,actual,85.0
2016-12-15,Ahmedabad,Oil (sunflower),KG,actual,85.0
2017-01-15,Ahmedabad,Oil (sunflower),KG,actual,84.17
2017-02-15,Ahmedabad,Oil (sunflower),KG,actual,83.26
2017-03-15,Ahmedabad,Oil (sunflower),KG,actual,82.55
2017-04-15,Ahmedabad,Oil (sunflower),KG,actual,82.0
2017-05-15,Ahmedabad,Oil (sunflower),KG,actual,81.61
2017-06-15,Ahmedabad,Oil (sunflower),KG,actual,81.0
2017-07-15,Ahmedabad,Oil (sunflower),KG,actual,79.45
2017-08-15,Ahmedabad,Oil (sunflower),KG,actual,79.0
2017-09-15,Ahmedabad,Oil (sunflower),KG,actual,79.0
2017-10-15,Ahmedabad,Oil (sunflower),KG,actual,79.0
2017-11-15,Ahmedabad,Oil (sunflower),KG,actual,79.0
2017-12-15,Ahmedabad,Oil (sunflower),KG,actual,79.0
2018-01-15,Ahmedabad,Oil (sunflower),KG,actual,79.0
2018-02-15,Ahmedabad,Oil (sunflower),KG,actual,79.0
2018-03-15,Ahmedabad,Oil (sunflower),KG,actual,80.64
2018-04-15,Ahmedabad,Oil (sunflower),KG,actual,83.0
2018-05-15,Ahmedabad,Oil (sunflower),KG,actual,83.0
2018-06-15,Ahmedabad,Oil (sunflower),KG,actual,83.0
2018-07-15,Ahmedabad,Oil (sunflower),KG,actual,83.0
2018-08-15,Ahmedabad,Oil (sunflower),KG,actual,83.0
2018-09-15,Ahmedabad,Oil (sunflower),KG,actual,83.0
2018-10-15,Ahmedabad,Oil (sunflower),KG,actual,83.0
2018-11-15,Ahmedabad,Oil (sunflower),KG,actual,83.0
2019-06-15,Ahmedabad,Oil (sunflower),KG,actual,83.0
2019-07-15,Ahmedabad,Oil (sunflower),KG,actual,83.0
2019-08-15,Ahmedabad,Oil (sunflower),KG,actual,83.0
2019-09-15,Ahmedabad,Oil (sunflower),KG,actual,83.0
2019-10-15,Ahmedabad,Oil (sunflower),KG,actual,84.92
2019-11-15,Ahmedabad,Oil (sunflower),KG,actual,87.0
2019-12-15,Ahmedabad,Oil (sunflower),KG,actual,88.73
2020-01-15,Ahmedabad,Oil (sunflower),KG,actual,89.0
2020-02-15,Ahmedabad,Oil (sunflower),KG,actual,89.0
2020-03-15,Ahmedabad,Oil (sunflower),KG,actual,89.0
2020-04-15,Ahmedabad,Oil (sunflower),KG,actual,93.8
2020-05-15,Ahmedabad,Oil (sunflower),KG,actual,95.0
2020-06-15,Ahmedabad,Oil (sunflower),KG,actual,95.0
2020-07-15,Ahmedabad,Oil (sunflower),KG,actual,95.32
2020-08-15,Ahmedabad,Oil (sunflower),KG,actual,100.0
2020-09-15,Ahmedabad,Oil (sunflower),KG,actual,101.7
2020-10-15,Ahmedabad,Oil (sunflower),KG,actual,103.0
2020-11-15,Ahmedabad,Oil (sunflower),KG,actual,105.33
2020-12-15,Ahmedabad,Oil (sunflower),KG,actual,117.0
2021-01-15,Ahmedabad,Oil (sunflower),KG,actual,129.33
2021-02-15,Ahmedabad,Oil (sunflower),KG,actual,118.36
2021-03-15,Ahmedabad,Oil (sunflower),KG,actual,121.0
2021-04-15,Ahmedabad,Oil (sunflower),KG,actual,121.0
2021-05-15,Ahmedabad,Oil (sunflower),KG,actual,121.0
2021-06-15,Ahmedabad,Oil (sunflower),KG,actual,127.12
2021-07-15,Ahmedabad,Oil (sunflower),KG,actual,130.0
2021-08-15,Ahmedabad,Oil (sunflower),KG,actual,130.0
2021-09-15,Ahmedabad,Oil (sunflower),KG,actual,130.4
2021-10-15,Ahmedabad,Oil (sunflower),KG,actual,143.65
2021-11-15,Ahmedabad,Oil (sunflower),KG,actual,160.0
2021-12-15,Ahmedabad,Oil (sunflower),KG,actual,160.0
2022-01-15,Ahmedabad,Oil (sunflower),KG,actual,160.0
2022-02-15,Ahmedabad,Oil (sunflower),KG,actual,160.0
2022-03-15,Ahmedabad,Oil (sunflower),KG,actual,160.0
2022-04-15,Ahmedabad,Oil (sunflower),KG,actual,160.5
2022-05-15,Ahmedabad,Oil (sunflower),KG,actual,179.9
2022-06-15,Ahmedabad,Oil (sunflower),KG,actual,180.0
2022-07-15,Ahmedabad,Oil (sunflower),KG,actual,182.48
2022-08-15,Ahmedabad,Oil (sunflower),KG,actual,184.65
2022-09-15,Ahmedabad,Oil (sunflower),KG,actual,179.35
2022-10-15,Ahmedabad,Oil (sunflower),KG,actual,166.21
2022-11-15,Ahmedabad,Oil (sunflower),KG,actual,166.09
2022-12-15,Ahmedabad,Oil (sunflower),KG,actual,166.33
2023-01-15,Ahmedabad,Oil (sunflower),KG,actual,166.1
2023-02-15,Ahmedabad,Oil (sunflower),KG,actual,166.0
2023-03-15,Ahmedabad,Oil (sunflower),KG,actual,165.14
2023-04-15,Ahmedabad,Oil (sunflower),KG,actual,165.0
2023-05-15,Ahmedabad,Oil (sunflower),KG,actual,165.0
2023-06-15,Ahmedabad,Oil (sunflower),KG,actual,165.25
2023-07-15,Ahmedabad,Oil (sunflower),KG,actual,146.35
2012-04-15,Ahmedabad,Onions,KG,actual,9.06
2012-07-15,Ahmedabad,Onions,KG,actual,12.27
2012-08-15,Ahmedabad,Onions,KG,actual,14.79
2012-09-15,Ahmedabad,Onions,KG,actual,13.8
2012-10-15,Ahmedabad,Onions,KG,actual,14.68
2012-11-15,Ahmedabad,Onions,KG,actual,12.0
2012-12-15,Ahmedabad,Onions,KG,actual,12.0
2013-01-15,Ahmedabad,Onions,KG,actual,12.42
2013-02-15,Ahmedabad,Onions,KG,actual,21.9
2013-03-15,Ahmedabad,Onions,KG,actual,19.5
2013-04-15,Ahmedabad,Onions,KG,actual,19.0
2013-05-15,Ahmedabad,Onions,KG,actual,19.0
2013-06-15,Ahmedabad,Onions,KG,actual,19.0
2013-07-15,Ahmedabad,Onions,KG,actual,21.91
2013-08-15,Ahmedabad,Onions,KG,actual,43.06
2013-09-15,Ahmedabad,Onions,KG,actual,44.85
2013-10-15,Ahmedabad,Onions,KG,actual,48.2
2013-11-15,Ahmedabad,Onions,KG,actual,55.56
2013-12-15,Ahmedabad,Onions,KG,actual,41.36
2014-01-15,Ahmedabad,Onions,KG,actual,23.57
2014-02-15,Ahmedabad,Onions,KG,actual,20.0
2014-03-15,Ahmedabad,Onions,KG,actual,20.0
2014-04-15,Ahmedabad,Onions,KG,actual,19.67
2014-05-15,Ahmedabad,Onions,KG,actual,18.61
2014-06-15,Ahmedabad,Onions,KG,actual,21.14
2014-07-15,Ahmedabad,Onions,KG,actual,28.23
2014-08-15,Ahmedabad,Onions,KG,actual,24.0
2014-09-15,Ahmedabad,Onions,KG,actual,24.36
2014-10-15,Ahmedabad,Onions,KG,actual,25.5
2014-11-15,Ahmedabad,Onions,KG,actual,23.59
2014-12-15,Ahmedabad,Onions,KG,actual,20.91
2015-01-15,Ahmedabad,Onions,KG,actual,20.79
2015-02-15,Ahmedabad,Onions,KG,actual,21.74
2015-03-15,Ahmedabad,Onions,KG,actual,19.33
2015-04-15,Ahmedabad,Onions,KG,actual,17.56
2015-05-15,Ahmedabad,Onions,KG,actual,17.53
2015-06-15,Ahmedabad,Onions,KG,actual,24.32
2015-07-15,Ahmedabad,Onions,KG,actual,30.14
2015-08-15,Ahmedabad,Onions,KG,actual,41.45
2015-09-15,Ahmedabad,Onions,KG,actual,50.45
2015-10-15,Ahmedabad,Onions,KG,actual,41.38
2015-11-15,Ahmedabad,Onions,KG,actual,35.04
2015-12-15,Ahmedabad,Onions,KG,actual,33.76
2016-01-15,Ahmedabad,Onions,KG,actual,25.0
2016-02-15,Ahmedabad,Onions,KG,actual,22.28
2016-03-15,Ahmedabad,Onions,KG,actual,22.0
2016-04-15,Ahmedabad,Onions,KG,actual,20.8
2016-05-15,Ahmedabad,Onions,KG,actual,16.1
2016-06-15,Ahmedabad,Onions,KG,actual,17.8
2016-07-15,Ahmedabad,Onions,KG,actual,20.0
2016-08-15,Ahmedabad,Onions,KG,actual,20.0
2016-09-15,Ahmedabad,Onions,KG,actual,20.0
2016-10-15,Ahmedabad,Onions,KG,actual,19.28
2016-11-15,Ahmedabad,Onions,KG,actual,15.0
2016-12-15,Ahmedabad,Onions,KG,actual,15.0
2017-01-15,Ahmedabad,Onions,KG,actual,15.0
2017-02-15,Ahmedabad,Onions,KG,actual,15.0
2017-03-15,Ahmedabad,Onions,KG,actual,15.0
2017-04-15,Ahmedabad,Onions,KG,actual,15.0
2017-05-15,Ahmedabad,Onions,KG,actual,15.0
2017-06-15,Ahmedabad,Onions,KG,actual,15.0
2017-07-15,Ahmedabad,Onions,KG,actual,19.1
2017-08-15,Ahmedabad,Onions,KG,actual,24.21
2017-09-15,Ahmedabad,Onions,KG,actual,27.0
2017-10-15,Ahmedabad,Onions,KG,actual,29.54
2017-11-15,Ahmedabad,Onions,KG,actual,32.07
2017-12-15,Ahmedabad,Onions,KG,actual,34.0
2018-01-15,Ahmedabad,Onions,KG,actual,34.0
2018-02-15,Ahmedabad,Onions,KG,actual,34.0
2018-03-15,Ahmedabad,Onions,KG,actual,34.0
2018-04-15,Ahmedabad,Onions,KG,actual,28.03
2018-05-15,Ahmedabad,Onions,KG,actual,18.8
2018-06-15,Ahmedabad,Onions,KG,actual,16.87
2018-07-15,Ahmedabad,Onions,KG,actual,18.25
2018-08-15,Ahmedabad,Onions,KG,actual,18.32
2018-09-15,Ahmedabad,Onions,KG,actual,17.43
2018-10-15,Ahmedabad,Onions,KG,actual,17.0
2018-11-15,Ahmedabad,Onions,KG,actual,17.0
2019-01-15,Ahmedabad,Onions,KG,actual,15.5
2019-07-15,Ahmedabad,Onions,KG,actual,15.0
2019-08-15,Ahmedabad,Onions,KG,actual,15.0
2019-09-15,Ahmedabad,Onions,KG,actual,25.0
2019-10-15,Ahmedabad,Onions,KG,actual,51.54
2019-11-15,Ahmedabad,Onions,KG,actual,55.38
2019-12-15,Ahmedabad,Onions,KG,actual,94.57
2020-01-15,Ahmedabad,Onions,KG,actual,70.86
2020-02-15,Ahmedabad,Onions,KG,actual,43.89
2020-03-15,Ahmedabad,Onions,KG,actual,30.81
2020-04-15,Ahmedabad,Onions,KG,actual,30.67
2020-05-15,Ahmedabad,Onions,KG,actual,25.0
2020-06-15,Ahmedabad,Onions,KG,actual,24.93
2020-07-15,Ahmedabad,Onions,KG,actual,25.29
2020-08-15,Ahmedabad,Onions,KG,actual,28.11
2020-09-15,Ahmedabad,Onions,KG,actual,36.7
2020-10-15,Ahmedabad,Onions,KG,actual,49.58
2020-11-15,Ahmedabad,Onions,KG,actual,62.71
2020-12-15,Ahmedabad,Onions,KG,actual,55.96
2021-01-15,Ahmedabad,Onions,KG,actual,39.38
2021-02-15,Ahmedabad,Onions,KG,actual,40.0
2021-03-15,Ahmedabad,Onions,KG,actual,36.42
2021-04-15,Ahmedabad,Onions,KG,actual,35.0
2021-05-15,Ahmedabad,Onions,KG,actual,35.0
2021-06-15,Ahmedabad,Onions,KG,actual,35.0
2021-07-15,Ahmedabad,Onions,KG,actual,35.0
2021-08-15,Ahmedabad,Onions,KG,actual,34.11
2021-09-15,Ahmedabad,Onions,KG,actual,30.0
2021-10-15,Ahmedabad,Onions,KG,actual,34.0
2021-11-15,Ahmedabad,Onions,KG,actual,54.93
2021-12-15,Ahmedabad,Onions,KG,actual,55.11
2022-01-15,Ahmedabad,Onions,KG,actual,55.0
2022-02-15,Ahmedabad,Onions,KG,actual,55.0
2022-03-15,Ahmedabad,Onions,KG,actual,55.0
2022-04-15,Ahmedabad,Onions,KG,actual,42.92
2022-05-15,Ahmedabad,Onions,KG,actual,18.86
2022-06-15,Ahmedabad,Onions,KG,actual,20.05
2022-07-15,Ahmedabad,Onions,KG,actual,21.78
2022-08-15,Ahmedabad,Onions,KG,actual,24.1
2022-09-15,Ahmedabad,Onions,KG,actual,21.87
2022-10-15,Ahmedabad,Onions,KG,actual,20.21
2022-11-15,Ahmedabad,Onions,KG,actual,19.91
2022-12-15,Ahmedabad,Onions,KG,actual,20.12
2023-01-15,Ahmedabad,Onions,KG,actual,20.24
2023-02-15,Ahmedabad,Onions,KG,actual,20.15
2023-03-15,Ahmedabad,Onions,KG,actual,17.57
2023-04-15,Ahmedabad,Onions,KG,actual,17.0
2023-05-15,Ahmedabad,Onions,KG,actual,25.0
2023-06-15,Ahmedabad,Onions,KG,actual,23.13
2023-07-15,Ahmedabad,Onions,KG,actual,23.04
2012-04-15,Ahmedabad,Potatoes,KG,actual,10.94
2012-07-15,Ahmedabad,Potatoes,KG,actual,13.45
2012-08-15,Ahmedabad,Potatoes,KG,actual,17.16
2012-09-15,Ahmedabad,Potatoes,KG,actual,16.2
2012-10-15,Ahmedabad,Potatoes,KG,actual,18.68
2012-11-15,Ahmedabad,Potatoes,KG,actual,17.56
2012-12-15,Ahmedabad,Potatoes,KG,actual,18.0
2013-01-15,Ahmedabad,Potatoes,KG,actual,18.0
2013-02-15,Ahmedabad,Potatoes,KG,actual,18.0
2013-03-15,Ahmedabad,Potatoes,KG,actual,16.44
2013-04-15,Ahmedabad,Potatoes,KG,actual,15.0
2013-05-15,Ahmedabad,Potatoes,KG,actual,15.0
2013-06-15,Ahmedabad,Potatoes,KG,actual,15.0
2013-07-15,Ahmedabad,Potatoes,KG,actual,15.27
2013-08-15,Ahmedabad,Potatoes,KG,actual,19.22
2013-09-15,Ahmedabad,Potatoes,KG,actual,19.0
2013-10-15,Ahmedabad,Potatoes,KG,actual,20.1
2013-11-15,Ahmedabad,Potatoes,KG,actual,20.31
2013-12-15,Ahmedabad,Potatoes,KG,actual,20.0
2014-01-15,Ahmedabad,Potatoes,KG,actual,20.0
2014-02-15,Ahmedabad,Potatoes,KG,actual,20.0
2014-03-15,Ahmedabad,Potatoes,KG,actual,20.0
2014-04-15,Ahmedabad,Potatoes,KG,actual,19.75
2014-05-15,Ahmedabad,Potatoes,KG,actual,18.78
2014-06-15,Ahmedabad,Potatoes,KG,actual,23.29
2014-07-15,Ahmedabad,Potatoes,KG,actual,25.45
2014-08-15,Ahmedabad,Potatoes,KG,actual,23.2
2014-09-15,Ahmedabad,Potatoes,KG,actual,23.55
2014-10-15,Ahmedabad,Potatoes,KG,actual,22.94
2014-11-15,Ahmedabad,Potatoes,KG,actual,22.24
2014-12-15,Ahmedabad,Potatoes,KG,actual,20.18
2015-01-15,Ahmedabad,Potatoes,KG,actual,19.16
2015-02-15,Ahmedabad,Potatoes,KG,actual,19.47
2015-03-15,Ahmedabad,Potatoes,KG,actual,15.52
2015-04-15,Ahmedabad,Potatoes,KG,actual,9.44
2015-05-15,Ahmedabad,Potatoes,KG,actual,7.89
2015-06-15,Ahmedabad,Potatoes,KG,actual,13.64
2015-07-15,Ahmedabad,Potatoes,KG,actual,17.0
2015-08-15,Ahmedabad,Potatoes,KG,actual,13.65
2015-09-15,Ahmedabad,Potatoes,KG,actual,11.2
2015-10-15,Ahmedabad,Potatoes,KG,actual,11.9
2015-11-15,Ahmedabad,Potatoes,KG,actual,12.0
2015-12-15,Ahmedabad,Potatoes,KG,actual,12.0
2016-01-15,Ahmedabad,Potatoes,KG,actual,14.0
2016-02-15,Ahmedabad,Potatoes,KG,actual,14.0
2016-03-15,Ahmedabad,Potatoes,KG,actual,14.0
2016-04-15,Ahmedabad,Potatoes,KG,actual,14.0
2016-05-15,Ahmedabad,Potatoes,KG,actual,16.71
2016-06-15,Ahmedabad,Potatoes,KG,actual,21.4
2016-07-15,Ahmedabad,Potatoes,KG,actual,23.0
2016-08-15,Ahmedabad,Potatoes,KG,actual,23.0
2016-09-15,Ahmedabad,Potatoes,KG,actual,20.6
2016-10-15,Ahmedabad,Potatoes,KG,actual,19.28
2016-11-15,Ahmedabad,Potatoes,KG,actual,15.0
2016-12-15,Ahmedabad,Potatoes,KG,actual,15.0
2017-01-15,Ahmedabad,Potatoes,KG,actual,15.0
2017-02-15,Ahmedabad,Potatoes,KG,actual,15.0
2017-03-15,Ahmedabad,Potatoes,KG,actual,15.0
2017-04-15,Ahmedabad,Potatoes,KG,actual,15.0
2017-05-15,Ahmedabad,Potatoes,KG,actual,15.0
2017-06-15,Ahmedabad,Potatoes,KG,actual,15.0
2017-07-15,Ahmedabad,Potatoes,KG,actual,19.1
2017-08-15,Ahmedabad,Potatoes,KG,actual,20.0
2017-09-15,Ahmedabad,Potatoes,KG,actual,20.0
2017-10-15,Ahmedabad,Potatoes,KG,actual,20.0
2017-11-15,Ahmedabad,Potatoes,KG,actual,20.0
2017-12-15,Ahmedabad,Potatoes,KG,actual,19.6
2018-01-15,Ahmedabad,Potatoes,KG,actual,18.0
2018-02-15,Ahmedabad,Potatoes,KG,actual,18.0
2018-03-15,Ahmedabad,Potatoes,KG,actual,14.79
2018-04-15,Ahmedabad,Potatoes,KG,actual,14.9
2018-05-15,Ahmedabad,Potatoes,KG,actual,18.93
2018-06-15,Ahmedabad,Potatoes,KG,actual,20.0
2018-07-15,Ahmedabad,Potatoes,KG,actual,20.36
2018-08-15,Ahmedabad,Potatoes,KG,actual,20.39
2018-09-15,Ahmedabad,Potatoes,KG,actual,18.87
2018-10-15,Ahmedabad,Potatoes,KG,actual,18.0
2018-11-15,Ahmedabad,Potatoes,KG,actual,18.0
2019-01-15,Ahmedabad,Potatoes,KG,actual,17.25
2019-06-15,Ahmedabad,Potatoes,KG,actual,16.23
2019-07-15,Ahmedabad,Potatoes,KG,actual,17.0
2019-08-15,Ahmedabad,Potatoes,KG,actual,16.31
2019-09-15,Ahmedabad,Potatoes,KG,actual,14.38
2019-10-15,Ahmedabad,Potatoes,KG,actual,15.38
2019-11-15,Ahmedabad,Potatoes,KG,actual,18.03
2019-12-15,Ahmedabad,Potatoes,KG,actual,25.07
2020-01-15,Ahmedabad,Potatoes,KG,actual,29.48
2020-02-15,Ahmedabad,Potatoes,KG,actual,21.48
2020-03-15,Ahmedabad,Potatoes,KG,actual,20.0
2020-04-15,Ahmedabad,Potatoes,KG,actual,20.0
2020-05-15,Ahmedabad,Potatoes,KG,actual,20.0
2020-06-15,Ahmedabad,Potatoes,KG,actual,21.0
2020-07-15,Ahmedabad,Potatoes,KG,actual,25.74
2020-08-15,Ahmedabad,Potatoes,KG,actual,32.56
2020-09-15,Ahmedabad,Potatoes,KG,actual,38.0
2020-10-15,Ahmedabad,Potatoes,KG,actual,39.94
2020-11-15,Ahmedabad,Potatoes,KG,actual,50.0
2020-12-15,Ahmedabad,Potatoes,KG,actual,47.5
2021-01-15,Ahmedabad,Potatoes,KG,actual,31.77
2021-02-15,Ahmedabad,Potatoes,KG,actual,38.0
2021-03-15,Ahmedabad,Potatoes,KG,actual,24.88
2021-04-15,Ahmedabad,Potatoes,KG,actual,20.0
2021-05-15,Ahmedabad,Potatoes,KG,actual,20.0
2021-06-15,Ahmedabad,Potatoes,KG,actual,20.0
2021-07-15,Ahmedabad,Potatoes,KG,actual,20.0
2021-08-15,Ahmedabad,Potatoes,KG,actual,20.0
2021-09-15,Ahmedabad,Potatoes,KG,actual,20.0
2021-10-15,Ahmedabad,Potatoes,KG,actual,24.0
2021-11-15,Ahmedabad,Potatoes,KG,actual,29.93
2021-12-15,Ahmedabad,Potatoes,KG,actual,30.05
2022-01-15,Ahmedabad,Potatoes,KG,actual,30.0
2022-02-15,Ahmedabad,Potatoes,KG,actual,30.0
2022-03-15,Ahmedabad,Potatoes,KG,actual,30.0
2022-04-15,Ahmedabad,Potatoes,KG,actual,26.58
2022-05-15,Ahmedabad,Potatoes,KG,actual,21.14
2022-06-15,Ahmedabad,Potatoes,KG,actual,26.05
2022-07-15,Ahmedabad,Potatoes,KG,actual,25.52
2022-08-15,Ahmedabad,Potatoes,KG,actual,25.1
2022-09-15,Ahmedabad,Potatoes,KG,actual,25.09
2022-10-15,Ahmedabad,Potatoes,KG,actual,25.21
2022-11-15,Ahmedabad,Potatoes,KG,actual,24.91
2022-12-15,Ahmedabad,Potatoes,KG,actual,25.12
2023-01-15,Ahmedabad,Potatoes,KG,actual,25.24
2023-02-15,Ahmedabad,Potatoes,KG,actual,25.15
2023-03-15,Ahmedabad,Potatoes,KG,actual,21.0
2023-04-15,Ahmedabad,Potatoes,KG,actual,18.45
2023-05-15,Ahmedabad,Potatoes,KG,actual,22.09
2023-06-15,Ahmedabad,Potatoes,KG,actual,24.13
2023-07-15,Ahmedabad,Potatoes,KG,actual,24.04
1994-01-15,Ahmedabad,Rice,KG,actual,6.8
1994-02-15,Ahmedabad,Rice,KG,actual,6.9
1994-03-15,Ahmedabad,Rice,KG,actual,7.25
1994-04-15,Ahmedabad,Rice,KG,actual,7.25
1994-05-15,Ahmedabad,Rice,KG,actual,6.8
1994-08-15,Ahmedabad,Rice,KG,actual,7.6
1994-09-15,Ahmedabad,Rice,KG,actual,7.8
1994-11-15,Ahmedabad,Rice,KG,actual,8.5
1994-12-15,Ahmedabad,Rice,KG,actual,8.4
1996-01-15,Ahmedabad,Rice,KG,actual,8.5
1996-02-15,Ahmedabad,Rice,KG,actual,8.8
1996-03-15,Ahmedabad,Rice,KG,actual,9.5
1996-04-15,Ahmedabad,Rice,KG,actual,9.5
1996-05-15,Ahmedabad,Rice,KG,actual,9.8
1996-06-15,Ahmedabad,Rice,KG,actual,10.0
1996-07-15,Ahmedabad,Rice,KG,actual,8.0
1996-08-15,Ahmedabad,Rice,KG,actual,7.8
1996-09-15,Ahmedabad,Rice,KG,actual,7.8
1996-10-15,Ahmedabad,Rice,KG,actual,7.5
1996-11-15,Ahmedabad,Rice,KG,actual,7.5
1996-12-15,Ahmedabad,Rice,KG,actual,8.5
1997-01-15,Ahmedabad,Rice,KG,actual,8.5
1997-02-15,Ahmedabad,Rice,KG,actual,9.5
1997-03-15,Ahmedabad,Rice,KG,actual,8.0
1997-04-15,Ahmedabad,Rice,KG,actual,9.0
1997-05-15,Ahmedabad,Rice,KG,actual,9.0
1997-06-15,Ahmedabad,Rice,KG,actual,9.5
1997-07-15,Ahmedabad,Rice,KG,actual,10.0
1997-08-15,Ahmedabad,Rice,KG,actual,10.0
1997-09-15,Ahmedabad,Rice,KG,actual,10.0
1997-10-15,Ahmedabad,Rice,KG,actual,10.0
1997-11-15,Ahmedabad,Rice,KG,actual,10.0
1997-12-15,Ahmedabad,Rice,KG,actual,9.5
1998-01-15,Ahmedabad,Rice,KG,actual,9.5
1998-02-15,Ahmedabad,Rice,KG,actual,9.5
1998-03-15,Ahmedabad,Rice,KG,actual,9.5
1998-04-15,Ahmedabad,Rice,KG,actual,9.5
1998-05-15,Ahmedabad,Rice,KG,actual,9.5
1998-06-15,Ahmedabad,Rice,KG,actual,10.0
1998-07-15,Ahmedabad,Rice,KG,actual,9.8
1998-08-15,Ahmedabad,Rice,KG,actual,10.0
1998-09-15,Ahmedabad,Rice,KG,actual,9.5
1998-11-15,Ahmedabad,Rice,KG,actual,9.5
1998-12-15,Ahmedabad,Rice,KG,actual,10.0
1999-01-15,Ahmedabad,Rice,KG,actual,10.0
1999-02-15,Ahmedabad,Rice,KG,actual,10.0
1999-03-15,Ahmedabad,Rice,KG,actual,9.5
1999-04-15,Ahmedabad,Rice,KG,actual,9.8
1999-05-15,Ahmedabad,Rice,KG,actual,9.5
1999-06-15,Ahmedabad,Rice,KG,actual,9.8
1999-07-15,Ahmedabad,Rice,KG,actual,10.0
1999-08-15,Ahmedabad,Rice,KG,actual,10.0
1999-09-15,Ahmedabad,Rice,KG,actual,10.0
1999-10-15,Ahmedabad,Rice,KG,actual,10.0
1999-11-15,Ahmedabad,Rice,KG,actual,9.5
1999-12-15,Ahmedabad,Rice,KG,actual,8.5
2000-01-15,Ahmedabad,Rice,KG,actual,8.5
2000-02-15,Ahmedabad,Rice,KG,actual,8.25
2000-03-15,Ahmedabad,Rice,KG,actual,8.0
2000-04-15,Ahmedabad,Rice,KG,actual,8.25
2000-05-15,Ahmedabad,Rice,KG,actual,8.25
2000-06-15,Ahmedabad,Rice,KG,actual,7.75
2000-07-15,Ahmedabad,Rice,KG,actual,8.25
2000-08-15,Ahmedabad,Rice,KG,actual,8.25
2000-09-15,Ahmedabad,Rice,KG,actual,7.75
2000-10-15,Ahmedabad,Rice,KG,actual,7.75
2000-11-15,Ahmedabad,Rice,KG,actual,9.0
2000-12-15,Ahmedabad,Rice,KG,actual,8.75
2001-01-15,Ahmedabad,Rice,KG,actual,8.0
2001-02-15,Ahmedabad,Rice,KG,actual,8.25
2001-03-15,Ahmedabad,Rice,KG,actual,8.5
2001-04-15,Ahmedabad,Rice,KG,actual,8.5
2002-02-15,Ahmedabad,Rice,KG,actual,8.25
2002-03-15,Ahmedabad,Rice,KG,actual,8.25
2002-07-15,Ahmedabad,Rice,KG,actual,9.5
2002-09-15,Ahmedabad,Rice,KG,actual,8.8
2002-10-15,Ahmedabad,Rice,KG,actual,9.25
2002-11-15,Ahmedabad,Rice,KG,actual,9.25
2002-12-15,Ahmedabad,Rice,KG,actual,9.5
2003-01-15,Ahmedabad,Rice,KG,actual,9.5
2003-02-15,Ahmedabad,Rice,KG,actual,9.5
2003-03-15,Ahmedabad,Rice,KG,actual,9.5
2003-04-15,Ahmedabad,Rice,KG,actual,9.25
2003-05-15,Ahmedabad,Rice,KG,actual,9.5
2003-06-15,Ahmedabad,Rice,KG,actual,9.5
2003-07-15,Ahmedabad,Rice,KG,actual,9.5
2003-08-15,Ahmedabad,Rice,KG,actual,8.8
2003-09-15,Ahmedabad,Rice,KG,actual,8.8
2003-10-15,Ahmedabad,Rice,KG,actual,8.5
2003-11-15,Ahmedabad,Rice,KG,actual,8.8
2004-01-15,Ahmedabad,Rice,KG,actual,8.8
2004-02-15,Ahmedabad,Rice,KG,actual,8.8
2004-03-15,Ahmedabad,Rice,KG,actual,8.8
2004-04-15,Ahmedabad,Rice,KG,actual,8.8
2004-05-15,Ahmedabad,Rice,KG,actual,8.8
2004-06-15,Ahmedabad,Rice,KG,actual,8.8
2004-07-15,Ahmedabad,Rice,KG,actual,10.0
2004-08-15,Ahmedabad,Rice,KG,actual,10.0
2004-09-15,Ahmedabad,Rice,KG,actual,10.0
2004-10-15,Ahmedabad,Rice,KG,actual,10.0
2004-11-15,Ahmedabad,Rice,KG,actual,10.0
2004-12-15,Ahmedabad,Rice,KG,actual,10.0
2005-01-15,Ahmedabad,Rice,KG,actual,10.0
2005-02-15,Ahmedabad,Rice,KG,actual,10.0
2005-03-15,Ahmedabad,Rice,KG,actual,10.0
2005-04-15,Ahmedabad,Rice,KG,actual,10.0
2005-05-15,Ahmedabad,Rice,KG,actual,10.0
2005-06-15,Ahmedabad,Rice,KG,actual,10.0
2005-07-15,Ahmedabad,Rice,KG,actual,10.0
2005-08-15,Ahmedabad,Rice,KG,actual,12.0
2005-09-15,Ahmedabad,Rice,KG,actual,12.0
2005-10-15,Ahmedabad,Rice,KG,actual,12.0
2005-11-15,Ahmedabad,Rice,KG,actual,12.0
2005-12-15,Ahmedabad,Rice,KG,actual,12.0
2006-01-15,Ahmedabad,Rice,KG,actual,12.0
2006-02-15,Ahmedabad,Rice,KG,actual,12.0
2006-03-15,Ahmedabad,Rice,KG,actual,12.0
2006-04-15,Ahmedabad,Rice,KG,actual,12.0
2006-05-15,Ahmedabad,Rice,KG,actual,12.0
2006-06-15,Ahmedabad,Rice,KG,actual,12.0
2006-07-15,Ahmedabad,Rice,KG,actual,12.0
2006-08-15,Ahmedabad,Rice,KG,actual,12.0
2006-09-15,Ahmedabad,Rice,KG,actual,12.0
2006-10-15,Ahmedabad,Rice,KG,actual,12.0
2006-11-15,Ahmedabad,Rice,KG,actual,13.0
2006-12-15,Ahmedabad,Rice,KG,actual,13.0
2007-01-15,Ahmedabad,Rice,KG,actual,14.0
2007-02-15,Ahmedabad,Rice,KG,actual,13.0
2007-03-15,Ahmedabad,Rice,KG,actual,11.0
2007-04-15,Ahmedabad,Rice,KG,actual,11.0
2007-05-15,Ahmedabad,Rice,KG,actual,11.0
2007-06-15,Ahmedabad,Rice,KG,actual,11.5
2007-07-15,Ahmedabad,Rice,KG,actual,11.0
2007-08-15,Ahmedabad,Rice,KG,actual,11.75
2007-09-15,Ahmedabad,Rice,KG,actual,11.75
2007-10-15,Ahmedabad,Rice,KG,actual,13.0
2007-11-15,Ahmedabad,Rice,KG,actual,12.75
2007-12-15,Ahmedabad,Rice,KG,actual,12.75
2008-01-15,Ahmedabad,Rice,KG,actual,14.5
2008-02-15,Ahmedabad,Rice,KG,actual,14.5
2008-03-15,Ahmedabad,Rice,KG,actual,14.5
2008-04-15,Ahmedabad,Rice,KG,actual,14.75
2008-05-15,Ahmedabad,Rice,KG,actual,14.75
2008-06-15,Ahmedabad,Rice,KG,actual,16.25
2008-07-15,Ahmedabad,Rice,KG,actual,16.25
2008-08-15,Ahmedabad,Rice,KG,actual,16.5
2008-09-15,Ahmedabad,Rice,KG,actual,16.5
2008-10-15,Ahmedabad,Rice,KG,actual,15.5
2008-11-15,Ahmedabad,Rice,KG,actual,16.5
2008-12-15,Ahmedabad,Rice,KG,actual,16.5
2009-01-15,Ahmedabad,Rice,KG,actual,17.0
2009-02-15,Ahmedabad,Rice,KG,actual,16.0
2009-03-15,Ahmedabad,Rice,KG,actual,16.0
2009-04-15,Ahmedabad,Rice,KG,actual,16.0
2009-05-15,Ahmedabad,Rice,KG,actual,16.5
2009-06-15,Ahmedabad,Rice,KG,actual,16.5
2009-07-15,Ahmedabad,Rice,KG,actual,15.0
2009-08-15,Ahmedabad,Rice,KG,actual,16.0
2009-09-15,Ahmedabad,Rice,KG,actual,16.0
2009-10-15,Ahmedabad,Rice,KG,actual,18.0
2009-11-15,Ahmedabad,Rice,KG,actual,22.0
2009-12-15,Ahmedabad,Rice,KG,actual,23.0
2010-01-15,Ahmedabad,Rice,KG,actual,18.0
2010-02-15,Ahmedabad,Rice,KG,actual,17.0
2010-03-15,Ahmedabad,Rice,KG,actual,18.0
2010-04-15,Ahmedabad,Rice,KG,actual,17.0
2010-05-15,Ahmedabad,Rice,KG,actual,19.0
2010-06-15,Ahmedabad,Rice,KG,actual,19.0
2010-07-15,Ahmedabad,Rice,KG,actual,19.0
2010-08-15,Ahmedabad,Rice,KG,actual,17.0
2010-09-15,Ahmedabad,Rice,KG,actual,16.0
2010-10-15,Ahmedabad,Rice,KG,actual,16.0
2010-11-15,Ahmedabad,Rice,KG,actual,16.0
2010-12-15,Ahmedabad,Rice,KG,actual,15.0
2011-01-15,Ahmedabad,Rice,KG,actual,15.0
2011-02-15,Ahmedabad,Rice,KG,actual,15.0
2011-03-15,Ahmedabad,Rice,KG,actual,15.0
2011-04-15,Ahmedabad,Rice,KG,actual,15.17
2011-05-15,Ahmedabad,Rice,KG,actual,16.0
2011-06-15,Ahmedabad,Rice,KG,actual,16.0
2011-07-15,Ahmedabad,Rice,KG,actual,19.05
2011-08-15,Ahmedabad,Rice,KG,actual,20.0
2011-09-15,Ahmedabad,Rice,KG,actual,18.68
2011-10-15,Ahmedabad,Rice,KG,actual,17.25
2011-11-15,Ahmedabad,Rice,KG,actual,18.0
2011-12-15,Ahmedabad,Rice,KG,actual,17.18
2012-01-15,Ahmedabad,Rice,KG,actual,16.0
2012-02-15,Ahmedabad,Rice,KG,actual,17.0
2012-03-15,Ahmedabad,Rice,KG,actual,18.05
2012-04-15,Ahmedabad,Rice,KG,actual,18.0
2012-05-15,Ahmedabad,Rice,KG,actual,18.0
2012-06-15,Ahmedabad,Rice,KG,actual,18.33
2012-07-15,Ahmedabad,Rice,KG,actual,18.18
2012-08-15,Ahmedabad,Rice,KG,actual,18.0
2012-09-15,Ahmedabad,Rice,KG,actual,18.4
2012-10-15,Ahmedabad,Rice,KG,actual,19.32
2012-11-15,Ahmedabad,Rice,KG,actual,20.0
2012-12-15,Ahmedabad,Rice,KG,actual,20.0
2013-01-15,Ahmedabad,Rice,KG,actual,20.0
2013-02-15,Ahmedabad,Rice,KG,actual,20.0
2013-03-15,Ahmedabad,Rice,KG,actual,19.89
2013-04-15,Ahmedabad,Rice,KG,actual,19.0
2013-05-15,Ahmedabad,Rice,KG,actual,19.0
2013-06-15,Ahmedabad,Rice,KG,actual,19.0
2013-07-15,Ahmedabad,Rice,KG,actual,19.0
2013-08-15,Ahmedabad,Rice,KG,actual,19.0
2013-09-15,Ahmedabad,Rice,KG,actual,19.0
2013-10-15,Ahmedabad,Rice,KG,actual,19.0
2013-11-15,Ahmedabad,Rice,KG,actual,19.0
2013-12-15,Ahmedabad,Rice,KG,actual,19.0
2014-01-15,Ahmedabad,Rice,KG,actual,19.0
2014-02-15,Ahmedabad,Rice,KG,actual,19.0
2014-03-15,Ahmedabad,Rice,KG,actual,19.0
2014-04-15,Ahmedabad,Rice,KG,actual,20.0
2014-05-15,Ahmedabad,Rice,KG,actual,21.11
2014-06-15,Ahmedabad,Rice,KG,actual,22.0
2014-07-15,Ahmedabad,Rice,KG,actual,22.0
2014-08-15,Ahmedabad,Rice,KG,actual,22.0
2014-09-15,Ahmedabad,Rice,KG,actual,22.0
2014-10-15,Ahmedabad,Rice,KG,actual,22.0
2014-11-15,Ahmedabad,Rice,KG,actual,22.0
2014-12-15,Ahmedabad,Rice,KG,actual,22.0
2015-01-15,Ahmedabad,Rice,KG,actual,22.0
2015-02-15,Ahmedabad,Rice,KG,actual,22.0
2015-03-15,Ahmedabad,Rice,KG,actual,22.0
2015-04-15,Ahmedabad,Rice,KG,actual,23.72
2015-05-15,Ahmedabad,Rice,KG,actual,24.26
2015-06-15,Ahmedabad,Rice,KG,actual,25.0
2015-07-15,Ahmedabad,Rice,KG,actual,25.0
2015-08-15,Ahmedabad,Rice,KG,actual,27.25
2015-09-15,Ahmedabad,Rice,KG,actual,28.0
2015-10-15,Ahmedabad,Rice,KG,actual,27.9
2015-11-15,Ahmedabad,Rice,KG,actual,28.0
2015-12-15,Ahmedabad,Rice,KG,actual,28.0
2016-01-15,Ahmedabad,Rice,KG,actual,28.0
2016-02-15,Ahmedabad,Rice,KG,actual,28.0
2016-03-15,Ahmedabad,Rice,KG,actual,28.0
2016-04-15,Ahmedabad,Rice,KG,actual,28.0
2016-05-15,Ahmedabad,Rice,KG,actual,28.0
2016-06-15,Ahmedabad,Rice,KG,actual,28.0
2016-07-15,Ahmedabad,Rice,KG,actual,28.0
2016-08-15,Ahmedabad,Rice,KG,actual,28.0
2016-09-15,Ahmedabad,Rice,KG,actual,28.0
2016-10-15,Ahmedabad,Rice,KG,actual,28.0
2016-11-15,Ahmedabad,Rice,KG,actual,28.0
2016-12-15,Ahmedabad,Rice,KG,actual,28.0
2017-01-15,Ahmedabad,Rice,KG,actual,28.0
2017-02-15,Ahmedabad,Rice,KG,actual,28.0
2017-03-15,Ahmedabad,Rice,KG,actual,28.0
2017-04-15,Ahmedabad,Rice,KG,actual,28.0
2017-05-15,Ahmedabad,Rice,KG,actual,28.0
2017-06-15,Ahmedabad,Rice,KG,actual,28.0
2017-07-15,Ahmedabad,Rice,KG,actual,29.55
2017-08-15,Ahmedabad,Rice,KG,actual,30.0
2017-09-15,Ahmedabad,Rice,KG,actual,30.0
2017-10-15,Ahmedabad,Rice,KG,actual,30.0
2017-11-15,Ahmedabad,Rice,KG,actual,29.93
2017-12-15,Ahmedabad,Rice,KG,actual,26.32
2018-01-15,Ahmedabad,Rice,KG,actual,26.0
2018-02-15,Ahmedabad,Rice,KG,actual,26.0
2018-03-15,Ahmedabad,Rice,KG,actual,26.0
2018-04-15,Ahmedabad,Rice,KG,actual,26.0
2018-05-15,Ahmedabad,Rice,KG,actual,26.0
2018-06-15,Ahmedabad,Rice,KG,actual,26.0
2018-07-15,Ahmedabad,Rice,KG,actual,26.0
2018-08-15,Ahmedabad,Rice,KG,actual,25.23
2018-09-15,Ahmedabad,Rice,KG,actual,24.0
2018-10-15,Ahmedabad,Rice,KG,actual,24.0
2018-11-15,Ahmedabad,Rice,KG,actual,23.52
2019-01-15,Ahmedabad,Rice,KG,actual,23.0
2019-06-15,Ahmedabad,Rice,KG,actual,23.0
2019-07-15,Ahmedabad,Rice,KG,actual,23.0
2019-08-15,Ahmedabad,Rice,KG,actual,22.65
2019-09-15,Ahmedabad,Rice,KG,actual,22.38
2019-10-15,Ahmedabad,Rice,KG,actual,23.21
2019-11-15,Ahmedabad,Rice,KG,actual,24.21
2019-12-15,Ahmedabad,Rice,KG,actual,25.0
2020-01-15,Ahmedabad,Rice,KG,actual,24.97
2020-02-15,Ahmedabad,Rice,KG,actual,24.0
2020-03-15,Ahmedabad,Rice,KG,actual,24.0
2020-04-15,Ahmedabad,Rice,KG,actual,25.6
2020-05-15,Ahmedabad,Rice,KG,actual,26.0
2020-06-15,Ahmedabad,Rice,KG,actual,26.4
2020-07-15,Ahmedabad,Rice,KG,actual,26.97
2020-08-15,Ahmedabad,Rice,KG,actual,28.63
2020-09-15,Ahmedabad,Rice,KG,actual,31.6
2020-10-15,Ahmedabad,Rice,KG,actual,31.74
2020-11-15,Ahmedabad,Rice,KG,actual,26.67
2020-12-15,Ahmedabad,Rice,KG,actual,25.0
2021-01-15,Ahmedabad,Rice,KG,actual,31.4
2021-02-15,Ahmedabad,Rice,KG,actual,25.0
2021-03-15,Ahmedabad,Rice,KG,actual,25.08
2021-04-15,Ahmedabad,Rice,KG,actual,25.0
2021-05-15,Ahmedabad,Rice,KG,actual,25.0
2021-06-15,Ahmedabad,Rice,KG,actual,25.0
2021-07-15,Ahmedabad,Rice,KG,actual,25.0
2021-08-15,Ahmedabad,Rice,KG,actual,25.0
2021-09-15,Ahmedabad,Rice,KG,actual,25.0
2021-10-15,Ahmedabad,Rice,KG,actual,26.13
2021-11-15,Ahmedabad,Rice,KG,actual,27.4
2021-12-15,Ahmedabad,Rice,KG,actual,25.42
2022-01-15,Ahmedabad,Rice,KG,actual,25.0
2022-02-15,Ahmedabad,Rice,KG,actual,25.22
2022-03-15,Ahmedabad,Rice,KG,actual,25.0
2022-04-15,Ahmedabad,Rice,KG,actual,27.08
2022-05-15,Ahmedabad,Rice,KG,actual,30.8
2022-06-15,Ahmedabad,Rice,KG,actual,31.09
2022-07-15,Ahmedabad,Rice,KG,actual,33.29
2022-08-15,Ahmedabad,Rice,KG,actual,35.29
2022-09-15,Ahmedabad,Rice,KG,actual,29.7
2022-10-15,Ahmedabad,Rice,KG,actual,26.45
2022-11-15,Ahmedabad,Rice,KG,actual,26.83
2022-12-15,Ahmedabad,Rice,KG,actual,27.16
2023-01-15,Ahmedabad,Rice,KG,actual,27.09
2023-02-15,Ahmedabad,Rice,KG,actual,27.07
2023-03-15,Ahmedabad,Rice,KG,actual,27.0
2023-04-15,Ahmedabad,Rice,KG,actual,27.23
2023-05-15,Ahmedabad,Rice,KG,actual,28.08
2023-06-15,Ahmedabad,Rice,KG,actual,31.83
2023-07-15,Ahmedabad,Rice,KG,actual,33.0
2012-04-15,Ahmedabad,Salt (iodised),KG,actual,14.0
2012-07-15,Ahmedabad,Salt (iodised),KG,actual,14.0
2012-08-15,Ahmedabad,Salt (iodised),KG,actual,14.0
2012-09-15,Ahmedabad,Salt (iodised),KG,actual,14.0
2012-10-15,Ahmedabad,Salt (iodised),KG,actual,14.0
2012-11-15,Ahmedabad,Salt (iodised),KG,actual,14.0
2012-12-15,Ahmedabad,Salt (iodised),KG,actual,14.0
2013-01-15,Ahmedabad,Salt (iodised),KG,actual,14.0
2013-02-15,Ahmedabad,Salt (iodised),KG,actual,14.0
2013-03-15,Ahmedabad,Salt (iodised),KG,actual,14.0
2013-04-15,Ahmedabad,Salt (iodised),KG,actual,14.0
2013-05-15,Ahmedabad,Salt (iodised),KG,actual,14.0
2013-06-15,Ahmedabad,Salt (iodised),KG,actual,14.0
2013-07-15,Ahmedabad,Salt (iodised),KG,actual,14.09
2013-08-15,Ahmedabad,Salt (iodised),KG,actual,15.0
2013-09-15,Ahmedabad,Salt (iodised),KG,actual,15.0
2013-10-15,Ahmedabad,Salt (iodised),KG,actual,15.0
2013-11-15,Ahmedabad,Salt (iodised),KG,actual,15.0
2013-12-15,Ahmedabad,Salt (iodised),KG,actual,15.0
2014-01-15,Ahmedabad,Salt (iodised),KG,actual,15.0
2014-02-15,Ahmedabad,Salt (iodised),KG,actual,15.0
2014-03-15,Ahmedabad,Salt (iodised),KG,actual,15.0
2014-04-15,Ahmedabad,Salt (iodised),KG,actual,15.0
2014-05-15,Ahmedabad,Salt (iodised),KG,actual,15.0
2014-06-15,Ahmedabad,Salt (iodised),KG,actual,15.0
2014-07-15,Ahmedabad,Salt (iodised),KG,actual,15.0
2014-08-15,Ahmedabad,Salt (iodised),KG,actual,15.0
2014-09-15,Ahmedabad,Salt (iodised),KG,actual,15.0
2014-10-15,Ahmedabad,Salt (iodised),KG,actual,15.0
2014-11-15,Ahmedabad,Salt (iodised),KG,actual,15.0
2014-12-15,Ahmedabad,Salt (iodised),KG,actual,15.0
2015-01-15,Ahmedabad,Salt (iodised),KG,actual,15.0
2015-02-15,Ahmedabad,Salt (iodised),KG,actual,15.0
2015-03-15,Ahmedabad,Salt (iodised),KG,actual,15.05
2015-04-15,Ahmedabad,Salt (iodised),KG,actual,16.5
2015-05-15,Ahmedabad,Salt (iodised),KG,actual,17.0
2015-06-15,Ahmedabad,Salt (iodised),KG,actual,17.0
2015-07-15,Ahmedabad,Salt (iodised),KG,actual,17.0
2015-08-15,Ahmedabad,Salt (iodised),KG,actual,17.0
2015-09-15,Ahmedabad,Salt (iodised),KG,actual,17.0
2015-10-15,Ahmedabad,Salt (iodised),KG,actual,16.9
2015-11-15,Ahmedabad,Salt (iodised),KG,actual,17.0
2015-12-15,Ahmedabad,Salt (iodised),KG,actual,17.0
2016-01-15,Ahmedabad,Salt (iodised),KG,actual,17.0
2016-02-15,Ahmedabad,Salt (iodised),KG,actual,17.0
2016-03-15,Ahmedabad,Salt (iodised),KG,actual,17.0
2016-04-15,Ahmedabad,Salt (iodised),KG,actual,17.0
2016-05-15,Ahmedabad,Salt (iodised),KG,actual,17.0
2016-06-15,Ahmedabad,Salt (iodised),KG,actual,17.0
2016-07-15,Ahmedabad,Salt (iodised),KG,actual,17.0
2016-08-15,Ahmedabad,Salt (iodised),KG,actual,17.0
2016-09-15,Ahmedabad,Salt (iodised),KG,actual,17.0
2016-10-15,Ahmedabad,Salt (iodised),KG,actual,17.0
2016-11-15,Ahmedabad,Salt (iodised),KG,actual,17.0
2016-12-15,Ahmedabad,Salt (iodised),KG,actual,17.0
2017-01-15,Ahmedabad,Salt (iodised),KG,actual,17.0
2017-02-15,Ahmedabad,Salt (iodised),KG,actual,17.0
2017-03-15,Ahmedabad,Salt (iodised),KG,actual,17.0
2017-04-15,Ahmedabad,Salt (iodised),KG,actual,17.0
2017-05-15,Ahmedabad,Salt (iodised),KG,actual,17.0
2017-06-15,Ahmedabad,Salt (iodised),KG,actual,17.0
2017-07-15,Ahmedabad,Salt (iodised),KG,actual,17.0
2017-08-15,Ahmedabad,Salt (iodised),KG,actual,17.0
2017-09-15,Ahmedabad,Salt (iodised),KG,actual,17.0
2017-10-15,Ahmedabad,Salt (iodised),KG,actual,17.0
2017-12-15,Ahmedabad,Salt (iodised),KG,actual,17.0
2018-01-15,Ahmedabad,Salt (iodised),KG,actual,17.0
2018-02-15,Ahmedabad,Salt (iodised),KG,actual,17.0
2018-03-15,Ahmedabad,Salt (iodised),KG,actual,17.0
2018-04-15,Ahmedabad,Salt (iodised),KG,actual,17.0
2018-05-15,Ahmedabad,Salt (iodised),KG,actual,17.0
2018-06-15,Ahmedabad,Salt (iodised),KG,actual,17.0
2018-07-15,Ahmedabad,Salt (iodised),KG,actual,17.0
2018-08-15,Ahmedabad,Salt (iodised),KG,actual,17.0
2018-09-15,Ahmedabad,Salt (iodised),KG,actual,17.0
2018-10-15,Ahmedabad,Salt (iodised),KG,actual,17.0
2018-11-15,Ahmedabad,Salt (iodised),KG,actual,17.0
2019-01-15,Ahmedabad,Salt (iodised),KG,actual,17.0
2019-07-15,Ahmedabad,Salt (iodised),KG,actual,16.0
2019-08-15,Ahmedabad,Salt (iodised),KG,actual,16.0
2019-09-15,Ahmedabad,Salt (iodised),KG,actual,14.69
2019-10-15,Ahmedabad,Salt (iodised),KG,actual,12.25
2019-11-15,Ahmedabad,Salt (iodised),KG,actual,11.0
2019-12-15,Ahmedabad,Salt (iodised),KG,actual,10.13
2020-01-15,Ahmedabad,Salt (iodised),KG,actual,10.0
2020-02-15,Ahmedabad,Salt (iodised),KG,actual,10.0
2020-03-15,Ahmedabad,Salt (iodised),KG,actual,10.0
2020-04-15,Ahmedabad,Salt (iodised),KG,actual,10.0
2020-05-15,Ahmedabad,Salt (iodised),KG,actual,10.0
2020-06-15,Ahmedabad,Salt (iodised),KG,actual,10.9
2020-07-15,Ahmedabad,Salt (iodised),KG,actual,14.94
2020-08-15,Ahmedabad,Salt (iodised),KG,actual,15.0
2020-09-15,Ahmedabad,Salt (iodised),KG,actual,15.57
2020-10-15,Ahmedabad,Salt (iodised),KG,actual,16.0
2020-11-15,Ahmedabad,Salt (iodised),KG,actual,16.0
2020-12-15,Ahmedabad,Salt (iodised),KG,actual,16.0
2021-01-15,Ahmedabad,Salt (iodised),KG,actual,16.0
2021-02-15,Ahmedabad,Salt (iodised),KG,actual,16.77
2021-03-15,Ahmedabad,Salt (iodised),KG,actual,17.0
2021-04-15,Ahmedabad,Salt (iodised),KG,actual,17.0
2021-05-15,Ahmedabad,Salt (iodised),KG,actual,17.12
2021-06-15,Ahmedabad,Salt (iodised),KG,actual,17.0
2021-07-15,Ahmedabad,Salt (iodised),KG,actual,17.0
2021-08-15,Ahmedabad,Salt (iodised),KG,actual,17.04
2021-09-15,Ahmedabad,Salt (iodised),KG,actual,17.0
2021-10-15,Ahmedabad,Salt (iodised),KG,actual,15.93
2021-11-15,Ahmedabad,Salt (iodised),KG,actual,12.6
2021-12-15,Ahmedabad,Salt (iodised),KG,actual,15.0
2022-01-15,Ahmedabad,Salt (iodised),KG,actual,15.0
2022-02-15,Ahmedabad,Salt (iodised),KG,actual,15.0
2022-03-15,Ahmedabad,Salt (iodised),KG,actual,15.0
2022-04-15,Ahmedabad,Salt (iodised),KG,actual,15.0
2022-05-15,Ahmedabad,Salt (iodised),KG,actual,15.05
2022-06-15,Ahmedabad,Salt (iodised),KG,actual,15.0
2022-07-15,Ahmedabad,Salt (iodised),KG,actual,15.13
2022-08-15,Ahmedabad,Salt (iodised),KG,actual,15.0
2022-09-15,Ahmedabad,Salt (iodised),KG,actual,14.77
2022-10-15,Ahmedabad,Salt (iodised),KG,actual,14.0
2022-11-15,Ahmedabad,Salt (iodised),KG,actual,14.0
2022-12-15,Ahmedabad,Salt (iodised),KG,actual,14.13
2023-01-15,Ahmedabad,Salt (iodised),KG,actual,14.0
2023-02-15,Ahmedabad,Salt (iodised),KG,actual,14.0
2023-03-15,Ahmedabad,Salt (iodised),KG,actual,13.29
2023-04-15,Ahmedabad,Salt (iodised),KG,actual,13.0
2023-05-15,Ahmedabad,Salt (iodised),KG,actual,13.0
2023-06-15,Ahmedabad,Salt (iodised),KG,actual,13.0
2023-07-15,Ahmedabad,Salt (iodised),KG,actual,13.04
1994-01-15,Ahmedabad,Sugar,KG,actual,13.5
1994-02-15,Ahmedabad,Sugar,KG,actual,13.5
1994-03-15,Ahmedabad,Sugar,KG,actual,13.6
1994-04-15,Ahmedabad,Sugar,KG,actual,14.5
1994-05-15,Ahmedabad,Sugar,KG,actual,15.5
1994-08-15,Ahmedabad,Sugar,KG,actual,14.0
1994-09-15,Ahmedabad,Sugar,KG,actual,14.25
1994-11-15,Ahmedabad,Sugar,KG,actual,12.5
1994-12-15,Ahmedabad,Sugar,KG,actual,13.0
1996-01-15,Ahmedabad,Sugar,KG,actual,13.2
1996-02-15,Ahmedabad,Sugar,KG,actual,13.2
1996-03-15,Ahmedabad,Sugar,KG,actual,13.2
1996-04-15,Ahmedabad,Sugar,KG,actual,13.4
1996-05-15,Ahmedabad,Sugar,KG,actual,14.4
1996-06-15,Ahmedabad,Sugar,KG,actual,13.0
1996-07-15,Ahmedabad,Sugar,KG,actual,14.0
1996-08-15,Ahmedabad,Sugar,KG,actual,14.25
1996-09-15,Ahmedabad,Sugar,KG,actual,14.0
1996-10-15,Ahmedabad,Sugar,KG,actual,13.5
1996-11-15,Ahmedabad,Sugar,KG,actual,13.5
1996-12-15,Ahmedabad,Sugar,KG,actual,13.5
2000-01-15,Ahmedabad,Sugar,KG,actual,15.25
2000-02-15,Ahmedabad,Sugar,KG,actual,16.0
2000-03-15,Ahmedabad,Sugar,KG,actual,16.0
2000-04-15,Ahmedabad,Sugar,KG,actual,16.0
2000-05-15,Ahmedabad,Sugar,KG,actual,15.2
2000-06-15,Ahmedabad,Sugar,KG,actual,16.25
2000-07-15,Ahmedabad,Sugar,KG,actual,16.0
2000-08-15,Ahmedabad,Sugar,KG,actual,16.25
2000-09-15,Ahmedabad,Sugar,KG,actual,16.0
2000-10-15,Ahmedabad,Sugar,KG,actual,16.0
2000-11-15,Ahmedabad,Sugar,KG,actual,16.0
2000-12-15,Ahmedabad,Sugar,KG,actual,16.0
2001-01-15,Ahmedabad,Sugar,KG,actual,15.5
2001-02-15,Ahmedabad,Sugar,KG,actual,15.0
2001-03-15,Ahmedabad,Sugar,KG,actual,15.0
2001-04-15,Ahmedabad,Sugar,KG,actual,16.25
2001-05-15,Ahmedabad,Sugar,KG,actual,16.25
2002-02-15,Ahmedabad,Sugar,KG,actual,15.25
2002-03-15,Ahmedabad,Sugar,KG,actual,15.25
2002-07-15,Ahmedabad,Sugar,KG,actual,15.5
2002-09-15,Ahmedabad,Sugar,KG,actual,15.5
2002-10-15,Ahmedabad,Sugar,KG,actual,15.0
2002-11-15,Ahmedabad,Sugar,KG,actual,15.0
2002-12-15,Ahmedabad,Sugar,KG,actual,14.5
2003-01-15,Ahmedabad,Sugar,KG,actual,14.5
2003-02-15,Ahmedabad,Sugar,KG,actual,14.5
2003-03-15,Ahmedabad,Sugar,KG,actual,14.5
2003-04-15,Ahmedabad,Sugar,KG,actual,13.5
2003-05-15,Ahmedabad,Sugar,KG,actual,15.5
2003-06-15,Ahmedabad,Sugar,KG,actual,15.5
2003-07-15,Ahmedabad,Sugar,KG,actual,15.5
2003-08-15,Ahmedabad,Sugar,KG,actual,15.5
2003-09-15,Ahmedabad,Sugar,KG,actual,15.5
2003-10-15,Ahmedabad,Sugar,KG,actual,15.5
2003-11-15,Ahmedabad,Sugar,KG,actual,15.5
2003-12-15,Ahmedabad,Sugar,KG,actual,15.5
2004-01-15,Ahmedabad,Sugar,KG,actual,15.5
2004-02-15,Ahmedabad,Sugar,KG,actual,15.5
2004-03-15,Ahmedabad,Sugar,KG,actual,15.5
2004-04-15,Ahmedabad,Sugar,KG,actual,15.5
2004-05-15,Ahmedabad,Sugar,KG,actual,15.5
2004-06-15,Ahmedabad,Sugar,KG,actual,15.5
2004-07-15,Ahmedabad,Sugar,KG,actual,16.0
2004-08-15,Ahmedabad,Sugar,KG,actual,16.0
2004-09-15,Ahmedabad,Sugar,KG,actual,16.0
2004-10-15,Ahmedabad,Sugar,KG,actual,16.0
2004-11-15,Ahmedabad,Sugar,KG,actual,16.0
2004-12-15,Ahmedabad,Sugar,KG,actual,16.0
2005-01-15,Ahmedabad,Sugar,KG,actual,20.0
2005-02-15,Ahmedabad,Sugar,KG,actual,20.0
2005-03-15,Ahmedabad,Sugar,KG,actual,20.0
2005-04-15,Ahmedabad,Sugar,KG,actual,20.0
2005-05-15,Ahmedabad,Sugar,KG,actual,20.0
2005-06-15,Ahmedabad,Sugar,KG,actual,20.0
2005-07-15,Ahmedabad,Sugar,KG,actual,20.0
2005-08-15,Ahmedabad,Sugar,KG,actual,20.0
2005-09-15,Ahmedabad,Sugar,KG,actual,20.0
2005-10-15,Ahmedabad,Sugar,KG,actual,20.0
2005-11-15,Ahmedabad,Sugar,KG,actual,20.0
2005-12-15,Ahmedabad,Sugar,KG,actual,20.0
2006-01-15,Ahmedabad,Sugar,KG,actual,20.0
2006-02-15,Ahmedabad,Sugar,KG,actual,20.0
2006-03-15,Ahmedabad,Sugar,KG,actual,20.0
2006-04-15,Ahmedabad,Sugar,KG,actual,20.0
2006-05-15,Ahmedabad,Sugar,KG,actual,20.0
2006-06-15,Ahmedabad,Sugar,KG,actual,21.0
2006-07-15,Ahmedabad,Sugar,KG,actual,21.0
2006-08-15,Ahmedabad,Sugar,KG,actual,21.0
2006-09-15,Ahmedabad,Sugar,KG,actual,21.0
2006-10-15,Ahmedabad,Sugar,KG,actual,21.0
2006-11-15,Ahmedabad,Sugar,KG,actual,21.0
2006-12-15,Ahmedabad,Sugar,KG,actual,21.0
2007-01-15,Ahmedabad,Sugar,KG,actual,20.0
2007-02-15,Ahmedabad,Sugar,KG,actual,16.0
2007-03-15,Ahmedabad,Sugar,KG,actual,16.0
2007-04-15,Ahmedabad,Sugar,KG,actual,16.0
2007-05-15,Ahmedabad,Sugar,KG,actual,16.5
2007-06-15,Ahmedabad,Sugar,KG,actual,16.0
2007-07-15,Ahmedabad,Sugar,KG,actual,16.5
2007-08-15,Ahmedabad,Sugar,KG,actual,15.5
2007-09-15,Ahmedabad,Sugar,KG,actual,15.5
2007-10-15,Ahmedabad,Sugar,KG,actual,15.5
2007-11-15,Ahmedabad,Sugar,KG,actual,15.5
2007-12-15,Ahmedabad,Sugar,KG,actual,15.5
2008-01-15,Ahmedabad,Sugar,KG,actual,15.5
2008-02-15,Ahmedabad,Sugar,KG,actual,15.5
2008-03-15,Ahmedabad,Sugar,KG,actual,16.5
2008-04-15,Ahmedabad,Sugar,KG,actual,16.75
2008-05-15,Ahmedabad,Sugar,KG,actual,15.5
2008-06-15,Ahmedabad,Sugar,KG,actual,15.5
2008-07-15,Ahmedabad,Sugar,KG,actual,15.5
2008-08-15,Ahmedabad,Sugar,KG,actual,16.5
2008-09-15,Ahmedabad,Sugar,KG,actual,17.75
2008-10-15,Ahmedabad,Sugar,KG,actual,17.5
2008-11-15,Ahmedabad,Sugar,KG,actual,18.5
2008-12-15,Ahmedabad,Sugar,KG,actual,19.0
2009-01-15,Ahmedabad,Sugar,KG,actual,20.0
2009-02-15,Ahmedabad,Sugar,KG,actual,22.0
2009-03-15,Ahmedabad,Sugar,KG,actual,25.0
2009-04-15,Ahmedabad,Sugar,KG,actual,26.0
2009-05-15,Ahmedabad,Sugar,KG,actual,26.0
2009-06-15,Ahmedabad,Sugar,KG,actual,26.0
2009-07-15,Ahmedabad,Sugar,KG,actual,26.0
2009-08-15,Ahmedabad,Sugar,KG,actual,32.0
2009-09-15,Ahmedabad,Sugar,KG,actual,32.0
2009-10-15,Ahmedabad,Sugar,KG,actual,31.0
2009-11-15,Ahmedabad,Sugar,KG,actual,40.0
2009-12-15,Ahmedabad,Sugar,KG,actual,40.0
2010-01-15,Ahmedabad,Sugar,KG,actual,44.0
2010-02-15,Ahmedabad,Sugar,KG,actual,33.0
2010-03-15,Ahmedabad,Sugar,KG,actual,41.0
2010-04-15,Ahmedabad,Sugar,KG,actual,31.0
2010-05-15,Ahmedabad,Sugar,KG,actual,32.0
2010-06-15,Ahmedabad,Sugar,KG,actual,28.0
2010-07-15,Ahmedabad,Sugar,KG,actual,30.0
2010-08-15,Ahmedabad,Sugar,KG,actual,28.0
2010-09-15,Ahmedabad,Sugar,KG,actual,28.0
2010-10-15,Ahmedabad,Sugar,KG,actual,30.0
2010-11-15,Ahmedabad,Sugar,KG,actual,33.0
2010-12-15,Ahmedabad,Sugar,KG,actual,33.0
2011-01-15,Ahmedabad,Sugar,KG,actual,30.0
2011-02-15,Ahmedabad,Sugar,KG,actual,31.0
2011-03-15,Ahmedabad,Sugar,KG,actual,31.0
2011-04-15,Ahmedabad,Sugar,KG,actual,30.0
2011-05-15,Ahmedabad,Sugar,KG,actual,30.0
2011-06-15,Ahmedabad,Sugar,KG,actual,30.0
2011-07-15,Ahmedabad,Sugar,KG,actual,29.24
2011-08-15,Ahmedabad,Sugar,KG,actual,29.0
2011-09-15,Ahmedabad,Sugar,KG,actual,29.73
2011-10-15,Ahmedabad,Sugar,KG,actual,31.25
2011-11-15,Ahmedabad,Sugar,KG,actual,32.33
2011-12-15,Ahmedabad,Sugar,KG,actual,33.65
2012-04-15,Ahmedabad,Sugar,KG,actual,32.59
2012-05-15,Ahmedabad,Sugar,KG,actual,32.35
2012-06-15,Ahmedabad,Sugar,KG,actual,31.67
2012-07-15,Ahmedabad,Sugar,KG,actual,34.55
2012-08-15,Ahmedabad,Sugar,KG,actual,37.0
2012-09-15,Ahmedabad,Sugar,KG,actual,36.2
2012-10-15,Ahmedabad,Sugar,KG,actual,36.0
2012-11-15,Ahmedabad,Sugar,KG,actual,36.0
2012-12-15,Ahmedabad,Sugar,KG,actual,36.0
2013-01-15,Ahmedabad,Sugar,KG,actual,36.0
2013-02-15,Ahmedabad,Sugar,KG,actual,36.0
2013-03-15,Ahmedabad,Sugar,KG,actual,35.28
2013-04-15,Ahmedabad,Sugar,KG,actual,35.0
2013-05-15,Ahmedabad,Sugar,KG,actual,35.0
2013-06-15,Ahmedabad,Sugar,KG,actual,35.0
2013-07-15,Ahmedabad,Sugar,KG,actual,35.0
2013-08-15,Ahmedabad,Sugar,KG,actual,35.0
2013-09-15,Ahmedabad,Sugar,KG,actual,35.0
2013-10-15,Ahmedabad,Sugar,KG,actual,35.0
2013-11-15,Ahmedabad,Sugar,KG,actual,35.0
2013-12-15,Ahmedabad,Sugar,KG,actual,35.0
2014-01-15,Ahmedabad,Sugar,KG,actual,35.0
2014-02-15,Ahmedabad,Sugar,KG,actual,35.0
2014-03-15,Ahmedabad,Sugar,KG,actual,35.0
2014-04-15,Ahmedabad,Sugar,KG,actual,34.0
2014-05-15,Ahmedabad,Sugar,KG,actual,33.83
2014-06-15,Ahmedabad,Sugar,KG,actual,34.0
2014-07-15,Ahmedabad,Sugar,KG,actual,34.0
2014-08-15,Ahmedabad,Sugar,KG,actual,34.0
2014-09-15,Ahmedabad,Sugar,KG,actual,34.0
2014-10-15,Ahmedabad,Sugar,KG,actual,34.0
2014-11-15,Ahmedabad,Sugar,KG,actual,34.0
2014-12-15,Ahmedabad,Sugar,KG,actual,34.0
2015-01-15,Ahmedabad,Sugar,KG,actual,34.0
2015-02-15,Ahmedabad,Sugar,KG,actual,34.0
2015-03-15,Ahmedabad,Sugar,KG,actual,34.0
2015-04-15,Ahmedabad,Sugar,KG,actual,31.89
2015-05-15,Ahmedabad,Sugar,KG,actual,28.84
2015-06-15,Ahmedabad,Sugar,KG,actual,29.0
2015-07-15,Ahmedabad,Sugar,KG,actual,27.77
2015-08-15,Ahmedabad,Sugar,KG,actual,26.0
2015-09-15,Ahmedabad,Sugar,KG,actual,26.0
2015-10-15,Ahmedabad,Sugar,KG,actual,26.0
2015-11-15,Ahmedabad,Sugar,KG,actual,26.0
2015-12-15,Ahmedabad,Sugar,KG,actual,26.0
2016-01-15,Ahmedabad,Sugar,KG,actual,26.0
2016-02-15,Ahmedabad,Sugar,KG,actual,26.0
2016-03-15,Ahmedabad,Sugar,KG,actual,26.0
2016-04-15,Ahmedabad,Sugar,KG,actual,27.6
2016-05-15,Ahmedabad,Sugar,KG,actual,38.32
2016-06-15,Ahmedabad,Sugar,KG,actual,40.6
2016-07-15,Ahmedabad,Sugar,KG,actual,42.0
2016-08-15,Ahmedabad,Sugar,KG,actual,42.0
2016-09-15,Ahmedabad,Sugar,KG,actual,42.0
2016-10-15,Ahmedabad,Sugar,KG,actual,42.0
2016-11-15,Ahmedabad,Sugar,KG,actual,42.0
2016-12-15,Ahmedabad,Sugar,KG,actual,42.0
2017-01-15,Ahmedabad,Sugar,KG,actual,42.0
2017-02-15,Ahmedabad,Sugar,KG,actual,42.74
2017-03-15,Ahmedabad,Sugar,KG,actual,43.48
2017-04-15,Ahmedabad,Sugar,KG,actual,44.0
2017-05-15,Ahmedabad,Sugar,KG,actual,44.0
2017-06-15,Ahmedabad,Sugar,KG,actual,44.0
2017-07-15,Ahmedabad,Sugar,KG,actual,43.1
2017-08-15,Ahmedabad,Sugar,KG,actual,42.0
2017-09-15,Ahmedabad,Sugar,KG,actual,42.0
2017-10-15,Ahmedabad,Sugar,KG,actual,42.0
2017-12-15,Ahmedabad,Sugar,KG,actual,41.0
2018-01-15,Ahmedabad,Sugar,KG,actual,40.9
2018-02-15,Ahmedabad,Sugar,KG,actual,40.0
2018-03-15,Ahmedabad,Sugar,KG,actual,39.43
2018-04-15,Ahmedabad,Sugar,KG,actual,38.77
2018-05-15,Ahmedabad,Sugar,KG,actual,36.87
2018-06-15,Ahmedabad,Sugar,KG,actual,36.57
2018-07-15,Ahmedabad,Sugar,KG,actual,36.57
2018-08-15,Ahmedabad,Sugar,KG,actual,36.0
2018-09-15,Ahmedabad,Sugar,KG,actual,36.0
2018-10-15,Ahmedabad,Sugar,KG,actual,36.0
2018-11-15,Ahmedabad,Sugar,KG,actual,36.0
2019-01-15,Ahmedabad,Sugar,KG,actual,35.57
2019-07-15,Ahmedabad,Sugar,KG,actual,35.0
2019-08-15,Ahmedabad,Sugar,KG,actual,35.0
2019-09-15,Ahmedabad,Sugar,KG,actual,35.0
2019-10-15,Ahmedabad,Sugar,KG,actual,35.38
2019-11-15,Ahmedabad,Sugar,KG,actual,36.38
2019-12-15,Ahmedabad,Sugar,KG,actual,36.4
2020-01-15,Ahmedabad,Sugar,KG,actual,37.0
2020-02-15,Ahmedabad,Sugar,KG,actual,37.0
2020-03-15,Ahmedabad,Sugar,KG,actual,34.48
2020-04-15,Ahmedabad,Sugar,KG,actual,36.6
2020-05-15,Ahmedabad,Sugar,KG,actual,37.0
2020-06-15,Ahmedabad,Sugar,KG,actual,37.0
2020-07-15,Ahmedabad,Sugar,KG,actual,37.97
2020-08-15,Ahmedabad,Sugar,KG,actual,38.0
2020-09-15,Ahmedabad,Sugar,KG,actual,38.0
2020-10-15,Ahmedabad,Sugar,KG,actual,38.0
2020-11-15,Ahmedabad,Sugar,KG,actual,38.0
2020-12-15,Ahmedabad,Sugar,KG,actual,38.0
2021-01-15,Ahmedabad,Sugar,KG,actual,38.67
2021-02-15,Ahmedabad,Sugar,KG,actual,38.77
2021-03-15,Ahmedabad,Sugar,KG,actual,39.0
2021-04-15,Ahmedabad,Sugar,KG,actual,39.0
2021-05-15,Ahmedabad,Sugar,KG,actual,39.12
2021-06-15,Ahmedabad,Sugar,KG,actual,39.0
2021-07-15,Ahmedabad,Sugar,KG,actual,39.0
2021-08-15,Ahmedabad,Sugar,KG,actual,39.04
2021-09-15,Ahmedabad,Sugar,KG,actual,39.0
2021-10-15,Ahmedabad,Sugar,KG,actual,38.73
2021-11-15,Ahmedabad,Sugar,KG,actual,39.6
2021-12-15,Ahmedabad,Sugar,KG,actual,38.0
2022-01-15,Ahmedabad,Sugar,KG,actual,38.0
2022-02-15,Ahmedabad,Sugar,KG,actual,38.0
2022-03-15,Ahmedabad,Sugar,KG,actual,38.0
2022-04-15,Ahmedabad,Sugar,KG,actual,36.75
2022-05-15,Ahmedabad,Sugar,KG,actual,35.05
2022-06-15,Ahmedabad,Sugar,KG,actual,35.0
2022-07-15,Ahmedabad,Sugar,KG,actual,35.13
2022-08-15,Ahmedabad,Sugar,KG,actual,35.79
2022-09-15,Ahmedabad,Sugar,KG,actual,40.32
2022-10-15,Ahmedabad,Sugar,KG,actual,38.0
2022-11-15,Ahmedabad,Sugar,KG,actual,38.0
2022-12-15,Ahmedabad,Sugar,KG,actual,38.06
2023-01-15,Ahmedabad,Sugar,KG,actual,38.0
2023-02-15,Ahmedabad,Sugar,KG,actual,38.0
2023-03-15,Ahmedabad,Sugar,KG,actual,39.14
2023-04-15,Ahmedabad,Sugar,KG,actual,38.91
2023-05-15,Ahmedabad,Sugar,KG,actual,39.14
2023-06-15,Ahmedabad,Sugar,KG,actual,40.0
2023-07-15,Ahmedabad,Sugar,KG,actual,40.04
2015-04-15,Ahmedabad,Sugar (jaggery/gur),KG,actual,45.0
2015-05-15,Ahmedabad,Sugar (jaggery/gur),KG,actual,47.58
2015-06-15,Ahmedabad,Sugar (jaggery/gur),KG,actual,48.27
2015-07-15,Ahmedabad,Sugar (jaggery/gur),KG,actual,50.27
2015-08-15,Ahmedabad,Sugar (jaggery/gur),KG,actual,50.35
2015-09-15,Ahmedabad,Sugar (jaggery/gur),KG,actual,51.15
2015-10-15,Ahmedabad,Sugar (jaggery/gur),KG,actual,52.52
2015-11-15,Ahmedabad,Sugar (jaggery/gur),KG,actual,50.84
2015-12-15,Ahmedabad,Sugar (jaggery/gur),KG,actual,50.0
2016-01-15,Ahmedabad,Sugar (jaggery/gur),KG,actual,48.48
2016-02-15,Ahmedabad,Sugar (jaggery/gur),KG,actual,48.0
2016-03-15,Ahmedabad,Sugar (jaggery/gur),KG,actual,48.0
2016-04-15,Ahmedabad,Sugar (jaggery/gur),KG,actual,48.0
2016-05-15,Ahmedabad,Sugar (jaggery/gur),KG,actual,48.0
2016-06-15,Ahmedabad,Sugar (jaggery/gur),KG,actual,48.6
2016-07-15,Ahmedabad,Sugar (jaggery/gur),KG,actual,50.0
2016-08-15,Ahmedabad,Sugar (jaggery/gur),KG,actual,50.0
2016-09-15,Ahmedabad,Sugar (jaggery/gur),KG,actual,48.4
2016-10-15,Ahmedabad,Sugar (jaggery/gur),KG,actual,48.0
2016-11-15,Ahmedabad,Sugar (jaggery/gur),KG,actual,48.0
2016-12-15,Ahmedabad,Sugar (jaggery/gur),KG,actual,48.0
2017-01-15,Ahmedabad,Sugar (jaggery/gur),KG,actual,48.67
2017-02-15,Ahmedabad,Sugar (jaggery/gur),KG,actual,51.48
2017-03-15,Ahmedabad,Sugar (jaggery/gur),KG,actual,52.97
2017-04-15,Ahmedabad,Sugar (jaggery/gur),KG,actual,54.0
2017-05-15,Ahmedabad,Sugar (jaggery/gur),KG,actual,54.0
2017-06-15,Ahmedabad,Sugar (jaggery/gur),KG,actual,54.0
2017-07-15,Ahmedabad,Sugar (jaggery/gur),KG,actual,54.0
2017-08-15,Ahmedabad,Sugar (jaggery/gur),KG,actual,54.0
2017-09-15,Ahmedabad,Sugar (jaggery/gur),KG,actual,54.0
2017-10-15,Ahmedabad,Sugar (jaggery/gur),KG,actual,54.0
2017-12-15,Ahmedabad,Sugar (jaggery/gur),KG,actual,54.0
2018-01-15,Ahmedabad,Sugar (jaggery/gur),KG,actual,54.0
2018-02-15,Ahmedabad,Sugar (jaggery/gur),KG,actual,54.0
2018-03-15,Ahmedabad,Sugar (jaggery/gur),KG,actual,52.86
2018-04-15,Ahmedabad,Sugar (jaggery/gur),KG,actual,51.53
2018-05-15,Ahmedabad,Sugar (jaggery/gur),KG,actual,50.0
2018-06-15,Ahmedabad,Sugar (jaggery/gur),KG,actual,50.0
2018-07-15,Ahmedabad,Sugar (jaggery/gur),KG,actual,49.29
2018-08-15,Ahmedabad,Sugar (jaggery/gur),KG,actual,47.19
2018-09-15,Ahmedabad,Sugar (jaggery/gur),KG,actual,47.0
2018-10-15,Ahmedabad,Sugar (jaggery/gur),KG,actual,45.47
2018-11-15,Ahmedabad,Sugar (jaggery/gur),KG,actual,44.36
2019-01-15,Ahmedabad,Sugar (jaggery/gur),KG,actual,44.0
2019-07-15,Ahmedabad,Sugar (jaggery/gur),KG,actual,44.0
2019-08-15,Ahmedabad,Sugar (jaggery/gur),KG,actual,44.0
2019-09-15,Ahmedabad,Sugar (jaggery/gur),KG,actual,44.52
2019-10-15,Ahmedabad,Sugar (jaggery/gur),KG,actual,45.0
2019-11-15,Ahmedabad,Sugar (jaggery/gur),KG,actual,45.0
2019-12-15,Ahmedabad,Sugar (jaggery/gur),KG,actual,45.0
2020-01-15,Ahmedabad,Sugar (jaggery/gur),KG,actual,45.0
2020-02-15,Ahmedabad,Sugar (jaggery/gur),KG,actual,45.0
2020-03-15,Ahmedabad,Sugar (jaggery/gur),KG,actual,41.06
2020-04-15,Ahmedabad,Sugar (jaggery/gur),KG,actual,47.0
2020-05-15,Ahmedabad,Sugar (jaggery/gur),KG,actual,48.0
2020-06-15,Ahmedabad,Sugar (jaggery/gur),KG,actual,48.6
2020-07-15,Ahmedabad,Sugar (jaggery/gur),KG,actual,50.0
2020-08-15,Ahmedabad,Sugar (jaggery/gur),KG,actual,46.3
2020-09-15,Ahmedabad,Sugar (jaggery/gur),KG,actual,47.83
2020-10-15,Ahmedabad,Sugar (jaggery/gur),KG,actual,50.0
2020-11-15,Ahmedabad,Sugar (jaggery/gur),KG,actual,50.0
2020-12-15,Ahmedabad,Sugar (jaggery/gur),KG,actual,50.0
2021-01-15,Ahmedabad,Sugar (jaggery/gur),KG,actual,49.42
2021-02-15,Ahmedabad,Sugar (jaggery/gur),KG,actual,50.77
2021-03-15,Ahmedabad,Sugar (jaggery/gur),KG,actual,51.0
2021-04-15,Ahmedabad,Sugar (jaggery/gur),KG,actual,51.0
2021-05-15,Ahmedabad,Sugar (jaggery/gur),KG,actual,51.12
2021-06-15,Ahmedabad,Sugar (jaggery/gur),KG,actual,51.0
2021-07-15,Ahmedabad,Sugar (jaggery/gur),KG,actual,49.56
2021-08-15,Ahmedabad,Sugar (jaggery/gur),KG,actual,44.54
2021-09-15,Ahmedabad,Sugar (jaggery/gur),KG,actual,42.0
2021-10-15,Ahmedabad,Sugar (jaggery/gur),KG,actual,43.6
2021-11-15,Ahmedabad,Sugar (jaggery/gur),KG,actual,45.0
2021-12-15,Ahmedabad,Sugar (jaggery/gur),KG,actual,45.0
2022-01-15,Ahmedabad,Sugar (jaggery/gur),KG,actual,45.0
2022-02-15,Ahmedabad,Sugar (jaggery/gur),KG,actual,45.0
2022-03-15,Ahmedabad,Sugar (jaggery/gur),KG,actual,45.0
2022-04-15,Ahmedabad,Sugar (jaggery/gur),KG,actual,46.25
2022-05-15,Ahmedabad,Sugar (jaggery/gur),KG,actual,48.1
2022-06-15,Ahmedabad,Sugar (jaggery/gur),KG,actual,48.0
2022-07-15,Ahmedabad,Sugar (jaggery/gur),KG,actual,48.26
2022-08-15,Ahmedabad,Sugar (jaggery/gur),KG,actual,47.89
2022-09-15,Ahmedabad,Sugar (jaggery/gur),KG,actual,48.68
2022-10-15,Ahmedabad,Sugar (jaggery/gur),KG,actual,51.0
2022-11-15,Ahmedabad,Sugar (jaggery/gur),KG,actual,51.0
2022-12-15,Ahmedabad,Sugar (jaggery/gur),KG,actual,51.25
2023-01-15,Ahmedabad,Sugar (jaggery/gur),KG,actual,51.0
2023-02-15,Ahmedabad,Sugar (jaggery/gur),KG,actual,51.0
2023-03-15,Ahmedabad,Sugar (jaggery/gur),KG,actual,58.71
2023-04-15,Ahmedabad,Sugar (jaggery/gur),KG,actual,59.82
2023-05-15,Ahmedabad,Sugar (jaggery/gur),KG,actual,58.77
2023-06-15,Ahmedabad,Sugar (jaggery/gur),KG,actual,53.0
2023-07-15,Ahmedabad,Sugar (jaggery/gur),KG,actual,53.04
2013-04-15,Ahmedabad,Tea (black),KG,actual,250.0
2013-05-15,Ahmedabad,Tea (black),KG,actual,250.0
2013-06-15,Ahmedabad,Tea (black),KG,actual,250.0
2013-07-15,Ahmedabad,Tea (black),KG,actual,250.0
2013-08-15,Ahmedabad,Tea (black),KG,actual,250.0
2013-09-15,Ahmedabad,Tea (black),KG,actual,250.0
2013-10-15,Ahmedabad,Tea (black),KG,actual,250.0
2013-11-15,Ahmedabad,Tea (black),KG,actual,250.0
2013-12-15,Ahmedabad,Tea (black),KG,actual,250.0
2014-01-15,Ahmedabad,Tea (black),KG,actual,250.0
2014-02-15,Ahmedabad,Tea (black),KG,actual,250.0
2014-03-15,Ahmedabad,Tea (black),KG,actual,250.0
2014-04-15,Ahmedabad,Tea (black),KG,actual,250.0
2014-05-15,Ahmedabad,Tea (black),KG,actual,250.0
2014-06-15,Ahmedabad,Tea (black),KG,actual,250.0
2014-07-15,Ahmedabad,Tea (black),KG,actual,250.0
2014-08-15,Ahmedabad,Tea (black),KG,actual,250.0
2014-09-15,Ahmedabad,Tea (black),KG,actual,250.0
2014-10-15,Ahmedabad,Tea (black),KG,actual,250.0
2014-11-15,Ahmedabad,Tea (black),KG,actual,250.0
2014-12-15,Ahmedabad,Tea (black),KG,actual,250.0
2015-01-15,Ahmedabad,Tea (black),KG,actual,250.0
2015-02-15,Ahmedabad,Tea (black),KG,actual,250.0
2015-03-15,Ahmedabad,Tea (black),KG,actual,250.0
2015-04-15,Ahmedabad,Tea (black),KG,actual,264.78
2015-05-15,Ahmedabad,Tea (black),KG,actual,283.26
2015-06-15,Ahmedabad,Tea (black),KG,actual,284.0
2015-07-15,Ahmedabad,Tea (black),KG,actual,284.0
2015-08-15,Ahmedabad,Tea (black),KG,actual,284.0
2015-09-15,Ahmedabad,Tea (black),KG,actual,284.0
2015-10-15,Ahmedabad,Tea (black),KG,actual,284.0
2015-11-15,Ahmedabad,Tea (black),KG,actual,284.0
2015-12-15,Ahmedabad,Tea (black),KG,actual,284.0
2016-01-15,Ahmedabad,Tea (black),KG,actual,284.0
2016-02-15,Ahmedabad,Tea (black),KG,actual,264.93
2016-03-15,Ahmedabad,Tea (black),KG,actual,205.0
2016-04-15,Ahmedabad,Tea (black),KG,actual,205.83
2016-05-15,Ahmedabad,Tea (black),KG,actual,210.0
2016-06-15,Ahmedabad,Tea (black),KG,actual,210.0
2016-07-15,Ahmedabad,Tea (black),KG,actual,210.0
2016-08-15,Ahmedabad,Tea (black),KG,actual,210.0
2016-09-15,Ahmedabad,Tea (black),KG,actual,210.0
2016-10-15,Ahmedabad,Tea (black),KG,actual,210.0
2016-11-15,Ahmedabad,Tea (black),KG,actual,210.0
2016-12-15,Ahmedabad,Tea (black),KG,actual,210.0
2017-01-15,Ahmedabad,Tea (black),KG,actual,210.0
2017-02-15,Ahmedabad,Tea (black),KG,actual,210.0
2017-03-15,Ahmedabad,Tea (black),KG,actual,210.0
2017-04-15,Ahmedabad,Tea (black),KG,actual,210.0
2017-05-15,Ahmedabad,Tea (black),KG,actual,210.0
2017-06-15,Ahmedabad,Tea (black),KG,actual,210.0
2017-07-15,Ahmedabad,Tea (black),KG,actual,210.0
2017-08-15,Ahmedabad,Tea (black),KG,actual,210.0
2017-09-15,Ahmedabad,Tea (black),KG,actual,210.0
2017-10-15,Ahmedabad,Tea (black),KG,actual,210.0
2017-12-15,Ahmedabad,Tea (black),KG,actual,210.0
2018-01-15,Ahmedabad,Tea (black),KG,actual,210.0
2018-02-15,Ahmedabad,Tea (black),KG,actual,210.0
2018-03-15,Ahmedabad,Tea (black),KG,actual,210.0
2018-04-15,Ahmedabad,Tea (black),KG,actual,210.0
2018-05-15,Ahmedabad,Tea (black),KG,actual,210.0
2018-06-15,Ahmedabad,Tea (black),KG,actual,210.0
2018-07-15,Ahmedabad,Tea (black),KG,actual,210.0
2018-08-15,Ahmedabad,Tea (black),KG,actual,210.0
2018-09-15,Ahmedabad,Tea (black),KG,actual,210.0
2018-10-15,Ahmedabad,Tea (black),KG,actual,210.0
2018-11-15,Ahmedabad,Tea (black),KG,actual,210.0
2019-01-15,Ahmedabad,Tea (black),KG,actual,210.0
2019-07-15,Ahmedabad,Tea (black),KG,actual,210.0
2019-08-15,Ahmedabad,Tea (black),KG,actual,210.0
2019-09-15,Ahmedabad,Tea (black),KG,actual,212.55
2019-10-15,Ahmedabad,Tea (black),KG,actual,218.33
2019-11-15,Ahmedabad,Tea (black),KG,actual,220.0
2019-12-15,Ahmedabad,Tea (black),KG,actual,220.0
2020-01-15,Ahmedabad,Tea (black),KG,actual,216.55
2020-02-15,Ahmedabad,Tea (black),KG,actual,210.0
2020-03-15,Ahmedabad,Tea (black),KG,actual,210.0
2020-04-15,Ahmedabad,Tea (black),KG,actual,218.0
2020-05-15,Ahmedabad,Tea (black),KG,actual,220.0
2020-06-15,Ahmedabad,Tea (black),KG,actual,223.0
2020-07-15,Ahmedabad,Tea (black),KG,actual,230.0
2020-08-15,Ahmedabad,Tea (black),KG,actual,230.0
2020-09-15,Ahmedabad,Tea (black),KG,actual,230.0
2020-10-15,Ahmedabad,Tea (black),KG,actual,230.0
2020-11-15,Ahmedabad,Tea (black),KG,actual,236.67
2020-12-15,Ahmedabad,Tea (black),KG,actual,240.0
2021-01-15,Ahmedabad,Tea (black),KG,actual,240.08
2021-02-15,Ahmedabad,Tea (black),KG,actual,242.32
2021-03-15,Ahmedabad,Tea (black),KG,actual,243.0
2021-04-15,Ahmedabad,Tea (black),KG,actual,243.0
2021-05-15,Ahmedabad,Tea (black),KG,actual,243.23
2021-06-15,Ahmedabad,Tea (black),KG,actual,243.0
2021-07-15,Ahmedabad,Tea (black),KG,actual,243.0
2021-08-15,Ahmedabad,Tea (black),KG,actual,243.07
2021-09-15,Ahmedabad,Tea (black),KG,actual,243.0
2021-10-15,Ahmedabad,Tea (black),KG,actual,246.73
2021-11-15,Ahmedabad,Tea (black),KG,actual,280.0
2021-12-15,Ahmedabad,Tea (black),KG,actual,280.0
2022-01-15,Ahmedabad,Tea (black),KG,actual,280.0
2022-02-15,Ahmedabad,Tea (black),KG,actual,280.0
2022-03-15,Ahmedabad,Tea (black),KG,actual,280.0
2022-04-15,Ahmedabad,Tea (black),KG,actual,277.92
2022-05-15,Ahmedabad,Tea (black),KG,actual,275.65
2022-06-15,Ahmedabad,Tea (black),KG,actual,275.0
2022-07-15,Ahmedabad,Tea (black),KG,actual,263.13
2022-08-15,Ahmedabad,Tea (black),KG,actual,241.37
2022-09-15,Ahmedabad,Tea (black),KG,actual,236.0
2022-10-15,Ahmedabad,Tea (black),KG,actual,260.0
2022-11-15,Ahmedabad,Tea (black),KG,actual,260.0
2022-12-15,Ahmedabad,Tea (black),KG,actual,261.25
2023-01-15,Ahmedabad,Tea (black),KG,actual,260.0
2023-02-15,Ahmedabad,Tea (black),KG,actual,260.0
2023-03-15,Ahmedabad,Tea (black),KG,actual,261.43
2023-04-15,Ahmedabad,Tea (black),KG,actual,259.55
2023-05-15,Ahmedabad,Tea (black),KG,actual,259.77
2023-06-15,Ahmedabad,Tea (black),KG,actual,260.0
2023-07-15,Ahmedabad,Tea (black),KG,actual,260.19
2012-04-15,Ahmedabad,Tomatoes,KG,actual,11.76
2012-07-15,Ahmedabad,Tomatoes,KG,actual,20.23
2012-08-15,Ahmedabad,Tomatoes,KG,actual,27.21
2012-09-15,Ahmedabad,Tomatoes,KG,actual,28.0
2012-10-15,Ahmedabad,Tomatoes,KG,actual,26.89
2012-11-15,Ahmedabad,Tomatoes,KG,actual,20.75
2012-12-15,Ahmedabad,Tomatoes,KG,actual,20.0
2013-01-15,Ahmedabad,Tomatoes,KG,actual,9.89
2013-02-15,Ahmedabad,Tomatoes,KG,actual,9.0
2013-03-15,Ahmedabad,Tomatoes,KG,actual,9.67
2013-04-15,Ahmedabad,Tomatoes,KG,actual,10.0
2013-05-15,Ahmedabad,Tomatoes,KG,actual,10.0
2013-06-15,Ahmedabad,Tomatoes,KG,actual,10.0
2013-07-15,Ahmedabad,Tomatoes,KG,actual,27.68
2013-08-15,Ahmedabad,Tomatoes,KG,actual,36.61
2013-09-15,Ahmedabad,Tomatoes,KG,actual,29.7
2013-10-15,Ahmedabad,Tomatoes,KG,actual,28.1
2013-11-15,Ahmedabad,Tomatoes,KG,actual,35.0
2013-12-15,Ahmedabad,Tomatoes,KG,actual,30.71
2014-01-15,Ahmedabad,Tomatoes,KG,actual,24.24
2014-02-15,Ahmedabad,Tomatoes,KG,actual,19.26
2014-03-15,Ahmedabad,Tomatoes,KG,actual,17.07
2014-04-15,Ahmedabad,Tomatoes,KG,actual,17.33
2014-05-15,Ahmedabad,Tomatoes,KG,actual,18.39
2014-06-15,Ahmedabad,Tomatoes,KG,actual,23.29
2014-07-15,Ahmedabad,Tomatoes,KG,actual,42.68
2014-08-15,Ahmedabad,Tomatoes,KG,actual,58.4
2014-09-15,Ahmedabad,Tomatoes,KG,actual,43.27
2014-10-15,Ahmedabad,Tomatoes,KG,actual,39.13
2014-11-15,Ahmedabad,Tomatoes,KG,actual,33.0
2014-12-15,Ahmedabad,Tomatoes,KG,actual,20.82
2015-01-15,Ahmedabad,Tomatoes,KG,actual,21.63
2015-02-15,Ahmedabad,Tomatoes,KG,actual,20.95
2015-03-15,Ahmedabad,Tomatoes,KG,actual,20.76
2015-04-15,Ahmedabad,Tomatoes,KG,actual,20.0
2015-05-15,Ahmedabad,Tomatoes,KG,actual,20.11
2015-06-15,Ahmedabad,Tomatoes,KG,actual,22.0
2015-07-15,Ahmedabad,Tomatoes,KG,actual,25.18
2015-08-15,Ahmedabad,Tomatoes,KG,actual,29.6
2015-09-15,Ahmedabad,Tomatoes,KG,actual,26.5
2015-10-15,Ahmedabad,Tomatoes,KG,actual,23.48
2015-11-15,Ahmedabad,Tomatoes,KG,actual,23.6
2015-12-15,Ahmedabad,Tomatoes,KG,actual,33.81
2016-01-15,Ahmedabad,Tomatoes,KG,actual,28.0
2016-02-15,Ahmedabad,Tomatoes,KG,actual,24.69
2016-03-15,Ahmedabad,Tomatoes,KG,actual,21.93
2016-04-15,Ahmedabad,Tomatoes,KG,actual,20.0
2016-05-15,Ahmedabad,Tomatoes,KG,actual,20.0
2016-06-15,Ahmedabad,Tomatoes,KG,actual,41.33
2016-07-15,Ahmedabad,Tomatoes,KG,actual,56.67
2016-08-15,Ahmedabad,Tomatoes,KG,actual,43.41
2016-09-15,Ahmedabad,Tomatoes,KG,actual,29.7
2016-10-15,Ahmedabad,Tomatoes,KG,actual,27.66
2016-11-15,Ahmedabad,Tomatoes,KG,actual,20.17
2016-12-15,Ahmedabad,Tomatoes,KG,actual,19.68
2017-01-15,Ahmedabad,Tomatoes,KG,actual,18.0
2017-02-15,Ahmedabad,Tomatoes,KG,actual,16.52
2017-03-15,Ahmedabad,Tomatoes,KG,actual,18.06
2017-04-15,Ahmedabad,Tomatoes,KG,actual,20.0
2017-05-15,Ahmedabad,Tomatoes,KG,actual,20.0
2017-06-15,Ahmedabad,Tomatoes,KG,actual,20.48
2017-07-15,Ahmedabad,Tomatoes,KG,actual,50.06
2017-08-15,Ahmedabad,Tomatoes,KG,actual,71.57
2017-09-15,Ahmedabad,Tomatoes,KG,actual,68.25
2017-10-15,Ahmedabad,Tomatoes,KG,actual,44.38
2017-12-15,Ahmedabad,Tomatoes,KG,actual,34.52
2018-01-15,Ahmedabad,Tomatoes,KG,actual,20.0
2018-02-15,Ahmedabad,Tomatoes,KG,actual,19.29
2018-03-15,Ahmedabad,Tomatoes,KG,actual,16.21
2018-04-15,Ahmedabad,Tomatoes,KG,actual,15.0
2018-05-15,Ahmedabad,Tomatoes,KG,actual,17.4
2018-06-15,Ahmedabad,Tomatoes,KG,actual,23.6
2018-07-15,Ahmedabad,Tomatoes,KG,actual,26.11
2018-08-15,Ahmedabad,Tomatoes,KG,actual,30.0
2018-09-15,Ahmedabad,Tomatoes,KG,actual,29.2
2018-10-15,Ahmedabad,Tomatoes,KG,actual,25.0
2018-11-15,Ahmedabad,Tomatoes,KG,actual,25.0
2019-01-15,Ahmedabad,Tomatoes,KG,actual,25.0
2019-07-15,Ahmedabad,Tomatoes,KG,actual,26.0
2019-08-15,Ahmedabad,Tomatoes,KG,actual,26.69
2019-09-15,Ahmedabad,Tomatoes,KG,actual,31.14
2019-10-15,Ahmedabad,Tomatoes,KG,actual,45.38
2019-11-15,Ahmedabad,Tomatoes,KG,actual,43.69
2019-12-15,Ahmedabad,Tomatoes,KG,actual,23.57
2020-01-15,Ahmedabad,Tomatoes,KG,actual,20.17
2020-02-15,Ahmedabad,Tomatoes,KG,actual,20.0
2020-03-15,Ahmedabad,Tomatoes,KG,actual,20.0
2020-04-15,Ahmedabad,Tomatoes,KG,actual,20.0
2020-05-15,Ahmedabad,Tomatoes,KG,actual,20.0
2020-06-15,Ahmedabad,Tomatoes,KG,actual,20.5
2020-07-15,Ahmedabad,Tomatoes,KG,actual,45.52
2020-08-15,Ahmedabad,Tomatoes,KG,actual,49.56
2020-09-15,Ahmedabad,Tomatoes,KG,actual,56.7
2020-10-15,Ahmedabad,Tomatoes,KG,actual,58.0
2020-11-15,Ahmedabad,Tomatoes,KG,actual,54.92
2020-12-15,Ahmedabad,Tomatoes,KG,actual,52.07
2021-01-15,Ahmedabad,Tomatoes,KG,actual,31.46
2021-02-15,Ahmedabad,Tomatoes,KG,actual,35.0
2021-03-15,Ahmedabad,Tomatoes,KG,actual,25.54
2021-04-15,Ahmedabad,Tomatoes,KG,actual,22.0
2021-05-15,Ahmedabad,Tomatoes,KG,actual,22.0
2021-06-15,Ahmedabad,Tomatoes,KG,actual,22.0
2021-07-15,Ahmedabad,Tomatoes,KG,actual,22.0
2021-08-15,Ahmedabad,Tomatoes,KG,actual,22.54
2021-09-15,Ahmedabad,Tomatoes,KG,actual,25.0
2021-10-15,Ahmedabad,Tomatoes,KG,actual,31.56
2021-11-15,Ahmedabad,Tomatoes,KG,actual,59.93
2021-12-15,Ahmedabad,Tomatoes,KG,actual,60.05
2022-01-15,Ahmedabad,Tomatoes,KG,actual,60.0
2022-02-15,Ahmedabad,Tomatoes,KG,actual,60.0
2022-03-15,Ahmedabad,Tomatoes,KG,actual,60.0
2022-04-15,Ahmedabad,Tomatoes,KG,actual,46.88
2022-05-15,Ahmedabad,Tomatoes,KG,actual,44.0
2022-06-15,Ahmedabad,Tomatoes,KG,actual,51.36
2022-07-15,Ahmedabad,Tomatoes,KG,actual,52.87
2022-08-15,Ahmedabad,Tomatoes,KG,actual,37.1
2022-09-15,Ahmedabad,Tomatoes,KG,actual,42.43
2022-10-15,Ahmedabad,Tomatoes,KG,actual,42.21
2022-11-15,Ahmedabad,Tomatoes,KG,actual,41.91
2022-12-15,Ahmedabad,Tomatoes,KG,actual,42.12
2023-01-15,Ahmedabad,Tomatoes,KG,actual,42.24
2023-02-15,Ahmedabad,Tomatoes,KG,actual,42.15
2023-03-15,Ahmedabad,Tomatoes,KG,actual,33.71
2023-04-15,Ahmedabad,Tomatoes,KG,actual,29.27
2023-05-15,Ahmedabad,Tomatoes,KG,actual,19.68
2023-06-15,Ahmedabad,Tomatoes,KG,actual,35.22
2023-07-15,Ahmedabad,Tomatoes,KG,actual,101.77
1994-01-15,Ahmedabad,Wheat,KG,actual,6.2
1994-02-15,Ahmedabad,Wheat,KG,actual,6.0
1994-03-15,Ahmedabad,Wheat,KG,actual,6.5
1994-04-15,Ahmedabad,Wheat,KG,actual,6.5
1994-05-15,Ahmedabad,Wheat,KG,actual,6.4
1994-08-15,Ahmedabad,Wheat,KG,actual,6.0
1994-09-15,Ahmedabad,Wheat,KG,actual,6.0
1994-11-15,Ahmedabad,Wheat,KG,actual,6.5
1994-12-15,Ahmedabad,Wheat,KG,actual,6.9
1996-01-15,Ahmedabad,Wheat,KG,actual,6.8
1996-02-15,Ahmedabad,Wheat,KG,actual,6.6
1996-03-15,Ahmedabad,Wheat,KG,actual,7.0
1996-04-15,Ahmedabad,Wheat,KG,actual,7.4
1996-05-15,Ahmedabad,Wheat,KG,actual,7.2
1996-06-15,Ahmedabad,Wheat,KG,actual,7.5
1996-07-15,Ahmedabad,Wheat,KG,actual,7.4
1996-08-15,Ahmedabad,Wheat,KG,actual,7.8
1996-09-15,Ahmedabad,Wheat,KG,actual,8.6
1996-10-15,Ahmedabad,Wheat,KG,actual,8.0
1996-11-15,Ahmedabad,Wheat,KG,actual,9.5
1996-12-15,Ahmedabad,Wheat,KG,actual,9.2
1997-01-15,Ahmedabad,Wheat,KG,actual,8.9
1997-02-15,Ahmedabad,Wheat,KG,actual,8.4
1997-03-15,Ahmedabad,Wheat,KG,actual,7.4
1997-04-15,Ahmedabad,Wheat,KG,actual,8.2
1997-05-15,Ahmedabad,Wheat,KG,actual,7.8
1997-06-15,Ahmedabad,Wheat,KG,actual,6.8
1997-07-15,Ahmedabad,Wheat,KG,actual,7.0
1997-08-15,Ahmedabad,Wheat,KG,actual,7.8
1997-09-15,Ahmedabad,Wheat,KG,actual,8.25
1997-10-15,Ahmedabad,Wheat,KG,actual,7.5
1997-11-15,Ahmedabad,Wheat,KG,actual,7.5
1997-12-15,Ahmedabad,Wheat,KG,actual,8.5
1998-01-15,Ahmedabad,Wheat,KG,actual,8.9
1998-02-15,Ahmedabad,Wheat,KG,actual,7.25
1998-03-15,Ahmedabad,Wheat,KG,actual,7.5
1998-04-15,Ahmedabad,Wheat,KG,actual,7.25
1998-05-15,Ahmedabad,Wheat,KG,actual,6.5
1998-06-15,Ahmedabad,Wheat,KG,actual,7.0
1998-07-15,Ahmedabad,Wheat,KG,actual,7.8
1998-08-15,Ahmedabad,Wheat,KG,actual,7.5
1998-09-15,Ahmedabad,Wheat,KG,actual,7.5
1998-11-15,Ahmedabad,Wheat,KG,actual,7.5
1998-12-15,Ahmedabad,Wheat,KG,actual,7.9
1999-01-15,Ahmedabad,Wheat,KG,actual,7.5
1999-02-15,Ahmedabad,Wheat,KG,actual,7.9
1999-03-15,Ahmedabad,Wheat,KG,actual,7.25
1999-04-15,Ahmedabad,Wheat,KG,actual,7.8
1999-05-15,Ahmedabad,Wheat,KG,actual,7.25
1999-06-15,Ahmedabad,Wheat,KG,actual,7.8
1999-07-15,Ahmedabad,Wheat,KG,actual,7.25
1999-08-15,Ahmedabad,Wheat,KG,actual,7.8
1999-09-15,Ahmedabad,Wheat,KG,actual,7.8
1999-10-15,Ahmedabad,Wheat,KG,actual,7.8
1999-11-15,Ahmedabad,Wheat,KG,actual,7.8
1999-12-15,Ahmedabad,Wheat,KG,actual,7.8
2000-01-15,Ahmedabad,Wheat,KG,actual,7.8
2000-02-15,Ahmedabad,Wheat,KG,actual,7.8
2000-03-15,Ahmedabad,Wheat,KG,actual,7.8
2000-04-15,Ahmedabad,Wheat,KG,actual,8.0
2000-05-15,Ahmedabad,Wheat,KG,actual,7.8
2000-06-15,Ahmedabad,Wheat,KG,actual,7.8
2000-07-15,Ahmedabad,Wheat,KG,actual,7.5
2000-08-15,Ahmedabad,Wheat,KG,actual,7.75
2000-09-15,Ahmedabad,Wheat,KG,actual,7.75
2000-10-15,Ahmedabad,Wheat,KG,actual,7.25
2000-11-15,Ahmedabad,Wheat,KG,actual,7.8
2000-12-15,Ahmedabad,Wheat,KG,actual,7.8
2001-01-15,Ahmedabad,Wheat,KG,actual,8.0
2001-02-15,Ahmedabad,Wheat,KG,actual,7.75
2001-03-15,Ahmedabad,Wheat,KG,actual,8.0
2001-04-15,Ahmedabad,Wheat,KG,actual,8.25
2001-05-15,Ahmedabad,Wheat,KG,actual,7.5
2002-02-15,Ahmedabad,Wheat,KG,actual,8.25
2002-03-15,Ahmedabad,Wheat,KG,actual,8.25
2002-07-15,Ahmedabad,Wheat,KG,actual,8.25
2002-09-15,Ahmedabad,Wheat,KG,actual,8.25
2002-10-15,Ahmedabad,Wheat,KG,actual,8.25
2002-11-15,Ahmedabad,Wheat,KG,actual,8.25
2002-12-15,Ahmedabad,Wheat,KG,actual,8.25
2003-01-15,Ahmedabad,Wheat,KG,actual,8.25
2003-02-15,Ahmedabad,Wheat,KG,actual,8.25
2003-03-15,Ahmedabad,Wheat,KG,actual,8.25
2003-04-15,Ahmedabad,Wheat,KG,actual,8.25
2003-05-15,Ahmedabad,Wheat,KG,actual,8.25
2003-06-15,Ahmedabad,Wheat,KG,actual,8.25
2003-07-15,Ahmedabad,Wheat,KG,actual,8.25
2003-08-15,Ahmedabad,Wheat,KG,actual,8.25
2003-09-15,Ahmedabad,Wheat,KG,actual,8.25
2003-10-15,Ahmedabad,Wheat,KG,actual,8.25
2003-11-15,Ahmedabad,Wheat,KG,actual,8.25
2003-12-15,Ahmedabad,Wheat,KG,actual,8.25
2004-01-15,Ahmedabad,Wheat,KG,actual,8.25
2004-02-15,Ahmedabad,Wheat,KG,actual,9.5
2004-03-15,Ahmedabad,Wheat,KG,actual,9.5
2004-04-15,Ahmedabad,Wheat,KG,actual,9.5
2004-05-15,Ahmedabad,Wheat,KG,actual,9.5
2004-06-15,Ahmedabad,Wheat,KG,actual,9.5
2004-07-15,Ahmedabad,Wheat,KG,actual,9.5
2004-08-15,Ahmedabad,Wheat,KG,actual,9.5
2004-09-15,Ahmedabad,Wheat,KG,actual,9.5
2004-10-15,Ahmedabad,Wheat,KG,actual,9.5
2004-11-15,Ahmedabad,Wheat,KG,actual,9.5
2004-12-15,Ahmedabad,Wheat,KG,actual,9.5
2005-01-15,Ahmedabad,Wheat,KG,actual,9.5
2005-02-15,Ahmedabad,Wheat,KG,actual,9.5
2005-03-15,Ahmedabad,Wheat,KG,actual,9.5
2005-04-15,Ahmedabad,Wheat,KG,actual,9.5
2005-05-15,Ahmedabad,Wheat,KG,actual,9.5
2005-06-15,Ahmedabad,Wheat,KG,actual,9.5
2005-07-15,Ahmedabad,Wheat,KG,actual,9.5
2005-08-15,Ahmedabad,Wheat,KG,actual,9.5
2005-09-15,Ahmedabad,Wheat,KG,actual,9.5
2005-10-15,Ahmedabad,Wheat,KG,actual,9.5
2005-11-15,Ahmedabad,Wheat,KG,actual,9.5
2005-12-15,Ahmedabad,Wheat,KG,actual,9.5
2006-01-15,Ahmedabad,Wheat,KG,actual,9.5
2006-02-15,Ahmedabad,Wheat,KG,actual,9.5
2006-03-15,Ahmedabad,Wheat,KG,actual,9.5
2006-04-15,Ahmedabad,Wheat,KG,actual,9.5
2006-05-15,Ahmedabad,Wheat,KG,actual,10.0
2006-06-15,Ahmedabad,Wheat,KG,actual,11.0
2006-07-15,Ahmedabad,Wheat,KG,actual,11.0
2006-08-15,Ahmedabad,Wheat,KG,actual,11.0
2006-09-15,Ahmedabad,Wheat,KG,actual,11.0
2006-10-15,Ahmedabad,Wheat,KG,actual,11.0
2006-11-15,Ahmedabad,Wheat,KG,actual,12.0
2006-12-15,Ahmedabad,Wheat,KG,actual,13.0
2007-01-15,Ahmedabad,Wheat,KG,actual,13.0
2007-02-15,Ahmedabad,Wheat,KG,actual,11.0
2007-03-15,Ahmedabad,Wheat,KG,actual,11.0
2007-04-15,Ahmedabad,Wheat,KG,actual,10.5
2007-05-15,Ahmedabad,Wheat,KG,actual,11.0
2007-06-15,Ahmedabad,Wheat,KG,actual,10.5
2007-07-15,Ahmedabad,Wheat,KG,actual,11.0
2007-08-15,Ahmedabad,Wheat,KG,actual,11.0
2007-09-15,Ahmedabad,Wheat,KG,actual,11.0
2007-10-15,Ahmedabad,Wheat,KG,actual,12.25
2007-11-15,Ahmedabad,Wheat,KG,actual,12.25
2007-12-15,Ahmedabad,Wheat,KG,actual,12.25
2008-01-15,Ahmedabad,Wheat,KG,actual,12.75
2008-02-15,Ahmedabad,Wheat,KG,actual,12.25
2008-03-15,Ahmedabad,Wheat,KG,actual,13.5
2008-04-15,Ahmedabad,Wheat,KG,actual,12.0
2008-05-15,Ahmedabad,Wheat,KG,actual,11.0
2008-06-15,Ahmedabad,Wheat,KG,actual,11.75
2008-07-15,Ahmedabad,Wheat,KG,actual,11.75
2008-08-15,Ahmedabad,Wheat,KG,actual,12.37
2008-09-15,Ahmedabad,Wheat,KG,actual,12.37
2008-10-15,Ahmedabad,Wheat,KG,actual,11.5
2008-11-15,Ahmedabad,Wheat,KG,actual,12.5
2008-12-15,Ahmedabad,Wheat,KG,actual,11.5
2009-01-15,Ahmedabad,Wheat,KG,actual,13.0
2009-02-15,Ahmedabad,Wheat,KG,actual,13.0
2009-03-15,Ahmedabad,Wheat,KG,actual,13.0
2009-04-15,Ahmedabad,Wheat,KG,actual,12.5
2009-05-15,Ahmedabad,Wheat,KG,actual,12.5
2009-06-15,Ahmedabad,Wheat,KG,actual,12.5
2009-07-15,Ahmedabad,Wheat,KG,actual,13.5
2009-08-15,Ahmedabad,Wheat,KG,actual,13.5
2009-09-15,Ahmedabad,Wheat,KG,actual,13.5
2009-10-15,Ahmedabad,Wheat,KG,actual,14.0
2009-11-15,Ahmedabad,Wheat,KG,actual,15.0
2009-12-15,Ahmedabad,Wheat,KG,actual,17.0
2010-01-15,Ahmedabad,Wheat,KG,actual,16.0
2010-02-15,Ahmedabad,Wheat,KG,actual,13.0
2010-03-15,Ahmedabad,Wheat,KG,actual,16.0
2010-04-15,Ahmedabad,Wheat,KG,actual,13.0
2010-05-15,Ahmedabad,Wheat,KG,actual,14.0
2010-06-15,Ahmedabad,Wheat,KG,actual,14.0
2010-07-15,Ahmedabad,Wheat,KG,actual,14.0
2010-08-15,Ahmedabad,Wheat,KG,actual,16.0
2010-09-15,Ahmedabad,Wheat,KG,actual,15.0
2010-10-15,Ahmedabad,Wheat,KG,actual,15.0
2010-11-15,Ahmedabad,Wheat,KG,actual,15.0
2010-12-15,Ahmedabad,Wheat,KG,actual,15.0
2011-01-15,Ahmedabad,Wheat,KG,actual,15.0
2011-02-15,Ahmedabad,Wheat,KG,actual,15.0
2011-04-15,Ahmedabad,Wheat,KG,actual,12.5
2011-05-15,Ahmedabad,Wheat,KG,actual,13.0
2011-06-15,Ahmedabad,Wheat,KG,actual,13.38
2011-07-15,Ahmedabad,Wheat,KG,actual,13.24
2011-08-15,Ahmedabad,Wheat,KG,actual,13.0
2011-09-15,Ahmedabad,Wheat,KG,actual,13.41
2011-10-15,Ahmedabad,Wheat,KG,actual,14.08
2011-11-15,Ahmedabad,Wheat,KG,actual,14.0
2011-12-15,Ahmedabad,Wheat,KG,actual,15.65
2012-02-15,Ahmedabad,Wheat,KG,actual,16.0
2012-03-15,Ahmedabad,Wheat,KG,actual,16.19
2012-04-15,Ahmedabad,Wheat,KG,actual,16.29
2012-05-15,Ahmedabad,Wheat,KG,actual,16.0
2012-06-15,Ahmedabad,Wheat,KG,actual,16.33
2012-07-15,Ahmedabad,Wheat,KG,actual,14.68
2012-08-15,Ahmedabad,Wheat,KG,actual,15.0
2012-09-15,Ahmedabad,Wheat,KG,actual,15.0
2012-10-15,Ahmedabad,Wheat,KG,actual,15.0
2012-11-15,Ahmedabad,Wheat,KG,actual,15.0
2012-12-15,Ahmedabad,Wheat,KG,actual,15.0
2013-01-15,Ahmedabad,Wheat,KG,actual,15.0
2013-02-15,Ahmedabad,Wheat,KG,actual,15.0
2013-03-15,Ahmedabad,Wheat,KG,actual,15.22
2013-04-15,Ahmedabad,Wheat,KG,actual,19.0
2013-05-15,Ahmedabad,Wheat,KG,actual,19.0
2013-06-15,Ahmedabad,Wheat,KG,actual,19.0
2013-07-15,Ahmedabad,Wheat,KG,actual,19.0
2013-08-15,Ahmedabad,Wheat,KG,actual,19.0
2013-09-15,Ahmedabad,Wheat,KG,actual,19.0
2013-10-15,Ahmedabad,Wheat,KG,actual,19.0
2013-11-15,Ahmedabad,Wheat,KG,actual,19.0
2013-12-15,Ahmedabad,Wheat,KG,actual,19.0
2014-01-15,Ahmedabad,Wheat,KG,actual,19.0
2014-02-15,Ahmedabad,Wheat,KG,actual,19.0
2014-03-15,Ahmedabad,Wheat,KG,actual,19.0
2014-04-15,Ahmedabad,Wheat,KG,actual,19.0
2014-05-15,Ahmedabad,Wheat,KG,actual,19.0
2014-06-15,Ahmedabad,Wheat,KG,actual,19.0
2014-07-15,Ahmedabad,Wheat,KG,actual,20.0
2014-08-15,Ahmedabad,Wheat,KG,actual,20.0
2014-09-15,Ahmedabad,Wheat,KG,actual,20.0
2014-10-15,Ahmedabad,Wheat,KG,actual,20.0
2014-11-15,Ahmedabad,Wheat,KG,actual,20.0
2014-12-15,Ahmedabad,Wheat,KG,actual,20.0
2015-01-15,Ahmedabad,Wheat,KG,actual,20.0
2015-02-15,Ahmedabad,Wheat,KG,actual,20.0
2015-03-15,Ahmedabad,Wheat,KG,actual,19.71
2015-04-15,Ahmedabad,Wheat,KG,actual,19.78
2015-05-15,Ahmedabad,Wheat,KG,actual,21.68
2015-06-15,Ahmedabad,Wheat,KG,actual,22.0
2015-07-15,Ahmedabad,Wheat,KG,actual,22.0
2015-08-15,Ahmedabad,Wheat,KG,actual,22.0
2015-09-15,Ahmedabad,Wheat,KG,actual,22.0
2015-10-15,Ahmedabad,Wheat,KG,actual,21.9
2015-11-15,Ahmedabad,Wheat,KG,actual,22.0
2015-12-15,Ahmedabad,Wheat,KG,actual,22.0
2016-01-15,Ahmedabad,Wheat,KG,actual,22.0
2016-02-15,Ahmedabad,Wheat,KG,actual,22.0
2016-03-15,Ahmedabad,Wheat,KG,actual,22.0
2016-04-15,Ahmedabad,Wheat,KG,actual,22.0
2016-05-15,Ahmedabad,Wheat,KG,actual,22.0
2016-06-15,Ahmedabad,Wheat,KG,actual,22.0
2016-07-15,Ahmedabad,Wheat,KG,actual,22.0
2016-08-15,Ahmedabad,Wheat,KG,actual,22.0
2016-09-15,Ahmedabad,Wheat,KG,actual,22.0
2016-10-15,Ahmedabad,Wheat,KG,actual,22.0
2016-11-15,Ahmedabad,Wheat,KG,actual,22.0
2016-12-15,Ahmedabad,Wheat,KG,actual,22.0
2017-01-15,Ahmedabad,Wheat,KG,actual,22.0
2017-02-15,Ahmedabad,Wheat,KG,actual,22.0
2017-03-15,Ahmedabad,Wheat,KG,actual,22.0
2017-04-15,Ahmedabad,Wheat,KG,actual,22.0
2017-05-15,Ahmedabad,Wheat,KG,actual,22.0
2017-06-15,Ahmedabad,Wheat,KG,actual,22.0
2017-07-15,Ahmedabad,Wheat,KG,actual,22.0
2017-08-15,Ahmedabad,Wheat,KG,actual,22.0
2017-09-15,Ahmedabad,Wheat,KG,actual,22.0
2017-10-15,Ahmedabad,Wheat,KG,actual,22.0
2017-12-15,Ahmedabad,Wheat,KG,actual,20.76
2018-01-15,Ahmedabad,Wheat,KG,actual,20.0
2018-02-15,Ahmedabad,Wheat,KG,actual,20.0
2018-03-15,Ahmedabad,Wheat,KG,actual,20.0
2018-04-15,Ahmedabad,Wheat,KG,actual,20.0
2018-05-15,Ahmedabad,Wheat,KG,actual,20.0
2018-06-15,Ahmedabad,Wheat,KG,actual,20.0
2018-07-15,Ahmedabad,Wheat,KG,actual,20.0
2018-08-15,Ahmedabad,Wheat,KG,actual,20.0
2018-09-15,Ahmedabad,Wheat,KG,actual,20.0
2018-10-15,Ahmedabad,Wheat,KG,actual,20.0
2018-11-15,Ahmedabad,Wheat,KG,actual,20.0
2019-01-15,Ahmedabad,Wheat,KG,actual,21.0
2019-06-15,Ahmedabad,Wheat,KG,actual,21.0
2019-07-15,Ahmedabad,Wheat,KG,actual,21.0
2019-08-15,Ahmedabad,Wheat,KG,actual,21.0
2019-09-15,Ahmedabad,Wheat,KG,actual,21.52
2019-10-15,Ahmedabad,Wheat,KG,actual,22.5
2019-11-15,Ahmedabad,Wheat,KG,actual,22.38
2019-12-15,Ahmedabad,Wheat,KG,actual,23.03
2020-01-15,Ahmedabad,Wheat,KG,actual,23.0
2020-02-15,Ahmedabad,Wheat,KG,actual,23.0
2020-03-15,Ahmedabad,Wheat,KG,actual,22.81
2020-04-15,Ahmedabad,Wheat,KG,actual,24.4
2020-05-15,Ahmedabad,Wheat,KG,actual,25.0
2020-06-15,Ahmedabad,Wheat,KG,actual,25.0
2020-07-15,Ahmedabad,Wheat,KG,actual,24.03
2020-08-15,Ahmedabad,Wheat,KG,actual,24.0
2020-09-15,Ahmedabad,Wheat,KG,actual,23.5
2020-10-15,Ahmedabad,Wheat,KG,actual,23.0
2020-11-15,Ahmedabad,Wheat,KG,actual,22.33
2020-12-15,Ahmedabad,Wheat,KG,actual,22.0
2021-01-15,Ahmedabad,Wheat,KG,actual,23.33
2021-02-15,Ahmedabad,Wheat,KG,actual,22.0
2021-03-15,Ahmedabad,Wheat,KG,actual,22.04
2021-04-15,Ahmedabad,Wheat,KG,actual,22.0
2021-05-15,Ahmedabad,Wheat,KG,actual,22.0
2021-06-15,Ahmedabad,Wheat,KG,actual,22.0
2021-07-15,Ahmedabad,Wheat,KG,actual,22.0
2021-08-15,Ahmedabad,Wheat,KG,actual,22.0
2021-09-15,Ahmedabad,Wheat,KG,actual,22.0
2021-10-15,Ahmedabad,Wheat,KG,actual,22.81
2021-11-15,Ahmedabad,Wheat,KG,actual,25.8
2021-12-15,Ahmedabad,Wheat,KG,actual,25.11
2022-01-15,Ahmedabad,Wheat,KG,actual,25.0
2022-02-15,Ahmedabad,Wheat,KG,actual,25.06
2022-03-15,Ahmedabad,Wheat,KG,actual,25.0
2022-04-15,Ahmedabad,Wheat,KG,actual,26.92
2022-05-15,Ahmedabad,Wheat,KG,actual,30.45
2022-06-15,Ahmedabad,Wheat,KG,actual,30.41
2022-07-15,Ahmedabad,Wheat,KG,actual,33.0
2022-08-15,Ahmedabad,Wheat,KG,actual,36.14
2022-09-15,Ahmedabad,Wheat,KG,actual,22.65
2022-10-15,Ahmedabad,Wheat,KG,actual,22.05
2022-11-15,Ahmedabad,Wheat,KG,actual,22.04
2022-12-15,Ahmedabad,Wheat,KG,actual,22.16
2023-01-15,Ahmedabad,Wheat,KG,actual,22.09
2023-02-15,Ahmedabad,Wheat,KG,actual,22.07
2023-03-15,Ahmedabad,Wheat,KG,actual,25.14
2023-04-15,Ahmedabad,Wheat,KG,actual,26.46
2023-05-15,Ahmedabad,Wheat,KG,actual,28.88
2023-06-15,Ahmedabad,Wheat,KG,actual,31.33
2023-07-15,Ahmedabad,Wheat,KG,actual,32.0
2012-04-15,Ahmedabad,Wheat flour,KG,actual,16.88
2012-05-15,Ahmedabad,Wheat flour,KG,actual,17.0
2012-06-15,Ahmedabad,Wheat flour,KG,actual,17.0
2012-07-15,Ahmedabad,Wheat flour,KG,actual,15.59
2012-08-15,Ahmedabad,Wheat flour,KG,actual,15.79
2012-09-15,Ahmedabad,Wheat flour,KG,actual,16.0
2012-10-15,Ahmedabad,Wheat flour,KG,actual,16.0
2012-11-15,Ahmedabad,Wheat flour,KG,actual,16.0
2012-12-15,Ahmedabad,Wheat flour,KG,actual,16.0
2013-01-15,Ahmedabad,Wheat flour,KG,actual,16.0
2013-02-15,Ahmedabad,Wheat flour,KG,actual,16.0
2013-03-15,Ahmedabad,Wheat flour,KG,actual,16.0
2013-04-15,Ahmedabad,Wheat flour,KG,actual,16.0
2013-05-15,Ahmedabad,Wheat flour,KG,actual,16.0
2013-06-15,Ahmedabad,Wheat flour,KG,actual,16.0
2013-07-15,Ahmedabad,Wheat flour,KG,actual,16.0
2013-08-15,Ahmedabad,Wheat flour,KG,actual,16.0
2013-09-15,Ahmedabad,Wheat flour,KG,actual,16.0
2013-10-15,Ahmedabad,Wheat flour,KG,actual,16.0
2013-11-15,Ahmedabad,Wheat flour,KG,actual,16.0
2013-12-15,Ahmedabad,Wheat flour,KG,actual,16.0
2014-01-15,Ahmedabad,Wheat flour,KG,actual,16.0
2014-02-15,Ahmedabad,Wheat flour,KG,actual,16.0
2014-03-15,Ahmedabad,Wheat flour,KG,actual,16.0
2014-04-15,Ahmedabad,Wheat flour,KG,actual,22.0
2014-05-15,Ahmedabad,Wheat flour,KG,actual,22.0
2014-06-15,Ahmedabad,Wheat flour,KG,actual,22.0
2014-07-15,Ahmedabad,Wheat flour,KG,actual,22.0
2014-08-15,Ahmedabad,Wheat flour,KG,actual,22.0
2014-09-15,Ahmedabad,Wheat flour,KG,actual,22.0
2014-10-15,Ahmedabad,Wheat flour,KG,actual,22.0
2014-11-15,Ahmedabad,Wheat flour,KG,actual,22.0
2014-12-15,Ahmedabad,Wheat flour,KG,actual,22.0
2015-01-15,Ahmedabad,Wheat flour,KG,actual,22.0
2015-02-15,Ahmedabad,Wheat flour,KG,actual,22.0
2015-03-15,Ahmedabad,Wheat flour,KG,actual,23.14
2015-07-15,Ahmedabad,Wheat flour,KG,actual,24.0
2015-08-15,Ahmedabad,Wheat flour,KG,actual,24.1
2015-09-15,Ahmedabad,Wheat flour,KG,actual,25.0
2015-10-15,Ahmedabad,Wheat flour,KG,actual,24.71
2015-11-15,Ahmedabad,Wheat flour,KG,actual,25.0
2015-12-15,Ahmedabad,Wheat flour,KG,actual,25.0
2016-01-15,Ahmedabad,Wheat flour,KG,actual,25.0
2016-02-15,Ahmedabad,Wheat flour,KG,actual,25.0
2016-03-15,Ahmedabad,Wheat flour,KG,actual,25.0
2016-04-15,Ahmedabad,Wheat flour,KG,actual,25.0
2016-05-15,Ahmedabad,Wheat flour,KG,actual,25.0
2016-06-15,Ahmedabad,Wheat flour,KG,actual,25.0
2016-07-15,Ahmedabad,Wheat flour,KG,actual,25.0
2016-08-15,Ahmedabad,Wheat flour,KG,actual,25.0
2016-09-15,Ahmedabad,Wheat flour,KG,actual,25.0
2016-10-15,Ahmedabad,Wheat flour,KG,actual,25.0
2016-11-15,Ahmedabad,Wheat flour,KG,actual,25.46
2016-12-15,Ahmedabad,Wheat flour,KG,actual,26.0
2017-01-15,Ahmedabad,Wheat flour,KG,actual,26.0
2017-02-15,Ahmedabad,Wheat flour,KG,actual,26.0
2017-03-15,Ahmedabad,Wheat flour,KG,actual,26.0
2017-04-15,Ahmedabad,Wheat flour,KG,actual,26.0
2017-05-15,Ahmedabad,Wheat flour,KG,actual,26.0
2017-06-15,Ahmedabad,Wheat flour,KG,actual,26.0
2017-07-15,Ahmedabad,Wheat flour,KG,actual,26.0
2017-08-15,Ahmedabad,Wheat flour,KG,actual,26.0
2017-09-15,Ahmedabad,Wheat flour,KG,actual,26.0
2017-10-15,Ahmedabad,Wheat flour,KG,actual,26.0
2017-12-15,Ahmedabad,Wheat flour,KG,actual,24.0
2018-01-15,Ahmedabad,Wheat flour,KG,actual,23.6
2018-02-15,Ahmedabad,Wheat flour,KG,actual,23.0
2018-03-15,Ahmedabad,Wheat flour,KG,actual,23.0
2018-04-15,Ahmedabad,Wheat flour,KG,actual,23.0
2018-05-15,Ahmedabad,Wheat flour,KG,actual,23.0
2018-06-15,Ahmedabad,Wheat flour,KG,actual,23.0
2018-07-15,Ahmedabad,Wheat flour,KG,actual,23.0
2018-08-15,Ahmedabad,Wheat flour,KG,actual,23.0
2018-09-15,Ahmedabad,Wheat flour,KG,actual,22.83
2018-10-15,Ahmedabad,Wheat flour,KG,actual,22.0
2018-11-15,Ahmedabad,Wheat flour,KG,actual,22.0
2019-01-15,Ahmedabad,Wheat flour,KG,actual,22.0
2019-06-15,Ahmedabad,Wheat flour,KG,actual,22.0
2019-07-15,Ahmedabad,Wheat flour,KG,actual,22.0
2019-08-15,Ahmedabad,Wheat flour,KG,actual,22.0
2019-09-15,Ahmedabad,Wheat flour,KG,actual,22.48
2019-10-15,Ahmedabad,Wheat flour,KG,actual,23.0
2019-11-15,Ahmedabad,Wheat flour,KG,actual,23.21
2019-12-15,Ahmedabad,Wheat flour,KG,actual,24.0
2020-01-15,Ahmedabad,Wheat flour,KG,actual,23.93
2020-02-15,Ahmedabad,Wheat flour,KG,actual,22.0
2020-03-15,Ahmedabad,Wheat flour,KG,actual,22.0
2020-04-15,Ahmedabad,Wheat flour,KG,actual,23.6
2020-05-15,Ahmedabad,Wheat flour,KG,actual,24.0
2020-06-15,Ahmedabad,Wheat flour,KG,actual,26.8
2020-07-15,Ahmedabad,Wheat flour,KG,actual,28.0
2020-08-15,Ahmedabad,Wheat flour,KG,actual,28.0
2020-09-15,Ahmedabad,Wheat flour,KG,actual,27.43
2020-10-15,Ahmedabad,Wheat flour,KG,actual,27.0
2020-11-15,Ahmedabad,Wheat flour,KG,actual,25.67
2020-12-15,Ahmedabad,Wheat flour,KG,actual,25.0
2021-01-15,Ahmedabad,Wheat flour,KG,actual,24.87
2021-02-15,Ahmedabad,Wheat flour,KG,actual,25.0
2021-03-15,Ahmedabad,Wheat flour,KG,actual,25.08
2021-04-15,Ahmedabad,Wheat flour,KG,actual,25.0
2021-05-15,Ahmedabad,Wheat flour,KG,actual,25.0
2021-06-15,Ahmedabad,Wheat flour,KG,actual,25.0
2021-07-15,Ahmedabad,Wheat flour,KG,actual,25.0
2021-08-15,Ahmedabad,Wheat flour,KG,actual,25.0
2021-09-15,Ahmedabad,Wheat flour,KG,actual,25.0
2021-10-15,Ahmedabad,Wheat flour,KG,actual,25.81
2021-11-15,Ahmedabad,Wheat flour,KG,actual,26.0
2021-12-15,Ahmedabad,Wheat flour,KG,actual,26.32
2022-01-15,Ahmedabad,Wheat flour,KG,actual,26.0
2022-02-15,Ahmedabad,Wheat flour,KG,actual,26.17
2022-03-15,Ahmedabad,Wheat flour,KG,actual,26.0
2022-04-15,Ahmedabad,Wheat flour,KG,actual,27.29
2022-05-15,Ahmedabad,Wheat flour,KG,actual,29.45
2022-06-15,Ahmedabad,Wheat flour,KG,actual,29.41
2022-07-15,Ahmedabad,Wheat flour,KG,actual,30.79
2022-08-15,Ahmedabad,Wheat flour,KG,actual,32.86
2022-09-15,Ahmedabad,Wheat flour,KG,actual,27.13
2022-10-15,Ahmedabad,Wheat flour,KG,actual,28.05
2022-11-15,Ahmedabad,Wheat flour,KG,actual,28.04
2022-12-15,Ahmedabad,Wheat flour,KG,actual,28.16
2023-01-15,Ahmedabad,Wheat flour,KG,actual,28.09
2023-02-15,Ahmedabad,Wheat flour,KG,actual,28.07
2023-03-15,Ahmedabad,Wheat flour,KG,actual,31.14
2023-04-15,Ahmedabad,Wheat flour,KG,actual,32.23
2023-05-15,Ahmedabad,Wheat flour,KG,actual,32.29
2023-06-15,Ahmedabad,Wheat flour,KG,actual,32.33
2023-07-15,Ahmedabad,Wheat flour,KG,actual,36.46
2015-04-15,Rajkot,Ghee (vanaspati),KG,actual,57.17
2015-05-15,Rajkot,Ghee (vanaspati),KG,actual,58.37
2015-06-15,Rajkot,Ghee (vanaspati),KG,actual,58.68
2015-07-15,Rajkot,Ghee (vanaspati),KG,actual,54.77
2015-08-15,Rajkot,Ghee (vanaspati),KG,actual,53.0
2015-09-15,Rajkot,Ghee (vanaspati),KG,actual,51.35
2016-01-15,Rajkot,Ghee (vanaspati),KG,actual,53.14
2016-02-15,Rajkot,Ghee (vanaspati),KG,actual,56.59
2016-03-15,Rajkot,Ghee (vanaspati),KG,actual,60.07
2016-04-15,Rajkot,Ghee (vanaspati),KG,actual,64.1
2016-05-15,Rajkot,Ghee (vanaspati),KG,actual,67.42
2016-06-15,Rajkot,Ghee (vanaspati),KG,actual,68.0
2016-07-15,Rajkot,Ghee (vanaspati),KG,actual,68.0
2016-08-15,Rajkot,Ghee (vanaspati),KG,actual,68.0
2016-09-15,Rajkot,Ghee (vanaspati),KG,actual,69.33
2016-10-15,Rajkot,Ghee (vanaspati),KG,actual,72.86
2016-11-15,Rajkot,Ghee (vanaspati),KG,actual,72.0
2016-12-15,Rajkot,Ghee (vanaspati),KG,actual,73.19
2017-01-15,Rajkot,Ghee (vanaspati),KG,actual,74.0
2017-02-15,Rajkot,Ghee (vanaspati),KG,actual,74.74
2017-03-15,Rajkot,Ghee (vanaspati),KG,actual,75.0
2017-04-15,Rajkot,Ghee (vanaspati),KG,actual,75.0
2017-05-15,Rajkot,Ghee (vanaspati),KG,actual,73.71
2017-06-15,Rajkot,Ghee (vanaspati),KG,actual,72.0
2017-07-15,Rajkot,Ghee (vanaspati),KG,actual,73.2
2017-08-15,Rajkot,Ghee (vanaspati),KG,actual,76.0
2017-09-15,Rajkot,Ghee (vanaspati),KG,actual,76.0
2017-10-15,Rajkot,Ghee (vanaspati),KG,actual,76.0
2017-12-15,Rajkot,Ghee (vanaspati),KG,actual,76.33
2018-01-15,Rajkot,Ghee (vanaspati),KG,actual,76.1
2018-02-15,Rajkot,Ghee (vanaspati),KG,actual,70.18
2018-03-15,Rajkot,Ghee (vanaspati),KG,actual,70.0
2018-04-15,Rajkot,Ghee (vanaspati),KG,actual,70.53
2018-05-15,Rajkot,Ghee (vanaspati),KG,actual,73.0
2018-06-15,Rajkot,Ghee (vanaspati),KG,actual,74.27
2018-07-15,Rajkot,Ghee (vanaspati),KG,actual,75.0
2018-08-15,Rajkot,Ghee (vanaspati),KG,actual,75.0
2018-09-15,Rajkot,Ghee (vanaspati),KG,actual,75.0
2018-10-15,Rajkot,Ghee (vanaspati),KG,actual,77.68
2018-11-15,Rajkot,Ghee (vanaspati),KG,actual,77.64
2019-01-15,Rajkot,Ghee (vanaspati),KG,actual,76.86
2019-06-15,Rajkot,Ghee (vanaspati),KG,actual,76.0
2019-07-15,Rajkot,Ghee (vanaspati),KG,actual,76.0
2019-08-15,Rajkot,Ghee (vanaspati),KG,actual,76.0
2019-09-15,Rajkot,Ghee (vanaspati),KG,actual,76.0
2019-10-15,Rajkot,Ghee (vanaspati),KG,actual,76.0
2019-11-15,Rajkot,Ghee (vanaspati),KG,actual,76.0
2019-12-15,Rajkot,Ghee (vanaspati),KG,actual,76.0
2020-01-15,Rajkot,Ghee (vanaspati),KG,actual,76.0
2020-02-15,Rajkot,Ghee (vanaspati),KG,actual,76.0
2020-03-15,Rajkot,Ghee (vanaspati),KG,actual,77.68
2020-04-15,Rajkot,Ghee (vanaspati),KG,actual,76.0
2020-05-15,Rajkot,Ghee (vanaspati),KG,actual,76.0
2020-06-15,Rajkot,Ghee (vanaspati),KG,actual,76.0
2020-07-15,Rajkot,Ghee (vanaspati),KG,actual,75.23
2020-08-15,Rajkot,Ghee (vanaspati),KG,actual,75.04
2020-09-15,Rajkot,Ghee (vanaspati),KG,actual,76.0
2020-10-15,Rajkot,Ghee (vanaspati),KG,actual,76.0
2020-11-15,Rajkot,Ghee (vanaspati),KG,actual,76.0
2020-12-15,Rajkot,Ghee (vanaspati),KG,actual,77.86
2021-01-15,Rajkot,Ghee (vanaspati),KG,actual,104.04
2021-02-15,Rajkot,Ghee (vanaspati),KG,actual,107.0
2021-03-15,Rajkot,Ghee (vanaspati),KG,actual,107.97
2021-04-15,Rajkot,Ghee (vanaspati),KG,actual,108.0
2021-05-15,Rajkot,Ghee (vanaspati),KG,actual,109.13
2021-06-15,Rajkot,Ghee (vanaspati),KG,actual,110.0
2021-07-15,Rajkot,Ghee (vanaspati),KG,actual,110.0
2021-08-15,Rajkot,Ghee (vanaspati),KG,actual,110.0
2021-09-15,Rajkot,Ghee (vanaspati),KG,actual,111.5
2021-10-15,Rajkot,Ghee (vanaspati),KG,actual,129.71
2021-11-15,Rajkot,Ghee (vanaspati),KG,actual,129.84
2021-12-15,Rajkot,Ghee (vanaspati),KG,actual,129.13
2022-01-15,Rajkot,Ghee (vanaspati),KG,actual,124.6
2022-02-15,Rajkot,Ghee (vanaspati),KG,actual,127.86
2022-03-15,Rajkot,Ghee (vanaspati),KG,actual,136.67
2022-04-15,Rajkot,Ghee (vanaspati),KG,actual,145.71
2022-05-15,Rajkot,Ghee (vanaspati),KG,actual,166.27
2022-06-15,Rajkot,Ghee (vanaspati),KG,actual,166.07
2022-07-15,Rajkot,Ghee (vanaspati),KG,actual,164.47
2022-08-15,Rajkot,Ghee (vanaspati),KG,actual,165.72
2022-09-15,Rajkot,Ghee (vanaspati),KG,actual,148.58
2022-10-15,Rajkot,Ghee (vanaspati),KG,actual,146.2
2022-11-15,Rajkot,Ghee (vanaspati),KG,actual,146.93
2022-12-15,Rajkot,Ghee (vanaspati),KG,actual,145.77
2023-01-15,Rajkot,Ghee (vanaspati),KG,actual,144.63
2023-02-15,Rajkot,Ghee (vanaspati),KG,actual,142.48
2023-03-15,Rajkot,Ghee (vanaspati),KG,actual,141.11
2023-04-15,Rajkot,Ghee (vanaspati),KG,actual,141.0
2023-05-15,Rajkot,Ghee (vanaspati),KG,actual,141.6
2023-06-15,Rajkot,Ghee (vanaspati),KG,actual,143.81
2023-07-15,Rajkot,Ghee (vanaspati),KG,actual,146.11
2013-04-15,Rajkot,Lentils,KG,actual,50.82
2013-05-15,Rajkot,Lentils,KG,actual,55.1
2013-06-15,Rajkot,Lentils,KG,actual,48.79
2013-07-15,Rajkot,Lentils,KG,actual,47.24
2013-08-15,Rajkot,Lentils,KG,actual,46.0
2013-09-15,Rajkot,Lentils,KG,actual,46.9
2013-10-15,Rajkot,Lentils,KG,actual,46.47
2013-11-15,Rajkot,Lentils,KG,actual,45.0
2013-12-15,Rajkot,Lentils,KG,actual,44.07
2014-01-15,Rajkot,Lentils,KG,actual,44.43
2014-02-15,Rajkot,Lentils,KG,actual,40.0
2014-03-15,Rajkot,Lentils,KG,actual,40.0
2014-04-15,Rajkot,Lentils,KG,actual,42.75
2014-05-15,Rajkot,Lentils,KG,actual,39.82
2014-06-15,Rajkot,Lentils,KG,actual,36.0
2014-07-15,Rajkot,Lentils,KG,actual,38.64
2014-08-15,Rajkot,Lentils,KG,actual,40.0
2014-09-15,Rajkot,Lentils,KG,actual,40.0
2014-10-15,Rajkot,Lentils,KG,actual,40.0
2014-11-15,Rajkot,Lentils,KG,actual,40.82
2014-12-15,Rajkot,Lentils,KG,actual,41.64
2015-01-15,Rajkot,Lentils,KG,actual,46.74
2015-02-15,Rajkot,Lentils,KG,actual,50.0
2015-03-15,Rajkot,Lentils,KG,actual,50.65
2015-04-15,Rajkot,Lentils,KG,actual,50.17
2015-05-15,Rajkot,Lentils,KG,actual,53.79
2015-06-15,Rajkot,Lentils,KG,actual,61.52
2015-07-15,Rajkot,Lentils,KG,actual,60.09
2015-08-15,Rajkot,Lentils,KG,actual,63.5
2015-09-15,Rajkot,Lentils,KG,actual,64.35
2015-10-15,Rajkot,Lentils,KG,actual,65.9
2015-11-15,Rajkot,Lentils,KG,actual,68.08
2015-12-15,Rajkot,Lentils,KG,actual,67.95
2016-01-15,Rajkot,Lentils,KG,actual,68.0
2016-02-15,Rajkot,Lentils,KG,actual,66.21
2016-03-15,Rajkot,Lentils,KG,actual,65.04
2016-04-15,Rajkot,Lentils,KG,actual,68.47
2016-05-15,Rajkot,Lentils,KG,actual,79.74
2016-06-15,Rajkot,Lentils,KG,actual,89.07
2016-07-15,Rajkot,Lentils,KG,actual,98.0
2016-08-15,Rajkot,Lentils,KG,actual,98.0
2016-09-15,Rajkot,Lentils,KG,actual,98.07
2016-10-15,Rajkot,Lentils,KG,actual,107.9
2016-11-15,Rajkot,Lentils,KG,actual,122.42
2016-12-15,Rajkot,Lentils,KG,actual,120.58
2017-01-15,Rajkot,Lentils,KG,actual,113.43
2017-02-15,Rajkot,Lentils,KG,actual,88.0
2017-03-15,Rajkot,Lentils,KG,actual,77.52
2017-04-15,Rajkot,Lentils,KG,actual,78.3
2017-05-15,Rajkot,Lentils,KG,actual,80.0
2017-06-15,Rajkot,Lentils,KG,actual,80.0
2017-07-15,Rajkot,Lentils,KG,actual,78.19
2017-08-15,Rajkot,Lentils,KG,actual,76.0
2017-09-15,Rajkot,Lentils,KG,actual,76.0
2017-10-15,Rajkot,Lentils,KG,actual,76.0
2017-12-15,Rajkot,Lentils,KG,actual,73.0
2018-01-15,Rajkot,Lentils,KG,actual,68.67
2018-02-15,Rajkot,Lentils,KG,actual,67.72
2018-03-15,Rajkot,Lentils,KG,actual,65.0
2018-04-15,Rajkot,Lentils,KG,actual,65.0
2018-05-15,Rajkot,Lentils,KG,actual,63.03
2018-06-15,Rajkot,Lentils,KG,actual,61.93
2018-07-15,Rajkot,Lentils,KG,actual,60.0
2018-08-15,Rajkot,Lentils,KG,actual,58.0
2018-09-15,Rajkot,Lentils,KG,actual,58.0
2018-10-15,Rajkot,Lentils,KG,actual,58.0
2018-11-15,Rajkot,Lentils,KG,actual,58.0
2019-01-15,Rajkot,Lentils,KG,actual,58.0
2019-06-15,Rajkot,Lentils,KG,actual,58.0
2019-07-15,Rajkot,Lentils,KG,actual,59.0
2019-08-15,Rajkot,Lentils,KG,actual,59.0
2019-09-15,Rajkot,Lentils,KG,actual,59.0
2019-10-15,Rajkot,Lentils,KG,actual,59.0
2019-11-15,Rajkot,Lentils,KG,actual,59.0
2019-12-15,Rajkot,Lentils,KG,actual,59.0
2020-01-15,Rajkot,Lentils,KG,actual,59.0
2020-02-15,Rajkot,Lentils,KG,actual,65.81
2020-03-15,Rajkot,Lentils,KG,actual,82.0
2020-04-15,Rajkot,Lentils,KG,actual,87.6
2020-05-15,Rajkot,Lentils,KG,actual,74.17
2020-06-15,Rajkot,Lentils,KG,actual,79.3
2020-07-15,Rajkot,Lentils,KG,actual,80.0
2020-08-15,Rajkot,Lentils,KG,actual,80.0
2020-09-15,Rajkot,Lentils,KG,actual,80.0
2020-10-15,Rajkot,Lentils,KG,actual,80.0
2020-11-15,Rajkot,Lentils,KG,actual,80.0
2020-12-15,Rajkot,Lentils,KG,actual,82.32
2021-01-15,Rajkot,Lentils,KG,actual,91.85
2021-02-15,Rajkot,Lentils,KG,actual,88.0
2021-03-15,Rajkot,Lentils,KG,actual,88.0
2021-04-15,Rajkot,Lentils,KG,actual,88.0
2021-05-15,Rajkot,Lentils,KG,actual,87.87
2021-06-15,Rajkot,Lentils,KG,actual,90.0
2021-07-15,Rajkot,Lentils,KG,actual,90.0
2021-08-15,Rajkot,Lentils,KG,actual,92.42
2021-09-15,Rajkot,Lentils,KG,actual,95.9
2021-10-15,Rajkot,Lentils,KG,actual,99.45
2021-11-15,Rajkot,Lentils,KG,actual,99.12
2021-12-15,Rajkot,Lentils,KG,actual,97.13
2022-01-15,Rajkot,Lentils,KG,actual,95.17
2022-02-15,Rajkot,Lentils,KG,actual,104.18
2022-03-15,Rajkot,Lentils,KG,actual,103.0
2022-04-15,Rajkot,Lentils,KG,actual,103.79
2022-05-15,Rajkot,Lentils,KG,actual,104.13
2022-06-15,Rajkot,Lentils,KG,actual,107.34
2022-07-15,Rajkot,Lentils,KG,actual,112.73
2022-08-15,Rajkot,Lentils,KG,actual,110.03
2022-09-15,Rajkot,Lentils,KG,actual,105.96
2022-10-15,Rajkot,Lentils,KG,actual,105.5
2022-11-15,Rajkot,Lentils,KG,actual,105.0
2022-12-15,Rajkot,Lentils,KG,actual,108.08
2023-01-15,Rajkot,Lentils,KG,actual,109.56
2023-02-15,Rajkot,Lentils,KG,actual,106.43
2023-03-15,Rajkot,Lentils,KG,actual,105.0
2023-04-15,Rajkot,Lentils,KG,actual,110.12
2023-05-15,Rajkot,Lentils,KG,actual,116.0
2023-06-15,Rajkot,Lentils,KG,actual,118.59
2023-07-15,Rajkot,Lentils,KG,actual,133.79
2012-04-15,Rajkot,Lentils (masur),KG,actual,45.0
2012-05-15,Rajkot,Lentils (masur),KG,actual,45.0
2012-06-15,Rajkot,Lentils (masur),KG,actual,46.5
2012-07-15,Rajkot,Lentils (masur),KG,actual,52.27
2012-08-15,Rajkot,Lentils (masur),KG,actual,55.0
2012-09-15,Rajkot,Lentils (masur),KG,actual,55.0
2012-10-15,Rajkot,Lentils (masur),KG,actual,51.79
2012-11-15,Rajkot,Lentils (masur),KG,actual,51.13
2012-12-15,Rajkot,Lentils (masur),KG,actual,48.69
2013-01-15,Rajkot,Lentils (masur),KG,actual,47.32
2013-02-15,Rajkot,Lentils (masur),KG,actual,51.7
2013-03-15,Rajkot,Lentils (masur),KG,actual,51.5
2013-04-15,Rajkot,Lentils (masur),KG,actual,53.18
2013-05-15,Rajkot,Lentils (masur),KG,actual,54.19
2013-06-15,Rajkot,Lentils (masur),KG,actual,53.29
2013-07-15,Rajkot,Lentils (masur),KG,actual,58.27
2013-08-15,Rajkot,Lentils (masur),KG,actual,58.0
2013-09-15,Rajkot,Lentils (masur),KG,actual,58.0
2013-10-15,Rajkot,Lentils (masur),KG,actual,58.35
2013-11-15,Rajkot,Lentils (masur),KG,actual,59.56
2013-12-15,Rajkot,Lentils (masur),KG,actual,55.0
2014-01-15,Rajkot,Lentils (masur),KG,actual,55.1
2014-02-15,Rajkot,Lentils (masur),KG,actual,56.0
2014-03-15,Rajkot,Lentils (masur),KG,actual,56.0
2014-04-15,Rajkot,Lentils (masur),KG,actual,67.33
2014-05-15,Rajkot,Lentils (masur),KG,actual,72.06
2014-06-15,Rajkot,Lentils (masur),KG,actual,70.0
2014-07-15,Rajkot,Lentils (masur),KG,actual,68.55
2014-08-15,Rajkot,Lentils (masur),KG,actual,68.0
2014-09-15,Rajkot,Lentils (masur),KG,actual,68.0
2014-10-15,Rajkot,Lentils (masur),KG,actual,71.13
2014-11-15,Rajkot,Lentils (masur),KG,actual,74.47
2014-12-15,Rajkot,Lentils (masur),KG,actual,77.5
2015-01-15,Rajkot,Lentils (masur),KG,actual,80.0
2015-02-15,Rajkot,Lentils (masur),KG,actual,80.0
2015-03-15,Rajkot,Lentils (masur),KG,actual,78.8
2015-04-15,Rajkot,Lentils (masur),KG,actual,74.83
2015-05-15,Rajkot,Lentils (masur),KG,actual,77.11
2015-06-15,Rajkot,Lentils (masur),KG,actual,81.23
2015-07-15,Rajkot,Lentils (masur),KG,actual,83.05
2015-08-15,Rajkot,Lentils (masur),KG,actual,84.5
2015-09-15,Rajkot,Lentils (masur),KG,actual,86.3
2015-10-15,Rajkot,Lentils (masur),KG,actual,87.33
2015-11-15,Rajkot,Lentils (masur),KG,actual,84.72
2015-12-15,Rajkot,Lentils (masur),KG,actual,83.05
2016-01-15,Rajkot,Lentils (masur),KG,actual,77.52
2016-02-15,Rajkot,Lentils (masur),KG,actual,76.17
2016-03-15,Rajkot,Lentils (masur),KG,actual,72.93
2016-04-15,Rajkot,Lentils (masur),KG,actual,73.87
2016-05-15,Rajkot,Lentils (masur),KG,actual,77.13
2016-06-15,Rajkot,Lentils (masur),KG,actual,80.1
2016-07-15,Rajkot,Lentils (masur),KG,actual,80.0
2016-08-15,Rajkot,Lentils (masur),KG,actual,80.0
2016-09-15,Rajkot,Lentils (masur),KG,actual,78.87
2016-10-15,Rajkot,Lentils (masur),KG,actual,74.62
2016-11-15,Rajkot,Lentils (masur),KG,actual,72.0
2016-12-15,Rajkot,Lentils (masur),KG,actual,71.74
2017-01-15,Rajkot,Lentils (masur),KG,actual,69.2
2017-02-15,Rajkot,Lentils (masur),KG,actual,66.0
2017-03-15,Rajkot,Lentils (masur),KG,actual,66.0
2017-04-15,Rajkot,Lentils (masur),KG,actual,66.0
2017-05-15,Rajkot,Lentils (masur),KG,actual,65.35
2017-06-15,Rajkot,Lentils (masur),KG,actual,65.0
2017-07-15,Rajkot,Lentils (masur),KG,actual,65.0
2017-08-15,Rajkot,Lentils (masur),KG,actual,65.0
2017-09-15,Rajkot,Lentils (masur),KG,actual,65.0
2017-10-15,Rajkot,Lentils (masur),KG,actual,65.0
2017-12-15,Rajkot,Lentils (masur),KG,actual,64.16
2018-01-15,Rajkot,Lentils (masur),KG,actual,61.0
2018-02-15,Rajkot,Lentils (masur),KG,actual,58.5
2018-03-15,Rajkot,Lentils (masur),KG,actual,58.0
2018-04-15,Rajkot,Lentils (masur),KG,actual,55.2
2018-05-15,Rajkot,Lentils (masur),KG,actual,54.0
2018-06-15,Rajkot,Lentils (masur),KG,actual,54.0
2018-07-15,Rajkot,Lentils (masur),KG,actual,54.0
2018-08-15,Rajkot,Lentils (masur),KG,actual,54.0
2018-09-15,Rajkot,Lentils (masur),KG,actual,54.0
2018-10-15,Rajkot,Lentils (masur),KG,actual,54.0
2018-11-15,Rajkot,Lentils (masur),KG,actual,54.0
2019-01-15,Rajkot,Lentils (masur),KG,actual,54.0
2019-06-15,Rajkot,Lentils (masur),KG,actual,54.0
2019-07-15,Rajkot,Lentils (masur),KG,actual,54.19
2019-08-15,Rajkot,Lentils (masur),KG,actual,55.0
2019-09-15,Rajkot,Lentils (masur),KG,actual,55.0
2019-10-15,Rajkot,Lentils (masur),KG,actual,55.0
2019-11-15,Rajkot,Lentils (masur),KG,actual,55.0
2019-12-15,Rajkot,Lentils (masur),KG,actual,55.0
2020-01-15,Rajkot,Lentils (masur),KG,actual,55.0
2020-02-15,Rajkot,Lentils (masur),KG,actual,55.0
2020-03-15,Rajkot,Lentils (masur),KG,actual,55.0
2020-04-15,Rajkot,Lentils (masur),KG,actual,64.1
2020-05-15,Rajkot,Lentils (masur),KG,actual,68.0
2020-06-15,Rajkot,Lentils (masur),KG,actual,74.3
2020-07-15,Rajkot,Lentils (masur),KG,actual,75.0
2020-08-15,Rajkot,Lentils (masur),KG,actual,75.0
2020-09-15,Rajkot,Lentils (masur),KG,actual,75.0
2020-10-15,Rajkot,Lentils (masur),KG,actual,75.0
2020-11-15,Rajkot,Lentils (masur),KG,actual,75.0
2020-12-15,Rajkot,Lentils (masur),KG,actual,75.93
2021-01-15,Rajkot,Lentils (masur),KG,actual,77.37
2021-02-15,Rajkot,Lentils (masur),KG,actual,74.2
2021-03-15,Rajkot,Lentils (masur),KG,actual,71.73
2021-04-15,Rajkot,Lentils (masur),KG,actual,71.0
2021-05-15,Rajkot,Lentils (masur),KG,actual,71.0
2021-06-15,Rajkot,Lentils (masur),KG,actual,71.0
2021-07-15,Rajkot,Lentils (masur),KG,actual,71.0
2021-08-15,Rajkot,Lentils (masur),KG,actual,70.94
2021-09-15,Rajkot,Lentils (masur),KG,actual,82.87
2021-10-15,Rajkot,Lentils (masur),KG,actual,83.23
2021-11-15,Rajkot,Lentils (masur),KG,actual,83.56
2021-12-15,Rajkot,Lentils (masur),KG,actual,84.03
2022-01-15,Rajkot,Lentils (masur),KG,actual,82.47
2022-02-15,Rajkot,Lentils (masur),KG,actual,84.43
2022-03-15,Rajkot,Lentils (masur),KG,actual,84.13
2022-04-15,Rajkot,Lentils (masur),KG,actual,84.79
2022-05-15,Rajkot,Lentils (masur),KG,actual,93.27
2022-06-15,Rajkot,Lentils (masur),KG,actual,91.79
2022-07-15,Rajkot,Lentils (masur),KG,actual,93.33
2022-08-15,Rajkot,Lentils (masur),KG,actual,94.48
2022-09-15,Rajkot,Lentils (masur),KG,actual,93.31
2022-10-15,Rajkot,Lentils (masur),KG,actual,92.4
2022-11-15,Rajkot,Lentils (masur),KG,actual,92.26
2022-12-15,Rajkot,Lentils (masur),KG,actual,92.0
2023-01-15,Rajkot,Lentils (masur),KG,actual,92.85
2023-02-15,Rajkot,Lentils (masur),KG,actual,95.0
2023-03-15,Rajkot,Lentils (masur),KG,actual,94.05
2023-04-15,Rajkot,Lentils (masur),KG,actual,93.56
2023-05-15,Rajkot,Lentils (masur),KG,actual,92.6
2023-06-15,Rajkot,Lentils (masur),KG,actual,91.0
2023-07-15,Rajkot,Lentils (masur),KG,actual,91.46
2015-04-15,Rajkot,Lentils (moong),KG,actual,109.76
2015-05-15,Rajkot,Lentils (moong),KG,actual,113.26
2015-06-15,Rajkot,Lentils (moong),KG,actual,105.73
2015-07-15,Rajkot,Lentils (moong),KG,actual,99.18
2015-08-15,Rajkot,Lentils (moong),KG,actual,94.65
2015-09-15,Rajkot,Lentils (moong),KG,actual,94.3
2015-10-15,Rajkot,Lentils (moong),KG,actual,101.14
2015-11-15,Rajkot,Lentils (moong),KG,actual,111.84
2015-12-15,Rajkot,Lentils (moong),KG,actual,110.38
2016-01-15,Rajkot,Lentils (moong),KG,actual,110.07
2016-02-15,Rajkot,Lentils (moong),KG,actual,109.17
2016-03-15,Rajkot,Lentils (moong),KG,actual,105.89
2016-04-15,Rajkot,Lentils (moong),KG,actual,105.0
2016-05-15,Rajkot,Lentils (moong),KG,actual,104.16
2016-06-15,Rajkot,Lentils (moong),KG,actual,98.23
2016-07-15,Rajkot,Lentils (moong),KG,actual,95.0
2016-08-15,Rajkot,Lentils (moong),KG,actual,95.0
2016-09-15,Rajkot,Lentils (moong),KG,actual,91.97
2016-10-15,Rajkot,Lentils (moong),KG,actual,79.52
2016-11-15,Rajkot,Lentils (moong),KG,actual,75.0
2016-12-15,Rajkot,Lentils (moong),KG,actual,74.68
2017-01-15,Rajkot,Lentils (moong),KG,actual,71.53
2017-02-15,Rajkot,Lentils (moong),KG,actual,72.0
2017-03-15,Rajkot,Lentils (moong),KG,actual,72.0
2017-04-15,Rajkot,Lentils (moong),KG,actual,75.87
2017-05-15,Rajkot,Lentils (moong),KG,actual,78.0
2017-06-15,Rajkot,Lentils (moong),KG,actual,78.0
2017-07-15,Rajkot,Lentils (moong),KG,actual,78.0
2017-08-15,Rajkot,Lentils (moong),KG,actual,73.57
2017-09-15,Rajkot,Lentils (moong),KG,actual,70.0
2017-10-15,Rajkot,Lentils (moong),KG,actual,70.0
2017-12-15,Rajkot,Lentils (moong),KG,actual,70.0
2018-01-15,Rajkot,Lentils (moong),KG,actual,70.0
2018-02-15,Rajkot,Lentils (moong),KG,actual,70.0
2018-03-15,Rajkot,Lentils (moong),KG,actual,66.96
2018-04-15,Rajkot,Lentils (moong),KG,actual,65.0
2018-05-15,Rajkot,Lentils (moong),KG,actual,65.0
2018-06-15,Rajkot,Lentils (moong),KG,actual,65.0
2018-07-15,Rajkot,Lentils (moong),KG,actual,65.0
2018-08-15,Rajkot,Lentils (moong),KG,actual,65.0
2018-09-15,Rajkot,Lentils (moong),KG,actual,65.0
2018-10-15,Rajkot,Lentils (moong),KG,actual,65.0
2018-11-15,Rajkot,Lentils (moong),KG,actual,65.0
2019-01-15,Rajkot,Lentils (moong),KG,actual,65.0
2019-06-15,Rajkot,Lentils (moong),KG,actual,65.0
2019-07-15,Rajkot,Lentils (moong),KG,actual,65.39
2019-08-15,Rajkot,Lentils (moong),KG,actual,67.0
2019-09-15,Rajkot,Lentils (moong),KG,actual,67.0
2019-10-15,Rajkot,Lentils (moong),KG,actual,67.0
2019-11-15,Rajkot,Lentils (moong),KG,actual,67.0
2019-12-15,Rajkot,Lentils (moong),KG,actual,67.0
2020-01-15,Rajkot,Lentils (moong),KG,actual,67.0
2020-02-15,Rajkot,Lentils (moong),KG,actual,72.04
2020-03-15,Rajkot,Lentils (moong),KG,actual,84.0
2020-04-15,Rajkot,Lentils (moong),KG,actual,102.2
2020-05-15,Rajkot,Lentils (moong),KG,actual,110.0
2020-06-15,Rajkot,Lentils (moong),KG,actual,92.0
2020-07-15,Rajkot,Lentils (moong),KG,actual,90.0
2020-08-15,Rajkot,Lentils (moong),KG,actual,90.0
2020-09-15,Rajkot,Lentils (moong),KG,actual,90.0
2020-10-15,Rajkot,Lentils (moong),KG,actual,90.0
2020-11-15,Rajkot,Lentils (moong),KG,actual,90.0
2020-12-15,Rajkot,Lentils (moong),KG,actual,92.32
2021-01-15,Rajkot,Lentils (moong),KG,actual,94.89
2021-02-15,Rajkot,Lentils (moong),KG,actual,88.8
2021-03-15,Rajkot,Lentils (moong),KG,actual,88.0
2021-04-15,Rajkot,Lentils (moong),KG,actual,88.0
2021-05-15,Rajkot,Lentils (moong),KG,actual,88.0
2021-06-15,Rajkot,Lentils (moong),KG,actual,86.67
2021-07-15,Rajkot,Lentils (moong),KG,actual,83.0
2021-08-15,Rajkot,Lentils (moong),KG,actual,83.68
2021-09-15,Rajkot,Lentils (moong),KG,actual,85.5
2021-10-15,Rajkot,Lentils (moong),KG,actual,84.55
2021-11-15,Rajkot,Lentils (moong),KG,actual,85.96
2021-12-15,Rajkot,Lentils (moong),KG,actual,86.03
2022-01-15,Rajkot,Lentils (moong),KG,actual,87.03
2022-02-15,Rajkot,Lentils (moong),KG,actual,87.36
2022-03-15,Rajkot,Lentils (moong),KG,actual,85.8
2022-04-15,Rajkot,Lentils (moong),KG,actual,84.36
2022-05-15,Rajkot,Lentils (moong),KG,actual,86.9
2022-06-15,Rajkot,Lentils (moong),KG,actual,87.1
2022-07-15,Rajkot,Lentils (moong),KG,actual,86.83
2022-08-15,Rajkot,Lentils (moong),KG,actual,85.0
2022-09-15,Rajkot,Lentils (moong),KG,actual,91.42
2022-10-15,Rajkot,Lentils (moong),KG,actual,91.2
2022-11-15,Rajkot,Lentils (moong),KG,actual,90.96
2022-12-15,Rajkot,Lentils (moong),KG,actual,89.88
2023-01-15,Rajkot,Lentils (moong),KG,actual,90.07
2023-02-15,Rajkot,Lentils (moong),KG,actual,90.0
2023-03-15,Rajkot,Lentils (moong),KG,actual,89.71
2023-04-15,Rajkot,Lentils (moong),KG,actual,88.88
2023-05-15,Rajkot,Lentils (moong),KG,actual,91.07
2023-06-15,Rajkot,Lentils (moong),KG,actual,92.26
2023-07-15,Rajkot,Lentils (moong),KG,actual,93.93
2015-04-15,Rajkot,Lentils (urad),KG,actual,90.83
2015-05-15,Rajkot,Lentils (urad),KG,actual,94.89
2015-06-15,Rajkot,Lentils (urad),KG,actual,104.95
2015-07-15,Rajkot,Lentils (urad),KG,actual,107.95
2015-08-15,Rajkot,Lentils (urad),KG,actual,112.5
2015-09-15,Rajkot,Lentils (urad),KG,actual,115.65
2015-10-15,Rajkot,Lentils (urad),KG,actual,130.05
2015-11-15,Rajkot,Lentils (urad),KG,actual,140.0
2015-12-15,Rajkot,Lentils (urad),KG,actual,144.76
2016-01-15,Rajkot,Lentils (urad),KG,actual,145.0
2016-02-15,Rajkot,Lentils (urad),KG,actual,144.17
2016-03-15,Rajkot,Lentils (urad),KG,actual,144.48
2016-04-15,Rajkot,Lentils (urad),KG,actual,147.93
2016-05-15,Rajkot,Lentils (urad),KG,actual,159.35
2016-06-15,Rajkot,Lentils (urad),KG,actual,164.77
2016-07-15,Rajkot,Lentils (urad),KG,actual,161.2
2016-08-15,Rajkot,Lentils (urad),KG,actual,152.0
2016-09-15,Rajkot,Lentils (urad),KG,actual,148.93
2016-10-15,Rajkot,Lentils (urad),KG,actual,119.34
2016-11-15,Rajkot,Lentils (urad),KG,actual,104.58
2016-12-15,Rajkot,Lentils (urad),KG,actual,96.35
2017-01-15,Rajkot,Lentils (urad),KG,actual,92.47
2017-02-15,Rajkot,Lentils (urad),KG,actual,89.78
2017-03-15,Rajkot,Lentils (urad),KG,actual,86.97
2017-04-15,Rajkot,Lentils (urad),KG,actual,85.8
2017-05-15,Rajkot,Lentils (urad),KG,actual,82.71
2017-06-15,Rajkot,Lentils (urad),KG,actual,82.0
2017-07-15,Rajkot,Lentils (urad),KG,actual,82.0
2017-08-15,Rajkot,Lentils (urad),KG,actual,82.0
2017-09-15,Rajkot,Lentils (urad),KG,actual,82.0
2017-10-15,Rajkot,Lentils (urad),KG,actual,82.0
2017-12-15,Rajkot,Lentils (urad),KG,actual,82.0
2018-01-15,Rajkot,Lentils (urad),KG,actual,82.0
2018-02-15,Rajkot,Lentils (urad),KG,actual,82.0
2018-03-15,Rajkot,Lentils (urad),KG,actual,82.0
2018-04-15,Rajkot,Lentils (urad),KG,actual,82.0
2018-05-15,Rajkot,Lentils (urad),KG,actual,81.07
2018-06-15,Rajkot,Lentils (urad),KG,actual,52.0
2018-07-15,Rajkot,Lentils (urad),KG,actual,52.0
2018-08-15,Rajkot,Lentils (urad),KG,actual,52.0
2018-09-15,Rajkot,Lentils (urad),KG,actual,52.0
2018-10-15,Rajkot,Lentils (urad),KG,actual,52.0
2018-11-15,Rajkot,Lentils (urad),KG,actual,52.0
2019-01-15,Rajkot,Lentils (urad),KG,actual,52.0
2019-06-15,Rajkot,Lentils (urad),KG,actual,52.0
2019-07-15,Rajkot,Lentils (urad),KG,actual,52.58
2019-08-15,Rajkot,Lentils (urad),KG,actual,55.0
2019-09-15,Rajkot,Lentils (urad),KG,actual,55.0
2019-10-15,Rajkot,Lentils (urad),KG,actual,55.0
2019-11-15,Rajkot,Lentils (urad),KG,actual,55.0
2019-12-15,Rajkot,Lentils (urad),KG,actual,55.0
2020-01-15,Rajkot,Lentils (urad),KG,actual,55.0
2020-02-15,Rajkot,Lentils (urad),KG,actual,63.3
2020-03-15,Rajkot,Lentils (urad),KG,actual,83.0
2020-04-15,Rajkot,Lentils (urad),KG,actual,94.9
2020-05-15,Rajkot,Lentils (urad),KG,actual,100.0
2020-06-15,Rajkot,Lentils (urad),KG,actual,91.0
2020-07-15,Rajkot,Lentils (urad),KG,actual,90.0
2020-08-15,Rajkot,Lentils (urad),KG,actual,90.0
2020-09-15,Rajkot,Lentils (urad),KG,actual,90.0
2020-10-15,Rajkot,Lentils (urad),KG,actual,90.0
2020-11-15,Rajkot,Lentils (urad),KG,actual,90.0
2020-12-15,Rajkot,Lentils (urad),KG,actual,92.32
2021-01-15,Rajkot,Lentils (urad),KG,actual,97.85
2021-02-15,Rajkot,Lentils (urad),KG,actual,93.28
2021-03-15,Rajkot,Lentils (urad),KG,actual,92.0
2021-04-15,Rajkot,Lentils (urad),KG,actual,92.0
2021-05-15,Rajkot,Lentils (urad),KG,actual,92.0
2021-06-15,Rajkot,Lentils (urad),KG,actual,92.0
2021-07-15,Rajkot,Lentils (urad),KG,actual,92.0
2021-08-15,Rajkot,Lentils (urad),KG,actual,89.9
2021-09-15,Rajkot,Lentils (urad),KG,actual,87.07
2021-10-15,Rajkot,Lentils (urad),KG,actual,87.39
2021-11-15,Rajkot,Lentils (urad),KG,actual,87.16
2021-12-15,Rajkot,Lentils (urad),KG,actual,91.48
2022-01-15,Rajkot,Lentils (urad),KG,actual,93.07
2022-02-15,Rajkot,Lentils (urad),KG,actual,94.0
2022-03-15,Rajkot,Lentils (urad),KG,actual,91.33
2022-04-15,Rajkot,Lentils (urad),KG,actual,91.14
2022-05-15,Rajkot,Lentils (urad),KG,actual,90.6
2022-06-15,Rajkot,Lentils (urad),KG,actual,88.62
2022-07-15,Rajkot,Lentils (urad),KG,actual,89.43
2022-08-15,Rajkot,Lentils (urad),KG,actual,90.03
2022-09-15,Rajkot,Lentils (urad),KG,actual,98.62
2022-10-15,Rajkot,Lentils (urad),KG,actual,96.55
2022-11-15,Rajkot,Lentils (urad),KG,actual,91.07
2022-12-15,Rajkot,Lentils (urad),KG,actual,88.77
2023-01-15,Rajkot,Lentils (urad),KG,actual,92.63
2023-02-15,Rajkot,Lentils (urad),KG,actual,90.81
2023-03-15,Rajkot,Lentils (urad),KG,actual,91.1
2023-04-15,Rajkot,Lentils (urad),KG,actual,92.76
2023-05-15,Rajkot,Lentils (urad),KG,actual,96.43
2023-06-15,Rajkot,Lentils (urad),KG,actual,98.67
2023-07-15,Rajkot,Lentils (urad),KG,actual,105.43
2012-04-15,Rajkot,Milk (pasteurized),L,actual,39.18
2012-05-15,Rajkot,Milk (pasteurized),L,actual,40.0
2012-06-15,Rajkot,Milk (pasteurized),L,actual,40.0
2012-07-15,Rajkot,Milk (pasteurized),L,actual,40.0
2012-08-15,Rajkot,Milk (pasteurized),L,actual,40.0
2012-09-15,Rajkot,Milk (pasteurized),L,actual,40.0
2012-10-15,Rajkot,Milk (pasteurized),L,actual,40.0
2012-11-15,Rajkot,Milk (pasteurized),L,actual,40.0
2012-12-15,Rajkot,Milk (pasteurized),L,actual,40.0
2013-01-15,Rajkot,Milk (pasteurized),L,actual,40.0
2013-02-15,Rajkot,Milk (pasteurized),L,actual,41.88
2013-03-15,Rajkot,Milk (pasteurized),L,actual,42.0
2013-04-15,Rajkot,Milk (pasteurized),L,actual,42.0
2013-05-15,Rajkot,Milk (pasteurized),L,actual,41.81
2013-06-15,Rajkot,Milk (pasteurized),L,actual,42.0
2013-07-15,Rajkot,Milk (pasteurized),L,actual,42.0
2013-08-15,Rajkot,Milk (pasteurized),L,actual,42.0
2013-09-15,Rajkot,Milk (pasteurized),L,actual,42.0
2013-10-15,Rajkot,Milk (pasteurized),L,actual,42.0
2013-11-15,Rajkot,Milk (pasteurized),L,actual,43.75
2013-12-15,Rajkot,Milk (pasteurized),L,actual,44.0
2014-01-15,Rajkot,Milk (pasteurized),L,actual,44.0
2014-02-15,Rajkot,Milk (pasteurized),L,actual,44.0
2014-03-15,Rajkot,Milk (pasteurized),L,actual,44.0
2014-04-15,Rajkot,Milk (pasteurized),L,actual,44.0
2014-05-15,Rajkot,Milk (pasteurized),L,actual,43.88
2014-06-15,Rajkot,Milk (pasteurized),L,actual,44.0
2014-07-15,Rajkot,Milk (pasteurized),L,actual,44.0
2014-08-15,Rajkot,Milk (pasteurized),L,actual,44.0
2014-09-15,Rajkot,Milk (pasteurized),L,actual,44.0
2014-10-15,Rajkot,Milk (pasteurized),L,actual,44.0
2014-11-15,Rajkot,Milk (pasteurized),L,actual,44.0
2014-12-15,Rajkot,Milk (pasteurized),L,actual,44.0
2015-01-15,Rajkot,Milk (pasteurized),L,actual,44.0
2015-02-15,Rajkot,Milk (pasteurized),L,actual,44.0
2015-03-15,Rajkot,Milk (pasteurized),L,actual,44.0
2015-04-15,Rajkot,Milk (pasteurized),L,actual,45.78
2015-05-15,Rajkot,Milk (pasteurized),L,actual,46.0
2015-06-15,Rajkot,Milk (pasteurized),L,actual,46.0
2015-07-15,Rajkot,Milk (pasteurized),L,actual,46.0
2015-08-15,Rajkot,Milk (pasteurized),L,actual,46.0
2015-09-15,Rajkot,Milk (pasteurized),L,actual,47.3
2015-10-15,Rajkot,Milk (pasteurized),L,actual,48.0
2015-11-15,Rajkot,Milk (pasteurized),L,actual,48.0
2015-12-15,Rajkot,Milk (pasteurized),L,actual,48.0
2016-01-15,Rajkot,Milk (pasteurized),L,actual,48.0
2016-02-15,Rajkot,Milk (pasteurized),L,actual,48.0
2016-03-15,Rajkot,Milk (pasteurized),L,actual,48.0
2016-04-15,Rajkot,Milk (pasteurized),L,actual,48.0
2016-05-15,Rajkot,Milk (pasteurized),L,actual,48.0
2016-06-15,Rajkot,Milk (pasteurized),L,actual,48.0
2016-07-15,Rajkot,Milk (pasteurized),L,actual,48.0
2016-08-15,Rajkot,Milk (pasteurized),L,actual,48.0
2016-09-15,Rajkot,Milk (pasteurized),L,actual,48.0
2016-10-15,Rajkot,Milk (pasteurized),L,actual,48.0
2016-11-15,Rajkot,Milk (pasteurized),L,actual,48.0
2016-12-15,Rajkot,Milk (pasteurized),L,actual,48.0
2017-01-15,Rajkot,Milk (pasteurized),L,actual,48.0
2017-02-15,Rajkot,Milk (pasteurized),L,actual,48.0
2017-03-15,Rajkot,Milk (pasteurized),L,actual,48.0
2017-04-15,Rajkot,Milk (pasteurized),L,actual,48.0
2017-05-15,Rajkot,Milk (pasteurized),L,actual,48.0
2017-06-15,Rajkot,Milk (pasteurized),L,actual,48.0
2017-07-15,Rajkot,Milk (pasteurized),L,actual,49.29
2017-08-15,Rajkot,Milk (pasteurized),L,actual,50.0
2017-09-15,Rajkot,Milk (pasteurized),L,actual,50.0
2017-10-15,Rajkot,Milk (pasteurized),L,actual,50.0
2017-12-15,Rajkot,Milk (pasteurized),L,actual,50.0
2018-01-15,Rajkot,Milk (pasteurized),L,actual,50.0
2018-02-15,Rajkot,Milk (pasteurized),L,actual,50.0
2018-03-15,Rajkot,Milk (pasteurized),L,actual,50.0
2018-04-15,Rajkot,Milk (pasteurized),L,actual,51.67
2018-05-15,Rajkot,Milk (pasteurized),L,actual,51.8
2018-06-15,Rajkot,Milk (pasteurized),L,actual,50.0
2018-07-15,Rajkot,Milk (pasteurized),L,actual,51.71
2018-08-15,Rajkot,Milk (pasteurized),L,actual,52.0
2018-09-15,Rajkot,Milk (pasteurized),L,actual,52.0
2018-10-15,Rajkot,Milk (pasteurized),L,actual,52.0
2018-11-15,Rajkot,Milk (pasteurized),L,actual,52.0
2019-01-15,Rajkot,Milk (pasteurized),L,actual,52.0
2019-07-15,Rajkot,Milk (pasteurized),L,actual,52.0
2019-08-15,Rajkot,Milk (pasteurized),L,actual,52.0
2019-09-15,Rajkot,Milk (pasteurized),L,actual,52.0
2019-10-15,Rajkot,Milk (pasteurized),L,actual,52.0
2019-11-15,Rajkot,Milk (pasteurized),L,actual,52.0
2019-12-15,Rajkot,Milk (pasteurized),L,actual,52.0
2020-01-15,Rajkot,Milk (pasteurized),L,actual,52.0
2020-02-15,Rajkot,Milk (pasteurized),L,actual,52.18
2020-03-15,Rajkot,Milk (pasteurized),L,actual,52.0
2020-04-15,Rajkot,Milk (pasteurized),L,actual,52.0
2020-05-15,Rajkot,Milk (pasteurized),L,actual,52.0
2020-06-15,Rajkot,Milk (pasteurized),L,actual,52.0
2020-07-15,Rajkot,Milk (pasteurized),L,actual,52.0
2020-08-15,Rajkot,Milk (pasteurized),L,actual,52.0
2020-09-15,Rajkot,Milk (pasteurized),L,actual,52.0
2020-10-15,Rajkot,Milk (pasteurized),L,actual,52.0
2020-11-15,Rajkot,Milk (pasteurized),L,actual,52.0
2020-12-15,Rajkot,Milk (pasteurized),L,actual,52.0
2021-01-15,Rajkot,Milk (pasteurized),L,actual,52.0
2021-02-15,Rajkot,Milk (pasteurized),L,actual,52.0
2021-03-15,Rajkot,Milk (pasteurized),L,actual,52.0
2021-04-15,Rajkot,Milk (pasteurized),L,actual,52.0
2021-05-15,Rajkot,Milk (pasteurized),L,actual,52.0
2021-06-15,Rajkot,Milk (pasteurized),L,actual,52.0
2021-07-15,Rajkot,Milk (pasteurized),L,actual,53.81
2021-08-15,Rajkot,Milk (pasteurized),L,actual,54.0
2021-09-15,Rajkot,Milk (pasteurized),L,actual,52.27
2021-10-15,Rajkot,Milk (pasteurized),L,actual,50.0
2021-11-15,Rajkot,Milk (pasteurized),L,actual,50.0
2021-12-15,Rajkot,Milk (pasteurized),L,actual,50.0
2022-01-15,Rajkot,Milk (pasteurized),L,actual,50.0
2022-02-15,Rajkot,Milk (pasteurized),L,actual,50.0
2022-03-15,Rajkot,Milk (pasteurized),L,actual,51.93
2022-04-15,Rajkot,Milk (pasteurized),L,actual,53.29
2022-05-15,Rajkot,Milk (pasteurized),L,actual,54.0
2022-06-15,Rajkot,Milk (pasteurized),L,actual,54.0
2022-07-15,Rajkot,Milk (pasteurized),L,actual,53.93
2022-08-15,Rajkot,Milk (pasteurized),L,actual,56.03
2022-09-15,Rajkot,Milk (pasteurized),L,actual,57.0
2022-10-15,Rajkot,Milk (pasteurized),L,actual,56.84
2022-11-15,Rajkot,Milk (pasteurized),L,actual,57.0
2022-12-15,Rajkot,Milk (pasteurized),L,actual,57.0
2023-01-15,Rajkot,Milk (pasteurized),L,actual,57.0
2023-02-15,Rajkot,Milk (pasteurized),L,actual,57.0
2023-03-15,Rajkot,Milk (pasteurized),L,actual,57.0
2023-04-15,Rajkot,Milk (pasteurized),L,actual,58.71
2023-05-15,Rajkot,Milk (pasteurized),L,actual,59.1
2023-06-15,Rajkot,Milk (pasteurized),L,actual,59.0
2023-07-15,Rajkot,Milk (pasteurized),L,actual,58.89
2012-04-15,Rajkot,Oil (groundnut),KG,actual,137.29
2012-05-15,Rajkot,Oil (groundnut),KG,actual,136.61
2012-06-15,Rajkot,Oil (groundnut),KG,actual,138.42
2012-07-15,Rajkot,Oil (groundnut),KG,actual,136.68
2012-08-15,Rajkot,Oil (groundnut),KG,actual,139.42
2012-09-15,Rajkot,Oil (groundnut),KG,actual,138.9
2012-10-15,Rajkot,Oil (groundnut),KG,actual,127.26
2012-11-15,Rajkot,Oil (groundnut),KG,actual,136.75
2012-12-15,Rajkot,Oil (groundnut),KG,actual,144.31
2013-01-15,Rajkot,Oil (groundnut),KG,actual,146.11
2013-02-15,Rajkot,Oil (groundnut),KG,actual,141.55
2013-03-15,Rajkot,Oil (groundnut),KG,actual,136.33
2013-04-15,Rajkot,Oil (groundnut),KG,actual,139.29
2013-05-15,Rajkot,Oil (groundnut),KG,actual,130.33
2013-06-15,Rajkot,Oil (groundnut),KG,actual,121.33
2013-07-15,Rajkot,Oil (groundnut),KG,actual,112.5
2013-08-15,Rajkot,Oil (groundnut),KG,actual,110.53
2013-09-15,Rajkot,Oil (groundnut),KG,actual,102.4
2013-10-15,Rajkot,Oil (groundnut),KG,actual,101.9
2013-11-15,Rajkot,Oil (groundnut),KG,actual,98.75
2013-12-15,Rajkot,Oil (groundnut),KG,actual,96.57
2014-01-15,Rajkot,Oil (groundnut),KG,actual,93.71
2014-02-15,Rajkot,Oil (groundnut),KG,actual,86.74
2014-03-15,Rajkot,Oil (groundnut),KG,actual,86.0
2014-04-15,Rajkot,Oil (groundnut),KG,actual,84.64
2014-05-15,Rajkot,Oil (groundnut),KG,actual,83.94
2014-06-15,Rajkot,Oil (groundnut),KG,actual,81.5
2014-07-15,Rajkot,Oil (groundnut),KG,actual,88.59
2014-08-15,Rajkot,Oil (groundnut),KG,actual,89.73
2014-09-15,Rajkot,Oil (groundnut),KG,actual,89.0
2014-10-15,Rajkot,Oil (groundnut),KG,actual,91.2
2014-11-15,Rajkot,Oil (groundnut),KG,actual,94.71
2014-12-15,Rajkot,Oil (groundnut),KG,actual,97.64
2015-01-15,Rajkot,Oil (groundnut),KG,actual,111.84
2015-02-15,Rajkot,Oil (groundnut),KG,actual,114.11
2015-03-15,Rajkot,Oil (groundnut),KG,actual,112.7
2015-07-15,Rajkot,Oil (groundnut),KG,actual,113.95
2015-08-15,Rajkot,Oil (groundnut),KG,actual,117.05
2015-09-15,Rajkot,Oil (groundnut),KG,actual,120.55
2015-10-15,Rajkot,Oil (groundnut),KG,actual,114.71
2015-11-15,Rajkot,Oil (groundnut),KG,actual,102.2
2015-12-15,Rajkot,Oil (groundnut),KG,actual,102.9
2016-01-15,Rajkot,Oil (groundnut),KG,actual,108.45
2016-02-15,Rajkot,Oil (groundnut),KG,actual,107.31
2016-03-15,Rajkot,Oil (groundnut),KG,actual,106.96
2016-04-15,Rajkot,Oil (groundnut),KG,actual,112.23
2016-05-15,Rajkot,Oil (groundnut),KG,actual,124.81
2016-06-15,Rajkot,Oil (groundnut),KG,actual,135.67
2016-07-15,Rajkot,Oil (groundnut),KG,actual,141.0
2016-08-15,Rajkot,Oil (groundnut),KG,actual,141.0
2016-09-15,Rajkot,Oil (groundnut),KG,actual,140.5
2016-10-15,Rajkot,Oil (groundnut),KG,actual,133.97
2016-11-15,Rajkot,Oil (groundnut),KG,actual,114.0
2016-12-15,Rajkot,Oil (groundnut),KG,actual,112.84
2017-01-15,Rajkot,Oil (groundnut),KG,actual,110.0
2017-02-15,Rajkot,Oil (groundnut),KG,actual,109.26
2017-03-15,Rajkot,Oil (groundnut),KG,actual,109.42
2017-04-15,Rajkot,Oil (groundnut),KG,actual,114.13
2017-05-15,Rajkot,Oil (groundnut),KG,actual,113.71
2017-06-15,Rajkot,Oil (groundnut),KG,actual,110.9
2017-07-15,Rajkot,Oil (groundnut),KG,actual,106.81
2017-08-15,Rajkot,Oil (groundnut),KG,actual,103.3
2017-09-15,Rajkot,Oil (groundnut),KG,actual,93.43
2017-10-15,Rajkot,Oil (groundnut),KG,actual,92.0
2017-12-15,Rajkot,Oil (groundnut),KG,actual,92.2
2018-01-15,Rajkot,Oil (groundnut),KG,actual,93.0
2018-02-15,Rajkot,Oil (groundnut),KG,actual,93.0
2018-03-15,Rajkot,Oil (groundnut),KG,actual,93.0
2018-04-15,Rajkot,Oil (groundnut),KG,actual,93.0
2018-05-15,Rajkot,Oil (groundnut),KG,actual,92.9
2018-06-15,Rajkot,Oil (groundnut),KG,actual,92.97
2018-07-15,Rajkot,Oil (groundnut),KG,actual,93.0
2018-08-15,Rajkot,Oil (groundnut),KG,actual,93.0
2018-09-15,Rajkot,Oil (groundnut),KG,actual,93.63
2018-10-15,Rajkot,Oil (groundnut),KG,actual,95.11
2018-11-15,Rajkot,Oil (groundnut),KG,actual,96.0
2019-01-15,Rajkot,Oil (groundnut),KG,actual,96.0
2019-06-15,Rajkot,Oil (groundnut),KG,actual,97.0
2019-07-15,Rajkot,Oil (groundnut),KG,actual,97.0
2019-08-15,Rajkot,Oil (groundnut),KG,actual,97.0
2019-09-15,Rajkot,Oil (groundnut),KG,actual,97.0
2019-10-15,Rajkot,Oil (groundnut),KG,actual,97.0
2019-11-15,Rajkot,Oil (groundnut),KG,actual,97.0
2019-12-15,Rajkot,Oil (groundnut),KG,actual,97.0
2020-01-15,Rajkot,Oil (groundnut),KG,actual,97.0
2020-02-15,Rajkot,Oil (groundnut),KG,actual,97.13
2020-03-15,Rajkot,Oil (groundnut),KG,actual,134.5
2020-04-15,Rajkot,Oil (groundnut),KG,actual,141.33
2020-05-15,Rajkot,Oil (groundnut),KG,actual,144.14
2020-06-15,Rajkot,Oil (groundnut),KG,actual,144.0
2020-07-15,Rajkot,Oil (groundnut),KG,actual,144.0
2020-08-15,Rajkot,Oil (groundnut),KG,actual,144.0
2020-09-15,Rajkot,Oil (groundnut),KG,actual,144.0
2020-10-15,Rajkot,Oil (groundnut),KG,actual,144.48
2020-11-15,Rajkot,Oil (groundnut),KG,actual,144.0
2020-12-15,Rajkot,Oil (groundnut),KG,actual,144.0
2021-01-15,Rajkot,Oil (groundnut),KG,actual,145.8
2021-02-15,Rajkot,Oil (groundnut),KG,actual,151.8
2021-03-15,Rajkot,Oil (groundnut),KG,actual,161.79
2021-04-15,Rajkot,Oil (groundnut),KG,actual,174.66
2021-05-15,Rajkot,Oil (groundnut),KG,actual,175.73
2021-06-15,Rajkot,Oil (groundnut),KG,actual,171.13
2021-07-15,Rajkot,Oil (groundnut),KG,actual,170.23
2021-08-15,Rajkot,Oil (groundnut),KG,actual,166.68
2021-09-15,Rajkot,Oil (groundnut),KG,actual,170.8
2021-10-15,Rajkot,Oil (groundnut),KG,actual,168.13
2021-11-15,Rajkot,Oil (groundnut),KG,actual,160.92
2021-12-15,Rajkot,Oil (groundnut),KG,actual,153.71
2022-01-15,Rajkot,Oil (groundnut),KG,actual,150.27
2022-02-15,Rajkot,Oil (groundnut),KG,actual,150.75
2022-03-15,Rajkot,Oil (groundnut),KG,actual,163.67
2022-04-15,Rajkot,Oil (groundnut),KG,actual,177.43
2022-05-15,Rajkot,Oil (groundnut),KG,actual,180.5
2022-06-15,Rajkot,Oil (groundnut),KG,actual,179.79
2022-07-15,Rajkot,Oil (groundnut),KG,actual,181.4
2022-08-15,Rajkot,Oil (groundnut),KG,actual,186.03
2022-09-15,Rajkot,Oil (groundnut),KG,actual,188.62
2022-10-15,Rajkot,Oil (groundnut),KG,actual,187.9
2022-11-15,Rajkot,Oil (groundnut),KG,actual,190.52
2022-12-15,Rajkot,Oil (groundnut),KG,actual,178.31
2023-01-15,Rajkot,Oil (groundnut),KG,actual,179.26
2023-02-15,Rajkot,Oil (groundnut),KG,actual,184.43
2023-03-15,Rajkot,Oil (groundnut),KG,actual,188.0
2023-04-15,Rajkot,Oil (groundnut),KG,actual,188.0
2023-05-15,Rajkot,Oil (groundnut),KG,actual,186.37
2023-06-15,Rajkot,Oil (groundnut),KG,actual,185.81
2023-07-15,Rajkot,Oil (groundnut),KG,actual,187.0
2010-08-15,Rajkot,Oil (mustard),KG,actual,60.0
2010-09-15,Rajkot,Oil (mustard),KG,actual,60.0
2010-10-15,Rajkot,Oil (mustard),KG,actual,60.0
2010-11-15,Rajkot,Oil (mustard),KG,actual,64.0
2010-12-15,Rajkot,Oil (mustard),KG,actual,66.0
2011-01-15,Rajkot,Oil (mustard),KG,actual,70.0
2011-02-15,Rajkot,Oil (mustard),KG,actual,72.0
2011-03-15,Rajkot,Oil (mustard),KG,actual,69.0
2011-04-15,Rajkot,Oil (mustard),KG,actual,68.72
2011-05-15,Rajkot,Oil (mustard),KG,actual,72.24
2011-06-15,Rajkot,Oil (mustard),KG,actual,73.0
2011-07-15,Rajkot,Oil (mustard),KG,actual,74.38
2011-08-15,Rajkot,Oil (mustard),KG,actual,75.0
2011-09-15,Rajkot,Oil (mustard),KG,actual,73.77
2011-10-15,Rajkot,Oil (mustard),KG,actual,74.53
2011-11-15,Rajkot,Oil (mustard),KG,actual,74.11
2011-12-15,Rajkot,Oil (mustard),KG,actual,76.25
2012-04-15,Rajkot,Oil (mustard),KG,actual,80.0
2012-05-15,Rajkot,Oil (mustard),KG,actual,83.52
2012-06-15,Rajkot,Oil (mustard),KG,actual,84.17
2012-07-15,Rajkot,Oil (mustard),KG,actual,87.91
2012-08-15,Rajkot,Oil (mustard),KG,actual,92.42
2012-09-15,Rajkot,Oil (mustard),KG,actual,91.9
2012-10-15,Rajkot,Oil (mustard),KG,actual,87.47
2012-11-15,Rajkot,Oil (mustard),KG,actual,87.0
2012-12-15,Rajkot,Oil (mustard),KG,actual,91.0
2013-01-15,Rajkot,Oil (mustard),KG,actual,89.63
2013-02-15,Rajkot,Oil (mustard),KG,actual,87.9
2013-03-15,Rajkot,Oil (mustard),KG,actual,81.41
2013-04-15,Rajkot,Oil (mustard),KG,actual,74.12
2013-05-15,Rajkot,Oil (mustard),KG,actual,72.38
2013-06-15,Rajkot,Oil (mustard),KG,actual,72.71
2013-07-15,Rajkot,Oil (mustard),KG,actual,72.95
2013-08-15,Rajkot,Oil (mustard),KG,actual,73.78
2013-09-15,Rajkot,Oil (mustard),KG,actual,75.95
2013-10-15,Rajkot,Oil (mustard),KG,actual,76.0
2013-11-15,Rajkot,Oil (mustard),KG,actual,78.0
2013-12-15,Rajkot,Oil (mustard),KG,actual,79.0
2014-01-15,Rajkot,Oil (mustard),KG,actual,78.38
2014-02-15,Rajkot,Oil (mustard),KG,actual,77.53
2014-03-15,Rajkot,Oil (mustard),KG,actual,76.0
2014-04-15,Rajkot,Oil (mustard),KG,actual,76.0
2014-05-15,Rajkot,Oil (mustard),KG,actual,75.82
2014-06-15,Rajkot,Oil (mustard),KG,actual,70.0
2014-07-15,Rajkot,Oil (mustard),KG,actual,70.0
2014-08-15,Rajkot,Oil (mustard),KG,actual,70.0
2014-09-15,Rajkot,Oil (mustard),KG,actual,70.0
2014-10-15,Rajkot,Oil (mustard),KG,actual,70.0
2014-11-15,Rajkot,Oil (mustard),KG,actual,70.0
2014-12-15,Rajkot,Oil (mustard),KG,actual,70.0
2015-01-15,Rajkot,Oil (mustard),KG,actual,70.0
2015-02-15,Rajkot,Oil (mustard),KG,actual,70.0
2015-03-15,Rajkot,Oil (mustard),KG,actual,70.1
2015-04-15,Rajkot,Oil (mustard),KG,actual,72.83
2015-05-15,Rajkot,Oil (mustard),KG,actual,73.42
2015-06-15,Rajkot,Oil (mustard),KG,actual,75.0
2015-07-15,Rajkot,Oil (mustard),KG,actual,74.0
2015-08-15,Rajkot,Oil (mustard),KG,actual,74.0
2015-09-15,Rajkot,Oil (mustard),KG,actual,76.6
2015-10-15,Rajkot,Oil (mustard),KG,actual,78.0
2015-11-15,Rajkot,Oil (mustard),KG,actual,78.0
2015-12-15,Rajkot,Oil (mustard),KG,actual,78.0
2016-01-15,Rajkot,Oil (mustard),KG,actual,90.14
2016-02-15,Rajkot,Oil (mustard),KG,actual,93.0
2016-03-15,Rajkot,Oil (mustard),KG,actual,88.63
2016-04-15,Rajkot,Oil (mustard),KG,actual,87.0
2016-05-15,Rajkot,Oil (mustard),KG,actual,90.0
2016-06-15,Rajkot,Oil (mustard),KG,actual,90.0
2016-07-15,Rajkot,Oil (mustard),KG,actual,90.0
2016-08-15,Rajkot,Oil (mustard),KG,actual,90.0
2016-09-15,Rajkot,Oil (mustard),KG,actual,91.33
2016-10-15,Rajkot,Oil (mustard),KG,actual,94.0
2016-11-15,Rajkot,Oil (mustard),KG,actual,94.0
2016-12-15,Rajkot,Oil (mustard),KG,actual,94.0
2017-01-15,Rajkot,Oil (mustard),KG,actual,92.67
2017-02-15,Rajkot,Oil (mustard),KG,actual,89.56
2017-03-15,Rajkot,Oil (mustard),KG,actual,83.32
2017-04-15,Rajkot,Oil (mustard),KG,actual,82.0
2017-05-15,Rajkot,Oil (mustard),KG,actual,82.0
2017-06-15,Rajkot,Oil (mustard),KG,actual,82.0
2017-07-15,Rajkot,Oil (mustard),KG,actual,82.0
2017-08-15,Rajkot,Oil (mustard),KG,actual,82.75
2017-09-15,Rajkot,Oil (mustard),KG,actual,85.0
2017-10-15,Rajkot,Oil (mustard),KG,actual,85.0
2017-11-15,Rajkot,Oil (mustard),KG,actual,85.0
2017-12-15,Rajkot,Oil (mustard),KG,actual,85.0
2018-01-15,Rajkot,Oil (mustard),KG,actual,85.23
2018-02-15,Rajkot,Oil (mustard),KG,actual,86.79
2018-03-15,Rajkot,Oil (mustard),KG,actual,87.71
2018-04-15,Rajkot,Oil (mustard),KG,actual,85.77
2018-05-15,Rajkot,Oil (mustard),KG,actual,86.0
2018-06-15,Rajkot,Oil (mustard),KG,actual,86.0
2018-07-15,Rajkot,Oil (mustard),KG,actual,87.5
2018-08-15,Rajkot,Oil (mustard),KG,actual,89.0
2018-09-15,Rajkot,Oil (mustard),KG,actual,89.0
2018-10-15,Rajkot,Oil (mustard),KG,actual,89.0
2018-11-15,Rajkot,Oil (mustard),KG,actual,89.0
2019-01-15,Rajkot,Oil (mustard),KG,actual,89.0
2019-06-15,Rajkot,Oil (mustard),KG,actual,89.0
2019-07-15,Rajkot,Oil (mustard),KG,actual,89.0
2019-08-15,Rajkot,Oil (mustard),KG,actual,89.0
2019-09-15,Rajkot,Oil (mustard),KG,actual,89.0
2019-10-15,Rajkot,Oil (mustard),KG,actual,89.0
2019-11-15,Rajkot,Oil (mustard),KG,actual,89.0
2019-12-15,Rajkot,Oil (mustard),KG,actual,89.0
2020-01-15,Rajkot,Oil (mustard),KG,actual,89.0
2020-02-15,Rajkot,Oil (mustard),KG,actual,89.0
2020-03-15,Rajkot,Oil (mustard),KG,actual,90.94
2020-04-15,Rajkot,Oil (mustard),KG,actual,94.0
2020-05-15,Rajkot,Oil (mustard),KG,actual,94.0
2020-06-15,Rajkot,Oil (mustard),KG,actual,94.0
2020-07-15,Rajkot,Oil (mustard),KG,actual,97.1
2020-08-15,Rajkot,Oil (mustard),KG,actual,98.0
2020-09-15,Rajkot,Oil (mustard),KG,actual,98.0
2020-10-15,Rajkot,Oil (mustard),KG,actual,98.0
2020-11-15,Rajkot,Oil (mustard),KG,actual,98.67
2020-12-15,Rajkot,Oil (mustard),KG,actual,102.86
2021-01-15,Rajkot,Oil (mustard),KG,actual,144.23
2021-02-15,Rajkot,Oil (mustard),KG,actual,150.0
2021-03-15,Rajkot,Oil (mustard),KG,actual,150.0
2021-04-15,Rajkot,Oil (mustard),KG,actual,162.66
2021-05-15,Rajkot,Oil (mustard),KG,actual,164.2
2021-06-15,Rajkot,Oil (mustard),KG,actual,167.93
2021-07-15,Rajkot,Oil (mustard),KG,actual,167.16
2021-08-15,Rajkot,Oil (mustard),KG,actual,164.71
2021-09-15,Rajkot,Oil (mustard),KG,actual,171.93
2021-10-15,Rajkot,Oil (mustard),KG,actual,183.45
2021-11-15,Rajkot,Oil (mustard),KG,actual,187.88
2021-12-15,Rajkot,Oil (mustard),KG,actual,182.87
2022-01-15,Rajkot,Oil (mustard),KG,actual,182.53
2022-02-15,Rajkot,Oil (mustard),KG,actual,190.36
2022-03-15,Rajkot,Oil (mustard),KG,actual,184.3
2022-04-15,Rajkot,Oil (mustard),KG,actual,181.64
2022-05-15,Rajkot,Oil (mustard),KG,actual,183.23
2022-06-15,Rajkot,Oil (mustard),KG,actual,182.66
2022-07-15,Rajkot,Oil (mustard),KG,actual,173.27
2022-08-15,Rajkot,Oil (mustard),KG,actual,168.1
2022-09-15,Rajkot,Oil (mustard),KG,actual,162.77
2022-10-15,Rajkot,Oil (mustard),KG,actual,163.0
2022-11-15,Rajkot,Oil (mustard),KG,actual,161.22
2022-12-15,Rajkot,Oil (mustard),KG,actual,159.85
2023-01-15,Rajkot,Oil (mustard),KG,actual,160.04
2023-02-15,Rajkot,Oil (mustard),KG,actual,163.81
2023-03-15,Rajkot,Oil (mustard),KG,actual,162.37
2023-04-15,Rajkot,Oil (mustard),KG,actual,155.92
2023-05-15,Rajkot,Oil (mustard),KG,actual,150.33
2023-06-15,Rajkot,Oil (mustard),KG,actual,140.74
2023-07-15,Rajkot,Oil (mustard),KG,actual,140.0
2012-04-15,Rajkot,Oil (palm),KG,actual,71.0
2012-06-15,Rajkot,Oil (palm),KG,actual,65.67
2012-07-15,Rajkot,Oil (palm),KG,actual,67.82
2012-08-15,Rajkot,Oil (palm),KG,actual,68.53
2012-09-15,Rajkot,Oil (palm),KG,actual,67.5
2012-10-15,Rajkot,Oil (palm),KG,actual,56.21
2012-11-15,Rajkot,Oil (palm),KG,actual,55.13
2012-12-15,Rajkot,Oil (palm),KG,actual,55.0
2013-01-15,Rajkot,Oil (palm),KG,actual,55.84
2013-02-15,Rajkot,Oil (palm),KG,actual,57.0
2013-03-15,Rajkot,Oil (palm),KG,actual,57.0
2013-04-15,Rajkot,Oil (palm),KG,actual,57.24
2013-05-15,Rajkot,Oil (palm),KG,actual,56.71
2013-06-15,Rajkot,Oil (palm),KG,actual,57.0
2013-07-15,Rajkot,Oil (palm),KG,actual,58.91
2013-08-15,Rajkot,Oil (palm),KG,actual,59.0
2013-09-15,Rajkot,Oil (palm),KG,actual,64.9
2013-10-15,Rajkot,Oil (palm),KG,actual,63.6
2013-11-15,Rajkot,Oil (palm),KG,actual,66.0
2013-12-15,Rajkot,Oil (palm),KG,actual,65.0
2014-01-15,Rajkot,Oil (palm),KG,actual,63.48
2014-02-15,Rajkot,Oil (palm),KG,actual,64.47
2014-03-15,Rajkot,Oil (palm),KG,actual,69.73
2014-04-15,Rajkot,Oil (palm),KG,actual,67.09
2014-05-15,Rajkot,Oil (palm),KG,actual,65.82
2014-06-15,Rajkot,Oil (palm),KG,actual,62.5
2014-07-15,Rajkot,Oil (palm),KG,actual,64.45
2014-08-15,Rajkot,Oil (palm),KG,actual,64.93
2014-09-15,Rajkot,Oil (palm),KG,actual,62.0
2014-10-15,Rajkot,Oil (palm),KG,actual,59.75
2014-11-15,Rajkot,Oil (palm),KG,actual,55.82
2014-12-15,Rajkot,Oil (palm),KG,actual,54.23
2015-01-15,Rajkot,Oil (palm),KG,actual,58.26
2015-02-15,Rajkot,Oil (palm),KG,actual,56.74
2015-03-15,Rajkot,Oil (palm),KG,actual,57.6
2015-07-15,Rajkot,Oil (palm),KG,actual,56.55
2015-08-15,Rajkot,Oil (palm),KG,actual,54.0
2015-09-15,Rajkot,Oil (palm),KG,actual,52.35
2015-10-15,Rajkot,Oil (palm),KG,actual,53.76
2015-11-15,Rajkot,Oil (palm),KG,actual,53.8
2015-12-15,Rajkot,Oil (palm),KG,actual,52.24
2016-01-15,Rajkot,Oil (palm),KG,actual,52.45
2016-02-15,Rajkot,Oil (palm),KG,actual,56.48
2016-03-15,Rajkot,Oil (palm),KG,actual,60.15
2016-04-15,Rajkot,Oil (palm),KG,actual,64.2
2016-05-15,Rajkot,Oil (palm),KG,actual,67.0
2016-06-15,Rajkot,Oil (palm),KG,actual,65.93
2016-07-15,Rajkot,Oil (palm),KG,actual,63.03
2016-08-15,Rajkot,Oil (palm),KG,actual,63.0
2016-09-15,Rajkot,Oil (palm),KG,actual,64.5
2016-10-15,Rajkot,Oil (palm),KG,actual,69.0
2016-11-15,Rajkot,Oil (palm),KG,actual,67.88
2016-12-15,Rajkot,Oil (palm),KG,actual,66.23
2017-01-15,Rajkot,Oil (palm),KG,actual,69.56
2017-02-15,Rajkot,Oil (palm),KG,actual,70.44
2017-03-15,Rajkot,Oil (palm),KG,actual,67.03
2017-04-15,Rajkot,Oil (palm),KG,actual,64.87
2017-05-15,Rajkot,Oil (palm),KG,actual,62.97
2017-06-15,Rajkot,Oil (palm),KG,actual,62.9
2017-07-15,Rajkot,Oil (palm),KG,actual,61.35
2017-08-15,Rajkot,Oil (palm),KG,actual,60.38
2017-09-15,Rajkot,Oil (palm),KG,actual,67.61
2017-10-15,Rajkot,Oil (palm),KG,actual,66.0
2017-11-15,Rajkot,Oil (palm),KG,actual,66.0
2017-12-15,Rajkot,Oil (palm),KG,actual,66.04
2018-01-15,Rajkot,Oil (palm),KG,actual,66.0
2018-02-15,Rajkot,Oil (palm),KG,actual,66.0
2018-03-15,Rajkot,Oil (palm),KG,actual,66.0
2018-04-15,Rajkot,Oil (palm),KG,actual,67.07
2018-05-15,Rajkot,Oil (palm),KG,actual,68.0
2018-06-15,Rajkot,Oil (palm),KG,actual,70.07
2018-07-15,Rajkot,Oil (palm),KG,actual,75.64
2018-08-15,Rajkot,Oil (palm),KG,actual,77.0
2018-09-15,Rajkot,Oil (palm),KG,actual,77.0
2018-10-15,Rajkot,Oil (palm),KG,actual,77.0
2018-11-15,Rajkot,Oil (palm),KG,actual,77.0
2019-01-15,Rajkot,Oil (palm),KG,actual,77.0
2019-06-15,Rajkot,Oil (palm),KG,actual,77.0
2019-07-15,Rajkot,Oil (palm),KG,actual,77.0
2019-08-15,Rajkot,Oil (palm),KG,actual,77.0
2019-09-15,Rajkot,Oil (palm),KG,actual,77.0
2019-10-15,Rajkot,Oil (palm),KG,actual,77.0
2019-11-15,Rajkot,Oil (palm),KG,actual,77.0
2019-12-15,Rajkot,Oil (palm),KG,actual,77.0
2020-01-15,Rajkot,Oil (palm),KG,actual,77.0
2020-02-15,Rajkot,Oil (palm),KG,actual,77.0
2020-03-15,Rajkot,Oil (palm),KG,actual,78.84
2020-04-15,Rajkot,Oil (palm),KG,actual,83.87
2020-05-15,Rajkot,Oil (palm),KG,actual,85.0
2020-06-15,Rajkot,Oil (palm),KG,actual,85.0
2020-07-15,Rajkot,Oil (palm),KG,actual,85.0
2020-08-15,Rajkot,Oil (palm),KG,actual,85.0
2020-09-15,Rajkot,Oil (palm),KG,actual,85.0
2020-10-15,Rajkot,Oil (palm),KG,actual,85.0
2020-11-15,Rajkot,Oil (palm),KG,actual,85.0
2020-12-15,Rajkot,Oil (palm),KG,actual,86.39
2021-01-15,Rajkot,Oil (palm),KG,actual,104.42
2021-02-15,Rajkot,Oil (palm),KG,actual,109.92
2021-03-15,Rajkot,Oil (palm),KG,actual,119.93
2021-04-15,Rajkot,Oil (palm),KG,actual,128.55
2021-05-15,Rajkot,Oil (palm),KG,actual,130.73
2021-06-15,Rajkot,Oil (palm),KG,actual,126.13
2021-07-15,Rajkot,Oil (palm),KG,actual,125.16
2021-08-15,Rajkot,Oil (palm),KG,actual,125.81
2021-09-15,Rajkot,Oil (palm),KG,actual,130.2
2021-10-15,Rajkot,Oil (palm),KG,actual,128.61
2021-11-15,Rajkot,Oil (palm),KG,actual,123.04
2021-12-15,Rajkot,Oil (palm),KG,actual,117.84
2022-01-15,Rajkot,Oil (palm),KG,actual,117.67
2022-02-15,Rajkot,Oil (palm),KG,actual,122.57
2022-03-15,Rajkot,Oil (palm),KG,actual,135.27
2022-04-15,Rajkot,Oil (palm),KG,actual,143.68
2022-05-15,Rajkot,Oil (palm),KG,actual,163.03
2022-06-15,Rajkot,Oil (palm),KG,actual,155.93
2022-07-15,Rajkot,Oil (palm),KG,actual,147.2
2022-08-15,Rajkot,Oil (palm),KG,actual,146.52
2022-09-15,Rajkot,Oil (palm),KG,actual,131.77
2022-10-15,Rajkot,Oil (palm),KG,actual,130.5
2022-11-15,Rajkot,Oil (palm),KG,actual,123.44
2022-12-15,Rajkot,Oil (palm),KG,actual,123.92
2023-01-15,Rajkot,Oil (palm),KG,actual,121.89
2023-02-15,Rajkot,Oil (palm),KG,actual,122.1
2023-03-15,Rajkot,Oil (palm),KG,actual,123.11
2023-04-15,Rajkot,Oil (palm),KG,actual,122.92
2023-05-15,Rajkot,Oil (palm),KG,actual,117.97
2023-06-15,Rajkot,Oil (palm),KG,actual,109.63
2023-07-15,Rajkot,Oil (palm),KG,actual,105.0
2015-04-15,Rajkot,Oil (soybean),KG,actual,75.0
2015-05-15,Rajkot,Oil (soybean),KG,actual,76.16
2015-06-15,Rajkot,Oil (soybean),KG,actual,74.95
2015-07-15,Rajkot,Oil (soybean),KG,actual,72.43
2015-08-15,Rajkot,Oil (soybean),KG,actual,68.5
2015-09-15,Rajkot,Oil (soybean),KG,actual,67.65
2015-10-15,Rajkot,Oil (soybean),KG,actual,69.62
2015-11-15,Rajkot,Oil (soybean),KG,actual,72.0
2015-12-15,Rajkot,Oil (soybean),KG,actual,73.0
2016-01-15,Rajkot,Oil (soybean),KG,actual,74.59
2016-02-15,Rajkot,Oil (soybean),KG,actual,78.21
2016-03-15,Rajkot,Oil (soybean),KG,actual,79.74
2016-04-15,Rajkot,Oil (soybean),KG,actual,80.0
2016-05-15,Rajkot,Oil (soybean),KG,actual,80.0
2016-06-15,Rajkot,Oil (soybean),KG,actual,80.0
2016-07-15,Rajkot,Oil (soybean),KG,actual,80.0
2016-08-15,Rajkot,Oil (soybean),KG,actual,80.0
2016-09-15,Rajkot,Oil (soybean),KG,actual,79.47
2016-10-15,Rajkot,Oil (soybean),KG,actual,78.0
2016-11-15,Rajkot,Oil (soybean),KG,actual,78.0
2016-12-15,Rajkot,Oil (soybean),KG,actual,80.72
2017-01-15,Rajkot,Oil (soybean),KG,actual,85.0
2017-02-15,Rajkot,Oil (soybean),KG,actual,85.0
2017-03-15,Rajkot,Oil (soybean),KG,actual,84.19
2017-04-15,Rajkot,Oil (soybean),KG,actual,84.0
2017-05-15,Rajkot,Oil (soybean),KG,actual,83.23
2017-06-15,Rajkot,Oil (soybean),KG,actual,83.0
2017-07-15,Rajkot,Oil (soybean),KG,actual,80.68
2017-08-15,Rajkot,Oil (soybean),KG,actual,80.0
2017-09-15,Rajkot,Oil (soybean),KG,actual,79.07
2017-10-15,Rajkot,Oil (soybean),KG,actual,78.0
2017-11-15,Rajkot,Oil (soybean),KG,actual,78.0
2017-12-15,Rajkot,Oil (soybean),KG,actual,78.42
2018-01-15,Rajkot,Oil (soybean),KG,actual,80.0
2018-02-15,Rajkot,Oil (soybean),KG,actual,80.0
2018-03-15,Rajkot,Oil (soybean),KG,actual,80.0
2018-04-15,Rajkot,Oil (soybean),KG,actual,80.0
2018-05-15,Rajkot,Oil (soybean),KG,actual,80.2
2018-06-15,Rajkot,Oil (soybean),KG,actual,82.0
2018-07-15,Rajkot,Oil (soybean),KG,actual,83.5
2018-08-15,Rajkot,Oil (soybean),KG,actual,85.0
2018-09-15,Rajkot,Oil (soybean),KG,actual,85.0
2018-10-15,Rajkot,Oil (soybean),KG,actual,85.0
2018-11-15,Rajkot,Oil (soybean),KG,actual,85.0
2019-01-15,Rajkot,Oil (soybean),KG,actual,85.0
2019-06-15,Rajkot,Oil (soybean),KG,actual,85.0
2019-07-15,Rajkot,Oil (soybean),KG,actual,85.58
2019-08-15,Rajkot,Oil (soybean),KG,actual,88.0
2019-09-15,Rajkot,Oil (soybean),KG,actual,88.0
2019-10-15,Rajkot,Oil (soybean),KG,actual,88.0
2019-11-15,Rajkot,Oil (soybean),KG,actual,88.0
2019-12-15,Rajkot,Oil (soybean),KG,actual,88.0
2020-01-15,Rajkot,Oil (soybean),KG,actual,88.0
2020-02-15,Rajkot,Oil (soybean),KG,actual,88.0
2020-03-15,Rajkot,Oil (soybean),KG,actual,90.45
2020-04-15,Rajkot,Oil (soybean),KG,actual,97.0
2020-05-15,Rajkot,Oil (soybean),KG,actual,97.0
2020-06-15,Rajkot,Oil (soybean),KG,actual,97.0
2020-07-15,Rajkot,Oil (soybean),KG,actual,97.0
2020-08-15,Rajkot,Oil (soybean),KG,actual,97.0
2020-09-15,Rajkot,Oil (soybean),KG,actual,97.0
2020-10-15,Rajkot,Oil (soybean),KG,actual,97.0
2020-11-15,Rajkot,Oil (soybean),KG,actual,97.0
2020-12-15,Rajkot,Oil (soybean),KG,actual,97.46
2021-01-15,Rajkot,Oil (soybean),KG,actual,111.69
2021-02-15,Rajkot,Oil (soybean),KG,actual,114.0
2021-03-15,Rajkot,Oil (soybean),KG,actual,114.0
2021-04-15,Rajkot,Oil (soybean),KG,actual,114.0
2021-05-15,Rajkot,Oil (soybean),KG,actual,112.87
2021-06-15,Rajkot,Oil (soybean),KG,actual,112.0
2021-07-15,Rajkot,Oil (soybean),KG,actual,112.0
2021-08-15,Rajkot,Oil (soybean),KG,actual,130.42
2021-09-15,Rajkot,Oil (soybean),KG,actual,151.67
2021-10-15,Rajkot,Oil (soybean),KG,actual,153.42
2021-11-15,Rajkot,Oil (soybean),KG,actual,148.28
2021-12-15,Rajkot,Oil (soybean),KG,actual,142.0
2022-01-15,Rajkot,Oil (soybean),KG,actual,136.33
2022-02-15,Rajkot,Oil (soybean),KG,actual,142.32
2022-03-15,Rajkot,Oil (soybean),KG,actual,159.9
2022-04-15,Rajkot,Oil (soybean),KG,actual,158.21
2022-05-15,Rajkot,Oil (soybean),KG,actual,161.27
2022-06-15,Rajkot,Oil (soybean),KG,actual,161.97
2022-07-15,Rajkot,Oil (soybean),KG,actual,160.8
2022-08-15,Rajkot,Oil (soybean),KG,actual,161.38
2022-09-15,Rajkot,Oil (soybean),KG,actual,160.5
2022-10-15,Rajkot,Oil (soybean),KG,actual,159.2
2022-11-15,Rajkot,Oil (soybean),KG,actual,157.85
2022-12-15,Rajkot,Oil (soybean),KG,actual,157.92
2023-01-15,Rajkot,Oil (soybean),KG,actual,158.3
2023-02-15,Rajkot,Oil (soybean),KG,actual,160.67
2023-03-15,Rajkot,Oil (soybean),KG,actual,160.37
2023-04-15,Rajkot,Oil (soybean),KG,actual,161.0
2023-05-15,Rajkot,Oil (soybean),KG,actual,159.53
2023-06-15,Rajkot,Oil (soybean),KG,actual,159.0
2023-07-15,Rajkot,Oil (soybean),KG,actual,158.57
2012-04-15,Rajkot,Oil (sunflower),KG,actual,79.71
2012-05-15,Rajkot,Oil (sunflower),KG,actual,79.0
2012-06-15,Rajkot,Oil (sunflower),KG,actual,79.0
2012-07-15,Rajkot,Oil (sunflower),KG,actual,79.27
2012-08-15,Rajkot,Oil (sunflower),KG,actual,82.42
2012-09-15,Rajkot,Oil (sunflower),KG,actual,83.0
2012-10-15,Rajkot,Oil (sunflower),KG,actual,80.47
2012-11-15,Rajkot,Oil (sunflower),KG,actual,80.0
2012-12-15,Rajkot,Oil (sunflower),KG,actual,84.0
2013-01-15,Rajkot,Oil (sunflower),KG,actual,84.63
2013-02-15,Rajkot,Oil (sunflower),KG,actual,86.45
2013-03-15,Rajkot,Oil (sunflower),KG,actual,85.83
2013-04-15,Rajkot,Oil (sunflower),KG,actual,83.0
2013-05-15,Rajkot,Oil (sunflower),KG,actual,83.0
2013-06-15,Rajkot,Oil (sunflower),KG,actual,83.0
2013-07-15,Rajkot,Oil (sunflower),KG,actual,83.64
2013-08-15,Rajkot,Oil (sunflower),KG,actual,87.0
2013-09-15,Rajkot,Oil (sunflower),KG,actual,86.05
2013-10-15,Rajkot,Oil (sunflower),KG,actual,86.0
2013-11-15,Rajkot,Oil (sunflower),KG,actual,86.0
2013-12-15,Rajkot,Oil (sunflower),KG,actual,86.0
2014-01-15,Rajkot,Oil (sunflower),KG,actual,86.0
2014-02-15,Rajkot,Oil (sunflower),KG,actual,85.13
2014-03-15,Rajkot,Oil (sunflower),KG,actual,79.8
2014-04-15,Rajkot,Oil (sunflower),KG,actual,76.0
2014-05-15,Rajkot,Oil (sunflower),KG,actual,75.88
2014-06-15,Rajkot,Oil (sunflower),KG,actual,74.0
2014-07-15,Rajkot,Oil (sunflower),KG,actual,75.95
2014-08-15,Rajkot,Oil (sunflower),KG,actual,75.73
2014-09-15,Rajkot,Oil (sunflower),KG,actual,75.0
2014-10-15,Rajkot,Oil (sunflower),KG,actual,73.06
2014-11-15,Rajkot,Oil (sunflower),KG,actual,70.0
2014-12-15,Rajkot,Oil (sunflower),KG,actual,71.18
2015-01-15,Rajkot,Oil (sunflower),KG,actual,75.68
2015-02-15,Rajkot,Oil (sunflower),KG,actual,75.89
2015-03-15,Rajkot,Oil (sunflower),KG,actual,73.4
2015-07-15,Rajkot,Oil (sunflower),KG,actual,74.0
2015-08-15,Rajkot,Oil (sunflower),KG,actual,74.0
2015-09-15,Rajkot,Oil (sunflower),KG,actual,75.95
2015-10-15,Rajkot,Oil (sunflower),KG,actual,79.05
2015-11-15,Rajkot,Oil (sunflower),KG,actual,81.24
2015-12-15,Rajkot,Oil (sunflower),KG,actual,83.1
2016-01-15,Rajkot,Oil (sunflower),KG,actual,84.0
2016-02-15,Rajkot,Oil (sunflower),KG,actual,84.0
2016-03-15,Rajkot,Oil (sunflower),KG,actual,84.0
2016-04-15,Rajkot,Oil (sunflower),KG,actual,84.0
2016-05-15,Rajkot,Oil (sunflower),KG,actual,84.0
2016-06-15,Rajkot,Oil (sunflower),KG,actual,84.9
2016-07-15,Rajkot,Oil (sunflower),KG,actual,85.0
2016-08-15,Rajkot,Oil (sunflower),KG,actual,85.0
2016-09-15,Rajkot,Oil (sunflower),KG,actual,84.27
2016-10-15,Rajkot,Oil (sunflower),KG,actual,83.0
2016-11-15,Rajkot,Oil (sunflower),KG,actual,82.0
2016-12-15,Rajkot,Oil (sunflower),KG,actual,82.0
2017-01-15,Rajkot,Oil (sunflower),KG,actual,82.0
2017-02-15,Rajkot,Oil (sunflower),KG,actual,81.7
2017-03-15,Rajkot,Oil (sunflower),KG,actual,79.87
2017-04-15,Rajkot,Oil (sunflower),KG,actual,76.87
2017-05-15,Rajkot,Oil (sunflower),KG,actual,75.23
2017-06-15,Rajkot,Oil (sunflower),KG,actual,75.0
2017-07-15,Rajkot,Oil (sunflower),KG,actual,75.0
2017-08-15,Rajkot,Oil (sunflower),KG,actual,75.0
2017-09-15,Rajkot,Oil (sunflower),KG,actual,75.0
2017-10-15,Rajkot,Oil (sunflower),KG,actual,75.0
2017-11-15,Rajkot,Oil (sunflower),KG,actual,75.0
2017-12-15,Rajkot,Oil (sunflower),KG,actual,75.58
2018-01-15,Rajkot,Oil (sunflower),KG,actual,78.0
2018-02-15,Rajkot,Oil (sunflower),KG,actual,78.0
2018-03-15,Rajkot,Oil (sunflower),KG,actual,78.0
2018-04-15,Rajkot,Oil (sunflower),KG,actual,78.0
2018-05-15,Rajkot,Oil (sunflower),KG,actual,78.2
2018-06-15,Rajkot,Oil (sunflower),KG,actual,81.47
2018-07-15,Rajkot,Oil (sunflower),KG,actual,84.86
2018-08-15,Rajkot,Oil (sunflower),KG,actual,85.0
2018-09-15,Rajkot,Oil (sunflower),KG,actual,85.0
2018-10-15,Rajkot,Oil (sunflower),KG,actual,86.71
2018-11-15,Rajkot,Oil (sunflower),KG,actual,88.0
2019-06-15,Rajkot,Oil (sunflower),KG,actual,86.0
2019-07-15,Rajkot,Oil (sunflower),KG,actual,86.0
2019-08-15,Rajkot,Oil (sunflower),KG,actual,86.0
2019-09-15,Rajkot,Oil (sunflower),KG,actual,86.0
2019-10-15,Rajkot,Oil (sunflower),KG,actual,86.0
2019-11-15,Rajkot,Oil (sunflower),KG,actual,86.0
2019-12-15,Rajkot,Oil (sunflower),KG,actual,86.0
2020-01-15,Rajkot,Oil (sunflower),KG,actual,86.0
2020-02-15,Rajkot,Oil (sunflower),KG,actual,86.0
2020-03-15,Rajkot,Oil (sunflower),KG,actual,89.68
2020-04-15,Rajkot,Oil (sunflower),KG,actual,95.7
2020-05-15,Rajkot,Oil (sunflower),KG,actual,97.0
2020-06-15,Rajkot,Oil (sunflower),KG,actual,97.0
2020-07-15,Rajkot,Oil (sunflower),KG,actual,97.77
2020-08-15,Rajkot,Oil (sunflower),KG,actual,98.0
2020-09-15,Rajkot,Oil (sunflower),KG,actual,98.0
2020-10-15,Rajkot,Oil (sunflower),KG,actual,98.0
2020-11-15,Rajkot,Oil (sunflower),KG,actual,98.0
2020-12-15,Rajkot,Oil (sunflower),KG,actual,98.93
2021-01-15,Rajkot,Oil (sunflower),KG,actual,133.77
2021-02-15,Rajkot,Oil (sunflower),KG,actual,138.0
2021-03-15,Rajkot,Oil (sunflower),KG,actual,151.1
2021-04-15,Rajkot,Oil (sunflower),KG,actual,174.03
2021-05-15,Rajkot,Oil (sunflower),KG,actual,174.4
2021-06-15,Rajkot,Oil (sunflower),KG,actual,173.6
2021-07-15,Rajkot,Oil (sunflower),KG,actual,172.16
2021-08-15,Rajkot,Oil (sunflower),KG,actual,162.94
2021-09-15,Rajkot,Oil (sunflower),KG,actual,151.87
2021-10-15,Rajkot,Oil (sunflower),KG,actual,145.61
2021-11-15,Rajkot,Oil (sunflower),KG,actual,144.28
2021-12-15,Rajkot,Oil (sunflower),KG,actual,142.0
2022-01-15,Rajkot,Oil (sunflower),KG,actual,140.53
2022-02-15,Rajkot,Oil (sunflower),KG,actual,145.57
2022-03-15,Rajkot,Oil (sunflower),KG,actual,163.27
2022-04-15,Rajkot,Oil (sunflower),KG,actual,162.71
2022-05-15,Rajkot,Oil (sunflower),KG,actual,173.63
2022-06-15,Rajkot,Oil (sunflower),KG,actual,173.52
2022-07-15,Rajkot,Oil (sunflower),KG,actual,170.33
2022-08-15,Rajkot,Oil (sunflower),KG,actual,171.41
2022-09-15,Rajkot,Oil (sunflower),KG,actual,163.96
2022-10-15,Rajkot,Oil (sunflower),KG,actual,155.9
2022-11-15,Rajkot,Oil (sunflower),KG,actual,112.12
2022-12-15,Rajkot,Oil (sunflower),KG,actual,151.0
2023-01-15,Rajkot,Oil (sunflower),KG,actual,155.67
2023-02-15,Rajkot,Oil (sunflower),KG,actual,153.14
2023-03-15,Rajkot,Oil (sunflower),KG,actual,150.68
2023-04-15,Rajkot,Oil (sunflower),KG,actual,148.71
2023-05-15,Rajkot,Oil (sunflower),KG,actual,141.8
2023-06-15,Rajkot,Oil (sunflower),KG,actual,141.0
2023-07-15,Rajkot,Oil (sunflower),KG,actual,142.46
2012-04-15,Rajkot,Onions,KG,actual,10.0
2012-07-15,Rajkot,Onions,KG,actual,10.5
2012-08-15,Rajkot,Onions,KG,actual,11.11
2012-09-15,Rajkot,Onions,KG,actual,9.9
2012-10-15,Rajkot,Onions,KG,actual,11.0
2012-11-15,Rajkot,Onions,KG,actual,12.94
2012-12-15,Rajkot,Onions,KG,actual,14.46
2013-01-15,Rajkot,Onions,KG,actual,15.74
2013-02-15,Rajkot,Onions,KG,actual,14.65
2013-03-15,Rajkot,Onions,KG,actual,11.78
2013-04-15,Rajkot,Onions,KG,actual,10.94
2013-05-15,Rajkot,Onions,KG,actual,10.52
2013-06-15,Rajkot,Onions,KG,actual,14.33
2013-07-15,Rajkot,Onions,KG,actual,22.5
2013-08-15,Rajkot,Onions,KG,actual,40.44
2013-09-15,Rajkot,Onions,KG,actual,42.32
2013-10-15,Rajkot,Onions,KG,actual,34.05
2013-11-15,Rajkot,Onions,KG,actual,30.38
2013-12-15,Rajkot,Onions,KG,actual,18.5
2014-01-15,Rajkot,Onions,KG,actual,14.52
2014-02-15,Rajkot,Onions,KG,actual,9.89
2014-03-15,Rajkot,Onions,KG,actual,9.07
2014-04-15,Rajkot,Onions,KG,actual,9.5
2014-05-15,Rajkot,Onions,KG,actual,10.06
2014-06-15,Rajkot,Onions,KG,actual,14.71
2014-07-15,Rajkot,Onions,KG,actual,22.77
2014-08-15,Rajkot,Onions,KG,actual,25.27
2014-09-15,Rajkot,Onions,KG,actual,23.91
2014-10-15,Rajkot,Onions,KG,actual,23.88
2014-11-15,Rajkot,Onions,KG,actual,17.88
2014-12-15,Rajkot,Onions,KG,actual,17.09
2015-01-15,Rajkot,Onions,KG,actual,14.74
2015-02-15,Rajkot,Onions,KG,actual,18.42
2015-03-15,Rajkot,Onions,KG,actual,16.7
2015-04-15,Rajkot,Onions,KG,actual,12.72
2015-05-15,Rajkot,Onions,KG,actual,15.79
2015-06-15,Rajkot,Onions,KG,actual,22.45
2015-07-15,Rajkot,Onions,KG,actual,22.55
2015-08-15,Rajkot,Onions,KG,actual,37.95
2015-09-15,Rajkot,Onions,KG,actual,44.15
2015-10-15,Rajkot,Onions,KG,actual,24.9
2015-11-15,Rajkot,Onions,KG,actual,19.32
2015-12-15,Rajkot,Onions,KG,actual,11.19
2016-01-15,Rajkot,Onions,KG,actual,10.62
2016-02-15,Rajkot,Onions,KG,actual,10.28
2016-03-15,Rajkot,Onions,KG,actual,10.0
2016-04-15,Rajkot,Onions,KG,actual,10.0
2016-05-15,Rajkot,Onions,KG,actual,10.0
2016-06-15,Rajkot,Onions,KG,actual,11.93
2016-07-15,Rajkot,Onions,KG,actual,15.0
2016-08-15,Rajkot,Onions,KG,actual,13.9
2016-09-15,Rajkot,Onions,KG,actual,13.1
2016-10-15,Rajkot,Onions,KG,actual,13.48
2016-11-15,Rajkot,Onions,KG,actual,15.0
2016-12-15,Rajkot,Onions,KG,actual,14.71
2017-01-15,Rajkot,Onions,KG,actual,14.0
2017-02-15,Rajkot,Onions,KG,actual,14.85
2017-03-15,Rajkot,Onions,KG,actual,14.1
2017-04-15,Rajkot,Onions,KG,actual,14.0
2017-05-15,Rajkot,Onions,KG,actual,14.0
2017-06-15,Rajkot,Onions,KG,actual,14.14
2017-07-15,Rajkot,Onions,KG,actual,14.68
2017-08-15,Rajkot,Onions,KG,actual,24.89
2017-09-15,Rajkot,Onions,KG,actual,22.29
2017-10-15,Rajkot,Onions,KG,actual,21.88
2017-11-15,Rajkot,Onions,KG,actual,23.77
2017-12-15,Rajkot,Onions,KG,actual,38.0
2018-01-15,Rajkot,Onions,KG,actual,37.53
2018-02-15,Rajkot,Onions,KG,actual,35.25
2018-03-15,Rajkot,Onions,KG,actual,34.5
2018-04-15,Rajkot,Onions,KG,actual,29.83
2018-05-15,Rajkot,Onions,KG,actual,19.27
2018-06-15,Rajkot,Onions,KG,actual,16.0
2018-07-15,Rajkot,Onions,KG,actual,16.0
2018-08-15,Rajkot,Onions,KG,actual,15.1
2018-09-15,Rajkot,Onions,KG,actual,15.0
2018-10-15,Rajkot,Onions,KG,actual,15.0
2018-11-15,Rajkot,Onions,KG,actual,15.0
2019-01-15,Rajkot,Onions,KG,actual,15.0
2019-07-15,Rajkot,Onions,KG,actual,15.39
2019-08-15,Rajkot,Onions,KG,actual,17.0
2019-09-15,Rajkot,Onions,KG,actual,26.24
2019-10-15,Rajkot,Onions,KG,actual,44.58
2019-11-15,Rajkot,Onions,KG,actual,43.1
2019-12-15,Rajkot,Onions,KG,actual,74.0
2020-01-15,Rajkot,Onions,KG,actual,74.31
2020-02-15,Rajkot,Onions,KG,actual,45.93
2020-03-15,Rajkot,Onions,KG,actual,30.0
2020-04-15,Rajkot,Onions,KG,actual,30.0
2020-05-15,Rajkot,Onions,KG,actual,27.24
2020-06-15,Rajkot,Onions,KG,actual,20.5
2020-07-15,Rajkot,Onions,KG,actual,20.0
2020-08-15,Rajkot,Onions,KG,actual,20.0
2020-09-15,Rajkot,Onions,KG,actual,22.5
2020-10-15,Rajkot,Onions,KG,actual,31.97
2020-11-15,Rajkot,Onions,KG,actual,55.21
2020-12-15,Rajkot,Onions,KG,actual,54.46
2021-01-15,Rajkot,Onions,KG,actual,32.57
2021-02-15,Rajkot,Onions,KG,actual,29.56
2021-03-15,Rajkot,Onions,KG,actual,27.24
2021-04-15,Rajkot,Onions,KG,actual,16.48
2021-05-15,Rajkot,Onions,KG,actual,20.07
2021-06-15,Rajkot,Onions,KG,actual,17.13
2021-07-15,Rajkot,Onions,KG,actual,19.13
2021-08-15,Rajkot,Onions,KG,actual,20.1
2021-09-15,Rajkot,Onions,KG,actual,21.83
2021-10-15,Rajkot,Onions,KG,actual,32.26
2021-11-15,Rajkot,Onions,KG,actual,34.04
2021-12-15,Rajkot,Onions,KG,actual,36.65
2022-01-15,Rajkot,Onions,KG,actual,27.6
2022-02-15,Rajkot,Onions,KG,actual,40.07
2022-03-15,Rajkot,Onions,KG,actual,32.7
2022-04-15,Rajkot,Onions,KG,actual,28.0
2022-05-15,Rajkot,Onions,KG,actual,33.6
2022-06-15,Rajkot,Onions,KG,actual,28.55
2022-07-15,Rajkot,Onions,KG,actual,25.27
2022-08-15,Rajkot,Onions,KG,actual,23.24
2022-09-15,Rajkot,Onions,KG,actual,25.58
2022-10-15,Rajkot,Onions,KG,actual,28.8
2022-11-15,Rajkot,Onions,KG,actual,30.26
2022-12-15,Rajkot,Onions,KG,actual,31.38
2023-01-15,Rajkot,Onions,KG,actual,27.04
2023-02-15,Rajkot,Onions,KG,actual,25.8
2023-03-15,Rajkot,Onions,KG,actual,26.56
2023-04-15,Rajkot,Onions,KG,actual,25.92
2023-05-15,Rajkot,Onions,KG,actual,23.5
2023-06-15,Rajkot,Onions,KG,actual,21.22
2023-07-15,Rajkot,Onions,KG,actual,24.14
2012-04-15,Rajkot,Potatoes,KG,actual,17.06
2012-07-15,Rajkot,Potatoes,KG,actual,15.64
2012-08-15,Rajkot,Potatoes,KG,actual,15.63
2012-09-15,Rajkot,Potatoes,KG,actual,15.4
2012-10-15,Rajkot,Potatoes,KG,actual,15.11
2012-11-15,Rajkot,Potatoes,KG,actual,14.31
2012-12-15,Rajkot,Potatoes,KG,actual,15.38
2013-01-15,Rajkot,Potatoes,KG,actual,12.84
2013-02-15,Rajkot,Potatoes,KG,actual,9.5
2013-03-15,Rajkot,Potatoes,KG,actual,10.5
2013-04-15,Rajkot,Potatoes,KG,actual,14.53
2013-05-15,Rajkot,Potatoes,KG,actual,14.29
2013-06-15,Rajkot,Potatoes,KG,actual,14.27
2013-07-15,Rajkot,Potatoes,KG,actual,13.95
2013-08-15,Rajkot,Potatoes,KG,actual,14.94
2013-09-15,Rajkot,Potatoes,KG,actual,16.05
2013-10-15,Rajkot,Potatoes,KG,actual,18.0
2013-11-15,Rajkot,Potatoes,KG,actual,23.25
2013-12-15,Rajkot,Potatoes,KG,actual,21.93
2014-01-15,Rajkot,Potatoes,KG,actual,12.71
2014-02-15,Rajkot,Potatoes,KG,actual,11.32
2014-03-15,Rajkot,Potatoes,KG,actual,12.73
2014-04-15,Rajkot,Potatoes,KG,actual,16.42
2014-05-15,Rajkot,Potatoes,KG,actual,18.71
2014-06-15,Rajkot,Potatoes,KG,actual,20.71
2014-07-15,Rajkot,Potatoes,KG,actual,24.45
2014-08-15,Rajkot,Potatoes,KG,actual,27.4
2014-09-15,Rajkot,Potatoes,KG,actual,30.45
2014-10-15,Rajkot,Potatoes,KG,actual,27.5
2014-11-15,Rajkot,Potatoes,KG,actual,28.41
2014-12-15,Rajkot,Potatoes,KG,actual,23.09
2015-01-15,Rajkot,Potatoes,KG,actual,13.0
2015-02-15,Rajkot,Potatoes,KG,actual,11.0
2015-03-15,Rajkot,Potatoes,KG,actual,10.1
2015-04-15,Rajkot,Potatoes,KG,actual,10.22
2015-05-15,Rajkot,Potatoes,KG,actual,11.84
2015-06-15,Rajkot,Potatoes,KG,actual,10.55
2015-07-15,Rajkot,Potatoes,KG,actual,11.5
2015-08-15,Rajkot,Potatoes,KG,actual,14.65
2015-09-15,Rajkot,Potatoes,KG,actual,16.75
2015-10-15,Rajkot,Potatoes,KG,actual,19.52
2015-11-15,Rajkot,Potatoes,KG,actual,15.54
2015-12-15,Rajkot,Potatoes,KG,actual,12.14
2016-01-15,Rajkot,Potatoes,KG,actual,11.31
2016-02-15,Rajkot,Potatoes,KG,actual,10.79
2016-03-15,Rajkot,Potatoes,KG,actual,13.15
2016-04-15,Rajkot,Potatoes,KG,actual,14.0
2016-05-15,Rajkot,Potatoes,KG,actual,14.39
2016-06-15,Rajkot,Potatoes,KG,actual,18.13
2016-07-15,Rajkot,Potatoes,KG,actual,20.0
2016-08-15,Rajkot,Potatoes,KG,actual,18.38
2016-09-15,Rajkot,Potatoes,KG,actual,16.6
2016-10-15,Rajkot,Potatoes,KG,actual,15.0
2016-11-15,Rajkot,Potatoes,KG,actual,15.0
2016-12-15,Rajkot,Potatoes,KG,actual,14.19
2017-01-15,Rajkot,Potatoes,KG,actual,14.0
2017-02-15,Rajkot,Potatoes,KG,actual,14.85
2017-03-15,Rajkot,Potatoes,KG,actual,14.1
2017-04-15,Rajkot,Potatoes,KG,actual,14.0
2017-05-15,Rajkot,Potatoes,KG,actual,13.9
2017-06-15,Rajkot,Potatoes,KG,actual,13.0
2017-07-15,Rajkot,Potatoes,KG,actual,13.81
2017-08-15,Rajkot,Potatoes,KG,actual,16.36
2017-09-15,Rajkot,Potatoes,KG,actual,12.11
2017-10-15,Rajkot,Potatoes,KG,actual,12.88
2017-11-15,Rajkot,Potatoes,KG,actual,13.0
2017-12-15,Rajkot,Potatoes,KG,actual,13.0
2018-01-15,Rajkot,Potatoes,KG,actual,13.0
2018-02-15,Rajkot,Potatoes,KG,actual,13.0
2018-03-15,Rajkot,Potatoes,KG,actual,13.0
2018-04-15,Rajkot,Potatoes,KG,actual,14.8
2018-05-15,Rajkot,Potatoes,KG,actual,15.0
2018-06-15,Rajkot,Potatoes,KG,actual,15.17
2018-07-15,Rajkot,Potatoes,KG,actual,16.21
2018-08-15,Rajkot,Potatoes,KG,actual,15.55
2018-09-15,Rajkot,Potatoes,KG,actual,16.0
2018-10-15,Rajkot,Potatoes,KG,actual,16.57
2018-11-15,Rajkot,Potatoes,KG,actual,17.0
2019-01-15,Rajkot,Potatoes,KG,actual,17.0
2019-06-15,Rajkot,Potatoes,KG,actual,17.0
2019-07-15,Rajkot,Potatoes,KG,actual,16.81
2019-08-15,Rajkot,Potatoes,KG,actual,16.0
2019-09-15,Rajkot,Potatoes,KG,actual,16.0
2019-10-15,Rajkot,Potatoes,KG,actual,16.0
2019-11-15,Rajkot,Potatoes,KG,actual,16.0
2019-12-15,Rajkot,Potatoes,KG,actual,18.6
2020-01-15,Rajkot,Potatoes,KG,actual,22.0
2020-02-15,Rajkot,Potatoes,KG,actual,20.07
2020-03-15,Rajkot,Potatoes,KG,actual,17.0
2020-04-15,Rajkot,Potatoes,KG,actual,17.0
2020-05-15,Rajkot,Potatoes,KG,actual,17.0
2020-06-15,Rajkot,Potatoes,KG,actual,22.67
2020-07-15,Rajkot,Potatoes,KG,actual,23.0
2020-08-15,Rajkot,Potatoes,KG,actual,25.07
2020-09-15,Rajkot,Potatoes,KG,actual,30.0
2020-10-15,Rajkot,Potatoes,KG,actual,31.29
2020-11-15,Rajkot,Potatoes,KG,actual,45.0
2020-12-15,Rajkot,Potatoes,KG,actual,40.71
2021-01-15,Rajkot,Potatoes,KG,actual,22.38
2021-02-15,Rajkot,Potatoes,KG,actual,19.8
2021-03-15,Rajkot,Potatoes,KG,actual,14.69
2021-04-15,Rajkot,Potatoes,KG,actual,17.69
2021-05-15,Rajkot,Potatoes,KG,actual,18.1
2021-06-15,Rajkot,Potatoes,KG,actual,17.97
2021-07-15,Rajkot,Potatoes,KG,actual,18.13
2021-08-15,Rajkot,Potatoes,KG,actual,18.32
2021-09-15,Rajkot,Potatoes,KG,actual,17.7
2021-10-15,Rajkot,Potatoes,KG,actual,24.0
2021-11-15,Rajkot,Potatoes,KG,actual,29.32
2021-12-15,Rajkot,Potatoes,KG,actual,26.35
2022-01-15,Rajkot,Potatoes,KG,actual,24.53
2022-02-15,Rajkot,Potatoes,KG,actual,22.04
2022-03-15,Rajkot,Potatoes,KG,actual,19.37
2022-04-15,Rajkot,Potatoes,KG,actual,22.36
2022-05-15,Rajkot,Potatoes,KG,actual,27.33
2022-06-15,Rajkot,Potatoes,KG,actual,23.1
2022-07-15,Rajkot,Potatoes,KG,actual,23.03
2022-08-15,Rajkot,Potatoes,KG,actual,23.17
2022-09-15,Rajkot,Potatoes,KG,actual,25.54
2022-10-15,Rajkot,Potatoes,KG,actual,25.95
2022-11-15,Rajkot,Potatoes,KG,actual,28.96
2022-12-15,Rajkot,Potatoes,KG,actual,25.0
2023-01-15,Rajkot,Potatoes,KG,actual,26.12
2023-02-15,Rajkot,Potatoes,KG,actual,25.4
2023-03-15,Rajkot,Potatoes,KG,actual,23.0
2023-04-15,Rajkot,Potatoes,KG,actual,25.5
2023-05-15,Rajkot,Potatoes,KG,actual,22.07
2023-06-15,Rajkot,Potatoes,KG,actual,22.22
2023-07-15,Rajkot,Potatoes,KG,actual,21.75
2011-01-15,Rajkot,Rice,KG,actual,18.0
2011-02-15,Rajkot,Rice,KG,actual,18.0
2011-03-15,Rajkot,Rice,KG,actual,17.0
2011-04-15,Rajkot,Rice,KG,actual,17.72
2011-05-15,Rajkot,Rice,KG,actual,18.0
2011-06-15,Rajkot,Rice,KG,actual,18.0
2011-07-15,Rajkot,Rice,KG,actual,18.0
2011-08-15,Rajkot,Rice,KG,actual,18.0
2011-09-15,Rajkot,Rice,KG,actual,18.0
2011-10-15,Rajkot,Rice,KG,actual,16.0
2011-11-15,Rajkot,Rice,KG,actual,18.05
2011-12-15,Rajkot,Rice,KG,actual,19.63
2012-01-15,Rajkot,Rice,KG,actual,20.38
2012-02-15,Rajkot,Rice,KG,actual,20.0
2012-03-15,Rajkot,Rice,KG,actual,20.0
2012-04-15,Rajkot,Rice,KG,actual,20.0
2012-05-15,Rajkot,Rice,KG,actual,18.17
2012-06-15,Rajkot,Rice,KG,actual,18.0
2012-07-15,Rajkot,Rice,KG,actual,19.41
2012-08-15,Rajkot,Rice,KG,actual,20.42
2012-09-15,Rajkot,Rice,KG,actual,21.0
2012-10-15,Rajkot,Rice,KG,actual,20.84
2012-11-15,Rajkot,Rice,KG,actual,20.0
2012-12-15,Rajkot,Rice,KG,actual,19.15
2013-01-15,Rajkot,Rice,KG,actual,20.89
2013-02-15,Rajkot,Rice,KG,actual,21.0
2013-03-15,Rajkot,Rice,KG,actual,21.28
2013-04-15,Rajkot,Rice,KG,actual,21.71
2013-05-15,Rajkot,Rice,KG,actual,23.06
2013-06-15,Rajkot,Rice,KG,actual,23.86
2013-07-15,Rajkot,Rice,KG,actual,24.18
2013-08-15,Rajkot,Rice,KG,actual,23.44
2013-09-15,Rajkot,Rice,KG,actual,23.0
2013-10-15,Rajkot,Rice,KG,actual,22.75
2013-11-15,Rajkot,Rice,KG,actual,22.25
2013-12-15,Rajkot,Rice,KG,actual,24.0
2014-01-15,Rajkot,Rice,KG,actual,24.0
2014-02-15,Rajkot,Rice,KG,actual,24.0
2014-03-15,Rajkot,Rice,KG,actual,24.0
2014-04-15,Rajkot,Rice,KG,actual,22.5
2014-05-15,Rajkot,Rice,KG,actual,23.94
2014-06-15,Rajkot,Rice,KG,actual,23.5
2014-07-15,Rajkot,Rice,KG,actual,23.77
2014-08-15,Rajkot,Rice,KG,actual,23.0
2014-09-15,Rajkot,Rice,KG,actual,23.0
2014-10-15,Rajkot,Rice,KG,actual,23.0
2014-11-15,Rajkot,Rice,KG,actual,23.82
2014-12-15,Rajkot,Rice,KG,actual,22.5
2015-01-15,Rajkot,Rice,KG,actual,22.74
2015-02-15,Rajkot,Rice,KG,actual,23.05
2015-03-15,Rajkot,Rice,KG,actual,22.4
2015-04-15,Rajkot,Rice,KG,actual,24.0
2015-05-15,Rajkot,Rice,KG,actual,24.74
2015-06-15,Rajkot,Rice,KG,actual,23.55
2015-07-15,Rajkot,Rice,KG,actual,22.09
2015-08-15,Rajkot,Rice,KG,actual,22.42
2015-09-15,Rajkot,Rice,KG,actual,22.35
2015-10-15,Rajkot,Rice,KG,actual,21.71
2015-11-15,Rajkot,Rice,KG,actual,21.24
2015-12-15,Rajkot,Rice,KG,actual,22.95
2016-01-15,Rajkot,Rice,KG,actual,23.0
2016-02-15,Rajkot,Rice,KG,actual,23.52
2016-03-15,Rajkot,Rice,KG,actual,23.0
2016-04-15,Rajkot,Rice,KG,actual,23.4
2016-05-15,Rajkot,Rice,KG,actual,24.81
2016-06-15,Rajkot,Rice,KG,actual,25.2
2016-07-15,Rajkot,Rice,KG,actual,26.0
2016-08-15,Rajkot,Rice,KG,actual,26.0
2016-09-15,Rajkot,Rice,KG,actual,25.27
2016-10-15,Rajkot,Rice,KG,actual,24.0
2016-11-15,Rajkot,Rice,KG,actual,24.0
2016-12-15,Rajkot,Rice,KG,actual,23.19
2017-01-15,Rajkot,Rice,KG,actual,23.0
2017-02-15,Rajkot,Rice,KG,actual,23.0
2017-03-15,Rajkot,Rice,KG,actual,23.0
2017-04-15,Rajkot,Rice,KG,actual,23.0
2017-05-15,Rajkot,Rice,KG,actual,23.0
2017-06-15,Rajkot,Rice,KG,actual,23.0
2017-07-15,Rajkot,Rice,KG,actual,23.0
2017-08-15,Rajkot,Rice,KG,actual,23.25
2017-09-15,Rajkot,Rice,KG,actual,24.0
2017-10-15,Rajkot,Rice,KG,actual,24.0
2017-11-15,Rajkot,Rice,KG,actual,24.0
2017-12-15,Rajkot,Rice,KG,actual,24.0
2018-01-15,Rajkot,Rice,KG,actual,24.0
2018-02-15,Rajkot,Rice,KG,actual,24.0
2018-03-15,Rajkot,Rice,KG,actual,24.0
2018-04-15,Rajkot,Rice,KG,actual,24.0
2018-05-15,Rajkot,Rice,KG,actual,24.0
2018-06-15,Rajkot,Rice,KG,actual,24.0
2018-07-15,Rajkot,Rice,KG,actual,24.0
2018-08-15,Rajkot,Rice,KG,actual,24.0
2018-09-15,Rajkot,Rice,KG,actual,24.0
2018-10-15,Rajkot,Rice,KG,actual,24.0
2018-11-15,Rajkot,Rice,KG,actual,23.52
2019-01-15,Rajkot,Rice,KG,actual,23.0
2019-06-15,Rajkot,Rice,KG,actual,23.0
2019-07-15,Rajkot,Rice,KG,actual,23.0
2019-08-15,Rajkot,Rice,KG,actual,23.0
2019-09-15,Rajkot,Rice,KG,actual,23.0
2019-10-15,Rajkot,Rice,KG,actual,23.0
2019-11-15,Rajkot,Rice,KG,actual,23.0
2019-12-15,Rajkot,Rice,KG,actual,23.0
2020-01-15,Rajkot,Rice,KG,actual,23.0
2020-02-15,Rajkot,Rice,KG,actual,24.26
2020-03-15,Rajkot,Rice,KG,actual,26.0
2020-04-15,Rajkot,Rice,KG,actual,27.0
2020-05-15,Rajkot,Rice,KG,actual,27.0
2020-06-15,Rajkot,Rice,KG,actual,27.0
2020-07-15,Rajkot,Rice,KG,actual,27.0
2020-08-15,Rajkot,Rice,KG,actual,27.0
2020-09-15,Rajkot,Rice,KG,actual,27.0
2020-10-15,Rajkot,Rice,KG,actual,27.0
2020-11-15,Rajkot,Rice,KG,actual,27.0
2020-12-15,Rajkot,Rice,KG,actual,27.46
2021-01-15,Rajkot,Rice,KG,actual,50.07
2021-02-15,Rajkot,Rice,KG,actual,51.0
2021-03-15,Rajkot,Rice,KG,actual,51.13
2021-04-15,Rajkot,Rice,KG,actual,45.28
2021-05-15,Rajkot,Rice,KG,actual,37.0
2021-06-15,Rajkot,Rice,KG,actual,36.0
2021-07-15,Rajkot,Rice,KG,actual,35.0
2021-08-15,Rajkot,Rice,KG,actual,34.42
2021-09-15,Rajkot,Rice,KG,actual,35.63
2021-10-15,Rajkot,Rice,KG,actual,39.1
2021-11-15,Rajkot,Rice,KG,actual,35.8
2021-12-15,Rajkot,Rice,KG,actual,35.19
2022-01-15,Rajkot,Rice,KG,actual,35.0
2022-02-15,Rajkot,Rice,KG,actual,36.79
2022-03-15,Rajkot,Rice,KG,actual,36.0
2022-04-15,Rajkot,Rice,KG,actual,36.0
2022-05-15,Rajkot,Rice,KG,actual,36.0
2022-06-15,Rajkot,Rice,KG,actual,36.0
2022-07-15,Rajkot,Rice,KG,actual,36.0
2022-08-15,Rajkot,Rice,KG,actual,37.59
2022-09-15,Rajkot,Rice,KG,actual,38.31
2022-10-15,Rajkot,Rice,KG,actual,38.15
2022-11-15,Rajkot,Rice,KG,actual,38.0
2022-12-15,Rajkot,Rice,KG,actual,38.62
2023-01-15,Rajkot,Rice,KG,actual,38.56
2023-02-15,Rajkot,Rice,KG,actual,38.0
2023-03-15,Rajkot,Rice,KG,actual,38.0
2023-04-15,Rajkot,Rice,KG,actual,38.48
2023-05-15,Rajkot,Rice,KG,actual,39.27
2023-06-15,Rajkot,Rice,KG,actual,38.22
2023-07-15,Rajkot,Rice,KG,actual,41.0
2012-04-15,Rajkot,Salt (iodised),KG,actual,12.0
2012-07-15,Rajkot,Salt (iodised),KG,actual,14.0
2012-08-15,Rajkot,Salt (iodised),KG,actual,14.0
2012-09-15,Rajkot,Salt (iodised),KG,actual,14.0
2012-10-15,Rajkot,Salt (iodised),KG,actual,14.0
2012-11-15,Rajkot,Salt (iodised),KG,actual,14.0
2012-12-15,Rajkot,Salt (iodised),KG,actual,14.0
2013-01-15,Rajkot,Salt (iodised),KG,actual,14.0
2013-02-15,Rajkot,Salt (iodised),KG,actual,14.0
2013-03-15,Rajkot,Salt (iodised),KG,actual,14.0
2013-04-15,Rajkot,Salt (iodised),KG,actual,14.0
2013-05-15,Rajkot,Salt (iodised),KG,actual,14.0
2013-06-15,Rajkot,Salt (iodised),KG,actual,14.0
2013-07-15,Rajkot,Salt (iodised),KG,actual,14.0
2013-08-15,Rajkot,Salt (iodised),KG,actual,14.0
2013-09-15,Rajkot,Salt (iodised),KG,actual,14.9
2013-10-15,Rajkot,Salt (iodised),KG,actual,15.0
2013-11-15,Rajkot,Salt (iodised),KG,actual,15.0
2013-12-15,Rajkot,Salt (iodised),KG,actual,15.0
2014-01-15,Rajkot,Salt (iodised),KG,actual,15.0
2014-02-15,Rajkot,Salt (iodised),KG,actual,15.0
2014-03-15,Rajkot,Salt (iodised),KG,actual,15.0
2014-04-15,Rajkot,Salt (iodised),KG,actual,15.0
2014-05-15,Rajkot,Salt (iodised),KG,actual,15.0
2014-06-15,Rajkot,Salt (iodised),KG,actual,15.0
2014-07-15,Rajkot,Salt (iodised),KG,actual,15.0
2014-08-15,Rajkot,Salt (iodised),KG,actual,15.0
2014-09-15,Rajkot,Salt (iodised),KG,actual,15.0
2014-10-15,Rajkot,Salt (iodised),KG,actual,15.0
2014-11-15,Rajkot,Salt (iodised),KG,actual,15.0
2014-12-15,Rajkot,Salt (iodised),KG,actual,15.0
2015-01-15,Rajkot,Salt (iodised),KG,actual,15.0
2015-02-15,Rajkot,Salt (iodised),KG,actual,15.0
2015-03-15,Rajkot,Salt (iodised),KG,actual,15.0
2015-04-15,Rajkot,Salt (iodised),KG,actual,18.0
2015-05-15,Rajkot,Salt (iodised),KG,actual,18.0
2015-06-15,Rajkot,Salt (iodised),KG,actual,18.0
2015-07-15,Rajkot,Salt (iodised),KG,actual,18.0
2015-08-15,Rajkot,Salt (iodised),KG,actual,18.0
2015-09-15,Rajkot,Salt (iodised),KG,actual,18.65
2015-10-15,Rajkot,Salt (iodised),KG,actual,19.0
2015-11-15,Rajkot,Salt (iodised),KG,actual,19.0
2015-12-15,Rajkot,Salt (iodised),KG,actual,19.0
2016-01-15,Rajkot,Salt (iodised),KG,actual,19.0
2016-02-15,Rajkot,Salt (iodised),KG,actual,19.0
2016-03-15,Rajkot,Salt (iodised),KG,actual,19.0
2016-04-15,Rajkot,Salt (iodised),KG,actual,19.0
2016-05-15,Rajkot,Salt (iodised),KG,actual,19.0
2016-06-15,Rajkot,Salt (iodised),KG,actual,19.0
2016-07-15,Rajkot,Salt (iodised),KG,actual,19.0
2016-08-15,Rajkot,Salt (iodised),KG,actual,19.0
2016-09-15,Rajkot,Salt (iodised),KG,actual,18.47
2016-10-15,Rajkot,Salt (iodised),KG,actual,17.0
2016-11-15,Rajkot,Salt (iodised),KG,actual,17.0
2016-12-15,Rajkot,Salt (iodised),KG,actual,17.0
2017-01-15,Rajkot,Salt (iodised),KG,actual,17.0
2017-02-15,Rajkot,Salt (iodised),KG,actual,17.0
2017-03-15,Rajkot,Salt (iodised),KG,actual,17.0
2017-04-15,Rajkot,Salt (iodised),KG,actual,17.0
2017-05-15,Rajkot,Salt (iodised),KG,actual,17.0
2017-06-15,Rajkot,Salt (iodised),KG,actual,17.0
2017-07-15,Rajkot,Salt (iodised),KG,actual,17.0
2017-08-15,Rajkot,Salt (iodised),KG,actual,17.0
2017-09-15,Rajkot,Salt (iodised),KG,actual,17.0
2017-10-15,Rajkot,Salt (iodised),KG,actual,17.0
2017-12-15,Rajkot,Salt (iodised),KG,actual,17.0
2018-01-15,Rajkot,Salt (iodised),KG,actual,17.0
2018-02-15,Rajkot,Salt (iodised),KG,actual,17.0
2018-03-15,Rajkot,Salt (iodised),KG,actual,17.0
2018-04-15,Rajkot,Salt (iodised),KG,actual,17.0
2018-05-15,Rajkot,Salt (iodised),KG,actual,17.0
2018-06-15,Rajkot,Salt (iodised),KG,actual,15.33
2018-07-15,Rajkot,Salt (iodised),KG,actual,15.93
2018-08-15,Rajkot,Salt (iodised),KG,actual,17.0
2018-09-15,Rajkot,Salt (iodised),KG,actual,17.0
2018-10-15,Rajkot,Salt (iodised),KG,actual,17.0
2018-11-15,Rajkot,Salt (iodised),KG,actual,17.0
2019-01-15,Rajkot,Salt (iodised),KG,actual,17.0
2019-07-15,Rajkot,Salt (iodised),KG,actual,17.0
2019-08-15,Rajkot,Salt (iodised),KG,actual,17.0
2019-09-15,Rajkot,Salt (iodised),KG,actual,17.0
2019-10-15,Rajkot,Salt (iodised),KG,actual,17.0
2019-11-15,Rajkot,Salt (iodised),KG,actual,17.0
2019-12-15,Rajkot,Salt (iodised),KG,actual,17.0
2020-01-15,Rajkot,Salt (iodised),KG,actual,17.0
2020-02-15,Rajkot,Salt (iodised),KG,actual,17.0
2020-03-15,Rajkot,Salt (iodised),KG,actual,17.0
2020-04-15,Rajkot,Salt (iodised),KG,actual,18.3
2020-05-15,Rajkot,Salt (iodised),KG,actual,18.0
2020-06-15,Rajkot,Salt (iodised),KG,actual,16.6
2020-07-15,Rajkot,Salt (iodised),KG,actual,13.77
2020-08-15,Rajkot,Salt (iodised),KG,actual,13.0
2020-09-15,Rajkot,Salt (iodised),KG,actual,13.0
2020-10-15,Rajkot,Salt (iodised),KG,actual,13.0
2020-11-15,Rajkot,Salt (iodised),KG,actual,13.0
2020-12-15,Rajkot,Salt (iodised),KG,actual,13.0
2021-01-15,Rajkot,Salt (iodised),KG,actual,13.19
2021-02-15,Rajkot,Salt (iodised),KG,actual,13.0
2021-03-15,Rajkot,Salt (iodised),KG,actual,13.0
2021-04-15,Rajkot,Salt (iodised),KG,actual,13.0
2021-05-15,Rajkot,Salt (iodised),KG,actual,13.0
2021-06-15,Rajkot,Salt (iodised),KG,actual,13.0
2021-07-15,Rajkot,Salt (iodised),KG,actual,13.0
2021-08-15,Rajkot,Salt (iodised),KG,actual,13.9
2021-09-15,Rajkot,Salt (iodised),KG,actual,15.0
2021-10-15,Rajkot,Salt (iodised),KG,actual,15.0
2021-11-15,Rajkot,Salt (iodised),KG,actual,15.0
2021-12-15,Rajkot,Salt (iodised),KG,actual,15.0
2022-01-15,Rajkot,Salt (iodised),KG,actual,15.0
2022-02-15,Rajkot,Salt (iodised),KG,actual,15.0
2022-03-15,Rajkot,Salt (iodised),KG,actual,15.03
2022-04-15,Rajkot,Salt (iodised),KG,actual,16.75
2022-05-15,Rajkot,Salt (iodised),KG,actual,17.1
2022-06-15,Rajkot,Salt (iodised),KG,actual,17.0
2022-07-15,Rajkot,Salt (iodised),KG,actual,17.0
2022-08-15,Rajkot,Salt (iodised),KG,actual,17.1
2022-09-15,Rajkot,Salt (iodised),KG,actual,17.0
2022-10-15,Rajkot,Salt (iodised),KG,actual,17.0
2022-11-15,Rajkot,Salt (iodised),KG,actual,17.0
2022-12-15,Rajkot,Salt (iodised),KG,actual,17.0
2023-01-15,Rajkot,Salt (iodised),KG,actual,17.0
2023-02-15,Rajkot,Salt (iodised),KG,actual,17.0
2023-03-15,Rajkot,Salt (iodised),KG,actual,17.0
2023-04-15,Rajkot,Salt (iodised),KG,actual,17.17
2023-05-15,Rajkot,Salt (iodised),KG,actual,17.1
2023-06-15,Rajkot,Salt (iodised),KG,actual,17.0
2023-07-15,Rajkot,Salt (iodised),KG,actual,17.0
2010-04-15,Rajkot,Sugar,KG,actual,30.0
2010-05-15,Rajkot,Sugar,KG,actual,30.0
2010-06-15,Rajkot,Sugar,KG,actual,30.0
2010-07-15,Rajkot,Sugar,KG,actual,29.0
2010-08-15,Rajkot,Sugar,KG,actual,28.0
2010-09-15,Rajkot,Sugar,KG,actual,29.0
2010-10-15,Rajkot,Sugar,KG,actual,29.0
2010-11-15,Rajkot,Sugar,KG,actual,33.0
2010-12-15,Rajkot,Sugar,KG,actual,32.0
2011-01-15,Rajkot,Sugar,KG,actual,30.0
2011-02-15,Rajkot,Sugar,KG,actual,30.0
2011-03-15,Rajkot,Sugar,KG,actual,30.0
2011-04-15,Rajkot,Sugar,KG,actual,30.56
2011-05-15,Rajkot,Sugar,KG,actual,35.0
2011-06-15,Rajkot,Sugar,KG,actual,35.0
2011-07-15,Rajkot,Sugar,KG,actual,31.19
2011-08-15,Rajkot,Sugar,KG,actual,30.0
2011-09-15,Rajkot,Sugar,KG,actual,31.91
2011-10-15,Rajkot,Sugar,KG,actual,30.0
2011-11-15,Rajkot,Sugar,KG,actual,31.42
2011-12-15,Rajkot,Sugar,KG,actual,34.0
2012-04-15,Rajkot,Sugar,KG,actual,32.0
2012-05-15,Rajkot,Sugar,KG,actual,32.0
2012-06-15,Rajkot,Sugar,KG,actual,32.0
2012-07-15,Rajkot,Sugar,KG,actual,33.5
2012-08-15,Rajkot,Sugar,KG,actual,36.84
2012-09-15,Rajkot,Sugar,KG,actual,36.8
2012-10-15,Rajkot,Sugar,KG,actual,37.16
2012-11-15,Rajkot,Sugar,KG,actual,37.0
2012-12-15,Rajkot,Sugar,KG,actual,37.0
2013-01-15,Rajkot,Sugar,KG,actual,35.11
2013-02-15,Rajkot,Sugar,KG,actual,35.0
2013-03-15,Rajkot,Sugar,KG,actual,35.0
2013-04-15,Rajkot,Sugar,KG,actual,34.0
2013-05-15,Rajkot,Sugar,KG,actual,34.0
2013-06-15,Rajkot,Sugar,KG,actual,32.93
2013-07-15,Rajkot,Sugar,KG,actual,34.05
2013-08-15,Rajkot,Sugar,KG,actual,34.11
2013-09-15,Rajkot,Sugar,KG,actual,34.0
2013-10-15,Rajkot,Sugar,KG,actual,33.25
2013-11-15,Rajkot,Sugar,KG,actual,32.0
2013-12-15,Rajkot,Sugar,KG,actual,32.0
2014-01-15,Rajkot,Sugar,KG,actual,31.0
2014-02-15,Rajkot,Sugar,KG,actual,31.0
2014-03-15,Rajkot,Sugar,KG,actual,31.27
2014-04-15,Rajkot,Sugar,KG,actual,34.17
2014-05-15,Rajkot,Sugar,KG,actual,34.94
2014-06-15,Rajkot,Sugar,KG,actual,33.5
2014-07-15,Rajkot,Sugar,KG,actual,33.77
2014-08-15,Rajkot,Sugar,KG,actual,33.0
2014-09-15,Rajkot,Sugar,KG,actual,33.0
2014-10-15,Rajkot,Sugar,KG,actual,32.63
2014-11-15,Rajkot,Sugar,KG,actual,30.0
2014-12-15,Rajkot,Sugar,KG,actual,30.0
2015-01-15,Rajkot,Sugar,KG,actual,30.0
2015-02-15,Rajkot,Sugar,KG,actual,32.21
2015-03-15,Rajkot,Sugar,KG,actual,33.1
2015-04-15,Rajkot,Sugar,KG,actual,34.17
2015-05-15,Rajkot,Sugar,KG,actual,29.53
2015-06-15,Rajkot,Sugar,KG,actual,28.68
2015-07-15,Rajkot,Sugar,KG,actual,28.0
2015-08-15,Rajkot,Sugar,KG,actual,28.0
2015-09-15,Rajkot,Sugar,KG,actual,30.0
2015-10-15,Rajkot,Sugar,KG,actual,29.86
2015-11-15,Rajkot,Sugar,KG,actual,31.52
2015-12-15,Rajkot,Sugar,KG,actual,30.1
2016-01-15,Rajkot,Sugar,KG,actual,30.0
2016-02-15,Rajkot,Sugar,KG,actual,31.34
2016-03-15,Rajkot,Sugar,KG,actual,32.07
2016-04-15,Rajkot,Sugar,KG,actual,34.63
2016-05-15,Rajkot,Sugar,KG,actual,37.65
2016-06-15,Rajkot,Sugar,KG,actual,38.53
2016-07-15,Rajkot,Sugar,KG,actual,39.63
2016-08-15,Rajkot,Sugar,KG,actual,40.0
2016-09-15,Rajkot,Sugar,KG,actual,40.0
2016-10-15,Rajkot,Sugar,KG,actual,40.0
2016-11-15,Rajkot,Sugar,KG,actual,40.0
2016-12-15,Rajkot,Sugar,KG,actual,40.0
2017-01-15,Rajkot,Sugar,KG,actual,38.53
2017-02-15,Rajkot,Sugar,KG,actual,40.74
2017-03-15,Rajkot,Sugar,KG,actual,42.48
2017-04-15,Rajkot,Sugar,KG,actual,43.0
2017-05-15,Rajkot,Sugar,KG,actual,43.0
2017-06-15,Rajkot,Sugar,KG,actual,43.0
2017-07-15,Rajkot,Sugar,KG,actual,41.71
2017-08-15,Rajkot,Sugar,KG,actual,41.0
2017-09-15,Rajkot,Sugar,KG,actual,41.0
2017-10-15,Rajkot,Sugar,KG,actual,41.0
2017-12-15,Rajkot,Sugar,KG,actual,41.0
2018-01-15,Rajkot,Sugar,KG,actual,40.9
2018-02-15,Rajkot,Sugar,KG,actual,40.0
2018-03-15,Rajkot,Sugar,KG,actual,39.57
2018-04-15,Rajkot,Sugar,KG,actual,38.0
2018-05-15,Rajkot,Sugar,KG,actual,37.8
2018-06-15,Rajkot,Sugar,KG,actual,36.0
2018-07-15,Rajkot,Sugar,KG,actual,35.11
2018-08-15,Rajkot,Sugar,KG,actual,35.0
2018-09-15,Rajkot,Sugar,KG,actual,35.0
2018-10-15,Rajkot,Sugar,KG,actual,35.0
2018-11-15,Rajkot,Sugar,KG,actual,35.12
2019-01-15,Rajkot,Sugar,KG,actual,36.0
2019-07-15,Rajkot,Sugar,KG,actual,35.0
2019-08-15,Rajkot,Sugar,KG,actual,35.0
2019-09-15,Rajkot,Sugar,KG,actual,35.0
2019-10-15,Rajkot,Sugar,KG,actual,35.0
2019-11-15,Rajkot,Sugar,KG,actual,35.0
2019-12-15,Rajkot,Sugar,KG,actual,35.0
2020-01-15,Rajkot,Sugar,KG,actual,35.79
2020-02-15,Rajkot,Sugar,KG,actual,36.0
2020-03-15,Rajkot,Sugar,KG,actual,36.0
2020-04-15,Rajkot,Sugar,KG,actual,37.4
2020-05-15,Rajkot,Sugar,KG,actual,38.0
2020-06-15,Rajkot,Sugar,KG,actual,38.0
2020-07-15,Rajkot,Sugar,KG,actual,38.0
2020-08-15,Rajkot,Sugar,KG,actual,38.0
2020-09-15,Rajkot,Sugar,KG,actual,38.0
2020-10-15,Rajkot,Sugar,KG,actual,38.0
2020-11-15,Rajkot,Sugar,KG,actual,38.0
2020-12-15,Rajkot,Sugar,KG,actual,38.0
2021-01-15,Rajkot,Sugar,KG,actual,36.96
2021-02-15,Rajkot,Sugar,KG,actual,36.64
2021-03-15,Rajkot,Sugar,KG,actual,36.37
2021-04-15,Rajkot,Sugar,KG,actual,36.0
2021-05-15,Rajkot,Sugar,KG,actual,36.9
2021-06-15,Rajkot,Sugar,KG,actual,37.0
2021-07-15,Rajkot,Sugar,KG,actual,37.68
2021-08-15,Rajkot,Sugar,KG,actual,38.68
2021-09-15,Rajkot,Sugar,KG,actual,39.73
2021-10-15,Rajkot,Sugar,KG,actual,41.45
2021-11-15,Rajkot,Sugar,KG,actual,42.36
2021-12-15,Rajkot,Sugar,KG,actual,39.77
2022-01-15,Rajkot,Sugar,KG,actual,42.0
2022-02-15,Rajkot,Sugar,KG,actual,40.14
2022-03-15,Rajkot,Sugar,KG,actual,39.0
2022-04-15,Rajkot,Sugar,KG,actual,38.96
2022-05-15,Rajkot,Sugar,KG,actual,40.7
2022-06-15,Rajkot,Sugar,KG,actual,40.17
2022-07-15,Rajkot,Sugar,KG,actual,40.13
2022-08-15,Rajkot,Sugar,KG,actual,40.03
2022-09-15,Rajkot,Sugar,KG,actual,40.0
2022-10-15,Rajkot,Sugar,KG,actual,39.63
2022-11-15,Rajkot,Sugar,KG,actual,39.74
2022-12-15,Rajkot,Sugar,KG,actual,40.0
2023-01-15,Rajkot,Sugar,KG,actual,40.0
2023-02-15,Rajkot,Sugar,KG,actual,40.0
2023-03-15,Rajkot,Sugar,KG,actual,40.0
2023-04-15,Rajkot,Sugar,KG,actual,40.08
2023-05-15,Rajkot,Sugar,KG,actual,40.03
2023-06-15,Rajkot,Sugar,KG,actual,41.56
2023-07-15,Rajkot,Sugar,KG,actual,42.0
2015-04-15,Rajkot,Sugar (jaggery/gur),KG,actual,43.33
2015-05-15,Rajkot,Sugar (jaggery/gur),KG,actual,43.42
2015-06-15,Rajkot,Sugar (jaggery/gur),KG,actual,44.36
2015-07-15,Rajkot,Sugar (jaggery/gur),KG,actual,43.0
2015-08-15,Rajkot,Sugar (jaggery/gur),KG,actual,43.0
2015-09-15,Rajkot,Sugar (jaggery/gur),KG,actual,42.35
2015-10-15,Rajkot,Sugar (jaggery/gur),KG,actual,41.71
2015-11-15,Rajkot,Sugar (jaggery/gur),KG,actual,40.0
2015-12-15,Rajkot,Sugar (jaggery/gur),KG,actual,40.0
2016-01-15,Rajkot,Sugar (jaggery/gur),KG,actual,40.0
2016-02-15,Rajkot,Sugar (jaggery/gur),KG,actual,40.0
2016-03-15,Rajkot,Sugar (jaggery/gur),KG,actual,40.11
2016-04-15,Rajkot,Sugar (jaggery/gur),KG,actual,43.0
2016-05-15,Rajkot,Sugar (jaggery/gur),KG,actual,44.61
2016-06-15,Rajkot,Sugar (jaggery/gur),KG,actual,45.87
2016-07-15,Rajkot,Sugar (jaggery/gur),KG,actual,46.0
2016-08-15,Rajkot,Sugar (jaggery/gur),KG,actual,46.0
2016-09-15,Rajkot,Sugar (jaggery/gur),KG,actual,44.53
2016-10-15,Rajkot,Sugar (jaggery/gur),KG,actual,41.03
2016-11-15,Rajkot,Sugar (jaggery/gur),KG,actual,42.0
2016-12-15,Rajkot,Sugar (jaggery/gur),KG,actual,42.0
2017-01-15,Rajkot,Sugar (jaggery/gur),KG,actual,42.0
2017-02-15,Rajkot,Sugar (jaggery/gur),KG,actual,43.48
2017-03-15,Rajkot,Sugar (jaggery/gur),KG,actual,45.0
2017-04-15,Rajkot,Sugar (jaggery/gur),KG,actual,46.8
2017-05-15,Rajkot,Sugar (jaggery/gur),KG,actual,47.65
2017-06-15,Rajkot,Sugar (jaggery/gur),KG,actual,48.0
2017-07-15,Rajkot,Sugar (jaggery/gur),KG,actual,49.94
2017-08-15,Rajkot,Sugar (jaggery/gur),KG,actual,51.0
2017-09-15,Rajkot,Sugar (jaggery/gur),KG,actual,51.0
2017-10-15,Rajkot,Sugar (jaggery/gur),KG,actual,51.0
2017-12-15,Rajkot,Sugar (jaggery/gur),KG,actual,51.0
2018-01-15,Rajkot,Sugar (jaggery/gur),KG,actual,51.0
2018-02-15,Rajkot,Sugar (jaggery/gur),KG,actual,51.0
2018-03-15,Rajkot,Sugar (jaggery/gur),KG,actual,51.0
2018-04-15,Rajkot,Sugar (jaggery/gur),KG,actual,51.0
2018-05-15,Rajkot,Sugar (jaggery/gur),KG,actual,51.0
2018-06-15,Rajkot,Sugar (jaggery/gur),KG,actual,54.9
2018-07-15,Rajkot,Sugar (jaggery/gur),KG,actual,52.64
2018-08-15,Rajkot,Sugar (jaggery/gur),KG,actual,45.48
2018-09-15,Rajkot,Sugar (jaggery/gur),KG,actual,45.0
2018-10-15,Rajkot,Sugar (jaggery/gur),KG,actual,45.0
2018-11-15,Rajkot,Sugar (jaggery/gur),KG,actual,45.0
2019-01-15,Rajkot,Sugar (jaggery/gur),KG,actual,45.0
2019-07-15,Rajkot,Sugar (jaggery/gur),KG,actual,43.39
2019-08-15,Rajkot,Sugar (jaggery/gur),KG,actual,45.0
2019-09-15,Rajkot,Sugar (jaggery/gur),KG,actual,45.0
2019-10-15,Rajkot,Sugar (jaggery/gur),KG,actual,44.25
2019-11-15,Rajkot,Sugar (jaggery/gur),KG,actual,43.0
2019-12-15,Rajkot,Sugar (jaggery/gur),KG,actual,43.0
2020-01-15,Rajkot,Sugar (jaggery/gur),KG,actual,43.0
2020-02-15,Rajkot,Sugar (jaggery/gur),KG,actual,43.0
2020-03-15,Rajkot,Sugar (jaggery/gur),KG,actual,43.0
2020-04-15,Rajkot,Sugar (jaggery/gur),KG,actual,47.9
2020-05-15,Rajkot,Sugar (jaggery/gur),KG,actual,50.0
2020-06-15,Rajkot,Sugar (jaggery/gur),KG,actual,50.0
2020-07-15,Rajkot,Sugar (jaggery/gur),KG,actual,50.0
2020-08-15,Rajkot,Sugar (jaggery/gur),KG,actual,50.0
2020-09-15,Rajkot,Sugar (jaggery/gur),KG,actual,50.0
2020-10-15,Rajkot,Sugar (jaggery/gur),KG,actual,50.0
2020-11-15,Rajkot,Sugar (jaggery/gur),KG,actual,50.0
2020-12-15,Rajkot,Sugar (jaggery/gur),KG,actual,49.07
2021-01-15,Rajkot,Sugar (jaggery/gur),KG,actual,43.19
2021-02-15,Rajkot,Sugar (jaggery/gur),KG,actual,41.72
2021-03-15,Rajkot,Sugar (jaggery/gur),KG,actual,39.73
2021-04-15,Rajkot,Sugar (jaggery/gur),KG,actual,39.0
2021-05-15,Rajkot,Sugar (jaggery/gur),KG,actual,39.0
2021-06-15,Rajkot,Sugar (jaggery/gur),KG,actual,39.0
2021-07-15,Rajkot,Sugar (jaggery/gur),KG,actual,39.0
2021-08-15,Rajkot,Sugar (jaggery/gur),KG,actual,39.97
2021-09-15,Rajkot,Sugar (jaggery/gur),KG,actual,44.17
2021-10-15,Rajkot,Sugar (jaggery/gur),KG,actual,46.0
2021-11-15,Rajkot,Sugar (jaggery/gur),KG,actual,45.84
2021-12-15,Rajkot,Sugar (jaggery/gur),KG,actual,47.0
2022-01-15,Rajkot,Sugar (jaggery/gur),KG,actual,47.27
2022-02-15,Rajkot,Sugar (jaggery/gur),KG,actual,49.0
2022-03-15,Rajkot,Sugar (jaggery/gur),KG,actual,49.0
2022-04-15,Rajkot,Sugar (jaggery/gur),KG,actual,49.89
2022-05-15,Rajkot,Sugar (jaggery/gur),KG,actual,51.13
2022-06-15,Rajkot,Sugar (jaggery/gur),KG,actual,51.0
2022-07-15,Rajkot,Sugar (jaggery/gur),KG,actual,50.93
2022-08-15,Rajkot,Sugar (jaggery/gur),KG,actual,51.07
2022-09-15,Rajkot,Sugar (jaggery/gur),KG,actual,51.0
2022-10-15,Rajkot,Sugar (jaggery/gur),KG,actual,50.89
2022-11-15,Rajkot,Sugar (jaggery/gur),KG,actual,51.0
2022-12-15,Rajkot,Sugar (jaggery/gur),KG,actual,52.85
2023-01-15,Rajkot,Sugar (jaggery/gur),KG,actual,54.0
2023-02-15,Rajkot,Sugar (jaggery/gur),KG,actual,54.0
2023-03-15,Rajkot,Sugar (jaggery/gur),KG,actual,54.0
2023-04-15,Rajkot,Sugar (jaggery/gur),KG,actual,54.0
2023-05-15,Rajkot,Sugar (jaggery/gur),KG,actual,54.07
2023-06-15,Rajkot,Sugar (jaggery/gur),KG,actual,54.0
2023-07-15,Rajkot,Sugar (jaggery/gur),KG,actual,53.93
2013-04-15,Rajkot,Tea (black),KG,actual,260.0
2013-05-15,Rajkot,Tea (black),KG,actual,260.0
2013-06-15,Rajkot,Tea (black),KG,actual,260.0
2013-07-15,Rajkot,Tea (black),KG,actual,260.0
2013-08-15,Rajkot,Tea (black),KG,actual,260.0
2013-09-15,Rajkot,Tea (black),KG,actual,260.0
2013-10-15,Rajkot,Tea (black),KG,actual,260.0
2013-11-15,Rajkot,Tea (black),KG,actual,260.0
2013-12-15,Rajkot,Tea (black),KG,actual,260.0
2014-01-15,Rajkot,Tea (black),KG,actual,260.0
2014-02-15,Rajkot,Tea (black),KG,actual,260.0
2014-03-15,Rajkot,Tea (black),KG,actual,260.0
2014-04-15,Rajkot,Tea (black),KG,actual,260.0
2014-05-15,Rajkot,Tea (black),KG,actual,260.0
2014-06-15,Rajkot,Tea (black),KG,actual,260.0
2014-07-15,Rajkot,Tea (black),KG,actual,260.0
2014-08-15,Rajkot,Tea (black),KG,actual,260.0
2014-09-15,Rajkot,Tea (black),KG,actual,260.0
2014-10-15,Rajkot,Tea (black),KG,actual,260.0
2014-11-15,Rajkot,Tea (black),KG,actual,260.0
2014-12-15,Rajkot,Tea (black),KG,actual,260.0
2015-01-15,Rajkot,Tea (black),KG,actual,260.0
2015-02-15,Rajkot,Tea (black),KG,actual,260.0
2015-03-15,Rajkot,Tea (black),KG,actual,260.0
2015-04-15,Rajkot,Tea (black),KG,actual,280.0
2015-05-15,Rajkot,Tea (black),KG,actual,280.0
2015-06-15,Rajkot,Tea (black),KG,actual,280.0
2015-07-15,Rajkot,Tea (black),KG,actual,280.0
2015-08-15,Rajkot,Tea (black),KG,actual,280.0
2015-09-15,Rajkot,Tea (black),KG,actual,280.0
2015-10-15,Rajkot,Tea (black),KG,actual,280.0
2015-11-15,Rajkot,Tea (black),KG,actual,280.0
2015-12-15,Rajkot,Tea (black),KG,actual,280.0
2016-01-15,Rajkot,Tea (black),KG,actual,280.0
2016-02-15,Rajkot,Tea (black),KG,actual,266.24
2016-03-15,Rajkot,Tea (black),KG,actual,223.0
2016-04-15,Rajkot,Tea (black),KG,actual,223.0
2016-05-15,Rajkot,Tea (black),KG,actual,223.0
2016-06-15,Rajkot,Tea (black),KG,actual,223.0
2016-07-15,Rajkot,Tea (black),KG,actual,223.0
2016-08-15,Rajkot,Tea (black),KG,actual,223.0
2016-09-15,Rajkot,Tea (black),KG,actual,222.8
2016-10-15,Rajkot,Tea (black),KG,actual,220.0
2016-11-15,Rajkot,Tea (black),KG,actual,220.0
2016-12-15,Rajkot,Tea (black),KG,actual,220.0
2017-01-15,Rajkot,Tea (black),KG,actual,220.0
2017-02-15,Rajkot,Tea (black),KG,actual,220.0
2017-03-15,Rajkot,Tea (black),KG,actual,220.0
2017-04-15,Rajkot,Tea (black),KG,actual,220.0
2017-05-15,Rajkot,Tea (black),KG,actual,220.0
2017-06-15,Rajkot,Tea (black),KG,actual,220.0
2017-07-15,Rajkot,Tea (black),KG,actual,220.0
2017-08-15,Rajkot,Tea (black),KG,actual,220.0
2017-09-15,Rajkot,Tea (black),KG,actual,220.0
2017-10-15,Rajkot,Tea (black),KG,actual,220.0
2017-12-15,Rajkot,Tea (black),KG,actual,220.0
2018-01-15,Rajkot,Tea (black),KG,actual,220.0
2018-02-15,Rajkot,Tea (black),KG,actual,220.0
2018-03-15,Rajkot,Tea (black),KG,actual,220.0
2018-04-15,Rajkot,Tea (black),KG,actual,220.0
2018-05-15,Rajkot,Tea (black),KG,actual,220.0
2018-06-15,Rajkot,Tea (black),KG,actual,220.0
2018-07-15,Rajkot,Tea (black),KG,actual,197.14
2018-08-15,Rajkot,Tea (black),KG,actual,200.0
2018-09-15,Rajkot,Tea (black),KG,actual,200.0
2018-10-15,Rajkot,Tea (black),KG,actual,200.0
2018-11-15,Rajkot,Tea (black),KG,actual,200.0
2019-01-15,Rajkot,Tea (black),KG,actual,200.0
2019-07-15,Rajkot,Tea (black),KG,actual,200.0
2019-08-15,Rajkot,Tea (black),KG,actual,200.0
2019-09-15,Rajkot,Tea (black),KG,actual,200.0
2019-10-15,Rajkot,Tea (black),KG,actual,200.0
2019-11-15,Rajkot,Tea (black),KG,actual,200.0
2019-12-15,Rajkot,Tea (black),KG,actual,200.0
2020-01-15,Rajkot,Tea (black),KG,actual,200.0
2020-02-15,Rajkot,Tea (black),KG,actual,200.0
2020-03-15,Rajkot,Tea (black),KG,actual,200.0
2020-04-15,Rajkot,Tea (black),KG,actual,200.0
2020-05-15,Rajkot,Tea (black),KG,actual,200.0
2020-06-15,Rajkot,Tea (black),KG,actual,200.0
2020-07-15,Rajkot,Tea (black),KG,actual,200.0
2020-08-15,Rajkot,Tea (black),KG,actual,200.0
2020-09-15,Rajkot,Tea (black),KG,actual,200.0
2020-10-15,Rajkot,Tea (black),KG,actual,205.48
2020-11-15,Rajkot,Tea (black),KG,actual,210.0
2020-12-15,Rajkot,Tea (black),KG,actual,211.43
2021-01-15,Rajkot,Tea (black),KG,actual,270.58
2021-02-15,Rajkot,Tea (black),KG,actual,265.0
2021-03-15,Rajkot,Tea (black),KG,actual,257.67
2021-04-15,Rajkot,Tea (black),KG,actual,253.0
2021-05-15,Rajkot,Tea (black),KG,actual,253.0
2021-06-15,Rajkot,Tea (black),KG,actual,253.0
2021-07-15,Rajkot,Tea (black),KG,actual,253.0
2021-08-15,Rajkot,Tea (black),KG,actual,253.0
2021-09-15,Rajkot,Tea (black),KG,actual,253.0
2021-10-15,Rajkot,Tea (black),KG,actual,253.0
2021-11-15,Rajkot,Tea (black),KG,actual,253.0
2021-12-15,Rajkot,Tea (black),KG,actual,253.0
2022-01-15,Rajkot,Tea (black),KG,actual,253.0
2022-02-15,Rajkot,Tea (black),KG,actual,277.29
2022-03-15,Rajkot,Tea (black),KG,actual,299.67
2022-04-15,Rajkot,Tea (black),KG,actual,303.0
2022-05-15,Rajkot,Tea (black),KG,actual,307.8
2022-06-15,Rajkot,Tea (black),KG,actual,307.21
2022-07-15,Rajkot,Tea (black),KG,actual,307.0
2022-08-15,Rajkot,Tea (black),KG,actual,308.14
2022-09-15,Rajkot,Tea (black),KG,actual,301.08
2022-10-15,Rajkot,Tea (black),KG,actual,298.42
2022-11-15,Rajkot,Tea (black),KG,actual,300.0
2022-12-15,Rajkot,Tea (black),KG,actual,300.0
2023-01-15,Rajkot,Tea (black),KG,actual,300.0
2023-02-15,Rajkot,Tea (black),KG,actual,300.0
2023-03-15,Rajkot,Tea (black),KG,actual,300.0
2023-04-15,Rajkot,Tea (black),KG,actual,301.3
2023-05-15,Rajkot,Tea (black),KG,actual,301.0
2023-06-15,Rajkot,Tea (black),KG,actual,300.0
2023-07-15,Rajkot,Tea (black),KG,actual,298.93
2012-04-15,Rajkot,Tomatoes,KG,actual,19.35
2012-07-15,Rajkot,Tomatoes,KG,actual,23.27
2012-08-15,Rajkot,Tomatoes,KG,actual,18.0
2012-09-15,Rajkot,Tomatoes,KG,actual,12.7
2012-10-15,Rajkot,Tomatoes,KG,actual,9.95
2012-11-15,Rajkot,Tomatoes,KG,actual,10.0
2012-12-15,Rajkot,Tomatoes,KG,actual,6.77
2013-01-15,Rajkot,Tomatoes,KG,actual,5.68
2013-02-15,Rajkot,Tomatoes,KG,actual,9.6
2013-03-15,Rajkot,Tomatoes,KG,actual,13.28
2013-04-15,Rajkot,Tomatoes,KG,actual,9.82
2013-05-15,Rajkot,Tomatoes,KG,actual,16.81
2013-06-15,Rajkot,Tomatoes,KG,actual,26.64
2013-07-15,Rajkot,Tomatoes,KG,actual,31.64
2013-08-15,Rajkot,Tomatoes,KG,actual,19.72
2013-09-15,Rajkot,Tomatoes,KG,actual,18.8
2013-10-15,Rajkot,Tomatoes,KG,actual,19.95
2013-11-15,Rajkot,Tomatoes,KG,actual,41.81
2013-12-15,Rajkot,Tomatoes,KG,actual,23.14
2014-01-15,Rajkot,Tomatoes,KG,actual,10.71
2014-02-15,Rajkot,Tomatoes,KG,actual,10.0
2014-03-15,Rajkot,Tomatoes,KG,actual,10.93
2014-04-15,Rajkot,Tomatoes,KG,actual,10.64
2014-05-15,Rajkot,Tomatoes,KG,actual,15.41
2014-06-15,Rajkot,Tomatoes,KG,actual,18.71
2014-07-15,Rajkot,Tomatoes,KG,actual,39.59
2014-08-15,Rajkot,Tomatoes,KG,actual,47.8
2014-09-15,Rajkot,Tomatoes,KG,actual,36.18
2014-10-15,Rajkot,Tomatoes,KG,actual,36.31
2014-11-15,Rajkot,Tomatoes,KG,actual,18.0
2014-12-15,Rajkot,Tomatoes,KG,actual,20.5
2015-01-15,Rajkot,Tomatoes,KG,actual,28.47
2015-02-15,Rajkot,Tomatoes,KG,actual,22.95
2015-03-15,Rajkot,Tomatoes,KG,actual,19.1
2015-04-15,Rajkot,Tomatoes,KG,actual,16.5
2015-05-15,Rajkot,Tomatoes,KG,actual,20.32
2015-06-15,Rajkot,Tomatoes,KG,actual,22.0
2015-07-15,Rajkot,Tomatoes,KG,actual,26.5
2015-08-15,Rajkot,Tomatoes,KG,actual,22.0
2015-09-15,Rajkot,Tomatoes,KG,actual,24.05
2015-10-15,Rajkot,Tomatoes,KG,actual,23.14
2015-11-15,Rajkot,Tomatoes,KG,actual,29.24
2015-12-15,Rajkot,Tomatoes,KG,actual,19.76
2016-01-15,Rajkot,Tomatoes,KG,actual,13.52
2016-02-15,Rajkot,Tomatoes,KG,actual,15.07
2016-03-15,Rajkot,Tomatoes,KG,actual,13.48
2016-04-15,Rajkot,Tomatoes,KG,actual,13.53
2016-05-15,Rajkot,Tomatoes,KG,actual,22.03
2016-06-15,Rajkot,Tomatoes,KG,actual,49.23
2016-07-15,Rajkot,Tomatoes,KG,actual,60.0
2016-08-15,Rajkot,Tomatoes,KG,actual,58.59
2016-09-15,Rajkot,Tomatoes,KG,actual,47.0
2016-10-15,Rajkot,Tomatoes,KG,actual,27.45
2016-11-15,Rajkot,Tomatoes,KG,actual,22.08
2016-12-15,Rajkot,Tomatoes,KG,actual,17.1
2017-01-15,Rajkot,Tomatoes,KG,actual,15.0
2017-02-15,Rajkot,Tomatoes,KG,actual,15.0
2017-03-15,Rajkot,Tomatoes,KG,actual,15.9
2017-04-15,Rajkot,Tomatoes,KG,actual,16.4
2017-05-15,Rajkot,Tomatoes,KG,actual,17.68
2017-06-15,Rajkot,Tomatoes,KG,actual,16.24
2017-07-15,Rajkot,Tomatoes,KG,actual,76.29
2017-08-15,Rajkot,Tomatoes,KG,actual,65.39
2017-09-15,Rajkot,Tomatoes,KG,actual,48.39
2017-10-15,Rajkot,Tomatoes,KG,actual,43.29
2017-12-15,Rajkot,Tomatoes,KG,actual,45.0
2018-01-15,Rajkot,Tomatoes,KG,actual,30.5
2018-02-15,Rajkot,Tomatoes,KG,actual,30.0
2018-03-15,Rajkot,Tomatoes,KG,actual,30.0
2018-04-15,Rajkot,Tomatoes,KG,actual,30.07
2018-05-15,Rajkot,Tomatoes,KG,actual,30.0
2018-06-15,Rajkot,Tomatoes,KG,actual,29.13
2018-07-15,Rajkot,Tomatoes,KG,actual,28.64
2018-08-15,Rajkot,Tomatoes,KG,actual,27.97
2018-09-15,Rajkot,Tomatoes,KG,actual,25.0
2018-10-15,Rajkot,Tomatoes,KG,actual,25.0
2018-11-15,Rajkot,Tomatoes,KG,actual,25.0
2019-01-15,Rajkot,Tomatoes,KG,actual,25.0
2019-07-15,Rajkot,Tomatoes,KG,actual,25.0
2019-08-15,Rajkot,Tomatoes,KG,actual,25.0
2019-09-15,Rajkot,Tomatoes,KG,actual,25.0
2019-10-15,Rajkot,Tomatoes,KG,actual,25.0
2019-11-15,Rajkot,Tomatoes,KG,actual,25.0
2019-12-15,Rajkot,Tomatoes,KG,actual,25.0
2020-01-15,Rajkot,Tomatoes,KG,actual,25.0
2020-02-15,Rajkot,Tomatoes,KG,actual,20.85
2020-03-15,Rajkot,Tomatoes,KG,actual,12.45
2020-04-15,Rajkot,Tomatoes,KG,actual,14.0
2020-05-15,Rajkot,Tomatoes,KG,actual,14.0
2020-06-15,Rajkot,Tomatoes,KG,actual,19.4
2020-07-15,Rajkot,Tomatoes,KG,actual,35.48
2020-08-15,Rajkot,Tomatoes,KG,actual,40.0
2020-09-15,Rajkot,Tomatoes,KG,actual,40.0
2020-10-15,Rajkot,Tomatoes,KG,actual,40.0
2020-11-15,Rajkot,Tomatoes,KG,actual,40.0
2020-12-15,Rajkot,Tomatoes,KG,actual,35.71
2021-01-15,Rajkot,Tomatoes,KG,actual,21.19
2021-02-15,Rajkot,Tomatoes,KG,actual,23.16
2021-03-15,Rajkot,Tomatoes,KG,actual,17.14
2021-04-15,Rajkot,Tomatoes,KG,actual,19.59
2021-05-15,Rajkot,Tomatoes,KG,actual,19.27
2021-06-15,Rajkot,Tomatoes,KG,actual,18.53
2021-07-15,Rajkot,Tomatoes,KG,actual,17.13
2021-08-15,Rajkot,Tomatoes,KG,actual,18.74
2021-09-15,Rajkot,Tomatoes,KG,actual,18.93
2021-10-15,Rajkot,Tomatoes,KG,actual,33.48
2021-11-15,Rajkot,Tomatoes,KG,actual,35.6
2021-12-15,Rajkot,Tomatoes,KG,actual,36.39
2022-01-15,Rajkot,Tomatoes,KG,actual,28.27
2022-02-15,Rajkot,Tomatoes,KG,actual,30.82
2022-03-15,Rajkot,Tomatoes,KG,actual,22.97
2022-04-15,Rajkot,Tomatoes,KG,actual,23.75
2022-05-15,Rajkot,Tomatoes,KG,actual,39.27
2022-06-15,Rajkot,Tomatoes,KG,actual,50.31
2022-07-15,Rajkot,Tomatoes,KG,actual,45.93
2022-08-15,Rajkot,Tomatoes,KG,actual,36.21
2022-09-15,Rajkot,Tomatoes,KG,actual,31.31
2022-10-15,Rajkot,Tomatoes,KG,actual,35.4
2022-11-15,Rajkot,Tomatoes,KG,actual,42.11
2022-12-15,Rajkot,Tomatoes,KG,actual,33.69
2023-01-15,Rajkot,Tomatoes,KG,actual,34.65
2023-02-15,Rajkot,Tomatoes,KG,actual,32.5
2023-03-15,Rajkot,Tomatoes,KG,actual,33.06
2023-04-15,Rajkot,Tomatoes,KG,actual,29.38
2023-05-15,Rajkot,Tomatoes,KG,actual,26.0
2023-06-15,Rajkot,Tomatoes,KG,actual,38.93
2023-07-15,Rajkot,Tomatoes,KG,actual,133.29
2011-01-15,Rajkot,Wheat,KG,actual,18.0
2011-02-15,Rajkot,Wheat,KG,actual,17.0
2011-03-15,Rajkot,Wheat,KG,actual,17.0
2011-04-15,Rajkot,Wheat,KG,actual,13.0
2011-05-15,Rajkot,Wheat,KG,actual,13.0
2011-06-15,Rajkot,Wheat,KG,actual,13.0
2011-07-15,Rajkot,Wheat,KG,actual,13.0
2011-08-15,Rajkot,Wheat,KG,actual,13.0
2011-09-15,Rajkot,Wheat,KG,actual,13.41
2011-10-15,Rajkot,Wheat,KG,actual,13.0
2011-11-15,Rajkot,Wheat,KG,actual,13.37
2011-12-15,Rajkot,Wheat,KG,actual,14.0
2012-01-15,Rajkot,Wheat,KG,actual,14.38
2012-02-15,Rajkot,Wheat,KG,actual,14.0
2012-03-15,Rajkot,Wheat,KG,actual,14.0
2012-04-15,Rajkot,Wheat,KG,actual,14.0
2012-05-15,Rajkot,Wheat,KG,actual,15.83
2012-06-15,Rajkot,Wheat,KG,actual,16.0
2012-07-15,Rajkot,Wheat,KG,actual,16.68
2012-08-15,Rajkot,Wheat,KG,actual,19.42
2012-09-15,Rajkot,Wheat,KG,actual,19.2
2012-10-15,Rajkot,Wheat,KG,actual,18.84
2012-11-15,Rajkot,Wheat,KG,actual,18.19
2012-12-15,Rajkot,Wheat,KG,actual,19.0
2013-01-15,Rajkot,Wheat,KG,actual,19.0
2013-02-15,Rajkot,Wheat,KG,actual,19.85
2013-03-15,Rajkot,Wheat,KG,actual,19.67
2013-04-15,Rajkot,Wheat,KG,actual,18.0
2013-05-15,Rajkot,Wheat,KG,actual,18.0
2013-06-15,Rajkot,Wheat,KG,actual,19.07
2013-07-15,Rajkot,Wheat,KG,actual,19.82
2013-08-15,Rajkot,Wheat,KG,actual,18.44
2013-09-15,Rajkot,Wheat,KG,actual,18.45
2013-10-15,Rajkot,Wheat,KG,actual,18.0
2013-11-15,Rajkot,Wheat,KG,actual,18.25
2013-12-15,Rajkot,Wheat,KG,actual,20.0
2014-01-15,Rajkot,Wheat,KG,actual,22.0
2014-02-15,Rajkot,Wheat,KG,actual,22.0
2014-03-15,Rajkot,Wheat,KG,actual,21.27
2014-04-15,Rajkot,Wheat,KG,actual,17.92
2014-05-15,Rajkot,Wheat,KG,actual,18.59
2014-06-15,Rajkot,Wheat,KG,actual,19.0
2014-07-15,Rajkot,Wheat,KG,actual,20.0
2014-08-15,Rajkot,Wheat,KG,actual,20.0
2014-09-15,Rajkot,Wheat,KG,actual,20.0
2014-10-15,Rajkot,Wheat,KG,actual,20.25
2014-11-15,Rajkot,Wheat,KG,actual,21.12
2014-12-15,Rajkot,Wheat,KG,actual,19.0
2015-01-15,Rajkot,Wheat,KG,actual,20.47
2015-02-15,Rajkot,Wheat,KG,actual,21.0
2015-03-15,Rajkot,Wheat,KG,actual,19.95
2015-04-15,Rajkot,Wheat,KG,actual,19.0
2015-05-15,Rajkot,Wheat,KG,actual,18.26
2015-06-15,Rajkot,Wheat,KG,actual,18.23
2015-07-15,Rajkot,Wheat,KG,actual,18.95
2015-08-15,Rajkot,Wheat,KG,actual,19.0
2015-09-15,Rajkot,Wheat,KG,actual,18.35
2015-10-15,Rajkot,Wheat,KG,actual,18.95
2015-11-15,Rajkot,Wheat,KG,actual,19.52
2015-12-15,Rajkot,Wheat,KG,actual,21.57
2016-01-15,Rajkot,Wheat,KG,actual,20.0
2016-02-15,Rajkot,Wheat,KG,actual,21.45
2016-03-15,Rajkot,Wheat,KG,actual,21.0
2016-04-15,Rajkot,Wheat,KG,actual,21.0
2016-05-15,Rajkot,Wheat,KG,actual,20.84
2016-06-15,Rajkot,Wheat,KG,actual,21.53
2016-07-15,Rajkot,Wheat,KG,actual,23.0
2016-08-15,Rajkot,Wheat,KG,actual,23.0
2016-09-15,Rajkot,Wheat,KG,actual,22.73
2016-10-15,Rajkot,Wheat,KG,actual,22.0
2016-11-15,Rajkot,Wheat,KG,actual,23.25
2016-12-15,Rajkot,Wheat,KG,actual,25.48
2017-01-15,Rajkot,Wheat,KG,actual,24.27
2017-02-15,Rajkot,Wheat,KG,actual,24.0
2017-03-15,Rajkot,Wheat,KG,actual,23.03
2017-04-15,Rajkot,Wheat,KG,actual,22.0
2017-05-15,Rajkot,Wheat,KG,actual,22.0
2017-06-15,Rajkot,Wheat,KG,actual,22.0
2017-07-15,Rajkot,Wheat,KG,actual,22.0
2017-08-15,Rajkot,Wheat,KG,actual,22.0
2017-09-15,Rajkot,Wheat,KG,actual,21.54
2017-10-15,Rajkot,Wheat,KG,actual,21.0
2017-12-15,Rajkot,Wheat,KG,actual,21.0
2018-01-15,Rajkot,Wheat,KG,actual,21.0
2018-02-15,Rajkot,Wheat,KG,actual,21.0
2018-03-15,Rajkot,Wheat,KG,actual,21.0
2018-04-15,Rajkot,Wheat,KG,actual,21.0
2018-05-15,Rajkot,Wheat,KG,actual,19.54
2018-06-15,Rajkot,Wheat,KG,actual,20.0
2018-07-15,Rajkot,Wheat,KG,actual,20.0
2018-08-15,Rajkot,Wheat,KG,actual,20.0
2018-09-15,Rajkot,Wheat,KG,actual,20.0
2018-10-15,Rajkot,Wheat,KG,actual,20.0
2018-11-15,Rajkot,Wheat,KG,actual,20.12
2019-01-15,Rajkot,Wheat,KG,actual,21.0
2019-06-15,Rajkot,Wheat,KG,actual,21.0
2019-07-15,Rajkot,Wheat,KG,actual,21.0
2019-08-15,Rajkot,Wheat,KG,actual,21.0
2019-09-15,Rajkot,Wheat,KG,actual,21.0
2019-10-15,Rajkot,Wheat,KG,actual,21.0
2019-11-15,Rajkot,Wheat,KG,actual,21.0
2019-12-15,Rajkot,Wheat,KG,actual,21.0
2020-01-15,Rajkot,Wheat,KG,actual,21.0
2020-02-15,Rajkot,Wheat,KG,actual,21.89
2020-03-15,Rajkot,Wheat,KG,actual,24.0
2020-04-15,Rajkot,Wheat,KG,actual,22.6
2020-05-15,Rajkot,Wheat,KG,actual,22.0
2020-06-15,Rajkot,Wheat,KG,actual,22.0
2020-07-15,Rajkot,Wheat,KG,actual,22.0
2020-08-15,Rajkot,Wheat,KG,actual,22.0
2020-09-15,Rajkot,Wheat,KG,actual,22.0
2020-10-15,Rajkot,Wheat,KG,actual,22.0
2020-11-15,Rajkot,Wheat,KG,actual,22.0
2020-12-15,Rajkot,Wheat,KG,actual,22.0
2021-01-15,Rajkot,Wheat,KG,actual,23.11
2021-02-15,Rajkot,Wheat,KG,actual,24.0
2021-03-15,Rajkot,Wheat,KG,actual,24.13
2021-04-15,Rajkot,Wheat,KG,actual,26.0
2021-05-15,Rajkot,Wheat,KG,actual,26.0
2021-06-15,Rajkot,Wheat,KG,actual,26.0
2021-07-15,Rajkot,Wheat,KG,actual,26.0
2021-08-15,Rajkot,Wheat,KG,actual,24.84
2021-09-15,Rajkot,Wheat,KG,actual,25.5
2021-10-15,Rajkot,Wheat,KG,actual,27.68
2021-11-15,Rajkot,Wheat,KG,actual,28.88
2021-12-15,Rajkot,Wheat,KG,actual,30.0
2022-01-15,Rajkot,Wheat,KG,actual,30.53
2022-02-15,Rajkot,Wheat,KG,actual,30.96
2022-03-15,Rajkot,Wheat,KG,actual,29.33
2022-04-15,Rajkot,Wheat,KG,actual,29.21
2022-05-15,Rajkot,Wheat,KG,actual,31.8
2022-06-15,Rajkot,Wheat,KG,actual,33.17
2022-07-15,Rajkot,Wheat,KG,actual,32.83
2022-08-15,Rajkot,Wheat,KG,actual,32.83
2022-09-15,Rajkot,Wheat,KG,actual,33.08
2022-10-15,Rajkot,Wheat,KG,actual,33.05
2022-11-15,Rajkot,Wheat,KG,actual,33.11
2022-12-15,Rajkot,Wheat,KG,actual,34.31
2023-01-15,Rajkot,Wheat,KG,actual,34.26
2023-02-15,Rajkot,Wheat,KG,actual,33.19
2023-03-15,Rajkot,Wheat,KG,actual,33.0
2023-04-15,Rajkot,Wheat,KG,actual,34.08
2023-05-15,Rajkot,Wheat,KG,actual,34.63
2023-06-15,Rajkot,Wheat,KG,actual,34.0
2023-07-15,Rajkot,Wheat,KG,actual,34.0
2012-04-15,Rajkot,Wheat flour,KG,actual,16.0
2012-05-15,Rajkot,Wheat flour,KG,actual,16.91
2012-06-15,Rajkot,Wheat flour,KG,actual,17.0
2012-07-15,Rajkot,Wheat flour,KG,actual,17.0
2012-08-15,Rajkot,Wheat flour,KG,actual,17.0
2012-09-15,Rajkot,Wheat flour,KG,actual,17.0
2012-10-15,Rajkot,Wheat flour,KG,actual,17.0
2012-11-15,Rajkot,Wheat flour,KG,actual,17.0
2012-12-15,Rajkot,Wheat flour,KG,actual,17.0
2013-01-15,Rajkot,Wheat flour,KG,actual,21.0
2013-02-15,Rajkot,Wheat flour,KG,actual,21.0
2013-03-15,Rajkot,Wheat flour,KG,actual,20.67
2013-04-15,Rajkot,Wheat flour,KG,actual,20.35
2013-05-15,Rajkot,Wheat flour,KG,actual,21.0
2013-06-15,Rajkot,Wheat flour,KG,actual,21.0
2013-07-15,Rajkot,Wheat flour,KG,actual,20.91
2013-08-15,Rajkot,Wheat flour,KG,actual,19.0
2013-09-15,Rajkot,Wheat flour,KG,actual,19.9
2013-10-15,Rajkot,Wheat flour,KG,actual,20.0
2013-11-15,Rajkot,Wheat flour,KG,actual,20.0
2013-12-15,Rajkot,Wheat flour,KG,actual,20.0
2014-01-15,Rajkot,Wheat flour,KG,actual,20.0
2014-02-15,Rajkot,Wheat flour,KG,actual,20.0
2014-03-15,Rajkot,Wheat flour,KG,actual,20.0
2014-04-15,Rajkot,Wheat flour,KG,actual,20.0
2014-05-15,Rajkot,Wheat flour,KG,actual,20.0
2014-06-15,Rajkot,Wheat flour,KG,actual,20.0
2014-07-15,Rajkot,Wheat flour,KG,actual,20.0
2014-08-15,Rajkot,Wheat flour,KG,actual,20.0
2014-09-15,Rajkot,Wheat flour,KG,actual,20.0
2014-10-15,Rajkot,Wheat flour,KG,actual,21.75
2014-11-15,Rajkot,Wheat flour,KG,actual,21.94
2014-12-15,Rajkot,Wheat flour,KG,actual,22.0
2015-01-15,Rajkot,Wheat flour,KG,actual,23.58
2015-02-15,Rajkot,Wheat flour,KG,actual,24.63
2015-03-15,Rajkot,Wheat flour,KG,actual,23.95
2015-07-15,Rajkot,Wheat flour,KG,actual,22.0
2015-08-15,Rajkot,Wheat flour,KG,actual,22.6
2015-09-15,Rajkot,Wheat flour,KG,actual,21.35
2015-10-15,Rajkot,Wheat flour,KG,actual,22.81
2015-11-15,Rajkot,Wheat flour,KG,actual,23.52
2015-12-15,Rajkot,Wheat flour,KG,actual,23.81
2016-01-15,Rajkot,Wheat flour,KG,actual,23.0
2016-02-15,Rajkot,Wheat flour,KG,actual,23.93
2016-03-15,Rajkot,Wheat flour,KG,actual,24.0
2016-04-15,Rajkot,Wheat flour,KG,actual,24.0
2016-05-15,Rajkot,Wheat flour,KG,actual,24.0
2016-06-15,Rajkot,Wheat flour,KG,actual,24.0
2016-07-15,Rajkot,Wheat flour,KG,actual,24.0
2016-08-15,Rajkot,Wheat flour,KG,actual,24.0
2016-09-15,Rajkot,Wheat flour,KG,actual,24.0
2016-10-15,Rajkot,Wheat flour,KG,actual,24.0
2016-11-15,Rajkot,Wheat flour,KG,actual,24.0
2016-12-15,Rajkot,Wheat flour,KG,actual,24.0
2017-01-15,Rajkot,Wheat flour,KG,actual,24.0
2017-02-15,Rajkot,Wheat flour,KG,actual,24.0
2017-03-15,Rajkot,Wheat flour,KG,actual,24.0
2017-04-15,Rajkot,Wheat flour,KG,actual,24.0
2017-05-15,Rajkot,Wheat flour,KG,actual,24.0
2017-06-15,Rajkot,Wheat flour,KG,actual,24.0
2017-07-15,Rajkot,Wheat flour,KG,actual,23.35
2017-08-15,Rajkot,Wheat flour,KG,actual,23.68
2017-09-15,Rajkot,Wheat flour,KG,actual,24.0
2017-10-15,Rajkot,Wheat flour,KG,actual,24.0
2017-12-15,Rajkot,Wheat flour,KG,actual,24.0
2018-01-15,Rajkot,Wheat flour,KG,actual,23.8
2018-02-15,Rajkot,Wheat flour,KG,actual,22.21
2018-03-15,Rajkot,Wheat flour,KG,actual,23.0
2018-04-15,Rajkot,Wheat flour,KG,actual,23.0
2018-05-15,Rajkot,Wheat flour,KG,actual,23.0
2018-06-15,Rajkot,Wheat flour,KG,actual,23.0
2018-07-15,Rajkot,Wheat flour,KG,actual,22.11
2018-08-15,Rajkot,Wheat flour,KG,actual,22.9
2018-09-15,Rajkot,Wheat flour,KG,actual,23.0
2018-10-15,Rajkot,Wheat flour,KG,actual,22.93
2018-11-15,Rajkot,Wheat flour,KG,actual,22.0
2019-01-15,Rajkot,Wheat flour,KG,actual,22.0
2019-06-15,Rajkot,Wheat flour,KG,actual,22.0
2019-07-15,Rajkot,Wheat flour,KG,actual,22.77
2019-08-15,Rajkot,Wheat flour,KG,actual,26.0
2019-09-15,Rajkot,Wheat flour,KG,actual,26.0
2019-10-15,Rajkot,Wheat flour,KG,actual,26.0
2019-11-15,Rajkot,Wheat flour,KG,actual,26.0
2019-12-15,Rajkot,Wheat flour,KG,actual,26.0
2020-01-15,Rajkot,Wheat flour,KG,actual,26.0
2020-02-15,Rajkot,Wheat flour,KG,actual,26.0
2020-03-15,Rajkot,Wheat flour,KG,actual,26.0
2020-04-15,Rajkot,Wheat flour,KG,actual,27.4
2020-05-15,Rajkot,Wheat flour,KG,actual,28.0
2020-06-15,Rajkot,Wheat flour,KG,actual,26.53
2020-07-15,Rajkot,Wheat flour,KG,actual,26.0
2020-08-15,Rajkot,Wheat flour,KG,actual,26.0
2020-09-15,Rajkot,Wheat flour,KG,actual,26.0
2020-10-15,Rajkot,Wheat flour,KG,actual,26.0
2020-11-15,Rajkot,Wheat flour,KG,actual,26.0
2020-12-15,Rajkot,Wheat flour,KG,actual,26.0
2021-01-15,Rajkot,Wheat flour,KG,actual,28.07
2021-02-15,Rajkot,Wheat flour,KG,actual,28.0
2021-03-15,Rajkot,Wheat flour,KG,actual,28.13
2021-04-15,Rajkot,Wheat flour,KG,actual,29.03
2021-05-15,Rajkot,Wheat flour,KG,actual,27.1
2021-06-15,Rajkot,Wheat flour,KG,actual,27.0
2021-07-15,Rajkot,Wheat flour,KG,actual,27.0
2021-08-15,Rajkot,Wheat flour,KG,actual,27.0
2021-09-15,Rajkot,Wheat flour,KG,actual,27.37
2021-10-15,Rajkot,Wheat flour,KG,actual,28.0
2021-11-15,Rajkot,Wheat flour,KG,actual,28.72
2021-12-15,Rajkot,Wheat flour,KG,actual,30.45
2022-01-15,Rajkot,Wheat flour,KG,actual,31.0
2022-02-15,Rajkot,Wheat flour,KG,actual,30.64
2022-03-15,Rajkot,Wheat flour,KG,actual,30.87
2022-04-15,Rajkot,Wheat flour,KG,actual,30.07
2022-05-15,Rajkot,Wheat flour,KG,actual,33.7
2022-06-15,Rajkot,Wheat flour,KG,actual,36.14
2022-07-15,Rajkot,Wheat flour,KG,actual,35.23
2022-08-15,Rajkot,Wheat flour,KG,actual,35.14
2022-09-15,Rajkot,Wheat flour,KG,actual,35.08
2022-10-15,Rajkot,Wheat flour,KG,actual,35.05
2022-11-15,Rajkot,Wheat flour,KG,actual,35.11
2022-12-15,Rajkot,Wheat flour,KG,actual,36.31
2023-01-15,Rajkot,Wheat flour,KG,actual,36.26
2023-02-15,Rajkot,Wheat flour,KG,actual,36.0
2023-03-15,Rajkot,Wheat flour,KG,actual,36.29
2023-04-15,Rajkot,Wheat flour,KG,actual,35.68
2023-05-15,Rajkot,Wheat flour,KG,actual,35.37
2023-06-15,Rajkot,Wheat flour,KG,actual,35.11
2023-07-15,Rajkot,Wheat flour,KG,actual,38.0
